# Blender 5.0.1
# www.blender.org
mtllib Fractal3DPrint.mtl
o Fractal
v -0.002258 -0.002566 -0.005428
v 0.011362 -0.015116 0.016993
v -0.002899 -0.001661 -0.004708
v 0.010722 -0.014211 0.017714
v -0.003095 -0.000504 -0.004091
v 0.010525 -0.013054 0.018330
v -0.002819 0.000730 -0.003672
v 0.010802 -0.011820 0.018749
v -0.002110 0.001852 -0.003515
v 0.011511 -0.010698 0.018906
v -0.001078 0.002691 -0.003643
v 0.012543 -0.009858 0.018778
v 0.000121 0.003121 -0.004037
v 0.013742 -0.009429 0.018384
v 0.001304 0.003075 -0.004637
v 0.014924 -0.009475 0.017784
v 0.002291 0.002561 -0.005352
v 0.015911 -0.009989 0.017069
v 0.002931 0.001656 -0.006072
v 0.016552 -0.010894 0.016349
v 0.003128 0.000499 -0.006689
v 0.016749 -0.012051 0.015732
v 0.002851 -0.000735 -0.007108
v 0.016472 -0.013285 0.015314
v 0.002142 -0.001857 -0.007265
v 0.015763 -0.014407 0.015156
v 0.001110 -0.002697 -0.007137
v 0.014731 -0.015247 0.015284
v -0.000089 -0.003126 -0.006743
v 0.013532 -0.015676 0.015679
v -0.001271 -0.003080 -0.006143
v 0.012349 -0.015630 0.016279
v -0.002808 -0.003700 -0.044940
v -0.003407 -0.003940 -0.005301
v -0.004038 -0.002078 -0.044829
v -0.004637 -0.002317 -0.005190
v -0.004554 -0.000108 -0.044726
v -0.005152 -0.000348 -0.005087
v -0.004277 0.001908 -0.044647
v -0.004875 0.001669 -0.005008
v -0.003249 0.003665 -0.044604
v -0.003848 0.003425 -0.004965
v -0.001627 0.004894 -0.044603
v -0.002226 0.004654 -0.004964
v 0.000342 0.005409 -0.044645
v -0.000257 0.005169 -0.005005
v 0.002358 0.005130 -0.044722
v 0.001759 0.004890 -0.005083
v 0.004114 0.004101 -0.044824
v 0.003516 0.003862 -0.005185
v 0.005344 0.002478 -0.044935
v 0.004745 0.002239 -0.005296
v 0.005860 0.000509 -0.045038
v 0.005261 0.000269 -0.005398
v 0.005582 -0.001508 -0.045117
v 0.004984 -0.001747 -0.005477
v 0.004555 -0.003264 -0.045160
v 0.003956 -0.003504 -0.005521
v 0.002933 -0.004493 -0.045161
v 0.002335 -0.004733 -0.005522
v 0.000964 -0.005008 -0.045119
v 0.000366 -0.005248 -0.005480
v -0.001052 -0.004729 -0.045042
v -0.001650 -0.004969 -0.005403
v -0.007533 -0.009041 -0.046457
v -0.007558 -0.009051 -0.044851
v -0.009181 -0.007260 -0.046326
v -0.009205 -0.007270 -0.044720
v -0.010449 -0.005193 -0.046195
v -0.010473 -0.005203 -0.044589
v -0.011290 -0.002918 -0.046068
v -0.011315 -0.002927 -0.044462
v -0.011672 -0.000522 -0.045951
v -0.011696 -0.000532 -0.044345
v -0.011579 0.001901 -0.045848
v -0.011603 0.001891 -0.044242
v -0.011014 0.004259 -0.045764
v -0.011039 0.004250 -0.044158
v -0.010001 0.006462 -0.045701
v -0.010026 0.006452 -0.044095
v -0.008578 0.008425 -0.045661
v -0.008602 0.008415 -0.044055
v -0.006799 0.010071 -0.045647
v -0.006823 0.010062 -0.044041
v -0.004732 0.011339 -0.045659
v -0.004757 0.011329 -0.044053
v -0.002458 0.012179 -0.045696
v -0.002483 0.012169 -0.044090
v -0.000064 0.012559 -0.045757
v -0.000088 0.012549 -0.044152
v 0.002359 0.012465 -0.045840
v 0.002335 0.012455 -0.044234
v 0.004717 0.011899 -0.045941
v 0.004693 0.011889 -0.044336
v 0.006920 0.010884 -0.046057
v 0.006896 0.010874 -0.044451
v 0.008883 0.009459 -0.046183
v 0.008858 0.009449 -0.044577
v 0.010530 0.007679 -0.046314
v 0.010506 0.007669 -0.044709
v 0.011799 0.005611 -0.046446
v 0.011774 0.005601 -0.044840
v 0.012640 0.003336 -0.046572
v 0.012615 0.003326 -0.044967
v 0.013021 0.000941 -0.046689
v 0.012997 0.000931 -0.045084
v 0.012928 -0.001483 -0.046792
v 0.012904 -0.001493 -0.045186
v 0.012364 -0.003841 -0.046877
v 0.012340 -0.003851 -0.045271
v 0.011351 -0.006044 -0.046940
v 0.011326 -0.006054 -0.045334
v 0.009927 -0.008006 -0.046979
v 0.009903 -0.008016 -0.045373
v 0.008148 -0.009653 -0.046993
v 0.008124 -0.009663 -0.045387
v 0.006082 -0.010921 -0.046982
v 0.006057 -0.010931 -0.045376
v 0.003808 -0.011761 -0.046944
v 0.003783 -0.011771 -0.045338
v 0.001413 -0.012141 -0.046883
v 0.001389 -0.012151 -0.045277
v -0.001010 -0.012046 -0.046800
v -0.001034 -0.012056 -0.045194
v -0.003368 -0.011481 -0.046699
v -0.003392 -0.011491 -0.045093
v -0.005571 -0.010466 -0.046583
v -0.005595 -0.010476 -0.044977
v -0.001745 -0.002087 -0.007149
v -0.014495 -0.016200 0.016061
v -0.002586 -0.001057 -0.006945
v -0.015336 -0.015169 0.016265
v -0.003020 0.000134 -0.006505
v -0.015770 -0.013978 0.016705
v -0.002979 0.001306 -0.005896
v -0.015730 -0.012807 0.017314
v -0.002471 0.002278 -0.005210
v -0.015222 -0.011834 0.018000
v -0.001573 0.002905 -0.004551
v -0.014324 -0.011208 0.018658
v -0.000422 0.003089 -0.004021
v -0.013172 -0.011024 0.019189
v 0.000808 0.002803 -0.003700
v -0.011942 -0.011309 0.019510
v 0.001929 0.002091 -0.003636
v -0.010821 -0.012021 0.019574
v 0.002771 0.001061 -0.003839
v -0.009980 -0.013052 0.019370
v 0.003204 -0.000131 -0.004279
v -0.009546 -0.014243 0.018930
v 0.003164 -0.001302 -0.004889
v -0.009587 -0.015414 0.018321
v 0.002656 -0.002275 -0.005575
v -0.010094 -0.016387 0.017635
v 0.001758 -0.002901 -0.006233
v -0.010993 -0.017013 0.016977
v 0.000606 -0.003085 -0.006763
v -0.012144 -0.017197 0.016446
v -0.000624 -0.002799 -0.007085
v -0.013374 -0.016912 0.016125
v -0.014097 -0.015779 0.017572
v -0.018817 -0.013102 0.037950
v -0.014610 -0.015084 0.017458
v -0.019331 -0.012408 0.037835
v -0.014819 -0.014237 0.017376
v -0.019539 -0.011561 0.037753
v -0.014690 -0.013366 0.017338
v -0.019410 -0.010690 0.037715
v -0.014243 -0.012604 0.017351
v -0.018963 -0.009927 0.037728
v -0.013546 -0.012066 0.017412
v -0.018267 -0.009390 0.037789
v -0.012706 -0.011835 0.017512
v -0.017426 -0.009159 0.037890
v -0.011850 -0.011946 0.017636
v -0.016570 -0.009270 0.038014
v -0.011108 -0.012382 0.017766
v -0.015829 -0.009706 0.038143
v -0.010595 -0.013077 0.017880
v -0.015315 -0.010401 0.038258
v -0.010386 -0.013924 0.017963
v -0.015107 -0.011248 0.038340
v -0.010515 -0.014795 0.018000
v -0.015236 -0.012119 0.038378
v -0.010962 -0.015557 0.017988
v -0.015683 -0.012881 0.038365
v -0.011659 -0.016095 0.017926
v -0.016380 -0.013418 0.038304
v -0.012499 -0.016326 0.017826
v -0.017220 -0.013649 0.038203
v -0.013355 -0.016214 0.017702
v -0.018076 -0.013538 0.038079
v -0.018213 -0.012488 0.038450
v -0.011673 -0.008689 0.051643
v -0.018562 -0.012015 0.038512
v -0.012022 -0.008216 0.051704
v -0.018725 -0.011454 0.038479
v -0.012185 -0.007654 0.051672
v -0.018677 -0.010889 0.038357
v -0.012137 -0.007090 0.051550
v -0.018426 -0.010408 0.038164
v -0.011886 -0.006609 0.051357
v -0.018010 -0.010084 0.037930
v -0.011470 -0.006284 0.051123
v -0.017491 -0.009965 0.037690
v -0.010952 -0.006166 0.050883
v -0.016950 -0.010070 0.037481
v -0.010410 -0.006271 0.050674
v -0.016468 -0.010383 0.037334
v -0.009928 -0.006584 0.050527
v -0.016119 -0.010857 0.037272
v -0.009579 -0.007057 0.050465
v -0.015956 -0.011418 0.037305
v -0.009416 -0.007619 0.050498
v -0.016004 -0.011982 0.037427
v -0.009464 -0.008183 0.050620
v -0.016255 -0.012463 0.037620
v -0.009715 -0.008664 0.050812
v -0.016671 -0.012788 0.037854
v -0.010131 -0.008989 0.051047
v -0.017190 -0.012907 0.038094
v -0.010650 -0.009108 0.051287
v -0.017731 -0.012802 0.038303
v -0.011191 -0.009002 0.051496
v -0.018283 -0.012363 0.037397
v -0.019105 -0.020198 0.050322
v -0.018645 -0.011944 0.037604
v -0.019467 -0.019779 0.050528
v -0.018803 -0.011437 0.037855
v -0.019625 -0.019272 0.050779
v -0.018731 -0.010920 0.038111
v -0.019553 -0.018755 0.051036
v -0.018442 -0.010472 0.038335
v -0.019264 -0.018307 0.051259
v -0.017979 -0.010161 0.038491
v -0.018801 -0.017996 0.051415
v -0.017412 -0.010034 0.038556
v -0.018234 -0.017869 0.051481
v -0.016828 -0.010111 0.038521
v -0.017650 -0.017946 0.051445
v -0.016316 -0.010380 0.038389
v -0.017138 -0.018214 0.051314
v -0.015954 -0.010799 0.038183
v -0.016776 -0.018634 0.051107
v -0.015797 -0.011306 0.037932
v -0.016619 -0.019141 0.050856
v -0.015868 -0.011823 0.037675
v -0.016690 -0.019658 0.050600
v -0.016157 -0.012271 0.037452
v -0.016979 -0.020106 0.050376
v -0.016621 -0.012582 0.037296
v -0.017443 -0.020417 0.050220
v -0.017187 -0.012709 0.037231
v -0.018009 -0.020544 0.050155
v -0.017771 -0.012632 0.037266
v -0.018593 -0.020467 0.050191
v -0.017921 -0.012521 0.037225
v -0.030047 -0.013154 0.048144
v -0.018177 -0.012046 0.037048
v -0.030303 -0.012678 0.047967
v -0.018290 -0.011474 0.037002
v -0.030415 -0.012107 0.047920
v -0.018242 -0.010893 0.037092
v -0.030367 -0.011525 0.048011
v -0.018041 -0.010390 0.037307
v -0.030167 -0.011023 0.048225
v -0.017718 -0.010043 0.037612
v -0.029844 -0.010676 0.048531
v -0.017322 -0.009904 0.037962
v -0.029447 -0.010537 0.048881
v -0.016913 -0.009995 0.038303
v -0.029038 -0.010628 0.049222
v -0.016553 -0.010301 0.038584
v -0.028678 -0.010934 0.049502
v -0.016297 -0.010777 0.038761
v -0.028422 -0.011409 0.049680
v -0.016184 -0.011349 0.038807
v -0.028310 -0.011981 0.049726
v -0.016232 -0.011930 0.038717
v -0.028357 -0.012563 0.049635
v -0.016433 -0.012433 0.038502
v -0.028558 -0.013065 0.049421
v -0.016756 -0.012780 0.038197
v -0.028881 -0.013412 0.049116
v -0.017152 -0.012918 0.037847
v -0.029278 -0.013551 0.048766
v -0.017562 -0.012828 0.037506
v -0.029687 -0.013460 0.048425
v -0.018359 -0.012430 0.038304
v -0.023122 -0.001428 0.049491
v -0.018645 -0.012112 0.037974
v -0.023409 -0.001110 0.049161
v -0.018724 -0.011697 0.037633
v -0.023487 -0.000695 0.048821
v -0.018582 -0.011248 0.037334
v -0.023346 -0.000247 0.048521
v -0.018242 -0.010834 0.037121
v -0.023005 0.000167 0.048308
v -0.017755 -0.010518 0.037027
v -0.022518 0.000484 0.048215
v -0.017195 -0.010348 0.037067
v -0.021958 0.000654 0.048254
v -0.016648 -0.010349 0.037234
v -0.021411 0.000653 0.048421
v -0.016197 -0.010522 0.037502
v -0.020960 0.000480 0.048690
v -0.015910 -0.010840 0.037832
v -0.020674 0.000162 0.049019
v -0.015832 -0.011255 0.038173
v -0.020595 -0.000253 0.049360
v -0.015974 -0.011703 0.038472
v -0.020737 -0.000702 0.049659
v -0.016314 -0.012117 0.038685
v -0.021078 -0.001116 0.049872
v -0.016801 -0.012434 0.038779
v -0.021565 -0.001432 0.049966
v -0.017361 -0.012604 0.038739
v -0.022124 -0.001602 0.049926
v -0.017908 -0.012603 0.038572
v -0.022671 -0.001601 0.049760
v -0.014208 -0.015498 0.017098
v -0.009664 -0.028968 0.032798
v -0.014691 -0.014957 0.017584
v -0.010147 -0.028427 0.033284
v -0.014862 -0.014273 0.018086
v -0.010317 -0.027743 0.033786
v -0.014694 -0.013550 0.018527
v -0.010149 -0.027020 0.034227
v -0.014213 -0.012898 0.018841
v -0.009669 -0.026368 0.034541
v -0.013493 -0.012416 0.018979
v -0.008949 -0.025886 0.034679
v -0.012643 -0.012177 0.018920
v -0.008099 -0.025647 0.034620
v -0.011793 -0.012219 0.018674
v -0.007248 -0.025689 0.034374
v -0.011071 -0.012534 0.018278
v -0.006526 -0.026004 0.033978
v -0.010588 -0.013074 0.017792
v -0.006043 -0.026544 0.033492
v -0.010418 -0.013758 0.017290
v -0.005873 -0.027228 0.032990
v -0.010585 -0.014481 0.016848
v -0.006041 -0.027951 0.032548
v -0.011066 -0.015134 0.016535
v -0.006521 -0.028604 0.032235
v -0.011786 -0.015616 0.016397
v -0.007241 -0.029086 0.032097
v -0.012636 -0.015854 0.016455
v -0.008091 -0.029324 0.032155
v -0.013487 -0.015813 0.016701
v -0.008942 -0.029283 0.032401
v -0.008961 -0.028424 0.032655
v -0.014660 -0.033570 0.045989
v -0.009322 -0.027959 0.032709
v -0.015020 -0.033104 0.046042
v -0.009493 -0.027409 0.032845
v -0.015192 -0.032554 0.046179
v -0.009450 -0.026858 0.033043
v -0.015148 -0.032004 0.046377
v -0.009198 -0.026390 0.033273
v -0.014897 -0.031536 0.046607
v -0.008776 -0.026077 0.033499
v -0.014475 -0.031222 0.046833
v -0.008249 -0.025965 0.033688
v -0.013948 -0.031111 0.047022
v -0.007696 -0.026072 0.033810
v -0.013395 -0.031218 0.047144
v -0.007202 -0.026382 0.033847
v -0.012901 -0.031528 0.047181
v -0.006842 -0.026848 0.033793
v -0.012540 -0.031993 0.047127
v -0.006670 -0.027398 0.033657
v -0.012369 -0.032543 0.046991
v -0.006713 -0.027949 0.033459
v -0.012412 -0.033094 0.046793
v -0.006965 -0.028416 0.033229
v -0.012664 -0.033562 0.046563
v -0.007387 -0.028730 0.033003
v -0.013086 -0.033876 0.046336
v -0.007914 -0.028842 0.032814
v -0.013613 -0.033987 0.046148
v -0.008467 -0.028734 0.032692
v -0.014166 -0.033880 0.046025
v -0.009065 -0.028565 0.033594
v -0.001803 -0.029069 0.046709
v -0.009384 -0.028099 0.033772
v -0.002122 -0.028603 0.046888
v -0.009515 -0.027531 0.033871
v -0.002254 -0.028034 0.046986
v -0.009440 -0.026947 0.033876
v -0.002178 -0.027451 0.046991
v -0.009168 -0.026436 0.033786
v -0.001907 -0.026940 0.046901
v -0.008742 -0.026077 0.033614
v -0.001481 -0.026581 0.046729
v -0.008227 -0.025924 0.033388
v -0.000965 -0.026428 0.046503
v -0.007700 -0.026000 0.033140
v -0.000438 -0.026503 0.046256
v -0.007242 -0.026293 0.032910
v 0.000020 -0.026797 0.046025
v -0.006923 -0.026759 0.032732
v 0.000339 -0.027263 0.045847
v -0.006791 -0.027328 0.032633
v 0.000470 -0.027831 0.045748
v -0.006867 -0.027911 0.032629
v 0.000395 -0.028415 0.045744
v -0.007138 -0.028422 0.032719
v 0.000123 -0.028925 0.045834
v -0.007564 -0.028781 0.032890
v -0.000303 -0.029285 0.046005
v -0.008080 -0.028934 0.033117
v -0.000818 -0.029438 0.046232
v -0.008607 -0.028859 0.033364
v -0.001345 -0.029362 0.046479
v -0.009201 -0.028475 0.033232
v 0.001875 -0.039268 0.038475
v -0.009316 -0.028248 0.033712
v 0.001760 -0.039040 0.038955
v -0.009257 -0.027887 0.034128
v 0.001819 -0.038679 0.039371
v -0.009033 -0.027447 0.034418
v 0.002043 -0.038240 0.039661
v -0.008678 -0.026997 0.034537
v 0.002398 -0.037790 0.039780
v -0.008247 -0.026603 0.034467
v 0.002829 -0.037396 0.039710
v -0.007805 -0.026327 0.034218
v 0.003271 -0.037120 0.039462
v -0.007419 -0.026209 0.033830
v 0.003657 -0.037002 0.039073
v -0.007148 -0.026269 0.033360
v 0.003928 -0.037062 0.038603
v -0.007033 -0.026497 0.032880
v 0.004043 -0.037289 0.038123
v -0.007092 -0.026858 0.032464
v 0.003984 -0.037650 0.037707
v -0.007316 -0.027297 0.032174
v 0.003760 -0.038090 0.037417
v -0.007671 -0.027747 0.032055
v 0.003405 -0.038540 0.037298
v -0.008102 -0.028141 0.032125
v 0.002974 -0.038934 0.037368
v -0.008544 -0.028417 0.032373
v 0.002532 -0.039210 0.037617
v -0.008930 -0.028535 0.032762
v 0.002146 -0.039328 0.038005
v -0.009004 -0.027741 0.032316
v -0.010889 -0.043176 0.037777
v -0.009394 -0.027524 0.032678
v -0.011279 -0.042958 0.038140
v -0.009588 -0.027279 0.033135
v -0.011472 -0.042714 0.038596
v -0.009555 -0.027045 0.033615
v -0.011439 -0.042480 0.039077
v -0.009301 -0.026857 0.034047
v -0.011185 -0.042291 0.039509
v -0.008865 -0.026743 0.034365
v -0.010749 -0.042177 0.039826
v -0.008313 -0.026721 0.034519
v -0.010197 -0.042156 0.039981
v -0.007728 -0.026794 0.034487
v -0.009613 -0.042229 0.039949
v -0.007201 -0.026952 0.034274
v -0.009085 -0.042386 0.039735
v -0.006811 -0.027169 0.033911
v -0.008696 -0.042604 0.039373
v -0.006618 -0.027414 0.033455
v -0.008502 -0.042848 0.038917
v -0.006651 -0.027648 0.032974
v -0.008535 -0.043082 0.038436
v -0.006904 -0.027836 0.032542
v -0.008789 -0.043271 0.038004
v -0.007341 -0.027950 0.032225
v -0.009225 -0.043384 0.037686
v -0.007893 -0.027972 0.032070
v -0.009777 -0.043406 0.037532
v -0.008477 -0.027898 0.032102
v -0.010361 -0.043333 0.037564
v -0.013403 -0.014445 0.015933
v -0.023757 -0.033805 0.022995
v -0.014052 -0.013950 0.016279
v -0.024405 -0.033310 0.023341
v -0.014477 -0.013462 0.016845
v -0.024830 -0.032822 0.023907
v -0.014613 -0.013054 0.017545
v -0.024966 -0.032415 0.024607
v -0.014439 -0.012790 0.018271
v -0.024792 -0.032150 0.025333
v -0.013982 -0.012708 0.018914
v -0.024336 -0.032068 0.025976
v -0.013312 -0.012822 0.019376
v -0.023666 -0.032182 0.026438
v -0.012531 -0.013114 0.019586
v -0.022884 -0.032475 0.026647
v -0.011757 -0.013540 0.019512
v -0.022110 -0.032901 0.026573
v -0.011108 -0.014035 0.019165
v -0.021461 -0.033395 0.026227
v -0.010683 -0.014523 0.018599
v -0.021037 -0.033883 0.025661
v -0.010547 -0.014930 0.017900
v -0.020901 -0.034291 0.024962
v -0.010721 -0.015195 0.017173
v -0.021074 -0.034555 0.024235
v -0.011177 -0.015277 0.016530
v -0.021531 -0.034637 0.023592
v -0.011848 -0.015163 0.016069
v -0.022201 -0.034523 0.023131
v -0.012629 -0.014870 0.015859
v -0.022983 -0.034231 0.022921
v -0.023417 -0.034146 0.023763
v -0.034526 -0.040173 0.033960
v -0.023747 -0.033663 0.023738
v -0.034856 -0.039690 0.033935
v -0.023937 -0.033116 0.023860
v -0.035046 -0.039142 0.034056
v -0.023959 -0.032587 0.024109
v -0.035068 -0.038614 0.034305
v -0.023809 -0.032159 0.024448
v -0.034919 -0.038186 0.034644
v -0.023511 -0.031895 0.024825
v -0.034620 -0.037922 0.035022
v -0.023108 -0.031837 0.025184
v -0.034217 -0.037863 0.035380
v -0.022664 -0.031992 0.025468
v -0.033773 -0.038019 0.035664
v -0.022244 -0.032338 0.025635
v -0.033354 -0.038364 0.035832
v -0.021914 -0.032821 0.025660
v -0.033024 -0.038848 0.035856
v -0.021724 -0.033368 0.025539
v -0.032833 -0.039395 0.035735
v -0.021702 -0.033896 0.025290
v -0.032811 -0.039923 0.035486
v -0.021852 -0.034325 0.024951
v -0.032961 -0.040352 0.035147
v -0.022150 -0.034589 0.024573
v -0.033260 -0.040615 0.034770
v -0.022553 -0.034647 0.024215
v -0.033662 -0.040674 0.034411
v -0.022997 -0.034492 0.023931
v -0.034107 -0.040519 0.034127
v -0.023921 -0.034001 0.024040
v -0.022865 -0.046486 0.033559
v -0.024266 -0.033695 0.024388
v -0.023210 -0.046179 0.033907
v -0.024403 -0.033314 0.024784
v -0.023347 -0.045798 0.034303
v -0.024310 -0.032916 0.025167
v -0.023254 -0.045400 0.034687
v -0.024003 -0.032563 0.025481
v -0.022947 -0.045047 0.035000
v -0.023527 -0.032307 0.025675
v -0.022471 -0.044792 0.035195
v -0.022956 -0.032189 0.025722
v -0.021900 -0.044673 0.035241
v -0.022375 -0.032225 0.025614
v -0.021319 -0.044709 0.035133
v -0.021875 -0.032411 0.025367
v -0.020819 -0.044895 0.034886
v -0.021530 -0.032718 0.025019
v -0.020474 -0.045202 0.034538
v -0.021393 -0.033099 0.024623
v -0.020337 -0.045583 0.034142
v -0.021485 -0.033496 0.024239
v -0.020429 -0.045980 0.033758
v -0.021793 -0.033849 0.023926
v -0.020737 -0.046334 0.033445
v -0.022269 -0.034105 0.023731
v -0.021213 -0.046589 0.033250
v -0.022840 -0.034223 0.023684
v -0.021784 -0.046708 0.033203
v -0.023420 -0.034187 0.023793
v -0.022364 -0.046671 0.033312
v -0.023783 -0.033021 0.023757
v -0.024925 -0.049902 0.021917
v -0.024177 -0.033030 0.024158
v -0.025319 -0.049911 0.022317
v -0.024375 -0.033063 0.024651
v -0.025516 -0.049944 0.022810
v -0.024346 -0.033113 0.025162
v -0.025487 -0.049995 0.023321
v -0.024094 -0.033175 0.025612
v -0.025236 -0.050056 0.023772
v -0.023659 -0.033237 0.025934
v -0.024800 -0.050118 0.024093
v -0.023106 -0.033291 0.026078
v -0.024247 -0.050172 0.024237
v -0.022519 -0.033328 0.026022
v -0.023661 -0.050209 0.024182
v -0.021988 -0.033343 0.025775
v -0.023130 -0.050225 0.023935
v -0.021594 -0.033334 0.025375
v -0.022735 -0.050215 0.023534
v -0.021396 -0.033301 0.024881
v -0.022538 -0.050182 0.023041
v -0.021425 -0.033250 0.024371
v -0.022567 -0.050132 0.022530
v -0.021677 -0.033189 0.023920
v -0.022818 -0.050070 0.022080
v -0.022112 -0.033127 0.023598
v -0.023254 -0.050008 0.021758
v -0.022665 -0.033073 0.023454
v -0.023807 -0.049954 0.021614
v -0.023252 -0.033036 0.023510
v -0.024394 -0.049917 0.021670
v -0.022542 -0.033353 0.023449
v -0.035849 -0.043777 0.022285
v -0.022906 -0.032890 0.023489
v -0.036212 -0.043314 0.022325
v -0.023256 -0.032477 0.023723
v -0.036563 -0.042900 0.022559
v -0.023540 -0.032176 0.024115
v -0.036846 -0.042600 0.022952
v -0.023714 -0.032034 0.024606
v -0.037020 -0.042458 0.023442
v -0.023751 -0.032072 0.025120
v -0.037058 -0.042496 0.023957
v -0.023647 -0.032285 0.025580
v -0.036953 -0.042709 0.024417
v -0.023416 -0.032639 0.025916
v -0.036723 -0.043063 0.024753
v -0.023095 -0.033082 0.026076
v -0.036401 -0.043506 0.024913
v -0.022731 -0.033545 0.026036
v -0.036038 -0.043969 0.024872
v -0.022381 -0.033959 0.025802
v -0.035687 -0.044382 0.024638
v -0.022097 -0.034259 0.025410
v -0.035403 -0.044683 0.024246
v -0.021923 -0.034401 0.024919
v -0.035230 -0.044825 0.023755
v -0.021885 -0.034363 0.024404
v -0.035192 -0.044787 0.023241
v -0.021990 -0.034150 0.023944
v -0.035296 -0.044574 0.022781
v -0.022220 -0.033796 0.023609
v -0.035527 -0.044220 0.022445
v -0.013238 -0.015615 0.016367
v -0.032857 -0.018829 0.028107
v -0.013582 -0.014879 0.016106
v -0.033200 -0.018093 0.027845
v -0.013767 -0.014017 0.016088
v -0.033385 -0.017231 0.027827
v -0.013766 -0.013162 0.016315
v -0.033384 -0.016376 0.028055
v -0.013578 -0.012442 0.016755
v -0.033197 -0.015657 0.028494
v -0.013233 -0.011969 0.017338
v -0.032852 -0.015183 0.029078
v -0.012783 -0.011813 0.017978
v -0.032402 -0.015028 0.029717
v -0.012297 -0.011999 0.018575
v -0.031915 -0.015214 0.030314
v -0.011848 -0.012499 0.019040
v -0.031466 -0.015713 0.030779
v -0.011504 -0.013235 0.019301
v -0.031123 -0.016449 0.031041
v -0.011319 -0.014097 0.019320
v -0.030938 -0.017311 0.031059
v -0.011320 -0.014952 0.019092
v -0.030939 -0.018166 0.030831
v -0.011507 -0.015671 0.018653
v -0.031126 -0.018886 0.030392
v -0.011852 -0.016145 0.018069
v -0.031471 -0.019359 0.029808
v -0.012302 -0.016301 0.017430
v -0.031921 -0.019515 0.029169
v -0.012789 -0.016115 0.016832
v -0.032408 -0.019329 0.028571
v -0.032986 -0.018445 0.029170
v -0.042068 -0.012980 0.041420
v -0.033237 -0.018036 0.028898
v -0.042319 -0.012571 0.041148
v -0.033305 -0.017513 0.028692
v -0.042387 -0.012048 0.040942
v -0.033180 -0.016955 0.028582
v -0.042262 -0.011491 0.040832
v -0.032880 -0.016449 0.028586
v -0.041962 -0.010984 0.040836
v -0.032450 -0.016070 0.028703
v -0.041532 -0.010606 0.040953
v -0.031958 -0.015877 0.028915
v -0.041040 -0.010412 0.041165
v -0.031476 -0.015899 0.029190
v -0.040558 -0.010434 0.041440
v -0.031080 -0.016132 0.029486
v -0.040162 -0.010667 0.041735
v -0.030828 -0.016541 0.029758
v -0.039910 -0.011077 0.042007
v -0.030760 -0.017064 0.029964
v -0.039842 -0.011600 0.042214
v -0.030886 -0.017622 0.030074
v -0.039968 -0.012157 0.042323
v -0.031186 -0.018128 0.030070
v -0.040268 -0.012663 0.042319
v -0.031615 -0.018507 0.029953
v -0.040697 -0.013042 0.042202
v -0.032108 -0.018700 0.029741
v -0.041190 -0.013235 0.041990
v -0.032589 -0.018678 0.029466
v -0.041671 -0.013213 0.041716
v -0.032828 -0.018089 0.028502
v -0.039704 -0.026220 0.040086
v -0.033203 -0.017642 0.028606
v -0.040079 -0.025773 0.040190
v -0.033402 -0.017130 0.028820
v -0.040278 -0.025261 0.040405
v -0.033394 -0.016630 0.029113
v -0.040270 -0.024761 0.040697
v -0.033181 -0.016219 0.029439
v -0.040057 -0.024350 0.041023
v -0.032795 -0.015960 0.029748
v -0.039671 -0.024090 0.041333
v -0.032294 -0.015891 0.029994
v -0.039170 -0.024022 0.041579
v -0.031756 -0.016023 0.030139
v -0.038632 -0.024154 0.041724
v -0.031262 -0.016337 0.030162
v -0.038138 -0.024468 0.041746
v -0.030887 -0.016784 0.030058
v -0.037763 -0.024915 0.041642
v -0.030688 -0.017297 0.029843
v -0.037564 -0.025428 0.041428
v -0.030696 -0.017796 0.029551
v -0.037572 -0.025927 0.041135
v -0.030909 -0.018207 0.029225
v -0.037785 -0.026338 0.040810
v -0.031295 -0.018467 0.028916
v -0.038171 -0.026598 0.040500
v -0.031796 -0.018536 0.028669
v -0.038672 -0.026666 0.040254
v -0.032334 -0.018403 0.028524
v -0.039210 -0.026534 0.040109
v -0.031899 -0.017614 0.028095
v -0.046031 -0.026882 0.029736
v -0.032224 -0.017125 0.028092
v -0.046356 -0.026393 0.029733
v -0.032516 -0.016648 0.028286
v -0.046648 -0.025916 0.029927
v -0.032731 -0.016256 0.028648
v -0.046862 -0.025524 0.030289
v -0.032834 -0.016010 0.029122
v -0.046966 -0.025278 0.030764
v -0.032811 -0.015945 0.029637
v -0.046943 -0.025213 0.031278
v -0.032666 -0.016073 0.030114
v -0.046798 -0.025341 0.031755
v -0.032420 -0.016373 0.030479
v -0.046551 -0.025641 0.032121
v -0.032110 -0.016800 0.030679
v -0.046242 -0.026068 0.032320
v -0.031785 -0.017289 0.030682
v -0.045917 -0.026557 0.032323
v -0.031493 -0.017766 0.030488
v -0.045625 -0.027034 0.032129
v -0.031279 -0.018157 0.030126
v -0.045411 -0.027426 0.031767
v -0.031175 -0.018404 0.029651
v -0.045307 -0.027672 0.031292
v -0.031198 -0.018469 0.029137
v -0.045330 -0.027737 0.030778
v -0.031344 -0.018341 0.028660
v -0.045475 -0.027609 0.030301
v -0.031590 -0.018041 0.028294
v -0.045721 -0.027309 0.029935
v -0.032399 -0.018563 0.028749
v -0.048736 -0.014235 0.031055
v -0.032348 -0.018198 0.028358
v -0.048685 -0.013870 0.030664
v -0.032242 -0.017693 0.028123
v -0.048580 -0.013365 0.030429
v -0.032099 -0.017126 0.028081
v -0.048437 -0.012798 0.030387
v -0.031940 -0.016582 0.028236
v -0.048277 -0.012255 0.030542
v -0.031788 -0.016146 0.028566
v -0.048126 -0.011818 0.030872
v -0.031668 -0.015882 0.029021
v -0.048005 -0.011554 0.031327
v -0.031597 -0.015831 0.029531
v -0.047934 -0.011504 0.031837
v -0.031586 -0.016002 0.030018
v -0.047924 -0.011674 0.032324
v -0.031637 -0.016367 0.030409
v -0.047975 -0.012039 0.032715
v -0.031743 -0.016872 0.030643
v -0.048080 -0.012544 0.032949
v -0.031886 -0.017439 0.030686
v -0.048223 -0.013111 0.032992
v -0.032045 -0.017982 0.030530
v -0.048383 -0.013654 0.032836
v -0.032197 -0.018419 0.030200
v -0.048534 -0.014091 0.032506
v -0.032317 -0.018683 0.029746
v -0.048655 -0.014355 0.032052
v -0.032388 -0.018733 0.029236
v -0.048726 -0.014406 0.031542
v -0.002178 -0.002637 -0.005434
v -0.016506 0.009629 0.018978
v -0.002798 -0.001725 -0.006034
v -0.017126 0.010542 0.018378
v -0.002978 -0.000561 -0.006537
v -0.017306 0.011706 0.017875
v -0.002690 0.000677 -0.006866
v -0.017018 0.012944 0.017546
v -0.001977 0.001801 -0.006972
v -0.016305 0.014068 0.017440
v -0.000949 0.002639 -0.006837
v -0.015277 0.014906 0.017575
v 0.000239 0.003064 -0.006483
v -0.014089 0.015331 0.017929
v 0.001404 0.003011 -0.005964
v -0.012924 0.015278 0.018448
v 0.002371 0.002489 -0.005358
v -0.011957 0.014756 0.019054
v 0.002992 0.001576 -0.004758
v -0.011336 0.013843 0.019654
v 0.003172 0.000412 -0.004255
v -0.011156 0.012679 0.020157
v 0.002883 -0.000826 -0.003925
v -0.011445 0.011441 0.020487
v 0.002171 -0.001949 -0.003820
v -0.012157 0.010317 0.020592
v 0.001143 -0.002788 -0.003954
v -0.013185 0.009479 0.020458
v -0.000045 -0.003213 -0.004308
v -0.014373 0.009054 0.020104
v -0.001211 -0.003160 -0.004828
v -0.015539 0.009107 0.019584
v -0.015679 0.010491 0.019277
v -0.013188 0.014786 0.039491
v -0.016216 0.011189 0.019265
v -0.013725 0.015484 0.039479
v -0.016446 0.012032 0.019191
v -0.013956 0.016327 0.039405
v -0.016335 0.012892 0.019068
v -0.013844 0.017187 0.039282
v -0.015898 0.013637 0.018914
v -0.013407 0.017932 0.039128
v -0.015202 0.014154 0.018753
v -0.012711 0.018449 0.038967
v -0.014354 0.014364 0.018608
v -0.011863 0.018659 0.038822
v -0.013483 0.014236 0.018503
v -0.010992 0.018531 0.038717
v -0.012720 0.013789 0.018453
v -0.010229 0.018084 0.038666
v -0.012183 0.013090 0.018465
v -0.009692 0.017385 0.038679
v -0.011953 0.012247 0.018539
v -0.009462 0.016542 0.038752
v -0.012065 0.011388 0.018662
v -0.009574 0.015683 0.038875
v -0.012502 0.010643 0.018816
v -0.010011 0.014938 0.039029
v -0.013197 0.010126 0.018977
v -0.010706 0.014421 0.039191
v -0.014045 0.009915 0.019122
v -0.011554 0.014210 0.039335
v -0.014917 0.010044 0.019227
v -0.012426 0.014338 0.039441
v -0.012764 0.015374 0.038721
v -0.009082 0.008550 0.051543
v -0.013091 0.015786 0.038984
v -0.009409 0.008962 0.051806
v -0.013212 0.016299 0.039239
v -0.009530 0.009475 0.052061
v -0.013109 0.016837 0.039446
v -0.009427 0.010013 0.052268
v -0.012797 0.017316 0.039574
v -0.009115 0.010492 0.052396
v -0.012324 0.017664 0.039604
v -0.008642 0.010840 0.052426
v -0.011763 0.017828 0.039531
v -0.008080 0.011005 0.052353
v -0.011197 0.017784 0.039365
v -0.007515 0.010960 0.052187
v -0.010714 0.017536 0.039133
v -0.007032 0.010712 0.051955
v -0.010387 0.017125 0.038870
v -0.006705 0.010301 0.051692
v -0.010266 0.016611 0.038615
v -0.006584 0.009787 0.051437
v -0.010370 0.016074 0.038408
v -0.006687 0.009250 0.051230
v -0.010681 0.015594 0.038280
v -0.006999 0.008770 0.051102
v -0.011154 0.015246 0.038250
v -0.007472 0.008422 0.051072
v -0.011716 0.015082 0.038323
v -0.008034 0.008258 0.051146
v -0.012281 0.015127 0.038489
v -0.008599 0.008303 0.051311
v -0.012570 0.015280 0.038538
v -0.020523 0.015827 0.052059
v -0.012880 0.015747 0.038410
v -0.020833 0.016294 0.051932
v -0.013006 0.016315 0.038361
v -0.020959 0.016862 0.051883
v -0.012930 0.016899 0.038398
v -0.020883 0.017446 0.051919
v -0.012663 0.017409 0.038514
v -0.020616 0.017956 0.052036
v -0.012245 0.017767 0.038693
v -0.020198 0.018314 0.052214
v -0.011740 0.017920 0.038906
v -0.019693 0.018466 0.052428
v -0.011226 0.017843 0.039123
v -0.019179 0.018390 0.052644
v -0.010780 0.017549 0.039309
v -0.018733 0.018096 0.052830
v -0.010470 0.017082 0.039436
v -0.018423 0.017629 0.052957
v -0.010343 0.016513 0.039485
v -0.018296 0.017060 0.053007
v -0.010420 0.015930 0.039449
v -0.018373 0.016477 0.052970
v -0.010687 0.015420 0.039332
v -0.018640 0.015967 0.052854
v -0.011105 0.015062 0.039154
v -0.019058 0.015608 0.052675
v -0.011609 0.014909 0.038940
v -0.019562 0.015456 0.052462
v -0.012124 0.014986 0.038724
v -0.020077 0.015533 0.052245
v -0.012741 0.015533 0.039603
v -0.013476 0.027439 0.050698
v -0.013086 0.015863 0.039327
v -0.013821 0.027769 0.050423
v -0.013221 0.016267 0.038993
v -0.013956 0.028173 0.050089
v -0.013128 0.016684 0.038649
v -0.013863 0.028590 0.049745
v -0.012819 0.017051 0.038350
v -0.013554 0.028956 0.049446
v -0.012342 0.017310 0.038140
v -0.013077 0.029216 0.049235
v -0.011770 0.017424 0.038051
v -0.012505 0.029330 0.049146
v -0.011189 0.017375 0.038097
v -0.011924 0.029281 0.049192
v -0.010688 0.017170 0.038270
v -0.011423 0.029075 0.049366
v -0.010344 0.016840 0.038546
v -0.011079 0.028745 0.049641
v -0.010208 0.016436 0.038880
v -0.010943 0.028341 0.049976
v -0.010302 0.016019 0.039224
v -0.011037 0.027924 0.050319
v -0.010611 0.015652 0.039523
v -0.011346 0.027558 0.050619
v -0.011088 0.015393 0.039733
v -0.011822 0.027298 0.050829
v -0.011660 0.015279 0.039822
v -0.012395 0.027184 0.050918
v -0.012241 0.015328 0.039776
v -0.012976 0.027234 0.050872
v -0.012428 0.015411 0.039760
v -0.001527 0.019946 0.050156
v -0.012745 0.015896 0.039883
v -0.001845 0.020431 0.050279
v -0.012915 0.016457 0.039863
v -0.002015 0.020992 0.050259
v -0.012912 0.017008 0.039702
v -0.002012 0.021543 0.050098
v -0.012737 0.017466 0.039425
v -0.001837 0.022001 0.049822
v -0.012416 0.017760 0.039075
v -0.001516 0.022295 0.049471
v -0.011998 0.017845 0.038704
v -0.001098 0.022380 0.049100
v -0.011547 0.017710 0.038369
v -0.000646 0.022245 0.048765
v -0.011131 0.017374 0.038121
v -0.000230 0.021909 0.048517
v -0.010814 0.016888 0.037998
v 0.000087 0.021423 0.048394
v -0.010643 0.016327 0.038018
v 0.000257 0.020862 0.048414
v -0.010646 0.015776 0.038179
v 0.000254 0.020311 0.048575
v -0.010821 0.015319 0.038455
v 0.000079 0.019854 0.048852
v -0.011142 0.015025 0.038806
v -0.000242 0.019560 0.049202
v -0.011560 0.014939 0.039177
v -0.000660 0.019474 0.049573
v -0.012012 0.015075 0.039512
v -0.001111 0.019610 0.049908
v -0.015242 0.010625 0.017794
v -0.028855 0.005740 0.034459
v -0.015724 0.011349 0.017701
v -0.029336 0.006463 0.034366
v -0.015963 0.012198 0.017787
v -0.029575 0.007313 0.034452
v -0.015924 0.013045 0.018040
v -0.029536 0.008159 0.034704
v -0.015613 0.013759 0.018420
v -0.029225 0.008873 0.035084
v -0.015077 0.014232 0.018870
v -0.028689 0.009346 0.035534
v -0.014397 0.014392 0.019321
v -0.028010 0.009507 0.035986
v -0.013678 0.014215 0.019706
v -0.027290 0.009330 0.036370
v -0.013028 0.013728 0.019964
v -0.026641 0.008842 0.036628
v -0.012547 0.013004 0.020057
v -0.026159 0.008119 0.036722
v -0.012308 0.012155 0.019971
v -0.025920 0.007269 0.036635
v -0.012347 0.011309 0.019719
v -0.025959 0.006423 0.036383
v -0.012658 0.010594 0.019339
v -0.026270 0.005709 0.036003
v -0.013194 0.010121 0.018888
v -0.026806 0.005236 0.035553
v -0.013873 0.009961 0.018437
v -0.027486 0.005075 0.035101
v -0.014593 0.010138 0.018053
v -0.028205 0.005252 0.034717
v -0.028677 0.006163 0.035443
v -0.033945 0.011583 0.049224
v -0.028988 0.006590 0.035245
v -0.034257 0.012010 0.049026
v -0.029099 0.007122 0.035071
v -0.034367 0.012542 0.048852
v -0.028990 0.007678 0.034947
v -0.034259 0.013098 0.048728
v -0.028680 0.008173 0.034892
v -0.033948 0.013594 0.048673
v -0.028215 0.008533 0.034915
v -0.033484 0.013953 0.048695
v -0.027666 0.008702 0.035011
v -0.032935 0.014122 0.048792
v -0.027117 0.008654 0.035167
v -0.032386 0.014075 0.048947
v -0.026651 0.008398 0.035358
v -0.031920 0.013818 0.049139
v -0.026340 0.007971 0.035556
v -0.031608 0.013391 0.049336
v -0.026230 0.007439 0.035730
v -0.031498 0.012859 0.049510
v -0.026338 0.006883 0.035854
v -0.031606 0.012303 0.049634
v -0.026648 0.006388 0.035909
v -0.031917 0.011808 0.049689
v -0.027113 0.006028 0.035886
v -0.032381 0.011448 0.049667
v -0.027662 0.005859 0.035790
v -0.032930 0.011279 0.049571
v -0.028211 0.005906 0.035634
v -0.033479 0.011327 0.049415
v -0.028677 0.006347 0.034936
v -0.029298 -0.001199 0.047999
v -0.029038 0.006770 0.035139
v -0.029659 -0.000776 0.048203
v -0.029194 0.007281 0.035383
v -0.029814 -0.000265 0.048447
v -0.029121 0.007803 0.035630
v -0.029741 0.000257 0.048694
v -0.028829 0.008257 0.035843
v -0.029450 0.000710 0.048907
v -0.028365 0.008572 0.035989
v -0.028985 0.001026 0.049053
v -0.027797 0.008702 0.036046
v -0.028418 0.001156 0.049110
v -0.027213 0.008627 0.036006
v -0.027834 0.001080 0.049069
v -0.026702 0.008357 0.035873
v -0.027323 0.000811 0.048937
v -0.026341 0.007935 0.035670
v -0.026962 0.000388 0.048734
v -0.026186 0.007423 0.035426
v -0.026806 -0.000123 0.048490
v -0.026259 0.006901 0.035179
v -0.026879 -0.000645 0.048243
v -0.026550 0.006448 0.034966
v -0.027171 -0.001099 0.048030
v -0.027015 0.006132 0.034820
v -0.027635 -0.001414 0.047884
v -0.027582 0.006002 0.034763
v -0.028203 -0.001544 0.047827
v -0.028166 0.006078 0.034803
v -0.028787 -0.001469 0.047867
v -0.027997 0.006895 0.034227
v -0.038836 -0.004307 0.040164
v -0.028392 0.007325 0.034332
v -0.039230 -0.003877 0.040269
v -0.028670 0.007762 0.034606
v -0.039509 -0.003439 0.040543
v -0.028791 0.008140 0.035008
v -0.039630 -0.003061 0.040945
v -0.028736 0.008401 0.035476
v -0.039575 -0.002800 0.041413
v -0.028513 0.008506 0.035939
v -0.039351 -0.002696 0.041876
v -0.028156 0.008438 0.036327
v -0.038994 -0.002763 0.042264
v -0.027719 0.008208 0.036581
v -0.038557 -0.002994 0.042518
v -0.027269 0.007850 0.036661
v -0.038108 -0.003351 0.042598
v -0.026875 0.007420 0.036556
v -0.037713 -0.003781 0.042494
v -0.026596 0.006983 0.036282
v -0.037434 -0.004218 0.042219
v -0.026475 0.006605 0.035880
v -0.037313 -0.004596 0.041818
v -0.026530 0.006344 0.035412
v -0.037369 -0.004857 0.041350
v -0.026754 0.006239 0.034949
v -0.037592 -0.004962 0.040886
v -0.027111 0.006307 0.034561
v -0.037949 -0.004894 0.040498
v -0.027547 0.006537 0.034307
v -0.038386 -0.004664 0.040245
v -0.028090 0.006117 0.034712
v -0.043577 0.007882 0.041366
v -0.028201 0.006560 0.034408
v -0.043688 0.008326 0.041062
v -0.028222 0.007116 0.034262
v -0.043708 0.008882 0.040916
v -0.028149 0.007700 0.034294
v -0.043635 0.009466 0.040949
v -0.027994 0.008224 0.034502
v -0.043480 0.009989 0.041156
v -0.027780 0.008606 0.034852
v -0.043266 0.010372 0.041506
v -0.027539 0.008790 0.035292
v -0.043026 0.010556 0.041946
v -0.027309 0.008748 0.035754
v -0.042796 0.010513 0.042408
v -0.027125 0.008484 0.036168
v -0.042611 0.010250 0.042822
v -0.027014 0.008041 0.036472
v -0.042500 0.009806 0.043126
v -0.026993 0.007485 0.036618
v -0.042480 0.009250 0.043273
v -0.027066 0.006901 0.036586
v -0.042553 0.008666 0.043240
v -0.027221 0.006378 0.036378
v -0.042708 0.008143 0.043032
v -0.027435 0.005995 0.036028
v -0.042922 0.007760 0.042682
v -0.027676 0.005811 0.035589
v -0.043162 0.007576 0.042243
v -0.027906 0.005854 0.035126
v -0.043392 0.007619 0.041780
v -0.015309 0.010267 0.018433
v -0.034739 0.020474 0.027080
v -0.015385 0.010737 0.017802
v -0.034815 0.020945 0.026449
v -0.015267 0.011418 0.017340
v -0.034697 0.021625 0.025986
v -0.014973 0.012205 0.017117
v -0.034403 0.022412 0.025763
v -0.014548 0.012978 0.017167
v -0.033978 0.023185 0.025814
v -0.014057 0.013620 0.017482
v -0.033487 0.023828 0.026129
v -0.013574 0.014034 0.018016
v -0.033004 0.024241 0.026663
v -0.013173 0.014155 0.018685
v -0.032603 0.024362 0.027332
v -0.012915 0.013966 0.019389
v -0.032344 0.024173 0.028036
v -0.012839 0.013495 0.020021
v -0.032269 0.023703 0.028667
v -0.012957 0.012815 0.020483
v -0.032387 0.023022 0.029130
v -0.013251 0.012028 0.020706
v -0.032681 0.022235 0.029353
v -0.013676 0.011254 0.020656
v -0.033106 0.021462 0.029303
v -0.014167 0.010612 0.020340
v -0.033597 0.020819 0.028987
v -0.014650 0.010199 0.019807
v -0.034080 0.020406 0.028454
v -0.015051 0.010078 0.019137
v -0.034481 0.020285 0.027784
v -0.034515 0.021237 0.027786
v -0.040638 0.032139 0.038559
v -0.034776 0.021544 0.027433
v -0.040899 0.032446 0.038206
v -0.034831 0.021954 0.027084
v -0.040954 0.032856 0.037857
v -0.034673 0.022405 0.026793
v -0.040796 0.033307 0.037566
v -0.034326 0.022829 0.026604
v -0.040449 0.033731 0.037377
v -0.033843 0.023160 0.026546
v -0.039966 0.034062 0.037319
v -0.033297 0.023348 0.026628
v -0.039420 0.034250 0.037401
v -0.032771 0.023365 0.026837
v -0.038894 0.034267 0.037610
v -0.032345 0.023208 0.027141
v -0.038468 0.034110 0.037914
v -0.032085 0.022901 0.027495
v -0.038208 0.033803 0.038268
v -0.032029 0.022491 0.027844
v -0.038152 0.033393 0.038617
v -0.032187 0.022039 0.028135
v -0.038310 0.032942 0.038908
v -0.032534 0.021616 0.028324
v -0.038657 0.032518 0.039097
v -0.033018 0.021285 0.028382
v -0.039141 0.032187 0.039155
v -0.033564 0.021097 0.028300
v -0.039687 0.031999 0.039073
v -0.034090 0.021080 0.028091
v -0.040213 0.031982 0.038864
v -0.034031 0.021200 0.026725
v -0.046602 0.019937 0.037177
v -0.034284 0.021680 0.026555
v -0.046856 0.020418 0.037007
v -0.034403 0.022253 0.026524
v -0.046974 0.020991 0.036976
v -0.034368 0.022832 0.026636
v -0.046939 0.021569 0.037088
v -0.034184 0.023328 0.026874
v -0.046756 0.022065 0.037326
v -0.033881 0.023666 0.027203
v -0.046452 0.022403 0.037654
v -0.033503 0.023794 0.027571
v -0.046075 0.022532 0.038023
v -0.033109 0.023694 0.027923
v -0.045681 0.022431 0.038375
v -0.032758 0.023380 0.028206
v -0.045330 0.022117 0.038658
v -0.032505 0.022899 0.028376
v -0.045076 0.021637 0.038827
v -0.032386 0.022326 0.028407
v -0.044958 0.021064 0.038859
v -0.032422 0.021748 0.028295
v -0.044993 0.020485 0.038747
v -0.032605 0.021252 0.028057
v -0.045177 0.019989 0.038508
v -0.032908 0.020914 0.027729
v -0.045480 0.019651 0.038180
v -0.033286 0.020785 0.027360
v -0.045858 0.019522 0.037812
v -0.033680 0.020886 0.027008
v -0.046252 0.019623 0.037459
v -0.033370 0.021084 0.026668
v -0.050237 0.022260 0.026126
v -0.033305 0.021527 0.026347
v -0.050172 0.022703 0.025805
v -0.033250 0.022084 0.026205
v -0.050117 0.023259 0.025663
v -0.033213 0.022670 0.026264
v -0.050080 0.023845 0.025723
v -0.033201 0.023196 0.026516
v -0.050068 0.024372 0.025974
v -0.033214 0.023582 0.026921
v -0.050081 0.024758 0.026380
v -0.033251 0.023769 0.027419
v -0.050118 0.024945 0.026877
v -0.033306 0.023730 0.027933
v -0.050174 0.024905 0.027391
v -0.033372 0.023468 0.028385
v -0.050239 0.024644 0.027843
v -0.033437 0.023026 0.028706
v -0.050304 0.024201 0.028165
v -0.033492 0.022469 0.028848
v -0.050359 0.023645 0.028307
v -0.033528 0.021883 0.028789
v -0.050396 0.023058 0.028247
v -0.033541 0.021356 0.028537
v -0.050408 0.022532 0.027996
v -0.033528 0.020970 0.028132
v -0.050395 0.022146 0.027590
v -0.033490 0.020783 0.027634
v -0.050358 0.021959 0.027093
v -0.033435 0.020823 0.027120
v -0.050302 0.021999 0.026579
v -0.034591 0.021309 0.027761
v -0.045010 0.034649 0.027541
v -0.034549 0.021282 0.027244
v -0.044967 0.034623 0.027023
v -0.034332 0.021397 0.026769
v -0.044750 0.034737 0.026549
v -0.033974 0.021635 0.026409
v -0.044393 0.034975 0.026189
v -0.033530 0.021960 0.026219
v -0.043949 0.035300 0.025999
v -0.033067 0.022323 0.026228
v -0.043486 0.035664 0.026008
v -0.032656 0.022669 0.026434
v -0.043075 0.036010 0.026214
v -0.032359 0.022945 0.026807
v -0.042778 0.036285 0.026586
v -0.032222 0.023109 0.027288
v -0.042640 0.036449 0.027068
v -0.032264 0.023135 0.027806
v -0.042683 0.036476 0.027586
v -0.032481 0.023021 0.028281
v -0.042900 0.036361 0.028060
v -0.032839 0.022783 0.028640
v -0.043257 0.036123 0.028420
v -0.033283 0.022458 0.028830
v -0.043701 0.035798 0.028610
v -0.033746 0.022094 0.028821
v -0.044164 0.035435 0.028601
v -0.034157 0.021748 0.028615
v -0.044575 0.035089 0.028395
v -0.034454 0.021473 0.028243
v -0.044872 0.034813 0.028023
v -0.015800 0.011022 0.019957
v -0.019126 0.030410 0.032153
v -0.016268 0.011380 0.019413
v -0.019594 0.030768 0.031610
v -0.016418 0.011844 0.018791
v -0.019744 0.031232 0.030988
v -0.016227 0.012344 0.018185
v -0.019553 0.031731 0.030382
v -0.015723 0.012803 0.017688
v -0.019050 0.032191 0.029884
v -0.014984 0.013153 0.017374
v -0.018311 0.032541 0.029571
v -0.014122 0.013339 0.017293
v -0.017449 0.032727 0.029489
v -0.013269 0.013333 0.017455
v -0.016595 0.032721 0.029652
v -0.012553 0.013137 0.017837
v -0.015880 0.032524 0.030034
v -0.012085 0.012779 0.018381
v -0.015412 0.032167 0.030577
v -0.011935 0.012315 0.019003
v -0.015262 0.031703 0.031199
v -0.012126 0.011815 0.019609
v -0.015453 0.031203 0.031805
v -0.012630 0.011356 0.020106
v -0.015956 0.030743 0.032303
v -0.013369 0.011006 0.020420
v -0.016695 0.030394 0.032616
v -0.014230 0.010820 0.020501
v -0.017557 0.030208 0.032698
v -0.015084 0.010826 0.020339
v -0.018411 0.030214 0.032535
v -0.018365 0.030477 0.031774
v -0.013013 0.039310 0.043702
v -0.018743 0.030909 0.031691
v -0.013391 0.039742 0.043619
v -0.018935 0.031407 0.031499
v -0.013583 0.040240 0.043427
v -0.018911 0.031894 0.031228
v -0.013558 0.040728 0.043156
v -0.018675 0.032298 0.030919
v -0.013323 0.041131 0.042847
v -0.018263 0.032555 0.030619
v -0.012911 0.041389 0.042547
v -0.017738 0.032628 0.030374
v -0.012386 0.041461 0.042302
v -0.017180 0.032505 0.030221
v -0.011828 0.041338 0.042148
v -0.016673 0.032204 0.030183
v -0.011321 0.041038 0.042110
v -0.016296 0.031773 0.030266
v -0.010943 0.040606 0.042194
v -0.016104 0.031275 0.030458
v -0.010752 0.040108 0.042385
v -0.016128 0.030787 0.030729
v -0.010776 0.039621 0.042656
v -0.016364 0.030384 0.031038
v -0.011012 0.039217 0.042965
v -0.016776 0.030126 0.031338
v -0.011424 0.038960 0.043265
v -0.017301 0.030054 0.031583
v -0.011949 0.038887 0.043510
v -0.017859 0.030177 0.031736
v -0.012507 0.039010 0.043664
v -0.018437 0.030218 0.030933
v -0.026676 0.036853 0.043206
v -0.018694 0.030611 0.030648
v -0.026933 0.037246 0.042921
v -0.018761 0.031117 0.030413
v -0.026999 0.037752 0.042686
v -0.018627 0.031659 0.030263
v -0.026865 0.038294 0.042536
v -0.018313 0.032154 0.030223
v -0.026552 0.038789 0.042496
v -0.017867 0.032528 0.030297
v -0.026106 0.039162 0.042570
v -0.017356 0.032722 0.030474
v -0.025595 0.039357 0.042747
v -0.016859 0.032708 0.030728
v -0.025098 0.039343 0.043002
v -0.016451 0.032488 0.031020
v -0.024690 0.039123 0.043293
v -0.016194 0.032095 0.031306
v -0.024433 0.038730 0.043579
v -0.016128 0.031589 0.031541
v -0.024366 0.038224 0.043814
v -0.016261 0.031047 0.031690
v -0.024500 0.037682 0.043963
v -0.016575 0.030552 0.031731
v -0.024814 0.037186 0.044004
v -0.017021 0.030178 0.031657
v -0.025260 0.036813 0.043930
v -0.017532 0.029984 0.031479
v -0.025771 0.036619 0.043752
v -0.018029 0.029998 0.031225
v -0.026268 0.036633 0.043498
v -0.018638 0.030475 0.031377
v -0.027926 0.044583 0.033881
v -0.018698 0.030509 0.030868
v -0.027986 0.044616 0.033371
v -0.018566 0.030665 0.030383
v -0.027854 0.044772 0.032887
v -0.018262 0.030919 0.029998
v -0.027551 0.045026 0.032501
v -0.017833 0.031233 0.029769
v -0.027122 0.045340 0.032273
v -0.017344 0.031559 0.029733
v -0.026632 0.045666 0.032237
v -0.016869 0.031847 0.029894
v -0.026158 0.045954 0.032398
v -0.016481 0.032054 0.030228
v -0.025769 0.046161 0.032732
v -0.016239 0.032148 0.030685
v -0.025527 0.046255 0.033188
v -0.016179 0.032114 0.031194
v -0.025467 0.046221 0.033697
v -0.016311 0.031958 0.031678
v -0.025599 0.046066 0.034182
v -0.016614 0.031704 0.032064
v -0.025902 0.045811 0.034567
v -0.017043 0.031390 0.032292
v -0.026331 0.045497 0.034796
v -0.017532 0.031064 0.032329
v -0.026821 0.045171 0.034832
v -0.018007 0.030776 0.032167
v -0.027295 0.044883 0.034671
v -0.018395 0.030569 0.031833
v -0.027684 0.044676 0.034337
v -0.018224 0.031328 0.032233
v -0.013921 0.047634 0.034391
v -0.018658 0.031486 0.031938
v -0.014355 0.047792 0.034096
v -0.018918 0.031616 0.031505
v -0.014615 0.047922 0.033663
v -0.018964 0.031698 0.031000
v -0.014661 0.048004 0.033158
v -0.018789 0.031719 0.030500
v -0.014486 0.048025 0.032658
v -0.018420 0.031676 0.030082
v -0.014117 0.047982 0.032240
v -0.017913 0.031576 0.029808
v -0.013610 0.047882 0.031966
v -0.017345 0.031434 0.029720
v -0.013043 0.047740 0.031878
v -0.016803 0.031271 0.029832
v -0.012501 0.047577 0.031991
v -0.016369 0.031112 0.030127
v -0.012067 0.047418 0.032286
v -0.016110 0.030982 0.030560
v -0.011807 0.047288 0.032718
v -0.016064 0.030901 0.031065
v -0.011761 0.047206 0.033223
v -0.016238 0.030880 0.031565
v -0.011936 0.047185 0.033723
v -0.016607 0.030923 0.031984
v -0.012305 0.047228 0.034142
v -0.017114 0.031023 0.032258
v -0.012812 0.047329 0.034416
v -0.017682 0.031165 0.032345
v -0.013379 0.047471 0.034503
v -0.001868 -0.002189 -0.003699
v 0.010175 0.011640 0.019924
v -0.002706 -0.001157 -0.003758
v 0.009337 0.012672 0.019865
v -0.003128 0.000039 -0.004066
v 0.008915 0.013868 0.019557
v -0.003071 0.001217 -0.004576
v 0.008972 0.015046 0.019047
v -0.002543 0.002198 -0.005211
v 0.009500 0.016027 0.018413
v -0.001625 0.002832 -0.005873
v 0.010418 0.016661 0.017750
v -0.000456 0.003023 -0.006462
v 0.011587 0.016852 0.017161
v 0.000785 0.002742 -0.006889
v 0.012828 0.016571 0.016735
v 0.001910 0.002031 -0.007088
v 0.013953 0.015860 0.016536
v 0.002747 0.001000 -0.007029
v 0.014790 0.014829 0.016595
v 0.003169 -0.000196 -0.006721
v 0.015213 0.013633 0.016903
v 0.003112 -0.001374 -0.006211
v 0.015156 0.012455 0.017413
v 0.002585 -0.002355 -0.005576
v 0.014628 0.011474 0.018047
v 0.001666 -0.002989 -0.004914
v 0.013710 0.010840 0.018710
v 0.000498 -0.003180 -0.004325
v 0.012541 0.010649 0.019299
v -0.000743 -0.002899 -0.003898
v 0.011300 0.010930 0.019726
v 0.010517 0.012023 0.018128
v 0.014630 0.009104 0.037974
v 0.009998 0.012716 0.018337
v 0.014111 0.009796 0.038183
v 0.009786 0.013561 0.018507
v 0.013899 0.010642 0.038353
v 0.009913 0.014432 0.018612
v 0.014026 0.011512 0.038458
v 0.010359 0.015194 0.018637
v 0.014472 0.012274 0.038483
v 0.011058 0.015732 0.018577
v 0.015171 0.012812 0.038423
v 0.011902 0.015964 0.018442
v 0.016015 0.013045 0.038288
v 0.012762 0.015855 0.018252
v 0.016875 0.012935 0.038099
v 0.013509 0.015421 0.018037
v 0.017622 0.012502 0.037883
v 0.014028 0.014729 0.017828
v 0.018141 0.011809 0.037675
v 0.014240 0.013883 0.017658
v 0.018353 0.010963 0.037505
v 0.014113 0.013013 0.017553
v 0.018226 0.010093 0.037399
v 0.013666 0.012251 0.017528
v 0.017779 0.009331 0.037375
v 0.012968 0.011712 0.017588
v 0.017081 0.008793 0.037434
v 0.012124 0.011480 0.017723
v 0.016237 0.008561 0.037569
v 0.011263 0.011589 0.017913
v 0.015376 0.008670 0.037759
v 0.015293 0.009791 0.037183
v 0.008353 0.005831 0.050475
v 0.014945 0.010264 0.037185
v 0.008005 0.006305 0.050477
v 0.014780 0.010825 0.037277
v 0.007840 0.006866 0.050569
v 0.014823 0.011388 0.037445
v 0.007883 0.007428 0.050737
v 0.015068 0.011866 0.037664
v 0.008128 0.007907 0.050956
v 0.015477 0.012188 0.037899
v 0.008538 0.008228 0.051191
v 0.015989 0.012304 0.038116
v 0.009049 0.008344 0.051408
v 0.016524 0.012196 0.038281
v 0.009585 0.008237 0.051573
v 0.017003 0.011882 0.038369
v 0.010063 0.007922 0.051661
v 0.017351 0.011408 0.038367
v 0.010411 0.007449 0.051659
v 0.017516 0.010847 0.038275
v 0.010576 0.006888 0.051567
v 0.017472 0.010285 0.038107
v 0.010533 0.006325 0.051399
v 0.017228 0.009806 0.037888
v 0.010288 0.005847 0.051180
v 0.016818 0.009485 0.037653
v 0.009878 0.005525 0.050945
v 0.016307 0.009369 0.037436
v 0.009367 0.005409 0.050728
v 0.015771 0.009476 0.037271
v 0.008832 0.005517 0.050563
v 0.015109 0.009774 0.038248
v 0.015531 0.017449 0.051809
v 0.014752 0.010196 0.038101
v 0.015174 0.017871 0.051662
v 0.014601 0.010705 0.037905
v 0.015024 0.018380 0.051466
v 0.014680 0.011225 0.037689
v 0.015102 0.018900 0.051249
v 0.014976 0.011676 0.037486
v 0.015398 0.019350 0.051046
v 0.015444 0.011989 0.037326
v 0.015866 0.019663 0.050887
v 0.016013 0.012116 0.037235
v 0.016435 0.019791 0.050796
v 0.016596 0.012040 0.037226
v 0.017018 0.019714 0.050787
v 0.017105 0.011770 0.037301
v 0.017527 0.019444 0.050862
v 0.017462 0.011348 0.037447
v 0.017884 0.019022 0.051008
v 0.017613 0.010838 0.037644
v 0.018035 0.018513 0.051204
v 0.017534 0.010319 0.037860
v 0.017956 0.017993 0.051421
v 0.017238 0.009868 0.038063
v 0.017660 0.017543 0.051624
v 0.016770 0.009555 0.038222
v 0.017192 0.017230 0.051783
v 0.016201 0.009427 0.038313
v 0.016623 0.017102 0.051874
v 0.015618 0.009504 0.038322
v 0.016040 0.017179 0.051883
v 0.015340 0.009694 0.038420
v 0.027146 0.010199 0.048611
v 0.015078 0.010167 0.038655
v 0.026885 0.010671 0.048846
v 0.014963 0.010738 0.038759
v 0.026770 0.011242 0.048950
v 0.015013 0.011320 0.038716
v 0.026819 0.011825 0.048907
v 0.015219 0.011825 0.038532
v 0.027026 0.012329 0.048723
v 0.015552 0.012175 0.038236
v 0.027358 0.012680 0.048427
v 0.015959 0.012318 0.037872
v 0.027765 0.012823 0.048063
v 0.016379 0.012232 0.037497
v 0.028186 0.012737 0.047688
v 0.016748 0.011929 0.037166
v 0.028555 0.012434 0.047357
v 0.017010 0.011457 0.036931
v 0.028817 0.011961 0.047122
v 0.017125 0.010886 0.036827
v 0.028931 0.011390 0.047018
v 0.017075 0.010303 0.036870
v 0.028882 0.010808 0.047061
v 0.016868 0.009798 0.037054
v 0.028675 0.010303 0.047245
v 0.016536 0.009448 0.037350
v 0.028343 0.009953 0.047541
v 0.016129 0.009305 0.037714
v 0.027936 0.009810 0.047905
v 0.015709 0.009391 0.038089
v 0.027516 0.009896 0.048280
v 0.015016 0.009927 0.037381
v 0.019461 -0.001202 0.047303
v 0.014719 0.010241 0.037757
v 0.019163 -0.000888 0.047679
v 0.014629 0.010651 0.038139
v 0.019074 -0.000478 0.048061
v 0.014762 0.011096 0.038468
v 0.019207 -0.000033 0.048391
v 0.015096 0.011507 0.038695
v 0.019540 0.000378 0.048618
v 0.015580 0.011822 0.038785
v 0.020025 0.000693 0.048708
v 0.016141 0.011993 0.038724
v 0.020586 0.000864 0.048647
v 0.016694 0.011994 0.038521
v 0.021138 0.000865 0.048444
v 0.017154 0.011825 0.038208
v 0.021598 0.000696 0.048131
v 0.017451 0.011511 0.037832
v 0.021895 0.000382 0.047754
v 0.017540 0.011101 0.037450
v 0.021985 -0.000029 0.047372
v 0.017408 0.010656 0.037121
v 0.021852 -0.000473 0.047043
v 0.017074 0.010245 0.036894
v 0.021519 -0.000885 0.046816
v 0.016590 0.009929 0.036804
v 0.021034 -0.001200 0.046726
v 0.016028 0.009758 0.036865
v 0.020473 -0.001371 0.046787
v 0.015476 0.009758 0.037068
v 0.019921 -0.001372 0.046990
v 0.010463 0.012168 0.018656
v 0.005422 0.025439 0.035834
v 0.009994 0.012714 0.018248
v 0.004953 0.025985 0.035426
v 0.009837 0.013404 0.017817
v 0.004796 0.026675 0.034995
v 0.010018 0.014132 0.017428
v 0.004977 0.027403 0.034606
v 0.010507 0.014788 0.017140
v 0.005466 0.028059 0.034318
v 0.011232 0.015272 0.016997
v 0.006191 0.028543 0.034175
v 0.012081 0.015510 0.017021
v 0.007039 0.028781 0.034199
v 0.012925 0.015466 0.017208
v 0.007883 0.028737 0.034386
v 0.013635 0.015147 0.017530
v 0.008594 0.028418 0.034708
v 0.014105 0.014601 0.017938
v 0.009064 0.027872 0.035116
v 0.014261 0.013911 0.018369
v 0.009220 0.027182 0.035548
v 0.014081 0.013183 0.018759
v 0.009040 0.026454 0.035937
v 0.013591 0.012527 0.019047
v 0.008550 0.025798 0.036225
v 0.012867 0.012043 0.019190
v 0.007826 0.025314 0.036368
v 0.012018 0.011805 0.019166
v 0.006977 0.025076 0.036344
v 0.011174 0.011849 0.018978
v 0.006133 0.025120 0.036156
v 0.006102 0.025820 0.035693
v 0.011396 0.030803 0.049111
v 0.005742 0.026285 0.035703
v 0.011037 0.031269 0.049121
v 0.005574 0.026837 0.035626
v 0.010869 0.031820 0.049044
v 0.005623 0.027390 0.035473
v 0.010917 0.032373 0.048891
v 0.005881 0.027860 0.035267
v 0.011176 0.032844 0.048686
v 0.006309 0.028177 0.035041
v 0.011604 0.033160 0.048459
v 0.006843 0.028291 0.034827
v 0.012137 0.033274 0.048246
v 0.007400 0.028185 0.034660
v 0.012695 0.033169 0.048078
v 0.007896 0.027876 0.034564
v 0.013191 0.032859 0.047982
v 0.008256 0.027410 0.034554
v 0.013551 0.032394 0.047972
v 0.008424 0.026859 0.034631
v 0.013719 0.031843 0.048049
v 0.008376 0.026306 0.034784
v 0.013670 0.031290 0.048202
v 0.008117 0.025835 0.034989
v 0.013412 0.030819 0.048408
v 0.007689 0.025519 0.035216
v 0.012984 0.030503 0.048634
v 0.007155 0.025405 0.035429
v 0.012450 0.030389 0.048848
v 0.006598 0.025511 0.035597
v 0.011893 0.030494 0.049015
v 0.006171 0.025742 0.034745
v -0.001495 0.026084 0.048382
v 0.005856 0.026210 0.034628
v -0.001810 0.026552 0.048265
v 0.005726 0.026779 0.034587
v -0.001939 0.027121 0.048224
v 0.005801 0.027363 0.034629
v -0.001864 0.027705 0.048266
v 0.006070 0.027872 0.034746
v -0.001596 0.028214 0.048383
v 0.006490 0.028229 0.034921
v -0.001175 0.028571 0.048558
v 0.007000 0.028380 0.035128
v -0.000666 0.028721 0.048765
v 0.007519 0.028301 0.035334
v -0.000146 0.028643 0.048971
v 0.007971 0.028005 0.035509
v 0.000305 0.028347 0.049146
v 0.008286 0.027537 0.035626
v 0.000620 0.027879 0.049263
v 0.008415 0.026968 0.035667
v 0.000750 0.027310 0.049304
v 0.008340 0.026384 0.035625
v 0.000675 0.026726 0.049262
v 0.008072 0.025875 0.035508
v 0.000406 0.026217 0.049145
v 0.007651 0.025518 0.035333
v -0.000015 0.025860 0.048970
v 0.007142 0.025368 0.035126
v -0.000524 0.025709 0.048763
v 0.006622 0.025446 0.034920
v -0.001044 0.025788 0.048557
v 0.006063 0.025712 0.035199
v -0.005197 0.036432 0.042106
v 0.005962 0.025946 0.034746
v -0.005297 0.036665 0.041654
v 0.006033 0.026311 0.034357
v -0.005226 0.037031 0.041265
v 0.006266 0.026754 0.034091
v -0.004994 0.037473 0.040999
v 0.006624 0.027206 0.033989
v -0.004636 0.037925 0.040896
v 0.007053 0.027599 0.034065
v -0.004207 0.038318 0.040972
v 0.007487 0.027872 0.034309
v -0.003772 0.038591 0.041216
v 0.007862 0.027985 0.034683
v -0.003398 0.038704 0.041590
v 0.008119 0.027920 0.035130
v -0.003141 0.038639 0.042038
v 0.008219 0.027686 0.035583
v -0.003040 0.038406 0.042490
v 0.008148 0.027321 0.035972
v -0.003112 0.038040 0.042879
v 0.007916 0.026878 0.036238
v -0.003344 0.037597 0.043145
v 0.007558 0.026426 0.036340
v -0.003702 0.037145 0.043248
v 0.007129 0.026033 0.036264
v -0.004131 0.036753 0.043171
v 0.006694 0.025760 0.036020
v -0.004566 0.036479 0.042927
v 0.006320 0.025647 0.035646
v -0.004940 0.036367 0.042553
v 0.006087 0.026384 0.036169
v 0.007788 0.041745 0.042858
v 0.005708 0.026605 0.035851
v 0.007409 0.041966 0.042540
v 0.005528 0.026855 0.035428
v 0.007229 0.042216 0.042117
v 0.005575 0.027095 0.034965
v 0.007276 0.042456 0.041654
v 0.005842 0.027288 0.034533
v 0.007542 0.042649 0.041222
v 0.006288 0.027406 0.034197
v 0.007988 0.042767 0.040886
v 0.006845 0.027430 0.034009
v 0.008546 0.042791 0.040698
v 0.007429 0.027357 0.033996
v 0.009130 0.042718 0.040685
v 0.007951 0.027197 0.034162
v 0.009651 0.042558 0.040851
v 0.008330 0.026975 0.034480
v 0.010031 0.042336 0.041169
v 0.008510 0.026726 0.034903
v 0.010211 0.042087 0.041592
v 0.008463 0.026486 0.035366
v 0.010164 0.041847 0.042055
v 0.008196 0.026292 0.035798
v 0.009897 0.041653 0.042487
v 0.007750 0.026175 0.036134
v 0.009451 0.041536 0.042823
v 0.007193 0.026151 0.036322
v 0.008894 0.041512 0.043011
v 0.006609 0.026224 0.036335
v 0.008310 0.041585 0.043024
v 0.011111 0.013160 0.019934
v 0.021236 0.032428 0.028016
v 0.010472 0.013658 0.019673
v 0.020596 0.032927 0.027755
v 0.010063 0.014153 0.019177
v 0.020188 0.033421 0.027259
v 0.009947 0.014568 0.018521
v 0.020072 0.033837 0.026603
v 0.010143 0.014841 0.017806
v 0.020268 0.034110 0.025888
v 0.010619 0.014931 0.017140
v 0.020744 0.034200 0.025222
v 0.011304 0.014823 0.016625
v 0.021429 0.034092 0.024707
v 0.012093 0.014534 0.016339
v 0.022218 0.033802 0.024421
v 0.012866 0.014107 0.016325
v 0.022991 0.033376 0.024408
v 0.013506 0.013609 0.016587
v 0.023631 0.032878 0.024669
v 0.013914 0.013114 0.017083
v 0.024039 0.032383 0.025165
v 0.014030 0.012699 0.017738
v 0.024155 0.031968 0.025820
v 0.013835 0.012425 0.018453
v 0.023959 0.031694 0.026535
v 0.013358 0.012336 0.019119
v 0.023483 0.031605 0.027201
v 0.012673 0.012444 0.019634
v 0.022798 0.031713 0.027716
v 0.011884 0.012733 0.019920
v 0.022009 0.032002 0.028002
v 0.021399 0.031877 0.027020
v 0.032203 0.037782 0.037024
v 0.021068 0.032360 0.027108
v 0.031872 0.038264 0.037113
v 0.020880 0.032908 0.027047
v 0.031684 0.038813 0.037052
v 0.020865 0.033439 0.026845
v 0.031669 0.039344 0.036850
v 0.021024 0.033872 0.026533
v 0.031828 0.039776 0.036538
v 0.021334 0.034140 0.026160
v 0.032138 0.040044 0.036164
v 0.021748 0.034203 0.025780
v 0.032552 0.040107 0.035785
v 0.022202 0.034051 0.025453
v 0.033006 0.039956 0.035458
v 0.022627 0.033708 0.025228
v 0.033431 0.039612 0.035233
v 0.022959 0.033225 0.025140
v 0.033763 0.039130 0.035145
v 0.023146 0.032677 0.025201
v 0.033950 0.038581 0.035206
v 0.023162 0.032146 0.025403
v 0.033966 0.038050 0.035408
v 0.023002 0.031713 0.025714
v 0.033806 0.037618 0.035719
v 0.022692 0.031445 0.026088
v 0.033496 0.037350 0.036093
v 0.022278 0.031382 0.026468
v 0.033082 0.037287 0.036473
v 0.021824 0.031534 0.026795
v 0.032629 0.037438 0.036800
v 0.021037 0.031953 0.026781
v 0.019676 0.044315 0.037463
v 0.020702 0.032264 0.026482
v 0.019341 0.044626 0.037164
v 0.020577 0.032650 0.026128
v 0.019216 0.045012 0.036810
v 0.020680 0.033052 0.025773
v 0.019319 0.045414 0.036455
v 0.020997 0.033409 0.025470
v 0.019636 0.045771 0.036152
v 0.021479 0.033666 0.025267
v 0.020118 0.046029 0.035949
v 0.022052 0.033786 0.025193
v 0.020691 0.046148 0.035875
v 0.022630 0.033748 0.025261
v 0.021269 0.046110 0.035943
v 0.023124 0.033560 0.025459
v 0.021763 0.045922 0.036141
v 0.023459 0.033249 0.025758
v 0.022098 0.045611 0.036440
v 0.023584 0.032864 0.026112
v 0.022223 0.045226 0.036794
v 0.023481 0.032462 0.026468
v 0.022120 0.044824 0.037149
v 0.023164 0.032105 0.026770
v 0.021803 0.044467 0.037452
v 0.022682 0.031847 0.026973
v 0.021321 0.044209 0.037655
v 0.022109 0.031728 0.027047
v 0.020748 0.044090 0.037729
v 0.021531 0.031765 0.026980
v 0.020170 0.044127 0.037661
v 0.021137 0.032880 0.027264
v 0.022313 0.049775 0.026822
v 0.020755 0.032875 0.026888
v 0.021931 0.049771 0.026446
v 0.020572 0.032849 0.026404
v 0.021748 0.049744 0.025962
v 0.020617 0.032804 0.025887
v 0.021792 0.049699 0.025445
v 0.020882 0.032749 0.025415
v 0.022058 0.049644 0.024973
v 0.021328 0.032690 0.025059
v 0.022503 0.049586 0.024617
v 0.021886 0.032638 0.024874
v 0.023062 0.049534 0.024432
v 0.022471 0.032601 0.024889
v 0.023647 0.049496 0.024447
v 0.022995 0.032583 0.025100
v 0.024171 0.049478 0.024658
v 0.023378 0.032588 0.025476
v 0.024554 0.049483 0.025034
v 0.023561 0.032615 0.025959
v 0.024737 0.049510 0.025517
v 0.023516 0.032659 0.026477
v 0.024692 0.049554 0.026035
v 0.023251 0.032715 0.026949
v 0.024427 0.049610 0.026507
v 0.022805 0.032773 0.027305
v 0.023981 0.049668 0.026863
v 0.022247 0.032825 0.027489
v 0.023423 0.049720 0.027048
v 0.021661 0.032862 0.027475
v 0.022837 0.049758 0.027033
v 0.022236 0.032616 0.027470
v 0.035577 0.043054 0.026351
v 0.021873 0.033079 0.027494
v 0.035214 0.043517 0.026375
v 0.021529 0.033495 0.027319
v 0.034870 0.043933 0.026200
v 0.021256 0.033800 0.026971
v 0.034597 0.044238 0.025852
v 0.021097 0.033948 0.026504
v 0.034438 0.044386 0.025385
v 0.021074 0.033916 0.025988
v 0.034416 0.044354 0.024869
v 0.021193 0.033709 0.025502
v 0.034534 0.044147 0.024384
v 0.021435 0.033359 0.025121
v 0.034776 0.043797 0.024002
v 0.021762 0.032919 0.024901
v 0.035103 0.043357 0.023782
v 0.022125 0.032455 0.024877
v 0.035466 0.042893 0.023758
v 0.022470 0.032040 0.025052
v 0.035811 0.042477 0.023934
v 0.022742 0.031734 0.025400
v 0.036083 0.042172 0.024281
v 0.022901 0.031587 0.025867
v 0.036243 0.042024 0.024749
v 0.022924 0.031619 0.026383
v 0.036265 0.042056 0.025264
v 0.022805 0.031825 0.026869
v 0.036146 0.042263 0.025750
v 0.022563 0.032176 0.027250
v 0.035904 0.042613 0.026132
v 0.011218 0.012124 0.019365
v 0.030497 0.015202 0.030115
v 0.010865 0.012857 0.019713
v 0.030144 0.015935 0.030464
v 0.010678 0.013718 0.019819
v 0.029957 0.016796 0.030569
v 0.010685 0.014576 0.019665
v 0.029964 0.017654 0.030416
v 0.010885 0.015300 0.019277
v 0.030164 0.018378 0.030027
v 0.011247 0.015780 0.018712
v 0.030526 0.018859 0.029462
v 0.011717 0.015944 0.018056
v 0.030996 0.019022 0.028807
v 0.012222 0.015765 0.017411
v 0.031501 0.018844 0.028161
v 0.012686 0.015272 0.016873
v 0.031965 0.018350 0.027623
v 0.013039 0.014539 0.016525
v 0.032318 0.017618 0.027275
v 0.013226 0.013679 0.016419
v 0.032505 0.016757 0.027169
v 0.013219 0.012821 0.016572
v 0.032498 0.015899 0.027323
v 0.013019 0.012096 0.016961
v 0.032298 0.015175 0.027712
v 0.012657 0.011616 0.017526
v 0.031936 0.014694 0.028277
v 0.012187 0.011453 0.018182
v 0.031466 0.014531 0.028932
v 0.011682 0.011631 0.018827
v 0.030961 0.014709 0.029578
v 0.030148 0.015637 0.028883
v 0.038876 0.010030 0.040071
v 0.029888 0.016043 0.029207
v 0.038616 0.010436 0.040395
v 0.029813 0.016563 0.029464
v 0.038541 0.010956 0.040652
v 0.029934 0.017119 0.029614
v 0.038662 0.011512 0.040802
v 0.030234 0.017625 0.029635
v 0.038962 0.012018 0.040822
v 0.030667 0.018005 0.029523
v 0.039395 0.012398 0.040711
v 0.031166 0.018201 0.029296
v 0.039894 0.012594 0.040483
v 0.031656 0.018183 0.028987
v 0.040384 0.012576 0.040175
v 0.032063 0.017953 0.028645
v 0.040791 0.012347 0.039833
v 0.032323 0.017548 0.028321
v 0.041051 0.011941 0.039509
v 0.032398 0.017027 0.028065
v 0.041126 0.011421 0.039253
v 0.032277 0.016472 0.027915
v 0.041005 0.010865 0.039102
v 0.031977 0.015965 0.027894
v 0.040705 0.010359 0.039082
v 0.031544 0.015585 0.028006
v 0.040272 0.009979 0.039193
v 0.031045 0.015390 0.028233
v 0.039773 0.009783 0.039421
v 0.030555 0.015408 0.028541
v 0.039283 0.009801 0.039729
v 0.030310 0.015834 0.029565
v 0.036832 0.023823 0.041418
v 0.029937 0.016282 0.029525
v 0.036459 0.024271 0.041377
v 0.029744 0.016797 0.029368
v 0.036266 0.024786 0.041220
v 0.029760 0.017300 0.029118
v 0.036282 0.025289 0.040971
v 0.029983 0.017714 0.028814
v 0.036505 0.025703 0.040667
v 0.030378 0.017978 0.028502
v 0.036900 0.025967 0.040355
v 0.030886 0.018049 0.028230
v 0.037409 0.026039 0.040082
v 0.031430 0.017919 0.028038
v 0.037952 0.025908 0.039890
v 0.031926 0.017606 0.027956
v 0.038448 0.025595 0.039808
v 0.032298 0.017158 0.027996
v 0.038821 0.025147 0.039849
v 0.032492 0.016643 0.028153
v 0.039014 0.024632 0.040006
v 0.032475 0.016140 0.028403
v 0.038998 0.024129 0.040255
v 0.032253 0.015725 0.028707
v 0.038775 0.023715 0.040559
v 0.031857 0.015462 0.029019
v 0.038379 0.023451 0.040871
v 0.031349 0.015390 0.029292
v 0.037871 0.023379 0.041144
v 0.030806 0.015521 0.029483
v 0.037328 0.023510 0.041336
v 0.031143 0.016291 0.030068
v 0.045227 0.025540 0.031600
v 0.030817 0.016779 0.030135
v 0.044900 0.026028 0.031667
v 0.030530 0.017258 0.030001
v 0.044613 0.026507 0.031533
v 0.030326 0.017654 0.029687
v 0.044409 0.026903 0.031219
v 0.030236 0.017906 0.029241
v 0.044320 0.027155 0.030773
v 0.030274 0.017977 0.028730
v 0.044358 0.027226 0.030263
v 0.030434 0.017855 0.028233
v 0.044518 0.027104 0.029765
v 0.030692 0.017560 0.027824
v 0.044776 0.026808 0.029357
v 0.031009 0.017135 0.027567
v 0.045092 0.026384 0.029100
v 0.031335 0.016646 0.027501
v 0.045419 0.025895 0.029033
v 0.031622 0.016168 0.027635
v 0.045706 0.025417 0.029167
v 0.031826 0.015772 0.027948
v 0.045910 0.025021 0.029481
v 0.031916 0.015520 0.028395
v 0.045999 0.024769 0.029927
v 0.031877 0.015449 0.028905
v 0.045961 0.024698 0.030438
v 0.031717 0.015571 0.029403
v 0.045801 0.024819 0.030935
v 0.031459 0.015866 0.029811
v 0.045543 0.025115 0.031343
v 0.030639 0.015500 0.029371
v 0.046929 0.011153 0.030239
v 0.030678 0.015861 0.029790
v 0.046968 0.011514 0.030658
v 0.030776 0.016362 0.030062
v 0.047066 0.012016 0.030930
v 0.030917 0.016929 0.030145
v 0.047207 0.012582 0.031013
v 0.031081 0.017474 0.030027
v 0.047371 0.013127 0.030894
v 0.031242 0.017914 0.029725
v 0.047532 0.013568 0.030592
v 0.031376 0.018184 0.029285
v 0.047666 0.013837 0.030153
v 0.031462 0.018240 0.028775
v 0.047752 0.013893 0.029642
v 0.031488 0.018076 0.028272
v 0.047778 0.013729 0.029139
v 0.031449 0.017716 0.027852
v 0.047739 0.013369 0.028720
v 0.031351 0.017214 0.027581
v 0.047641 0.012867 0.028448
v 0.031210 0.016648 0.027498
v 0.047500 0.012301 0.028365
v 0.031046 0.016102 0.027616
v 0.047336 0.011756 0.028484
v 0.030885 0.015662 0.027918
v 0.047175 0.011315 0.028786
v 0.030751 0.015393 0.028358
v 0.047041 0.011046 0.029225
v 0.030665 0.015336 0.028868
v 0.046955 0.010989 0.029736
v 0.012144 -0.014142 0.016426
v 0.009045 -0.018680 0.036436
v 0.011605 -0.013444 0.016535
v 0.008506 -0.017982 0.036545
v 0.011371 -0.012603 0.016697
v 0.008273 -0.017141 0.036707
v 0.011478 -0.011745 0.016887
v 0.008380 -0.016283 0.036897
v 0.011910 -0.011002 0.017078
v 0.008812 -0.015540 0.037088
v 0.012600 -0.010487 0.017240
v 0.009502 -0.015025 0.037250
v 0.013445 -0.010278 0.017347
v 0.010346 -0.014816 0.037357
v 0.014314 -0.010407 0.017385
v 0.011216 -0.014945 0.037395
v 0.015076 -0.010854 0.017347
v 0.011978 -0.015392 0.037357
v 0.015615 -0.011552 0.017238
v 0.012517 -0.016090 0.037248
v 0.015849 -0.012394 0.017077
v 0.012751 -0.016932 0.037087
v 0.015742 -0.013251 0.016886
v 0.012643 -0.017789 0.036896
v 0.015310 -0.013994 0.016695
v 0.012212 -0.018532 0.036705
v 0.014619 -0.014509 0.016533
v 0.011521 -0.019047 0.036543
v 0.013775 -0.014718 0.016426
v 0.010677 -0.019256 0.036436
v 0.012906 -0.014589 0.016388
v 0.009807 -0.019127 0.036398
v 0.009516 -0.018138 0.036919
v 0.005434 -0.011475 0.050582
v 0.009196 -0.017724 0.036713
v 0.005114 -0.011060 0.050376
v 0.009082 -0.017207 0.036511
v 0.005000 -0.010544 0.050174
v 0.009191 -0.016668 0.036344
v 0.005108 -0.010004 0.050007
v 0.009506 -0.016187 0.036237
v 0.005424 -0.009523 0.049900
v 0.009980 -0.015839 0.036207
v 0.005897 -0.009175 0.049870
v 0.010540 -0.015675 0.036258
v 0.006457 -0.009011 0.049921
v 0.011101 -0.015722 0.036383
v 0.007018 -0.009058 0.050046
v 0.011577 -0.015971 0.036562
v 0.007495 -0.009308 0.050225
v 0.011897 -0.016386 0.036769
v 0.007815 -0.009722 0.050432
v 0.012011 -0.016902 0.036971
v 0.007929 -0.010239 0.050634
v 0.011902 -0.017442 0.037138
v 0.007820 -0.010778 0.050801
v 0.011587 -0.017923 0.037245
v 0.007505 -0.011259 0.050907
v 0.011114 -0.018271 0.037275
v 0.007031 -0.011608 0.050937
v 0.010554 -0.018435 0.037223
v 0.006471 -0.011771 0.050886
v 0.009993 -0.018388 0.037099
v 0.005910 -0.011724 0.050761
v 0.009576 -0.018153 0.037089
v 0.017129 -0.018860 0.050053
v 0.009261 -0.017688 0.037278
v 0.016814 -0.018395 0.050241
v 0.009132 -0.017120 0.037385
v 0.016686 -0.017827 0.050348
v 0.009209 -0.016537 0.037394
v 0.016762 -0.017243 0.050358
v 0.009480 -0.016026 0.037305
v 0.017033 -0.016732 0.050268
v 0.009903 -0.015665 0.037130
v 0.017456 -0.016372 0.050094
v 0.010414 -0.015510 0.036897
v 0.017967 -0.016217 0.049860
v 0.010936 -0.015584 0.036641
v 0.018489 -0.016291 0.049604
v 0.011388 -0.015875 0.036400
v 0.018941 -0.016582 0.049363
v 0.011703 -0.016340 0.036212
v 0.019256 -0.017047 0.049175
v 0.011832 -0.016908 0.036105
v 0.019385 -0.017615 0.049068
v 0.011755 -0.017492 0.036095
v 0.019308 -0.018198 0.049058
v 0.011485 -0.018003 0.036184
v 0.019038 -0.018709 0.049148
v 0.011062 -0.018363 0.036359
v 0.018615 -0.019070 0.049322
v 0.010550 -0.018518 0.036592
v 0.018103 -0.019225 0.049556
v 0.010029 -0.018444 0.036849
v 0.017582 -0.019151 0.049812
v 0.009515 -0.017761 0.036090
v 0.009931 -0.029795 0.046104
v 0.009162 -0.017435 0.036416
v 0.009578 -0.029469 0.046430
v 0.009015 -0.017035 0.036795
v 0.009432 -0.029069 0.046809
v 0.009098 -0.016623 0.037169
v 0.009514 -0.028656 0.047183
v 0.009398 -0.016260 0.037481
v 0.009814 -0.028294 0.047495
v 0.009869 -0.016003 0.037683
v 0.010285 -0.028036 0.047697
v 0.010439 -0.015890 0.037744
v 0.010855 -0.027923 0.047758
v 0.011021 -0.015939 0.037656
v 0.011437 -0.027972 0.047670
v 0.011528 -0.016141 0.037432
v 0.011944 -0.028175 0.047446
v 0.011881 -0.016468 0.037106
v 0.012298 -0.028501 0.047120
v 0.012028 -0.016867 0.036727
v 0.012444 -0.028901 0.046741
v 0.011945 -0.017280 0.036353
v 0.012361 -0.029313 0.046367
v 0.011646 -0.017643 0.036041
v 0.012062 -0.029676 0.046055
v 0.011175 -0.017900 0.035839
v 0.011591 -0.029933 0.045853
v 0.010605 -0.018013 0.035778
v 0.011021 -0.030046 0.045791
v 0.010022 -0.017964 0.035866
v 0.010438 -0.029998 0.045879
v 0.009963 -0.017964 0.035894
v -0.001256 -0.022626 0.046607
v 0.009649 -0.017477 0.035834
v -0.001571 -0.022140 0.046547
v 0.009477 -0.016917 0.035914
v -0.001742 -0.021579 0.046627
v 0.009474 -0.016368 0.036123
v -0.001745 -0.021030 0.046836
v 0.009640 -0.015914 0.036428
v -0.001579 -0.020577 0.047141
v 0.009951 -0.015624 0.036783
v -0.001268 -0.020287 0.047497
v 0.010358 -0.015543 0.037135
v -0.000861 -0.020206 0.047848
v 0.010800 -0.015682 0.037429
v -0.000419 -0.020345 0.048142
v 0.011209 -0.016021 0.037620
v -0.000010 -0.020684 0.048334
v 0.011524 -0.016507 0.037681
v 0.000304 -0.021170 0.048394
v 0.011695 -0.017068 0.037600
v 0.000476 -0.021731 0.048314
v 0.011698 -0.017617 0.037392
v 0.000479 -0.022279 0.048105
v 0.011532 -0.018070 0.037086
v 0.000313 -0.022733 0.047800
v 0.011221 -0.018360 0.036731
v 0.000002 -0.023023 0.047444
v 0.010814 -0.018441 0.036380
v -0.000405 -0.023104 0.047093
v 0.010372 -0.018302 0.036086
v -0.000847 -0.022965 0.046799
v 0.012406 -0.014099 0.017924
v 0.025522 -0.009412 0.034137
v 0.011921 -0.013377 0.018111
v 0.025037 -0.008690 0.034325
v 0.011683 -0.012527 0.018115
v 0.024798 -0.007840 0.034329
v 0.011728 -0.011678 0.017934
v 0.024844 -0.006991 0.034147
v 0.012050 -0.010960 0.017595
v 0.025166 -0.006273 0.033809
v 0.012600 -0.010481 0.017152
v 0.025716 -0.005794 0.033365
v 0.013293 -0.010315 0.016670
v 0.026409 -0.005628 0.032883
v 0.014025 -0.010487 0.016223
v 0.027141 -0.005800 0.032437
v 0.014684 -0.010971 0.015880
v 0.027800 -0.006284 0.032094
v 0.015169 -0.011693 0.015692
v 0.028285 -0.007006 0.031906
v 0.015408 -0.012543 0.015689
v 0.028523 -0.007856 0.031902
v 0.015362 -0.013392 0.015870
v 0.028478 -0.008705 0.032084
v 0.015040 -0.014110 0.016208
v 0.028156 -0.009423 0.032422
v 0.014490 -0.014589 0.016652
v 0.027606 -0.009902 0.032866
v 0.013797 -0.014755 0.017134
v 0.026913 -0.010068 0.033347
v 0.013065 -0.014583 0.017580
v 0.026181 -0.009896 0.033794
v 0.025571 -0.008953 0.032904
v 0.030435 -0.014535 0.045876
v 0.025252 -0.008529 0.033160
v 0.030116 -0.014111 0.046131
v 0.025136 -0.007999 0.033388
v 0.030000 -0.013581 0.046359
v 0.025240 -0.007445 0.033553
v 0.030104 -0.013027 0.046525
v 0.025548 -0.006950 0.033631
v 0.030412 -0.012532 0.046603
v 0.026014 -0.006590 0.033610
v 0.030878 -0.012172 0.046581
v 0.026566 -0.006420 0.033493
v 0.031430 -0.012002 0.046464
v 0.027120 -0.006465 0.033297
v 0.031984 -0.012047 0.046269
v 0.027592 -0.006719 0.033053
v 0.032457 -0.012301 0.046025
v 0.027911 -0.007143 0.032798
v 0.032775 -0.012725 0.045769
v 0.028027 -0.007673 0.032570
v 0.032892 -0.013255 0.045541
v 0.027923 -0.008227 0.032404
v 0.032788 -0.013809 0.045376
v 0.027615 -0.008722 0.032326
v 0.032479 -0.014304 0.045298
v 0.027150 -0.009082 0.032348
v 0.032014 -0.014664 0.045319
v 0.026598 -0.009252 0.032465
v 0.031462 -0.014834 0.045436
v 0.026043 -0.009207 0.032660
v 0.030907 -0.014789 0.045632
v 0.025606 -0.008918 0.033420
v 0.025822 -0.001534 0.047109
v 0.025250 -0.008494 0.033277
v 0.025466 -0.001109 0.046965
v 0.025101 -0.007980 0.033088
v 0.025317 -0.000595 0.046776
v 0.025181 -0.007455 0.032881
v 0.025398 -0.000070 0.046570
v 0.025479 -0.006999 0.032689
v 0.025695 0.000386 0.046377
v 0.025948 -0.006681 0.032540
v 0.026164 0.000703 0.046229
v 0.026517 -0.006551 0.032458
v 0.026734 0.000834 0.046146
v 0.027101 -0.006626 0.032454
v 0.027317 0.000758 0.046142
v 0.027609 -0.006897 0.032529
v 0.027825 0.000487 0.046217
v 0.027964 -0.007322 0.032672
v 0.028181 0.000062 0.046361
v 0.028113 -0.007836 0.032862
v 0.028330 -0.000451 0.046550
v 0.028033 -0.008361 0.033068
v 0.028250 -0.000976 0.046756
v 0.027736 -0.008817 0.033260
v 0.027952 -0.001432 0.046949
v 0.027267 -0.009134 0.033409
v 0.027483 -0.001750 0.047097
v 0.026697 -0.009265 0.033492
v 0.026914 -0.001880 0.047180
v 0.026114 -0.009189 0.033496
v 0.026330 -0.001805 0.047184
v 0.026149 -0.008421 0.034216
v 0.036804 0.002707 0.040429
v 0.025757 -0.007990 0.034174
v 0.036412 0.003138 0.040387
v 0.025485 -0.007550 0.033956
v 0.036140 0.003578 0.040170
v 0.025376 -0.007167 0.033595
v 0.036031 0.003960 0.039808
v 0.025445 -0.006901 0.033146
v 0.036100 0.004227 0.039359
v 0.025682 -0.006790 0.032677
v 0.036337 0.004337 0.038890
v 0.026052 -0.006853 0.032260
v 0.036707 0.004274 0.038473
v 0.026497 -0.007080 0.031958
v 0.037152 0.004048 0.038171
v 0.026950 -0.007436 0.031817
v 0.037605 0.003692 0.038030
v 0.027342 -0.007867 0.031858
v 0.037997 0.003261 0.038072
v 0.027614 -0.008307 0.032076
v 0.038268 0.002821 0.038290
v 0.027723 -0.008690 0.032437
v 0.038378 0.002438 0.038651
v 0.027654 -0.008957 0.032886
v 0.038309 0.002171 0.039100
v 0.027417 -0.009067 0.033355
v 0.038071 0.002061 0.039569
v 0.027047 -0.009004 0.033773
v 0.037702 0.002124 0.039986
v 0.026602 -0.008777 0.034075
v 0.037257 0.002351 0.040288
v 0.026020 -0.009049 0.033677
v 0.041323 -0.010888 0.039173
v 0.025899 -0.008609 0.034027
v 0.041202 -0.010448 0.039523
v 0.025873 -0.008055 0.034223
v 0.041176 -0.009894 0.039720
v 0.025947 -0.007471 0.034236
v 0.041250 -0.009310 0.039733
v 0.026108 -0.006946 0.034065
v 0.041411 -0.008785 0.039561
v 0.026332 -0.006559 0.033734
v 0.041635 -0.008398 0.039230
v 0.026586 -0.006370 0.033294
v 0.041888 -0.008208 0.038791
v 0.026830 -0.006407 0.032813
v 0.042133 -0.008246 0.038310
v 0.027027 -0.006665 0.032364
v 0.042330 -0.008503 0.037860
v 0.027148 -0.007104 0.032014
v 0.042451 -0.008943 0.037510
v 0.027174 -0.007658 0.031817
v 0.042477 -0.009497 0.037314
v 0.027101 -0.008242 0.031804
v 0.042404 -0.010081 0.037301
v 0.026940 -0.008768 0.031976
v 0.042243 -0.010607 0.037472
v 0.026715 -0.009155 0.032307
v 0.042018 -0.010994 0.037803
v 0.026462 -0.009344 0.032746
v 0.041765 -0.011183 0.038243
v 0.026218 -0.009307 0.033227
v 0.041521 -0.011146 0.038724
v 0.012310 -0.014330 0.017335
v 0.031511 -0.024629 0.023832
v 0.012215 -0.013867 0.018013
v 0.031416 -0.024166 0.024510
v 0.012318 -0.013193 0.018527
v 0.031519 -0.023492 0.025024
v 0.012604 -0.012409 0.018800
v 0.031805 -0.022708 0.025297
v 0.013030 -0.011635 0.018790
v 0.032231 -0.021934 0.025287
v 0.013531 -0.010989 0.018498
v 0.032732 -0.021288 0.024995
v 0.014030 -0.010569 0.017969
v 0.033231 -0.020868 0.024466
v 0.014451 -0.010440 0.017284
v 0.033653 -0.020739 0.023781
v 0.014731 -0.010620 0.016546
v 0.033932 -0.020919 0.023043
v 0.014827 -0.011083 0.015868
v 0.034028 -0.021382 0.022366
v 0.014724 -0.011758 0.015354
v 0.033925 -0.022056 0.021851
v 0.014437 -0.012541 0.015081
v 0.033638 -0.022840 0.021579
v 0.014011 -0.013315 0.015092
v 0.033212 -0.023614 0.021589
v 0.013511 -0.013961 0.015383
v 0.032712 -0.024260 0.021881
v 0.013012 -0.014381 0.015912
v 0.032213 -0.024680 0.022409
v 0.012590 -0.014510 0.016598
v 0.031791 -0.024809 0.023095
v 0.031538 -0.023653 0.023021
v 0.037355 -0.034678 0.032450
v 0.031266 -0.023351 0.023419
v 0.037084 -0.034375 0.032847
v 0.031199 -0.022945 0.023807
v 0.037017 -0.033969 0.033236
v 0.031348 -0.022498 0.024128
v 0.037166 -0.033522 0.033556
v 0.031689 -0.022077 0.024331
v 0.037507 -0.033101 0.033759
v 0.032171 -0.021746 0.024387
v 0.037989 -0.032771 0.033815
v 0.032720 -0.021557 0.024286
v 0.038538 -0.032581 0.033714
v 0.033253 -0.021537 0.024044
v 0.039071 -0.032561 0.033472
v 0.033688 -0.021690 0.023698
v 0.039506 -0.032714 0.033126
v 0.033960 -0.021993 0.023300
v 0.039778 -0.033017 0.032728
v 0.034026 -0.022398 0.022912
v 0.039844 -0.033423 0.032340
v 0.033878 -0.022846 0.022591
v 0.039696 -0.033870 0.032020
v 0.033537 -0.023267 0.022388
v 0.039355 -0.034291 0.031816
v 0.033055 -0.023597 0.022332
v 0.038873 -0.034621 0.031761
v 0.032506 -0.023787 0.022433
v 0.038324 -0.034811 0.031862
v 0.031973 -0.023806 0.022675
v 0.037791 -0.034831 0.032103
v 0.031920 -0.023838 0.024045
v 0.044186 -0.022697 0.033794
v 0.031660 -0.023360 0.024273
v 0.043926 -0.022219 0.034022
v 0.031540 -0.022787 0.024362
v 0.043806 -0.021647 0.034112
v 0.031577 -0.022208 0.024298
v 0.043844 -0.021067 0.034048
v 0.031767 -0.021709 0.024091
v 0.044034 -0.020569 0.033841
v 0.032081 -0.021367 0.023772
v 0.044347 -0.020227 0.033522
v 0.032470 -0.021234 0.023391
v 0.044736 -0.020094 0.033140
v 0.032875 -0.021330 0.023004
v 0.045141 -0.020190 0.032753
v 0.033235 -0.021641 0.022671
v 0.045501 -0.020500 0.032420
v 0.033495 -0.022118 0.022442
v 0.045761 -0.020978 0.032192
v 0.033615 -0.022691 0.022353
v 0.045881 -0.021550 0.032103
v 0.033577 -0.023270 0.022417
v 0.045843 -0.022130 0.032167
v 0.033387 -0.023769 0.022624
v 0.045653 -0.022629 0.032374
v 0.033074 -0.024111 0.022943
v 0.045340 -0.022971 0.032693
v 0.032685 -0.024244 0.023325
v 0.044951 -0.023104 0.033074
v 0.032279 -0.024148 0.023712
v 0.044546 -0.023008 0.033461
v 0.032528 -0.023928 0.024176
v 0.049430 -0.025090 0.022436
v 0.032583 -0.023490 0.024532
v 0.049485 -0.024652 0.022791
v 0.032633 -0.022935 0.024719
v 0.049535 -0.024097 0.022978
v 0.032670 -0.022348 0.024708
v 0.049572 -0.023510 0.022968
v 0.032690 -0.021819 0.024502
v 0.049592 -0.022981 0.022761
v 0.032688 -0.021428 0.024131
v 0.049590 -0.022590 0.022390
v 0.032666 -0.021235 0.023652
v 0.049568 -0.022397 0.021911
v 0.032626 -0.021269 0.023137
v 0.049528 -0.022431 0.021397
v 0.032575 -0.021525 0.022667
v 0.049477 -0.022686 0.020926
v 0.032520 -0.021963 0.022311
v 0.049422 -0.023125 0.020570
v 0.032470 -0.022518 0.022124
v 0.049372 -0.023680 0.020383
v 0.032432 -0.023104 0.022134
v 0.049334 -0.024266 0.020394
v 0.032413 -0.023633 0.022341
v 0.049315 -0.024795 0.020600
v 0.032414 -0.024024 0.022712
v 0.049316 -0.025186 0.020972
v 0.032437 -0.024218 0.023191
v 0.049339 -0.025380 0.021451
v 0.032477 -0.024184 0.023705
v 0.049378 -0.025346 0.021965
v 0.031409 -0.023556 0.023185
v 0.041862 -0.036883 0.021123
v 0.031437 -0.023589 0.023698
v 0.041890 -0.036916 0.021636
v 0.031639 -0.023480 0.024169
v 0.042092 -0.036807 0.022107
v 0.031986 -0.023247 0.024526
v 0.042439 -0.036573 0.022464
v 0.032424 -0.022924 0.024716
v 0.042877 -0.036250 0.022654
v 0.032887 -0.022560 0.024708
v 0.043340 -0.035887 0.022646
v 0.033305 -0.022212 0.024505
v 0.043758 -0.035538 0.022444
v 0.033613 -0.021932 0.024138
v 0.044066 -0.035258 0.022076
v 0.033765 -0.021762 0.023661
v 0.044218 -0.035089 0.021599
v 0.033738 -0.021729 0.023149
v 0.044191 -0.035056 0.021087
v 0.033535 -0.021838 0.022678
v 0.043988 -0.035164 0.020616
v 0.033188 -0.022071 0.022320
v 0.043642 -0.035398 0.020258
v 0.032750 -0.022394 0.022131
v 0.043203 -0.035721 0.020069
v 0.032287 -0.022758 0.022138
v 0.042740 -0.036084 0.020076
v 0.031870 -0.023106 0.022341
v 0.042323 -0.036433 0.020279
v 0.031561 -0.023386 0.022709
v 0.042014 -0.036713 0.020647
v 0.011994 -0.013483 0.015878
v 0.014981 -0.033006 0.026172
v 0.011509 -0.013132 0.016484
v 0.014496 -0.032656 0.026777
v 0.011339 -0.012676 0.017156
v 0.014326 -0.032200 0.027450
v 0.011512 -0.012184 0.017794
v 0.014499 -0.031707 0.028087
v 0.012000 -0.011730 0.018299
v 0.014987 -0.031254 0.028592
v 0.012730 -0.011384 0.018595
v 0.015716 -0.030908 0.028888
v 0.013590 -0.011199 0.018637
v 0.016576 -0.030723 0.028930
v 0.014449 -0.011202 0.018418
v 0.017436 -0.030726 0.028712
v 0.015177 -0.011394 0.017972
v 0.018164 -0.030918 0.028266
v 0.015663 -0.011744 0.017367
v 0.018649 -0.031268 0.027660
v 0.015832 -0.012201 0.016695
v 0.018819 -0.031724 0.026988
v 0.015660 -0.012693 0.016057
v 0.018646 -0.032217 0.026351
v 0.015171 -0.013146 0.015552
v 0.018158 -0.032670 0.025845
v 0.014442 -0.013492 0.015256
v 0.017429 -0.033016 0.025549
v 0.013582 -0.013677 0.015214
v 0.016569 -0.033201 0.025507
v 0.012722 -0.013674 0.015433
v 0.015709 -0.033198 0.025726
v 0.015770 -0.032688 0.026297
v 0.010064 -0.041663 0.037807
v 0.015389 -0.032258 0.026443
v 0.009683 -0.041233 0.037953
v 0.015191 -0.031763 0.026690
v 0.009485 -0.040738 0.038200
v 0.015206 -0.031279 0.027003
v 0.009500 -0.040254 0.038512
v 0.015433 -0.030879 0.027332
v 0.009727 -0.039854 0.038841
v 0.015835 -0.030625 0.027627
v 0.010129 -0.039600 0.039137
v 0.016353 -0.030555 0.027845
v 0.010647 -0.039530 0.039355
v 0.016908 -0.030680 0.027951
v 0.011202 -0.039655 0.039461
v 0.017414 -0.030980 0.027930
v 0.011708 -0.039955 0.039440
v 0.017795 -0.031411 0.027785
v 0.012089 -0.040386 0.039295
v 0.017993 -0.031906 0.027537
v 0.012287 -0.040881 0.039047
v 0.017978 -0.032390 0.027225
v 0.012272 -0.041365 0.038735
v 0.017752 -0.032789 0.026896
v 0.012046 -0.041764 0.038406
v 0.017349 -0.033043 0.026600
v 0.011643 -0.042018 0.038110
v 0.016831 -0.033113 0.026383
v 0.011125 -0.042088 0.037892
v 0.016277 -0.032989 0.026276
v 0.010571 -0.041964 0.037786
v 0.015523 -0.032982 0.027125
v 0.023408 -0.039758 0.038289
v 0.015257 -0.032592 0.027461
v 0.023142 -0.039369 0.038625
v 0.015182 -0.032090 0.027745
v 0.023067 -0.038866 0.038909
v 0.015311 -0.031550 0.027933
v 0.023196 -0.038326 0.039097
v 0.015623 -0.031055 0.027997
v 0.023508 -0.037831 0.039161
v 0.016072 -0.030681 0.027926
v 0.023956 -0.037457 0.039090
v 0.016588 -0.030484 0.027732
v 0.024473 -0.037261 0.038896
v 0.017093 -0.030495 0.027444
v 0.024978 -0.037271 0.038608
v 0.017511 -0.030711 0.027107
v 0.025395 -0.037488 0.038271
v 0.017777 -0.031100 0.026770
v 0.025662 -0.037877 0.037934
v 0.017851 -0.031603 0.026486
v 0.025736 -0.038380 0.037651
v 0.017723 -0.032143 0.026299
v 0.025607 -0.038920 0.037463
v 0.017410 -0.032638 0.026235
v 0.025295 -0.039414 0.037399
v 0.016962 -0.033012 0.026306
v 0.024847 -0.039788 0.037470
v 0.016446 -0.033209 0.026499
v 0.024331 -0.039985 0.037664
v 0.015941 -0.033198 0.026787
v 0.023826 -0.039975 0.037951
v 0.015320 -0.032638 0.026833
v 0.024560 -0.046764 0.027502
v 0.015245 -0.032610 0.027349
v 0.024485 -0.046737 0.028019
v 0.015362 -0.032460 0.027838
v 0.024602 -0.046587 0.028508
v 0.015654 -0.032211 0.028227
v 0.024894 -0.046337 0.028897
v 0.016076 -0.031900 0.028455
v 0.025316 -0.046026 0.029125
v 0.016564 -0.031574 0.028488
v 0.025804 -0.045700 0.029158
v 0.017044 -0.031284 0.028321
v 0.026284 -0.045410 0.028991
v 0.017442 -0.031073 0.027979
v 0.026683 -0.045199 0.028649
v 0.017699 -0.030974 0.027515
v 0.026939 -0.045100 0.028185
v 0.017774 -0.031001 0.026999
v 0.027014 -0.045127 0.027669
v 0.017657 -0.031151 0.026510
v 0.026897 -0.045277 0.027179
v 0.017365 -0.031400 0.026121
v 0.026605 -0.045527 0.026791
v 0.016943 -0.031712 0.025893
v 0.026183 -0.045838 0.026563
v 0.016455 -0.032037 0.025860
v 0.025695 -0.046164 0.026530
v 0.015975 -0.032328 0.026027
v 0.025215 -0.046454 0.026697
v 0.015577 -0.032538 0.026368
v 0.024817 -0.046665 0.027038
v 0.015910 -0.031751 0.026020
v 0.011559 -0.048076 0.027035
v 0.015466 -0.031596 0.026357
v 0.011116 -0.047921 0.027372
v 0.015193 -0.031472 0.026818
v 0.010843 -0.047796 0.027834
v 0.015132 -0.031396 0.027333
v 0.010781 -0.047721 0.028349
v 0.015292 -0.031381 0.027824
v 0.010941 -0.047706 0.028839
v 0.015648 -0.031429 0.028215
v 0.011298 -0.047754 0.029231
v 0.016148 -0.031532 0.028448
v 0.011797 -0.047857 0.029463
v 0.016713 -0.031675 0.028486
v 0.012363 -0.048000 0.029501
v 0.017260 -0.031836 0.028324
v 0.012909 -0.048161 0.029340
v 0.017703 -0.031991 0.027987
v 0.013352 -0.048316 0.029002
v 0.017976 -0.032115 0.027526
v 0.013626 -0.048440 0.028541
v 0.018038 -0.032191 0.027010
v 0.013687 -0.048516 0.028026
v 0.017878 -0.032206 0.026520
v 0.013527 -0.048531 0.027535
v 0.017521 -0.032158 0.026129
v 0.013171 -0.048483 0.027144
v 0.017022 -0.032055 0.025896
v 0.012671 -0.048380 0.026912
v 0.016456 -0.031912 0.025858
v 0.012105 -0.048237 0.026873
v -0.002040 -0.002481 -0.005296
v 0.011424 -0.014886 0.016866
v -0.002641 -0.001631 -0.004620
v 0.010823 -0.014037 0.017542
v -0.002826 -0.000545 -0.004041
v 0.010638 -0.012950 0.018121
v -0.002566 0.000612 -0.003648
v 0.010898 -0.011793 0.018514
v -0.001901 0.001665 -0.003501
v 0.011563 -0.010740 0.018662
v -0.000932 0.002453 -0.003621
v 0.012532 -0.009952 0.018541
v 0.000193 0.002857 -0.003991
v 0.013657 -0.009549 0.018171
v 0.001303 0.002813 -0.004554
v 0.014767 -0.009592 0.017608
v 0.002229 0.002331 -0.005225
v 0.015693 -0.010075 0.016937
v 0.002831 0.001481 -0.005901
v 0.016294 -0.010924 0.016261
v 0.003015 0.000395 -0.006480
v 0.016479 -0.012010 0.015683
v 0.002755 -0.000762 -0.006873
v 0.016219 -0.013167 0.015290
v 0.002090 -0.001815 -0.007020
v 0.015554 -0.014220 0.015142
v 0.001122 -0.002603 -0.006900
v 0.014585 -0.015009 0.015262
v -0.000004 -0.003007 -0.006530
v 0.013460 -0.015412 0.015632
v -0.001114 -0.002963 -0.005967
v 0.012350 -0.015369 0.016196
v -0.002671 -0.003544 -0.044773
v -0.003265 -0.003782 -0.005463
v -0.003851 -0.001987 -0.044666
v -0.004445 -0.002224 -0.005357
v -0.004346 -0.000097 -0.044568
v -0.004940 -0.000334 -0.005258
v -0.004080 0.001838 -0.044492
v -0.004674 0.001601 -0.005183
v -0.003094 0.003524 -0.044450
v -0.003687 0.003286 -0.005141
v -0.001538 0.004703 -0.044449
v -0.002131 0.004466 -0.005140
v 0.000352 0.005197 -0.044489
v -0.000242 0.004959 -0.005180
v 0.002286 0.004930 -0.044564
v 0.001693 0.004692 -0.005255
v 0.003972 0.003943 -0.044662
v 0.003378 0.003705 -0.005352
v 0.005152 0.002385 -0.044768
v 0.004558 0.002148 -0.005459
v 0.005647 0.000495 -0.044866
v 0.005053 0.000258 -0.005557
v 0.005381 -0.001440 -0.044942
v 0.004787 -0.001677 -0.005633
v 0.004395 -0.003125 -0.044984
v 0.003801 -0.003363 -0.005675
v 0.002839 -0.004305 -0.044985
v 0.002245 -0.004542 -0.005675
v 0.000949 -0.004798 -0.044945
v 0.000356 -0.005036 -0.005636
v -0.000985 -0.004531 -0.044870
v -0.001579 -0.004769 -0.005561
v -0.007399 -0.008888 -0.046285
v -0.007418 -0.008896 -0.045019
v -0.009019 -0.007137 -0.046155
v -0.009038 -0.007145 -0.044890
v -0.010266 -0.005104 -0.046026
v -0.010286 -0.005112 -0.044761
v -0.011094 -0.002867 -0.045902
v -0.011113 -0.002874 -0.044637
v -0.011469 -0.000511 -0.045787
v -0.011488 -0.000519 -0.044522
v -0.011377 0.001872 -0.045686
v -0.011396 0.001864 -0.044421
v -0.010822 0.004191 -0.045603
v -0.010841 0.004183 -0.044338
v -0.009826 0.006357 -0.045540
v -0.009845 0.006349 -0.044275
v -0.008426 0.008287 -0.045502
v -0.008445 0.008279 -0.044237
v -0.006677 0.009906 -0.045488
v -0.006696 0.009898 -0.044223
v -0.004645 0.011153 -0.045500
v -0.004664 0.011145 -0.044235
v -0.002409 0.011979 -0.045536
v -0.002428 0.011971 -0.044271
v -0.000054 0.012352 -0.045596
v -0.000073 0.012345 -0.044331
v 0.002328 0.012259 -0.045678
v 0.002309 0.012252 -0.044413
v 0.004647 0.011703 -0.045777
v 0.004628 0.011696 -0.044512
v 0.006813 0.010705 -0.045891
v 0.006794 0.010698 -0.044626
v 0.008743 0.009304 -0.046015
v 0.008724 0.009296 -0.044750
v 0.010363 0.007553 -0.046144
v 0.010344 0.007546 -0.044879
v 0.011611 0.005520 -0.046273
v 0.011592 0.005512 -0.045008
v 0.012438 0.003283 -0.046398
v 0.012419 0.003275 -0.045133
v 0.012813 0.000927 -0.046513
v 0.012794 0.000920 -0.045248
v 0.012721 -0.001456 -0.046614
v 0.012702 -0.001463 -0.045349
v 0.012166 -0.003775 -0.046697
v 0.012147 -0.003782 -0.045432
v 0.011170 -0.005941 -0.046759
v 0.011151 -0.005948 -0.045494
v 0.009770 -0.007871 -0.046798
v 0.009751 -0.007878 -0.045533
v 0.008021 -0.009490 -0.046812
v 0.008002 -0.009498 -0.045547
v 0.005989 -0.010737 -0.046800
v 0.005970 -0.010744 -0.045535
v 0.003753 -0.011563 -0.046763
v 0.003734 -0.011570 -0.045498
v 0.001398 -0.011936 -0.046703
v 0.001379 -0.011944 -0.045438
v -0.000984 -0.011843 -0.046622
v -0.001003 -0.011851 -0.045357
v -0.003303 -0.011287 -0.046522
v -0.003322 -0.011295 -0.045257
v -0.005469 -0.010289 -0.046408
v -0.005488 -0.010297 -0.045143
v -0.001705 -0.002040 -0.006907
v -0.014309 -0.015990 0.016035
v -0.002495 -0.001073 -0.006716
v -0.015098 -0.015023 0.016226
v -0.002902 0.000045 -0.006303
v -0.015505 -0.013905 0.016639
v -0.002864 0.001144 -0.005731
v -0.015467 -0.012805 0.017211
v -0.002387 0.002057 -0.005087
v -0.014991 -0.011893 0.017855
v -0.001545 0.002645 -0.004469
v -0.014148 -0.011305 0.018473
v -0.000464 0.002818 -0.003971
v -0.013067 -0.011132 0.018970
v 0.000691 0.002550 -0.003670
v -0.011913 -0.011400 0.019272
v 0.001743 0.001881 -0.003610
v -0.010861 -0.012068 0.019332
v 0.002532 0.000914 -0.003801
v -0.010071 -0.013035 0.019141
v 0.002939 -0.000204 -0.004214
v -0.009664 -0.014153 0.018728
v 0.002901 -0.001303 -0.004786
v -0.009702 -0.015253 0.018156
v 0.002425 -0.002216 -0.005430
v -0.010178 -0.016166 0.017512
v 0.001582 -0.002804 -0.006048
v -0.011021 -0.016753 0.016894
v 0.000501 -0.002977 -0.006545
v -0.012102 -0.016926 0.016397
v -0.000653 -0.002709 -0.006847
v -0.013257 -0.016658 0.016095
v -0.013995 -0.015599 0.017744
v -0.018640 -0.012966 0.037796
v -0.014461 -0.014969 0.017641
v -0.019106 -0.012336 0.037692
v -0.014650 -0.014201 0.017566
v -0.019295 -0.011567 0.037617
v -0.014533 -0.013411 0.017532
v -0.019178 -0.010777 0.037583
v -0.014128 -0.012720 0.017543
v -0.018773 -0.010086 0.037595
v -0.013496 -0.012232 0.017599
v -0.018141 -0.009599 0.037650
v -0.012734 -0.012023 0.017690
v -0.017379 -0.009389 0.037741
v -0.011958 -0.012124 0.017802
v -0.016603 -0.009490 0.037854
v -0.011285 -0.012519 0.017920
v -0.015930 -0.009886 0.037971
v -0.010819 -0.013149 0.018024
v -0.015464 -0.010515 0.038075
v -0.010630 -0.013917 0.018098
v -0.015275 -0.011284 0.038150
v -0.010747 -0.014707 0.018132
v -0.015392 -0.012074 0.038184
v -0.011153 -0.015399 0.018121
v -0.015798 -0.012765 0.038172
v -0.011784 -0.015886 0.018065
v -0.016430 -0.013252 0.038117
v -0.012547 -0.016095 0.017974
v -0.017192 -0.013462 0.038026
v -0.013323 -0.015994 0.017862
v -0.017968 -0.013361 0.037913
v -0.018018 -0.012299 0.038518
v -0.011623 -0.008584 0.051419
v -0.018319 -0.011892 0.038571
v -0.011924 -0.008177 0.051472
v -0.018459 -0.011409 0.038543
v -0.012064 -0.007694 0.051444
v -0.018418 -0.010924 0.038438
v -0.012023 -0.007208 0.051339
v -0.018202 -0.010510 0.038272
v -0.011807 -0.006795 0.051173
v -0.017844 -0.010230 0.038071
v -0.011449 -0.006515 0.050972
v -0.017398 -0.010128 0.037864
v -0.011003 -0.006413 0.050765
v -0.016932 -0.010219 0.037684
v -0.010537 -0.006504 0.050585
v -0.016518 -0.010488 0.037558
v -0.010123 -0.006773 0.050459
v -0.016217 -0.010896 0.037505
v -0.009822 -0.007180 0.050406
v -0.016077 -0.011379 0.037533
v -0.009682 -0.007664 0.050434
v -0.016118 -0.011864 0.037638
v -0.009723 -0.008149 0.050538
v -0.016334 -0.012278 0.037804
v -0.009939 -0.008563 0.050704
v -0.016692 -0.012557 0.038005
v -0.010297 -0.008842 0.050906
v -0.017138 -0.012659 0.038212
v -0.010743 -0.008944 0.051112
v -0.017604 -0.012569 0.038392
v -0.011209 -0.008854 0.051292
v -0.018155 -0.012312 0.037610
v -0.018959 -0.019973 0.050248
v -0.018466 -0.011951 0.037788
v -0.019270 -0.019612 0.050426
v -0.018602 -0.011515 0.038003
v -0.019406 -0.019176 0.050641
v -0.018540 -0.011070 0.038224
v -0.019344 -0.018731 0.050862
v -0.018292 -0.010684 0.038416
v -0.019095 -0.018346 0.051054
v -0.017893 -0.010417 0.038551
v -0.018697 -0.018078 0.051189
v -0.017406 -0.010308 0.038607
v -0.018209 -0.017969 0.051245
v -0.016903 -0.010374 0.038576
v -0.017707 -0.018035 0.051214
v -0.016463 -0.010605 0.038463
v -0.017267 -0.018266 0.051101
v -0.016151 -0.010966 0.038285
v -0.016955 -0.018627 0.050924
v -0.016016 -0.011402 0.038070
v -0.016820 -0.019063 0.050708
v -0.016077 -0.011847 0.037849
v -0.016881 -0.019508 0.050487
v -0.016326 -0.012232 0.037657
v -0.017130 -0.019893 0.050295
v -0.016725 -0.012500 0.037522
v -0.017528 -0.020161 0.050160
v -0.017212 -0.012609 0.037466
v -0.018016 -0.020270 0.050104
v -0.017714 -0.012543 0.037497
v -0.018518 -0.020204 0.050135
v -0.017960 -0.012373 0.037441
v -0.029817 -0.012992 0.048118
v -0.018180 -0.011964 0.037289
v -0.030037 -0.012583 0.047966
v -0.018277 -0.011472 0.037249
v -0.030134 -0.012091 0.047925
v -0.018236 -0.010972 0.037327
v -0.030093 -0.011591 0.048004
v -0.018063 -0.010540 0.037511
v -0.029920 -0.011158 0.048188
v -0.017785 -0.010241 0.037774
v -0.029642 -0.010860 0.048451
v -0.017444 -0.010122 0.038075
v -0.029301 -0.010740 0.048752
v -0.017092 -0.010200 0.038369
v -0.028949 -0.010818 0.049045
v -0.016783 -0.010463 0.038610
v -0.028639 -0.011082 0.049287
v -0.016563 -0.010872 0.038762
v -0.028419 -0.011491 0.049439
v -0.016466 -0.011364 0.038802
v -0.028323 -0.011983 0.049479
v -0.016507 -0.011865 0.038724
v -0.028364 -0.012483 0.049401
v -0.016679 -0.012297 0.038540
v -0.028536 -0.012915 0.049217
v -0.016957 -0.012596 0.038277
v -0.028814 -0.013214 0.048954
v -0.017298 -0.012715 0.037976
v -0.029155 -0.013333 0.048653
v -0.017651 -0.012637 0.037682
v -0.029507 -0.013255 0.048359
v -0.018261 -0.012175 0.038372
v -0.022919 -0.001417 0.049311
v -0.018507 -0.011901 0.038088
v -0.023165 -0.001143 0.049027
v -0.018575 -0.011544 0.037795
v -0.023233 -0.000786 0.048734
v -0.018453 -0.011158 0.037537
v -0.023111 -0.000400 0.048477
v -0.018160 -0.010802 0.037354
v -0.022818 -0.000044 0.048294
v -0.017741 -0.010530 0.037274
v -0.022399 0.000228 0.048213
v -0.017259 -0.010383 0.037308
v -0.021917 0.000375 0.048247
v -0.016789 -0.010385 0.037451
v -0.021447 0.000373 0.048391
v -0.016400 -0.010533 0.037682
v -0.021058 0.000225 0.048622
v -0.016154 -0.010807 0.037966
v -0.020812 -0.000049 0.048905
v -0.016087 -0.011164 0.038259
v -0.020745 -0.000406 0.049198
v -0.016209 -0.011550 0.038517
v -0.020867 -0.000792 0.049456
v -0.016501 -0.011906 0.038700
v -0.021159 -0.001148 0.049639
v -0.016920 -0.012178 0.038780
v -0.021578 -0.001420 0.049720
v -0.017402 -0.012325 0.038746
v -0.022060 -0.001567 0.049686
v -0.017873 -0.012323 0.038603
v -0.022531 -0.001566 0.049542
v -0.014026 -0.015468 0.017278
v -0.009554 -0.028722 0.032727
v -0.014464 -0.014978 0.017719
v -0.009992 -0.028232 0.033168
v -0.014618 -0.014357 0.018174
v -0.010147 -0.027612 0.033623
v -0.014466 -0.013701 0.018575
v -0.009994 -0.026956 0.034023
v -0.014031 -0.013110 0.018859
v -0.009559 -0.026364 0.034308
v -0.013377 -0.012673 0.018984
v -0.008906 -0.025927 0.034433
v -0.012606 -0.012456 0.018931
v -0.008135 -0.025711 0.034380
v -0.011835 -0.012494 0.018708
v -0.007363 -0.025748 0.034157
v -0.011181 -0.012779 0.018349
v -0.006709 -0.026034 0.033797
v -0.010743 -0.013270 0.017908
v -0.006271 -0.026524 0.033356
v -0.010588 -0.013890 0.017452
v -0.006116 -0.027144 0.032901
v -0.010740 -0.014546 0.017052
v -0.006268 -0.027800 0.032501
v -0.011176 -0.015138 0.016768
v -0.006704 -0.028392 0.032216
v -0.011829 -0.015575 0.016642
v -0.007357 -0.028829 0.032091
v -0.012600 -0.015791 0.016695
v -0.008128 -0.029045 0.032144
v -0.013371 -0.015754 0.016919
v -0.008900 -0.029008 0.032367
v -0.008902 -0.028339 0.032886
v -0.014474 -0.033370 0.045924
v -0.009212 -0.027938 0.032932
v -0.014784 -0.032970 0.045970
v -0.009359 -0.027465 0.033049
v -0.014932 -0.032497 0.046088
v -0.009322 -0.026991 0.033220
v -0.014894 -0.032023 0.046258
v -0.009105 -0.026589 0.033418
v -0.014678 -0.031620 0.046456
v -0.008743 -0.026319 0.033612
v -0.014315 -0.031350 0.046651
v -0.008289 -0.026223 0.033775
v -0.013861 -0.031254 0.046813
v -0.007813 -0.026315 0.033880
v -0.013386 -0.031347 0.046918
v -0.007388 -0.026582 0.033912
v -0.012960 -0.031613 0.046950
v -0.007078 -0.026982 0.033865
v -0.012650 -0.032014 0.046904
v -0.006930 -0.027456 0.033748
v -0.012503 -0.032487 0.046786
v -0.006968 -0.027929 0.033578
v -0.012540 -0.032961 0.046616
v -0.007184 -0.028332 0.033380
v -0.012757 -0.033363 0.046418
v -0.007547 -0.028602 0.033185
v -0.013119 -0.033633 0.046223
v -0.008001 -0.028698 0.033023
v -0.013573 -0.033729 0.046061
v -0.008476 -0.028605 0.032918
v -0.014049 -0.033637 0.045956
v -0.008857 -0.028412 0.033692
v -0.001756 -0.028905 0.046516
v -0.009131 -0.028011 0.033845
v -0.002031 -0.028503 0.046670
v -0.009245 -0.027522 0.033930
v -0.002144 -0.028014 0.046755
v -0.009180 -0.027020 0.033934
v -0.002079 -0.027512 0.046759
v -0.008946 -0.026581 0.033856
v -0.001845 -0.027073 0.046681
v -0.008580 -0.026272 0.033709
v -0.001479 -0.026764 0.046534
v -0.008136 -0.026140 0.033514
v -0.001035 -0.026632 0.046339
v -0.007683 -0.026205 0.033301
v -0.000582 -0.026697 0.046126
v -0.007289 -0.026457 0.033103
v -0.000188 -0.026950 0.045928
v -0.007015 -0.026859 0.032950
v 0.000086 -0.027351 0.045775
v -0.006901 -0.027347 0.032865
v 0.000200 -0.027840 0.045690
v -0.006966 -0.027850 0.032861
v 0.000135 -0.028342 0.045686
v -0.007200 -0.028289 0.032939
v -0.000099 -0.028781 0.045763
v -0.007566 -0.028598 0.033086
v -0.000465 -0.029090 0.045911
v -0.008010 -0.028730 0.033281
v -0.000909 -0.029222 0.046106
v -0.008463 -0.028664 0.033494
v -0.001362 -0.029157 0.046318
v -0.008935 -0.028441 0.033299
v 0.001896 -0.038994 0.038426
v -0.009034 -0.028245 0.033712
v 0.001797 -0.038799 0.038839
v -0.008983 -0.027934 0.034070
v 0.001848 -0.038488 0.039197
v -0.008790 -0.027557 0.034319
v 0.002041 -0.038110 0.039446
v -0.008485 -0.027169 0.034421
v 0.002346 -0.037722 0.039548
v -0.008114 -0.026830 0.034361
v 0.002717 -0.037384 0.039488
v -0.007734 -0.026592 0.034148
v 0.003097 -0.037146 0.039275
v -0.007402 -0.026491 0.033813
v 0.003429 -0.037045 0.038940
v -0.007169 -0.026543 0.033409
v 0.003662 -0.037096 0.038536
v -0.007070 -0.026738 0.032996
v 0.003761 -0.037292 0.038123
v -0.007121 -0.027049 0.032638
v 0.003710 -0.037603 0.037765
v -0.007314 -0.027427 0.032389
v 0.003517 -0.037981 0.037516
v -0.007619 -0.027815 0.032286
v 0.003212 -0.038368 0.037414
v -0.007990 -0.028153 0.032347
v 0.002841 -0.038707 0.037474
v -0.008370 -0.028391 0.032560
v 0.002461 -0.038945 0.037687
v -0.008702 -0.028492 0.032895
v 0.002129 -0.039046 0.038022
v -0.008899 -0.027857 0.032513
v -0.010742 -0.042949 0.037854
v -0.009235 -0.027670 0.032825
v -0.011077 -0.042762 0.038165
v -0.009401 -0.027460 0.033217
v -0.011244 -0.042552 0.038558
v -0.009373 -0.027258 0.033631
v -0.011216 -0.042351 0.038972
v -0.009155 -0.027096 0.034003
v -0.010997 -0.042189 0.039343
v -0.008779 -0.026998 0.034276
v -0.010622 -0.042091 0.039616
v -0.008304 -0.026979 0.034409
v -0.010147 -0.042072 0.039749
v -0.007802 -0.027042 0.034381
v -0.009644 -0.042135 0.039722
v -0.007348 -0.027178 0.034197
v -0.009191 -0.042270 0.039538
v -0.007012 -0.027365 0.033886
v -0.008855 -0.042457 0.039226
v -0.006846 -0.027575 0.033493
v -0.008689 -0.042668 0.038834
v -0.006874 -0.027777 0.033079
v -0.008717 -0.042869 0.038420
v -0.007093 -0.027939 0.032708
v -0.008935 -0.043031 0.038048
v -0.007468 -0.028037 0.032435
v -0.009311 -0.043129 0.037775
v -0.007943 -0.028055 0.032302
v -0.009786 -0.043148 0.037642
v -0.008446 -0.027992 0.032329
v -0.010288 -0.043085 0.037670
v -0.013410 -0.014557 0.016156
v -0.023597 -0.033608 0.023105
v -0.013998 -0.014109 0.016470
v -0.024186 -0.033159 0.023419
v -0.014383 -0.013666 0.016983
v -0.024571 -0.032716 0.023932
v -0.014506 -0.013296 0.017618
v -0.024694 -0.032347 0.024567
v -0.014349 -0.013056 0.018277
v -0.024537 -0.032107 0.025226
v -0.013935 -0.012982 0.018860
v -0.024123 -0.032033 0.025809
v -0.013327 -0.013086 0.019278
v -0.023515 -0.032137 0.026227
v -0.012618 -0.013351 0.019469
v -0.022806 -0.032402 0.026417
v -0.011916 -0.013737 0.019402
v -0.022104 -0.032788 0.026350
v -0.011328 -0.014186 0.019087
v -0.021515 -0.033236 0.026036
v -0.010943 -0.014629 0.018574
v -0.021130 -0.033679 0.025523
v -0.010819 -0.014998 0.017940
v -0.021007 -0.034049 0.024889
v -0.010977 -0.015238 0.017281
v -0.021164 -0.034289 0.024230
v -0.011391 -0.015312 0.016698
v -0.021579 -0.034363 0.023647
v -0.011999 -0.015209 0.016279
v -0.022186 -0.034259 0.023228
v -0.012707 -0.014944 0.016089
v -0.022895 -0.033994 0.023038
v -0.023458 -0.034087 0.024007
v -0.034321 -0.039980 0.033977
v -0.023742 -0.033671 0.023986
v -0.034605 -0.039564 0.033956
v -0.023906 -0.033200 0.024090
v -0.034769 -0.039093 0.034060
v -0.023925 -0.032746 0.024304
v -0.034788 -0.038639 0.034275
v -0.023796 -0.032377 0.024596
v -0.034659 -0.038270 0.034567
v -0.023539 -0.032150 0.024921
v -0.034402 -0.038043 0.034891
v -0.023192 -0.032100 0.025229
v -0.034056 -0.037993 0.035199
v -0.022810 -0.032233 0.025474
v -0.033673 -0.038126 0.035444
v -0.022449 -0.032531 0.025618
v -0.033312 -0.038424 0.035588
v -0.022165 -0.032946 0.025639
v -0.033029 -0.038840 0.035609
v -0.022001 -0.033417 0.025535
v -0.032865 -0.039311 0.035505
v -0.021982 -0.033872 0.025320
v -0.032846 -0.039765 0.035291
v -0.022111 -0.034240 0.025028
v -0.032974 -0.040134 0.034999
v -0.022368 -0.034467 0.024704
v -0.033232 -0.040360 0.034674
v -0.022715 -0.034518 0.024396
v -0.033578 -0.040411 0.034366
v -0.023097 -0.034384 0.024151
v -0.033960 -0.040277 0.034121
v -0.023767 -0.034029 0.024238
v -0.022734 -0.046236 0.033546
v -0.024063 -0.033765 0.024537
v -0.023031 -0.045972 0.033845
v -0.024181 -0.033437 0.024878
v -0.023148 -0.045645 0.034186
v -0.024101 -0.033095 0.025208
v -0.023069 -0.045303 0.034516
v -0.023837 -0.032791 0.025477
v -0.022804 -0.044999 0.034786
v -0.023428 -0.032571 0.025645
v -0.022395 -0.044779 0.034953
v -0.022936 -0.032469 0.025685
v -0.021903 -0.044677 0.034994
v -0.022437 -0.032500 0.025592
v -0.021404 -0.044708 0.034900
v -0.022006 -0.032660 0.025379
v -0.020973 -0.044868 0.034688
v -0.021709 -0.032924 0.025080
v -0.020676 -0.045132 0.034388
v -0.021591 -0.033252 0.024739
v -0.020559 -0.045460 0.034048
v -0.021671 -0.033594 0.024409
v -0.020638 -0.045802 0.033718
v -0.021935 -0.033898 0.024140
v -0.020903 -0.046106 0.033448
v -0.022345 -0.034118 0.023972
v -0.021312 -0.046325 0.033281
v -0.022836 -0.034220 0.023932
v -0.021804 -0.046427 0.033240
v -0.023336 -0.034188 0.024025
v -0.022303 -0.046396 0.033334
v -0.023670 -0.033230 0.023878
v -0.024787 -0.049738 0.022078
v -0.024010 -0.033238 0.024222
v -0.025126 -0.049746 0.022423
v -0.024180 -0.033266 0.024646
v -0.025296 -0.049774 0.022847
v -0.024155 -0.033310 0.025086
v -0.025271 -0.049817 0.023286
v -0.023938 -0.033363 0.025474
v -0.025054 -0.049870 0.023674
v -0.023564 -0.033416 0.025750
v -0.024680 -0.049924 0.023951
v -0.023088 -0.033462 0.025874
v -0.024204 -0.049970 0.024075
v -0.022583 -0.033495 0.025826
v -0.023699 -0.050002 0.024027
v -0.022126 -0.033508 0.025614
v -0.023242 -0.050015 0.023814
v -0.021787 -0.033499 0.025269
v -0.022903 -0.050007 0.023470
v -0.021617 -0.033471 0.024845
v -0.022733 -0.049979 0.023045
v -0.021642 -0.033428 0.024405
v -0.022758 -0.049935 0.022606
v -0.021858 -0.033375 0.024018
v -0.022974 -0.049882 0.022218
v -0.022233 -0.033321 0.023741
v -0.023349 -0.049829 0.021941
v -0.022709 -0.033275 0.023617
v -0.023825 -0.049783 0.021818
v -0.023214 -0.033243 0.023665
v -0.024330 -0.049750 0.021866
v -0.022728 -0.033450 0.023619
v -0.035740 -0.043643 0.022482
v -0.023041 -0.033051 0.023654
v -0.036053 -0.043244 0.022516
v -0.023342 -0.032696 0.023855
v -0.036354 -0.042889 0.022717
v -0.023586 -0.032437 0.024193
v -0.036598 -0.042630 0.023055
v -0.023736 -0.032315 0.024615
v -0.036748 -0.042508 0.023477
v -0.023768 -0.032348 0.025057
v -0.036780 -0.042541 0.023920
v -0.023678 -0.032530 0.025453
v -0.036690 -0.042723 0.024316
v -0.023480 -0.032835 0.025742
v -0.036492 -0.043028 0.024604
v -0.023203 -0.033216 0.025880
v -0.036215 -0.043409 0.024742
v -0.022891 -0.033615 0.025845
v -0.035902 -0.043808 0.024707
v -0.022589 -0.033970 0.025644
v -0.035601 -0.044163 0.024506
v -0.022345 -0.034229 0.025306
v -0.035357 -0.044422 0.024169
v -0.022195 -0.034351 0.024884
v -0.035207 -0.044544 0.023747
v -0.022163 -0.034318 0.024441
v -0.035175 -0.044511 0.023304
v -0.022253 -0.034136 0.024046
v -0.035265 -0.044329 0.022908
v -0.022451 -0.033831 0.023757
v -0.035463 -0.044024 0.022619
v -0.013331 -0.015496 0.016585
v -0.032635 -0.018659 0.028137
v -0.013642 -0.014828 0.016348
v -0.032947 -0.017991 0.027900
v -0.013810 -0.014047 0.016332
v -0.033115 -0.017209 0.027883
v -0.013809 -0.013271 0.016538
v -0.033113 -0.016433 0.028090
v -0.013639 -0.012618 0.016937
v -0.032944 -0.015781 0.028488
v -0.013326 -0.012189 0.017466
v -0.032631 -0.015352 0.029018
v -0.012918 -0.012048 0.018046
v -0.032223 -0.015211 0.029597
v -0.012477 -0.012216 0.018588
v -0.031781 -0.015379 0.030139
v -0.012069 -0.012669 0.019010
v -0.031374 -0.015832 0.030561
v -0.011758 -0.013337 0.019247
v -0.031062 -0.016500 0.030798
v -0.011590 -0.014119 0.019263
v -0.030895 -0.017281 0.030815
v -0.011591 -0.014895 0.019056
v -0.030896 -0.018057 0.030608
v -0.011761 -0.015547 0.018658
v -0.031065 -0.018710 0.030210
v -0.012074 -0.015976 0.018129
v -0.031378 -0.019139 0.029680
v -0.012482 -0.016117 0.017549
v -0.031786 -0.019280 0.029101
v -0.012923 -0.015949 0.017007
v -0.032228 -0.019112 0.028559
v -0.032953 -0.018223 0.029328
v -0.041834 -0.012879 0.041306
v -0.033170 -0.017871 0.029094
v -0.042050 -0.012527 0.041072
v -0.033228 -0.017421 0.028917
v -0.042109 -0.012077 0.040895
v -0.033120 -0.016941 0.028822
v -0.042001 -0.011598 0.040800
v -0.032862 -0.016506 0.028826
v -0.041743 -0.011162 0.040804
v -0.032493 -0.016180 0.028926
v -0.041374 -0.010836 0.040904
v -0.032069 -0.016014 0.029109
v -0.040950 -0.010670 0.041087
v -0.031655 -0.016032 0.029345
v -0.040536 -0.010689 0.041323
v -0.031313 -0.016233 0.029600
v -0.040194 -0.010889 0.041578
v -0.031097 -0.016585 0.029833
v -0.039978 -0.011241 0.041812
v -0.031038 -0.017035 0.030011
v -0.039919 -0.011691 0.041989
v -0.031146 -0.017515 0.030105
v -0.040027 -0.012171 0.042083
v -0.031405 -0.017950 0.030102
v -0.040286 -0.012606 0.042080
v -0.031774 -0.018276 0.030001
v -0.040655 -0.012932 0.041980
v -0.032198 -0.018442 0.029819
v -0.041079 -0.013098 0.041797
v -0.032612 -0.018424 0.029583
v -0.041493 -0.013080 0.041561
v -0.032795 -0.018057 0.028746
v -0.039519 -0.026008 0.040074
v -0.033118 -0.017672 0.028836
v -0.039841 -0.025623 0.040163
v -0.033289 -0.017231 0.029020
v -0.040012 -0.025182 0.040348
v -0.033282 -0.016802 0.029272
v -0.040005 -0.024752 0.040600
v -0.033098 -0.016448 0.029552
v -0.039822 -0.024399 0.040880
v -0.032766 -0.016225 0.029818
v -0.039490 -0.024175 0.041146
v -0.032336 -0.016166 0.030030
v -0.039059 -0.024116 0.041358
v -0.031872 -0.016280 0.030155
v -0.038596 -0.024230 0.041483
v -0.031447 -0.016550 0.030174
v -0.038171 -0.024500 0.041502
v -0.031125 -0.016934 0.030085
v -0.037848 -0.024885 0.041413
v -0.030954 -0.017375 0.029900
v -0.037677 -0.025326 0.041228
v -0.030960 -0.017805 0.029649
v -0.037684 -0.025756 0.040977
v -0.031144 -0.018159 0.029368
v -0.037868 -0.026109 0.040696
v -0.031476 -0.018382 0.029102
v -0.038200 -0.026333 0.040430
v -0.031907 -0.018441 0.028890
v -0.038630 -0.026392 0.040218
v -0.032370 -0.018327 0.028765
v -0.039093 -0.026278 0.040093
v -0.032070 -0.017660 0.028293
v -0.045889 -0.026722 0.029898
v -0.032350 -0.017239 0.028291
v -0.046169 -0.026301 0.029896
v -0.032601 -0.016829 0.028458
v -0.046420 -0.025891 0.030063
v -0.032786 -0.016492 0.028769
v -0.046604 -0.025555 0.030374
v -0.032875 -0.016279 0.029178
v -0.046693 -0.025342 0.030782
v -0.032855 -0.016224 0.029620
v -0.046674 -0.025287 0.031225
v -0.032730 -0.016334 0.030030
v -0.046549 -0.025396 0.031635
v -0.032518 -0.016592 0.030345
v -0.046337 -0.025655 0.031950
v -0.032252 -0.016960 0.030517
v -0.046071 -0.026022 0.032121
v -0.031972 -0.017380 0.030519
v -0.045791 -0.026443 0.032124
v -0.031721 -0.017790 0.030352
v -0.045540 -0.026853 0.031957
v -0.031537 -0.018127 0.030041
v -0.045355 -0.027190 0.031645
v -0.031448 -0.018340 0.029633
v -0.045266 -0.027402 0.031237
v -0.031467 -0.018395 0.029190
v -0.045286 -0.027458 0.030795
v -0.031592 -0.018285 0.028780
v -0.045411 -0.027348 0.030385
v -0.031804 -0.018027 0.028465
v -0.045623 -0.027090 0.030070
v -0.032523 -0.018336 0.028863
v -0.048499 -0.014104 0.031118
v -0.032479 -0.018022 0.028527
v -0.048455 -0.013790 0.030782
v -0.032388 -0.017588 0.028325
v -0.048364 -0.013356 0.030580
v -0.032265 -0.017100 0.028288
v -0.048241 -0.012868 0.030543
v -0.032128 -0.016632 0.028422
v -0.048104 -0.012400 0.030677
v -0.031998 -0.016256 0.028706
v -0.047973 -0.012025 0.030961
v -0.031894 -0.016029 0.029097
v -0.047870 -0.011798 0.031352
v -0.031833 -0.015986 0.029536
v -0.047809 -0.011754 0.031790
v -0.031824 -0.016132 0.029955
v -0.047799 -0.011901 0.032210
v -0.031868 -0.016447 0.030291
v -0.047844 -0.012215 0.032546
v -0.031958 -0.016881 0.030493
v -0.047934 -0.012649 0.032748
v -0.032082 -0.017369 0.030529
v -0.048057 -0.013137 0.032784
v -0.032219 -0.017836 0.030396
v -0.048195 -0.013605 0.032651
v -0.032349 -0.018212 0.030112
v -0.048325 -0.013980 0.032366
v -0.032453 -0.018439 0.029720
v -0.048429 -0.014207 0.031975
v -0.032514 -0.018483 0.029282
v -0.048490 -0.014251 0.031537
v -0.002120 -0.002409 -0.005290
v -0.016283 0.009716 0.018840
v -0.002703 -0.001552 -0.005854
v -0.016865 0.010573 0.018277
v -0.002872 -0.000460 -0.006326
v -0.017034 0.011665 0.017804
v -0.002601 0.000702 -0.006635
v -0.016764 0.012827 0.017495
v -0.001932 0.001757 -0.006734
v -0.016095 0.013882 0.017396
v -0.000967 0.002543 -0.006608
v -0.015130 0.014668 0.017523
v 0.000147 0.002942 -0.006275
v -0.014015 0.015067 0.017855
v 0.001241 0.002893 -0.005788
v -0.012921 0.015018 0.018342
v 0.002149 0.002402 -0.005219
v -0.012014 0.014527 0.018911
v 0.002731 0.001546 -0.004656
v -0.011431 0.013671 0.019474
v 0.002900 0.000453 -0.004184
v -0.011263 0.012578 0.019946
v 0.002629 -0.000709 -0.003875
v -0.011533 0.011416 0.020255
v 0.001961 -0.001763 -0.003776
v -0.012202 0.010362 0.020354
v 0.000996 -0.002550 -0.003902
v -0.013167 0.009575 0.020228
v -0.000119 -0.002949 -0.004234
v -0.014281 0.009176 0.019896
v -0.001213 -0.002899 -0.004722
v -0.015376 0.009226 0.019408
v -0.015522 0.010679 0.019401
v -0.013071 0.014905 0.039291
v -0.016009 0.011312 0.019389
v -0.013558 0.015538 0.039280
v -0.016217 0.012077 0.019323
v -0.013766 0.016303 0.039213
v -0.016116 0.012856 0.019211
v -0.013665 0.017082 0.039102
v -0.015720 0.013532 0.019072
v -0.013269 0.017758 0.038962
v -0.015089 0.014001 0.018925
v -0.012638 0.018227 0.038815
v -0.014320 0.014192 0.018794
v -0.011869 0.018418 0.038684
v -0.013529 0.014075 0.018698
v -0.011078 0.018302 0.038589
v -0.012838 0.013670 0.018653
v -0.010387 0.017896 0.038543
v -0.012351 0.013036 0.018664
v -0.009900 0.017262 0.038554
v -0.012142 0.012272 0.018731
v -0.009691 0.016498 0.038621
v -0.012244 0.011492 0.018842
v -0.009793 0.015718 0.038733
v -0.012640 0.010817 0.018982
v -0.010189 0.015043 0.038872
v -0.013271 0.010348 0.019128
v -0.010820 0.014574 0.039019
v -0.014040 0.010157 0.019259
v -0.011589 0.014383 0.039150
v -0.014830 0.010273 0.019355
v -0.012379 0.014499 0.039245
v -0.012580 0.015449 0.038892
v -0.008980 0.008777 0.051430
v -0.012861 0.015804 0.039118
v -0.009261 0.009131 0.051656
v -0.012966 0.016246 0.039337
v -0.009365 0.009573 0.051875
v -0.012877 0.016708 0.039516
v -0.009276 0.010035 0.052054
v -0.012609 0.017120 0.039626
v -0.009008 0.010447 0.052164
v -0.012202 0.017420 0.039651
v -0.008601 0.010747 0.052190
v -0.011719 0.017561 0.039588
v -0.008118 0.010888 0.052126
v -0.011232 0.017522 0.039446
v -0.007631 0.010850 0.051984
v -0.010817 0.017310 0.039246
v -0.007216 0.010637 0.051784
v -0.010535 0.016956 0.039020
v -0.006935 0.010283 0.051558
v -0.010431 0.016514 0.038801
v -0.006831 0.009841 0.051339
v -0.010520 0.016051 0.038622
v -0.006919 0.009379 0.051160
v -0.010788 0.015639 0.038512
v -0.007188 0.008966 0.051050
v -0.011195 0.015339 0.038487
v -0.007594 0.008667 0.051025
v -0.011678 0.015198 0.038550
v -0.008078 0.008525 0.051088
v -0.012165 0.015237 0.038692
v -0.008564 0.008564 0.051230
v -0.012533 0.015445 0.038741
v -0.020310 0.015979 0.051963
v -0.012800 0.015846 0.038632
v -0.020577 0.016381 0.051854
v -0.012908 0.016335 0.038589
v -0.020685 0.016870 0.051812
v -0.012843 0.016837 0.038621
v -0.020620 0.017372 0.051843
v -0.012613 0.017276 0.038721
v -0.020390 0.017811 0.051943
v -0.012253 0.017584 0.038875
v -0.020030 0.018119 0.052097
v -0.011819 0.017716 0.039058
v -0.019596 0.018250 0.052281
v -0.011377 0.017650 0.039245
v -0.019153 0.018184 0.052467
v -0.010993 0.017396 0.039404
v -0.018770 0.017931 0.052627
v -0.010726 0.016995 0.039514
v -0.018503 0.017529 0.052736
v -0.010617 0.016506 0.039556
v -0.018394 0.017040 0.052778
v -0.010683 0.016004 0.039525
v -0.018460 0.016538 0.052747
v -0.010913 0.015565 0.039425
v -0.018690 0.016100 0.052647
v -0.011272 0.015257 0.039271
v -0.019049 0.015791 0.052493
v -0.011707 0.015125 0.039087
v -0.019483 0.015660 0.052309
v -0.012149 0.015191 0.038901
v -0.019926 0.015726 0.052123
v -0.012606 0.015780 0.039632
v -0.013325 0.027422 0.050483
v -0.012902 0.016063 0.039396
v -0.013621 0.027705 0.050246
v -0.013019 0.016411 0.039108
v -0.013738 0.028053 0.049958
v -0.012938 0.016770 0.038812
v -0.013657 0.028412 0.049662
v -0.012673 0.017085 0.038555
v -0.013391 0.028727 0.049405
v -0.012263 0.017308 0.038374
v -0.012981 0.028950 0.049224
v -0.011770 0.017406 0.038297
v -0.012489 0.029048 0.049147
v -0.011270 0.017364 0.038337
v -0.011989 0.029006 0.049187
v -0.010840 0.017187 0.038486
v -0.011558 0.028829 0.049336
v -0.010543 0.016903 0.038723
v -0.011262 0.028545 0.049573
v -0.010427 0.016556 0.039011
v -0.011145 0.028198 0.049861
v -0.010507 0.016197 0.039306
v -0.011226 0.027839 0.050156
v -0.010773 0.015882 0.039564
v -0.011492 0.027524 0.050414
v -0.011183 0.015658 0.039745
v -0.011902 0.027300 0.050595
v -0.011676 0.015560 0.039822
v -0.012394 0.027202 0.050672
v -0.012175 0.015603 0.039782
v -0.012894 0.027245 0.050632
v -0.012216 0.015598 0.039761
v -0.001557 0.020033 0.049926
v -0.012489 0.016016 0.039867
v -0.001830 0.020450 0.050032
v -0.012636 0.016498 0.039849
v -0.001977 0.020933 0.050015
v -0.012633 0.016973 0.039711
v -0.001975 0.021407 0.049877
v -0.012483 0.017366 0.039473
v -0.001824 0.021801 0.049639
v -0.012206 0.017619 0.039171
v -0.001548 0.022053 0.049337
v -0.011847 0.017693 0.038852
v -0.001188 0.022127 0.049018
v -0.011458 0.017576 0.038564
v -0.000800 0.022011 0.048730
v -0.011101 0.017287 0.038351
v -0.000442 0.021722 0.048516
v -0.010828 0.016869 0.038245
v -0.000169 0.021304 0.048410
v -0.010681 0.016387 0.038262
v -0.000022 0.020821 0.048428
v -0.010684 0.015913 0.038400
v -0.000025 0.020347 0.048566
v -0.010834 0.015519 0.038638
v -0.000175 0.019954 0.048804
v -0.011111 0.015266 0.038940
v -0.000452 0.019701 0.049106
v -0.011470 0.015193 0.039259
v -0.000811 0.019627 0.049425
v -0.011858 0.015309 0.039547
v -0.001200 0.019744 0.049713
v -0.015248 0.010731 0.018029
v -0.028643 0.005923 0.034426
v -0.015685 0.011387 0.017944
v -0.029079 0.006579 0.034342
v -0.015902 0.012157 0.018022
v -0.029296 0.007350 0.034420
v -0.015866 0.012925 0.018251
v -0.029261 0.008117 0.034649
v -0.015584 0.013572 0.018596
v -0.028979 0.008765 0.034994
v -0.015098 0.014002 0.019004
v -0.028493 0.009194 0.035402
v -0.014482 0.014147 0.019414
v -0.027876 0.009339 0.035811
v -0.013829 0.013986 0.019762
v -0.027224 0.009179 0.036160
v -0.013240 0.013544 0.019996
v -0.026635 0.008737 0.036394
v -0.012804 0.012888 0.020081
v -0.026198 0.008081 0.036479
v -0.012587 0.012118 0.020003
v -0.025981 0.007310 0.036401
v -0.012622 0.011350 0.019774
v -0.026017 0.006543 0.036172
v -0.012904 0.010703 0.019429
v -0.026299 0.005895 0.035827
v -0.013390 0.010273 0.019021
v -0.026785 0.005466 0.035419
v -0.014007 0.010128 0.018611
v -0.027401 0.005321 0.035009
v -0.014659 0.010289 0.018263
v -0.028054 0.005481 0.034661
v -0.028594 0.006379 0.035590
v -0.033745 0.011679 0.049065
v -0.028862 0.006746 0.035420
v -0.034014 0.012046 0.048895
v -0.028957 0.007204 0.035270
v -0.034108 0.012504 0.048745
v -0.028863 0.007682 0.035163
v -0.034015 0.012982 0.048639
v -0.028597 0.008109 0.035116
v -0.033748 0.013409 0.048591
v -0.028197 0.008418 0.035135
v -0.033348 0.013718 0.048611
v -0.027724 0.008563 0.035218
v -0.032876 0.013864 0.048694
v -0.027252 0.008523 0.035352
v -0.032404 0.013823 0.048827
v -0.026851 0.008302 0.035517
v -0.032003 0.013602 0.048992
v -0.026583 0.007935 0.035687
v -0.031735 0.013235 0.049162
v -0.026488 0.007477 0.035836
v -0.031640 0.012777 0.049312
v -0.026581 0.006999 0.035943
v -0.031733 0.012299 0.049419
v -0.026848 0.006572 0.035990
v -0.032000 0.011872 0.049466
v -0.027248 0.006263 0.035971
v -0.032400 0.011563 0.049447
v -0.027720 0.006118 0.035888
v -0.032872 0.011418 0.049364
v -0.028193 0.006158 0.035754
v -0.033345 0.011459 0.049230
v -0.028546 0.006404 0.035146
v -0.029153 -0.000975 0.047920
v -0.028857 0.006768 0.035321
v -0.029464 -0.000612 0.048095
v -0.028991 0.007208 0.035531
v -0.029597 -0.000172 0.048305
v -0.028928 0.007657 0.035743
v -0.029534 0.000278 0.048518
v -0.028677 0.008047 0.035926
v -0.029284 0.000668 0.048701
v -0.028277 0.008318 0.036052
v -0.028884 0.000939 0.048827
v -0.027789 0.008430 0.036101
v -0.028396 0.001051 0.048876
v -0.027287 0.008365 0.036066
v -0.027893 0.000986 0.048841
v -0.026847 0.008133 0.035953
v -0.027454 0.000754 0.048727
v -0.026536 0.007770 0.035778
v -0.027143 0.000390 0.048552
v -0.026403 0.007330 0.035568
v -0.027009 -0.000049 0.048342
v -0.026466 0.006881 0.035355
v -0.027072 -0.000499 0.048130
v -0.026716 0.006491 0.035172
v -0.027323 -0.000889 0.047947
v -0.027116 0.006219 0.035046
v -0.027723 -0.001160 0.047821
v -0.027604 0.006107 0.034997
v -0.028211 -0.001272 0.047772
v -0.028107 0.006172 0.035032
v -0.028713 -0.001207 0.047807
v -0.028066 0.006837 0.034463
v -0.038665 -0.004116 0.040269
v -0.028406 0.007207 0.034553
v -0.039004 -0.003746 0.040359
v -0.028646 0.007583 0.034789
v -0.039244 -0.003370 0.040595
v -0.028750 0.007909 0.035134
v -0.039348 -0.003044 0.040940
v -0.028702 0.008133 0.035537
v -0.039300 -0.002820 0.041343
v -0.028510 0.008223 0.035936
v -0.039108 -0.002730 0.041741
v -0.028203 0.008165 0.036269
v -0.038801 -0.002788 0.042075
v -0.027827 0.007967 0.036488
v -0.038425 -0.002986 0.042293
v -0.027440 0.007660 0.036557
v -0.038038 -0.003293 0.042363
v -0.027101 0.007290 0.036467
v -0.037699 -0.003663 0.042272
v -0.026861 0.006913 0.036231
v -0.037459 -0.004040 0.042037
v -0.026757 0.006588 0.035885
v -0.037355 -0.004365 0.041691
v -0.026804 0.006363 0.035482
v -0.037403 -0.004590 0.041288
v -0.026996 0.006273 0.035084
v -0.037595 -0.004680 0.040890
v -0.027304 0.006332 0.034750
v -0.037902 -0.004621 0.040556
v -0.027679 0.006530 0.034532
v -0.038278 -0.004423 0.040338
v -0.028194 0.006302 0.034887
v -0.043338 0.008028 0.041394
v -0.028290 0.006683 0.034626
v -0.043433 0.008409 0.041133
v -0.028307 0.007162 0.034500
v -0.043451 0.008888 0.041007
v -0.028245 0.007664 0.034528
v -0.043388 0.009390 0.041035
v -0.028111 0.008114 0.034706
v -0.043255 0.009841 0.041213
v -0.027927 0.008444 0.035008
v -0.043070 0.010170 0.041514
v -0.027720 0.008602 0.035386
v -0.042864 0.010328 0.041893
v -0.027523 0.008565 0.035784
v -0.042666 0.010291 0.042290
v -0.027364 0.008339 0.036140
v -0.042507 0.010065 0.042647
v -0.027268 0.007957 0.036402
v -0.042412 0.009683 0.042908
v -0.027251 0.007479 0.036528
v -0.042394 0.009205 0.043034
v -0.027313 0.006976 0.036499
v -0.042457 0.008703 0.043006
v -0.027447 0.006526 0.036321
v -0.042590 0.008252 0.042828
v -0.027631 0.006197 0.036020
v -0.042774 0.007923 0.042526
v -0.027838 0.006039 0.035641
v -0.042981 0.007765 0.042148
v -0.028035 0.006075 0.035244
v -0.043179 0.007802 0.041751
v -0.015353 0.010520 0.018547
v -0.034472 0.020564 0.027055
v -0.015422 0.010947 0.017974
v -0.034541 0.020991 0.026483
v -0.015315 0.011564 0.017555
v -0.034434 0.021608 0.026064
v -0.015049 0.012278 0.017353
v -0.034168 0.022322 0.025861
v -0.014663 0.012980 0.017398
v -0.033782 0.023024 0.025907
v -0.014217 0.013562 0.017685
v -0.033336 0.023606 0.026193
v -0.013779 0.013937 0.018168
v -0.032898 0.023981 0.026677
v -0.013416 0.014047 0.018775
v -0.032535 0.024091 0.027284
v -0.013181 0.013875 0.019414
v -0.032300 0.023919 0.027922
v -0.013113 0.013449 0.019986
v -0.032232 0.023493 0.028495
v -0.013220 0.012831 0.020406
v -0.032339 0.022875 0.028914
v -0.013486 0.012118 0.020608
v -0.032605 0.022162 0.029117
v -0.013872 0.011416 0.020563
v -0.032991 0.021460 0.029071
v -0.014317 0.010834 0.020276
v -0.033436 0.020878 0.028785
v -0.014756 0.010459 0.019793
v -0.033875 0.020503 0.028301
v -0.015119 0.010349 0.019185
v -0.034238 0.020393 0.027694
v -0.034432 0.021495 0.027861
v -0.040419 0.032156 0.038395
v -0.034656 0.021759 0.027556
v -0.040643 0.032420 0.038091
v -0.034703 0.022112 0.027256
v -0.040691 0.032773 0.037790
v -0.034568 0.022500 0.027006
v -0.040555 0.033161 0.037540
v -0.034269 0.022865 0.026843
v -0.040256 0.033525 0.037377
v -0.033853 0.023149 0.026793
v -0.039840 0.033810 0.037328
v -0.033383 0.023311 0.026864
v -0.039370 0.033972 0.037398
v -0.032931 0.023326 0.027044
v -0.038918 0.033987 0.037578
v -0.032564 0.023191 0.027306
v -0.038552 0.033852 0.037840
v -0.032340 0.022927 0.027610
v -0.038328 0.033587 0.038144
v -0.032293 0.022574 0.027910
v -0.038280 0.033234 0.038444
v -0.032428 0.022186 0.028161
v -0.038416 0.032846 0.038695
v -0.032727 0.021822 0.028323
v -0.038714 0.032482 0.038857
v -0.033143 0.021537 0.028373
v -0.039130 0.032197 0.038907
v -0.033613 0.021375 0.028303
v -0.039600 0.032035 0.038837
v -0.034066 0.021360 0.028123
v -0.040053 0.032021 0.038657
v -0.034081 0.021338 0.026944
v -0.046374 0.020103 0.037165
v -0.034299 0.021751 0.026798
v -0.046593 0.020517 0.037018
v -0.034401 0.022244 0.026771
v -0.046694 0.021010 0.036991
v -0.034371 0.022742 0.026868
v -0.046664 0.021507 0.037088
v -0.034213 0.023169 0.027073
v -0.046506 0.021934 0.037293
v -0.033952 0.023460 0.027355
v -0.046245 0.022225 0.037575
v -0.033627 0.023570 0.027672
v -0.045920 0.022336 0.037892
v -0.033288 0.023484 0.027975
v -0.045581 0.022249 0.038195
v -0.032987 0.023213 0.028218
v -0.045280 0.021979 0.038438
v -0.032768 0.022800 0.028364
v -0.045061 0.021566 0.038585
v -0.032666 0.022307 0.028391
v -0.044960 0.021073 0.038611
v -0.032697 0.021809 0.028295
v -0.044990 0.020575 0.038515
v -0.032854 0.021383 0.028090
v -0.045148 0.020148 0.038310
v -0.033115 0.021092 0.027808
v -0.045409 0.019857 0.038028
v -0.033440 0.020981 0.027491
v -0.045733 0.019747 0.037711
v -0.033779 0.021068 0.027188
v -0.046073 0.019833 0.037408
v -0.033557 0.021264 0.026782
v -0.050051 0.022413 0.026252
v -0.033501 0.021645 0.026505
v -0.049995 0.022794 0.025976
v -0.033454 0.022124 0.026383
v -0.049947 0.023273 0.025854
v -0.033422 0.022628 0.026435
v -0.049916 0.023777 0.025905
v -0.033411 0.023081 0.026651
v -0.049905 0.024230 0.026121
v -0.033423 0.023413 0.027000
v -0.049916 0.024562 0.026470
v -0.033455 0.023574 0.027428
v -0.049948 0.024724 0.026898
v -0.033502 0.023540 0.027870
v -0.049996 0.024689 0.027341
v -0.033558 0.023315 0.028259
v -0.050052 0.024465 0.027730
v -0.033614 0.022934 0.028536
v -0.050108 0.024084 0.028006
v -0.033662 0.022455 0.028658
v -0.050155 0.023605 0.028128
v -0.033693 0.021951 0.028606
v -0.050187 0.023100 0.028077
v -0.033704 0.021498 0.028390
v -0.050198 0.022648 0.027860
v -0.033693 0.021166 0.028041
v -0.050186 0.022315 0.027512
v -0.033661 0.021004 0.027613
v -0.050154 0.022154 0.027084
v -0.033613 0.021039 0.027171
v -0.050107 0.022189 0.026641
v -0.034541 0.021582 0.027726
v -0.044729 0.034627 0.027510
v -0.034504 0.021559 0.027280
v -0.044692 0.034604 0.027065
v -0.034318 0.021658 0.026872
v -0.044506 0.034703 0.026657
v -0.034010 0.021863 0.026562
v -0.044198 0.034907 0.026347
v -0.033628 0.022143 0.026399
v -0.043816 0.035187 0.026184
v -0.033230 0.022455 0.026407
v -0.043418 0.035500 0.026191
v -0.032876 0.022753 0.026584
v -0.043064 0.035798 0.026369
v -0.032621 0.022990 0.026904
v -0.042809 0.036035 0.026689
v -0.032502 0.023131 0.027319
v -0.042690 0.036176 0.027103
v -0.032539 0.023154 0.027764
v -0.042727 0.036199 0.027549
v -0.032726 0.023055 0.028173
v -0.042913 0.036100 0.027957
v -0.033033 0.022851 0.028482
v -0.043221 0.035895 0.028267
v -0.033415 0.022571 0.028645
v -0.043603 0.035616 0.028430
v -0.033814 0.022258 0.028638
v -0.044001 0.035303 0.028422
v -0.034167 0.021961 0.028460
v -0.044355 0.035005 0.028245
v -0.034423 0.021723 0.028140
v -0.044611 0.034768 0.027925
v -0.015675 0.011276 0.019956
v -0.018948 0.030353 0.031957
v -0.016100 0.011600 0.019463
v -0.019373 0.030678 0.031464
v -0.016236 0.012021 0.018899
v -0.019509 0.031098 0.030900
v -0.016062 0.012474 0.018349
v -0.019336 0.031552 0.030350
v -0.015606 0.012891 0.017898
v -0.018879 0.031969 0.029899
v -0.014936 0.013208 0.017614
v -0.018209 0.032286 0.029615
v -0.014154 0.013377 0.017540
v -0.017427 0.032454 0.029541
v -0.013380 0.013372 0.017687
v -0.016653 0.032449 0.029688
v -0.012731 0.013193 0.018034
v -0.016004 0.032271 0.030035
v -0.012306 0.012869 0.018526
v -0.015580 0.031947 0.030528
v -0.012170 0.012448 0.019091
v -0.015444 0.031526 0.031092
v -0.012344 0.011995 0.019640
v -0.015617 0.031073 0.031641
v -0.012800 0.011578 0.020091
v -0.016074 0.030656 0.032092
v -0.013470 0.011261 0.020376
v -0.016744 0.030339 0.032377
v -0.014252 0.011093 0.020450
v -0.017525 0.030170 0.032451
v -0.015026 0.011098 0.020302
v -0.018300 0.030175 0.032303
v -0.018188 0.030696 0.031795
v -0.012954 0.039333 0.043458
v -0.018513 0.031067 0.031724
v -0.013279 0.039705 0.043387
v -0.018678 0.031495 0.031559
v -0.013444 0.040133 0.043222
v -0.018657 0.031915 0.031326
v -0.013423 0.040552 0.042989
v -0.018454 0.032262 0.031060
v -0.013221 0.040899 0.042723
v -0.018100 0.032483 0.030802
v -0.012866 0.041121 0.042465
v -0.017648 0.032546 0.030591
v -0.012415 0.041184 0.042254
v -0.017168 0.032440 0.030459
v -0.011934 0.041078 0.042122
v -0.016732 0.032182 0.030426
v -0.011499 0.040819 0.042089
v -0.016407 0.031810 0.030498
v -0.011174 0.040448 0.042161
v -0.016243 0.031382 0.030663
v -0.011009 0.040020 0.042326
v -0.016263 0.030962 0.030896
v -0.011030 0.039600 0.042559
v -0.016466 0.030615 0.031161
v -0.011233 0.039253 0.042825
v -0.016820 0.030394 0.031420
v -0.011587 0.039031 0.043083
v -0.017272 0.030331 0.031631
v -0.012038 0.038969 0.043294
v -0.017752 0.030437 0.031763
v -0.012519 0.039075 0.043426
v -0.018390 0.030450 0.031075
v -0.026446 0.036938 0.043076
v -0.018611 0.030788 0.030830
v -0.026667 0.037276 0.042831
v -0.018668 0.031223 0.030627
v -0.026724 0.037711 0.042629
v -0.018553 0.031690 0.030499
v -0.026609 0.038177 0.042500
v -0.018283 0.032116 0.030464
v -0.026339 0.038604 0.042465
v -0.017899 0.032437 0.030528
v -0.025955 0.038925 0.042529
v -0.017460 0.032604 0.030680
v -0.025516 0.039092 0.042682
v -0.017032 0.032592 0.030899
v -0.025088 0.039080 0.042900
v -0.016681 0.032403 0.031150
v -0.024737 0.038891 0.043151
v -0.016460 0.032065 0.031396
v -0.024516 0.038553 0.043397
v -0.016403 0.031629 0.031598
v -0.024459 0.038117 0.043599
v -0.016518 0.031163 0.031726
v -0.024574 0.037651 0.043728
v -0.016788 0.030737 0.031761
v -0.024844 0.037225 0.043763
v -0.017172 0.030416 0.031698
v -0.025228 0.036904 0.043699
v -0.017611 0.030249 0.031545
v -0.025667 0.036736 0.043546
v -0.018039 0.030261 0.031326
v -0.026095 0.036748 0.043327
v -0.018573 0.030748 0.031356
v -0.027656 0.044543 0.033804
v -0.018625 0.030777 0.030918
v -0.027707 0.044572 0.033367
v -0.018511 0.030911 0.030502
v -0.027594 0.044706 0.032950
v -0.018250 0.031130 0.030170
v -0.027333 0.044925 0.032618
v -0.017881 0.031400 0.029973
v -0.026964 0.045195 0.032421
v -0.017460 0.031681 0.029942
v -0.026543 0.045475 0.032390
v -0.017052 0.031929 0.030080
v -0.026134 0.045723 0.032529
v -0.016718 0.032107 0.030368
v -0.025800 0.045901 0.032816
v -0.016509 0.032187 0.030761
v -0.025592 0.045982 0.033209
v -0.016457 0.032158 0.031199
v -0.025540 0.045953 0.033647
v -0.016571 0.032024 0.031615
v -0.025653 0.045819 0.034064
v -0.016832 0.031806 0.031947
v -0.025915 0.045600 0.034395
v -0.017201 0.031535 0.032144
v -0.026284 0.045330 0.034592
v -0.017622 0.031255 0.032175
v -0.026705 0.045050 0.034623
v -0.018031 0.031007 0.032036
v -0.027113 0.044802 0.034485
v -0.018365 0.030829 0.031749
v -0.027447 0.044624 0.034197
v -0.018077 0.031505 0.032089
v -0.013870 0.047449 0.034199
v -0.018450 0.031641 0.031835
v -0.014243 0.047585 0.033946
v -0.018674 0.031753 0.031463
v -0.014467 0.047697 0.033573
v -0.018713 0.031823 0.031029
v -0.014506 0.047768 0.033139
v -0.018563 0.031841 0.030599
v -0.014356 0.047786 0.032709
v -0.018246 0.031804 0.030238
v -0.014038 0.047749 0.032349
v -0.017809 0.031718 0.030003
v -0.013602 0.047663 0.032113
v -0.017321 0.031596 0.029927
v -0.013114 0.047540 0.032038
v -0.016855 0.031456 0.030024
v -0.012647 0.047400 0.032134
v -0.016481 0.031319 0.030278
v -0.012274 0.047264 0.032388
v -0.016258 0.031207 0.030650
v -0.012051 0.047152 0.032761
v -0.016218 0.031137 0.031084
v -0.012011 0.047082 0.033195
v -0.016369 0.031119 0.031514
v -0.012161 0.047063 0.033625
v -0.016686 0.031156 0.031875
v -0.012479 0.047100 0.033985
v -0.017122 0.031242 0.032111
v -0.012915 0.047187 0.034221
v -0.017611 0.031364 0.032186
v -0.013403 0.047309 0.034296
v -0.001683 -0.001979 -0.003667
v 0.010221 0.011690 0.019684
v -0.002469 -0.001011 -0.003722
v 0.009436 0.012659 0.019628
v -0.002865 0.000112 -0.004012
v 0.009039 0.013781 0.019339
v -0.002811 0.001217 -0.004490
v 0.009093 0.014887 0.018861
v -0.002316 0.002138 -0.005086
v 0.009588 0.015807 0.018265
v -0.001454 0.002733 -0.005707
v 0.010450 0.016402 0.017644
v -0.000357 0.002912 -0.006260
v 0.011547 0.016582 0.017090
v 0.000807 0.002648 -0.006661
v 0.012712 0.016318 0.016690
v 0.001863 0.001981 -0.006847
v 0.013767 0.015651 0.016504
v 0.002649 0.001013 -0.006792
v 0.014553 0.014683 0.016559
v 0.003045 -0.000109 -0.006503
v 0.014950 0.013560 0.016848
v 0.002992 -0.001215 -0.006024
v 0.014896 0.012455 0.017327
v 0.002496 -0.002135 -0.005429
v 0.014401 0.011534 0.017922
v 0.001635 -0.002731 -0.004807
v 0.013539 0.010939 0.018544
v 0.000538 -0.002910 -0.004254
v 0.012442 0.010760 0.019097
v -0.000627 -0.002646 -0.003854
v 0.011277 0.011023 0.019497
v 0.010689 0.012158 0.018283
v 0.014736 0.009285 0.037811
v 0.010218 0.012786 0.018472
v 0.014265 0.009913 0.038001
v 0.010026 0.013553 0.018626
v 0.014073 0.010680 0.038155
v 0.010141 0.014342 0.018721
v 0.014188 0.011469 0.038250
v 0.010546 0.015034 0.018744
v 0.014593 0.012161 0.038273
v 0.011180 0.015522 0.018690
v 0.015227 0.012649 0.038219
v 0.011945 0.015732 0.018567
v 0.015992 0.012859 0.038096
v 0.012725 0.015633 0.018395
v 0.016773 0.012760 0.037924
v 0.013403 0.015240 0.018200
v 0.017450 0.012367 0.037729
v 0.013873 0.014612 0.018011
v 0.017920 0.011739 0.037540
v 0.014065 0.013845 0.017857
v 0.018113 0.010972 0.037386
v 0.013950 0.013055 0.017761
v 0.017998 0.010183 0.037290
v 0.013545 0.012364 0.017739
v 0.017592 0.009491 0.037268
v 0.012912 0.011876 0.017793
v 0.016959 0.009003 0.037322
v 0.012146 0.011666 0.017915
v 0.016194 0.008793 0.037444
v 0.011366 0.011765 0.018087
v 0.015413 0.008892 0.037616
v 0.015336 0.009893 0.037413
v 0.008549 0.006021 0.050410
v 0.015036 0.010300 0.037415
v 0.008250 0.006429 0.050412
v 0.014894 0.010783 0.037494
v 0.008108 0.006911 0.050492
v 0.014931 0.011267 0.037638
v 0.008145 0.007395 0.050636
v 0.015142 0.011678 0.037826
v 0.008356 0.007807 0.050824
v 0.015494 0.011955 0.038029
v 0.008708 0.008084 0.051027
v 0.015934 0.012055 0.038216
v 0.009148 0.008183 0.051213
v 0.016395 0.011963 0.038358
v 0.009609 0.008091 0.051355
v 0.016806 0.011692 0.038434
v 0.010020 0.007820 0.051431
v 0.017106 0.011284 0.038432
v 0.010320 0.007413 0.051429
v 0.017248 0.010802 0.038352
v 0.010462 0.006930 0.051350
v 0.017211 0.010318 0.038208
v 0.010425 0.006446 0.051205
v 0.017000 0.009906 0.038020
v 0.010214 0.006035 0.051017
v 0.016648 0.009630 0.037817
v 0.009862 0.005758 0.050815
v 0.016208 0.009530 0.037630
v 0.009422 0.005658 0.050628
v 0.015747 0.009622 0.037488
v 0.008961 0.005750 0.050486
v 0.015253 0.009998 0.038332
v 0.015666 0.017503 0.051592
v 0.014946 0.010361 0.038206
v 0.015359 0.017866 0.051466
v 0.014816 0.010800 0.038037
v 0.015229 0.018304 0.051297
v 0.014884 0.011247 0.037851
v 0.015297 0.018751 0.051111
v 0.015138 0.011634 0.037676
v 0.015551 0.019139 0.050936
v 0.015541 0.011904 0.037539
v 0.015954 0.019408 0.050799
v 0.016031 0.012014 0.037461
v 0.016443 0.019518 0.050721
v 0.016532 0.011947 0.037453
v 0.016945 0.019452 0.050713
v 0.016970 0.011715 0.037517
v 0.017383 0.019220 0.050777
v 0.017277 0.011352 0.037643
v 0.017690 0.018857 0.050904
v 0.017407 0.010914 0.037812
v 0.017820 0.018419 0.051073
v 0.017339 0.010467 0.037998
v 0.017752 0.017972 0.051259
v 0.017085 0.010079 0.038173
v 0.017498 0.017584 0.051433
v 0.016682 0.009810 0.038310
v 0.017095 0.017315 0.051570
v 0.016193 0.009700 0.038388
v 0.016606 0.017205 0.051649
v 0.015691 0.009766 0.038396
v 0.016104 0.017271 0.051656
v 0.015569 0.009855 0.038445
v 0.027114 0.010349 0.048411
v 0.015344 0.010262 0.038648
v 0.026889 0.010756 0.048613
v 0.015245 0.010753 0.038737
v 0.026790 0.011247 0.048702
v 0.015288 0.011254 0.038700
v 0.026833 0.011748 0.048665
v 0.015465 0.011689 0.038542
v 0.027010 0.012182 0.048507
v 0.015751 0.011990 0.038287
v 0.027296 0.012484 0.048252
v 0.016102 0.012113 0.037974
v 0.027647 0.012607 0.047939
v 0.016463 0.012039 0.037651
v 0.028008 0.012533 0.047616
v 0.016781 0.011779 0.037366
v 0.028326 0.012272 0.047332
v 0.017006 0.011372 0.037164
v 0.028551 0.011866 0.047129
v 0.017105 0.010881 0.037075
v 0.028650 0.011374 0.047040
v 0.017062 0.010380 0.037112
v 0.028607 0.010874 0.047077
v 0.016884 0.009945 0.037270
v 0.028429 0.010439 0.047235
v 0.016598 0.009644 0.037525
v 0.028143 0.010137 0.047490
v 0.016248 0.009521 0.037838
v 0.027793 0.010014 0.047803
v 0.015887 0.009595 0.038161
v 0.027432 0.010089 0.048126
v 0.015214 0.009936 0.037548
v 0.019561 -0.000946 0.047251
v 0.014959 0.010206 0.037872
v 0.019305 -0.000676 0.047575
v 0.014882 0.010559 0.038201
v 0.019228 -0.000323 0.047903
v 0.014996 0.010942 0.038484
v 0.019342 0.000059 0.048187
v 0.015283 0.011296 0.038679
v 0.019629 0.000413 0.048382
v 0.015700 0.011567 0.038757
v 0.020046 0.000684 0.048459
v 0.016182 0.011714 0.038704
v 0.020529 0.000831 0.048407
v 0.016658 0.011715 0.038530
v 0.021004 0.000832 0.048233
v 0.017054 0.011569 0.038260
v 0.021400 0.000686 0.047963
v 0.017309 0.011299 0.037937
v 0.021655 0.000416 0.047639
v 0.017386 0.010946 0.037608
v 0.021732 0.000063 0.047311
v 0.017272 0.010563 0.037325
v 0.021618 -0.000319 0.047027
v 0.016985 0.010209 0.037129
v 0.021331 -0.000673 0.046832
v 0.016568 0.009938 0.037052
v 0.020915 -0.000944 0.046755
v 0.016086 0.009791 0.037105
v 0.020432 -0.001091 0.046807
v 0.015610 0.009791 0.037279
v 0.019956 -0.001092 0.046982
v 0.010571 0.012413 0.018741
v 0.005610 0.025472 0.035644
v 0.010145 0.012908 0.018371
v 0.005184 0.025967 0.035275
v 0.010003 0.013534 0.017980
v 0.005043 0.026592 0.034883
v 0.010167 0.014194 0.017627
v 0.005206 0.027253 0.034530
v 0.010611 0.014789 0.017366
v 0.005650 0.027848 0.034269
v 0.011267 0.015228 0.017236
v 0.006307 0.028287 0.034139
v 0.012037 0.015444 0.017258
v 0.007077 0.028502 0.034161
v 0.012803 0.015404 0.017428
v 0.007842 0.028463 0.034331
v 0.013448 0.015114 0.017720
v 0.008487 0.028173 0.034623
v 0.013873 0.014619 0.018090
v 0.008913 0.027678 0.034993
v 0.014015 0.013994 0.018481
v 0.009055 0.027052 0.035384
v 0.013852 0.013333 0.018834
v 0.008891 0.026392 0.035738
v 0.013407 0.012738 0.019096
v 0.008447 0.025797 0.035999
v 0.012751 0.012299 0.019225
v 0.007790 0.025358 0.036128
v 0.011981 0.012083 0.019203
v 0.007020 0.025142 0.036106
v 0.011215 0.012123 0.019033
v 0.006255 0.025182 0.035937
v 0.006286 0.026019 0.035763
v 0.011463 0.030892 0.048884
v 0.005976 0.026419 0.035771
v 0.011154 0.031292 0.048893
v 0.005832 0.026893 0.035705
v 0.011009 0.031767 0.048826
v 0.005873 0.027369 0.035573
v 0.011051 0.032242 0.048694
v 0.006096 0.027774 0.035396
v 0.011273 0.032647 0.048518
v 0.006464 0.028046 0.035202
v 0.011642 0.032919 0.048323
v 0.006923 0.028144 0.035018
v 0.012101 0.033018 0.048139
v 0.007403 0.028053 0.034874
v 0.012580 0.032927 0.047995
v 0.007830 0.027787 0.034791
v 0.013007 0.032661 0.047913
v 0.008139 0.027387 0.034782
v 0.013316 0.032260 0.047904
v 0.008284 0.026913 0.034849
v 0.013461 0.031786 0.047970
v 0.008242 0.026437 0.034981
v 0.013419 0.031310 0.048102
v 0.008020 0.026032 0.035157
v 0.013197 0.030905 0.048279
v 0.007651 0.025760 0.035352
v 0.012829 0.030633 0.048474
v 0.007192 0.025662 0.035536
v 0.012370 0.030535 0.048657
v 0.006713 0.025753 0.035680
v 0.011890 0.030626 0.048801
v 0.006211 0.025904 0.034949
v -0.001285 0.026238 0.048284
v 0.005941 0.026306 0.034849
v -0.001555 0.026641 0.048184
v 0.005829 0.026796 0.034814
v -0.001667 0.027130 0.048149
v 0.005894 0.027298 0.034849
v -0.001602 0.027632 0.048184
v 0.006125 0.027736 0.034950
v -0.001371 0.028070 0.048285
v 0.006487 0.028043 0.035101
v -0.001009 0.028378 0.048436
v 0.006925 0.028173 0.035279
v -0.000571 0.028507 0.048614
v 0.007372 0.028105 0.035456
v -0.000124 0.028440 0.048791
v 0.007760 0.027851 0.035607
v 0.000265 0.028185 0.048942
v 0.008031 0.027448 0.035707
v 0.000535 0.027783 0.049042
v 0.008143 0.026959 0.035742
v 0.000647 0.027293 0.049077
v 0.008078 0.026456 0.035707
v 0.000582 0.026791 0.049042
v 0.007847 0.026019 0.035606
v 0.000351 0.026353 0.048941
v 0.007485 0.025711 0.035455
v -0.000011 0.026046 0.048790
v 0.007047 0.025582 0.035278
v -0.000449 0.025916 0.048612
v 0.006600 0.025649 0.035100
v -0.000896 0.025984 0.048435
v 0.006081 0.025985 0.035270
v -0.004929 0.036467 0.042025
v 0.005995 0.026186 0.034881
v -0.005015 0.036668 0.041635
v 0.006056 0.026501 0.034546
v -0.004954 0.036982 0.041301
v 0.006256 0.026881 0.034318
v -0.004754 0.037363 0.041072
v 0.006564 0.027270 0.034229
v -0.004446 0.037752 0.040984
v 0.006933 0.027608 0.034295
v -0.004077 0.038090 0.041049
v 0.007307 0.027843 0.034505
v -0.003703 0.038325 0.041259
v 0.007629 0.027940 0.034827
v -0.003381 0.038422 0.041581
v 0.007851 0.027884 0.035211
v -0.003160 0.038366 0.041966
v 0.007937 0.027684 0.035601
v -0.003073 0.038165 0.042355
v 0.007876 0.027369 0.035935
v -0.003134 0.037851 0.042690
v 0.007676 0.026988 0.036164
v -0.003334 0.037470 0.042919
v 0.007368 0.026599 0.036252
v -0.003642 0.037081 0.043007
v 0.006999 0.026261 0.036187
v -0.004011 0.036743 0.042941
v 0.006625 0.026026 0.035977
v -0.004385 0.036508 0.042731
v 0.006303 0.025929 0.035655
v -0.004708 0.036411 0.042410
v 0.006236 0.026611 0.036103
v 0.007900 0.041631 0.042644
v 0.005910 0.026801 0.035829
v 0.007573 0.041822 0.042370
v 0.005755 0.027016 0.035466
v 0.007418 0.042037 0.042006
v 0.005795 0.027222 0.035067
v 0.007458 0.042243 0.041608
v 0.006025 0.027389 0.034696
v 0.007688 0.042410 0.041236
v 0.006409 0.027490 0.034407
v 0.008072 0.042511 0.040947
v 0.006888 0.027511 0.034244
v 0.008551 0.042532 0.040785
v 0.007391 0.027448 0.034234
v 0.009054 0.042468 0.040775
v 0.007839 0.027310 0.034376
v 0.009502 0.042331 0.040917
v 0.008166 0.027120 0.034650
v 0.009829 0.042140 0.041191
v 0.008321 0.026905 0.035014
v 0.009984 0.041926 0.041555
v 0.008280 0.026698 0.035412
v 0.009944 0.041719 0.041953
v 0.008051 0.026532 0.035784
v 0.009714 0.041553 0.042325
v 0.007667 0.026431 0.036073
v 0.009330 0.041451 0.042614
v 0.007187 0.026410 0.036235
v 0.008851 0.041431 0.042776
v 0.006685 0.026473 0.036246
v 0.008348 0.041494 0.042786
v 0.011274 0.013358 0.019830
v 0.021236 0.032318 0.027783
v 0.010694 0.013810 0.019594
v 0.020656 0.032770 0.027546
v 0.010323 0.014258 0.019144
v 0.020286 0.033219 0.027097
v 0.010218 0.014635 0.018549
v 0.020181 0.033596 0.026502
v 0.010396 0.014883 0.017901
v 0.020358 0.033844 0.025854
v 0.010828 0.014964 0.017297
v 0.020790 0.033925 0.025250
v 0.011449 0.014866 0.016830
v 0.021411 0.033827 0.024783
v 0.012164 0.014604 0.016570
v 0.022127 0.033564 0.024523
v 0.012866 0.014217 0.016558
v 0.022828 0.033178 0.024511
v 0.013446 0.013765 0.016795
v 0.023408 0.032726 0.024748
v 0.013816 0.013317 0.017245
v 0.023779 0.032277 0.025197
v 0.013921 0.012940 0.017839
v 0.023884 0.031900 0.025792
v 0.013744 0.012692 0.018488
v 0.023707 0.031652 0.026440
v 0.013312 0.012611 0.019091
v 0.023274 0.031571 0.027044
v 0.012691 0.012709 0.019559
v 0.022653 0.031669 0.027512
v 0.011975 0.012971 0.019818
v 0.021938 0.031932 0.027771
v 0.021605 0.032070 0.027005
v 0.032170 0.037844 0.036789
v 0.021319 0.032486 0.027081
v 0.031884 0.038259 0.036865
v 0.021158 0.032957 0.027029
v 0.031723 0.038731 0.036812
v 0.021145 0.033414 0.026855
v 0.031709 0.039188 0.036638
v 0.021282 0.033786 0.026587
v 0.031847 0.039560 0.036370
v 0.021549 0.034017 0.026265
v 0.032114 0.039791 0.036049
v 0.021904 0.034071 0.025939
v 0.032469 0.039845 0.035722
v 0.022295 0.033941 0.025658
v 0.032860 0.039715 0.035441
v 0.022661 0.033645 0.025464
v 0.033226 0.039419 0.035248
v 0.022946 0.033230 0.025388
v 0.033511 0.039004 0.035171
v 0.023108 0.032758 0.025441
v 0.033673 0.038532 0.035224
v 0.023121 0.032302 0.025614
v 0.033686 0.038075 0.035398
v 0.022984 0.031930 0.025882
v 0.033548 0.037703 0.035666
v 0.022717 0.031699 0.026204
v 0.033282 0.037473 0.035987
v 0.022361 0.031645 0.026530
v 0.032926 0.037418 0.036314
v 0.021970 0.031775 0.026812
v 0.032535 0.037549 0.036595
v 0.021168 0.032203 0.026807
v 0.019837 0.044291 0.037252
v 0.020879 0.032470 0.026550
v 0.019549 0.044558 0.036995
v 0.020772 0.032802 0.026245
v 0.019441 0.044890 0.036691
v 0.020861 0.033147 0.025940
v 0.019530 0.045236 0.036385
v 0.021133 0.033455 0.025679
v 0.019802 0.045543 0.036125
v 0.021548 0.033676 0.025504
v 0.020217 0.045765 0.035950
v 0.022041 0.033779 0.025441
v 0.020710 0.045867 0.035886
v 0.022538 0.033747 0.025499
v 0.021207 0.045835 0.035944
v 0.022963 0.033585 0.025670
v 0.021632 0.045673 0.036115
v 0.023251 0.033318 0.025927
v 0.021921 0.045406 0.036372
v 0.023359 0.032986 0.026232
v 0.022028 0.045074 0.036677
v 0.023270 0.032640 0.026537
v 0.021939 0.044728 0.036983
v 0.022997 0.032333 0.026798
v 0.021667 0.044421 0.037243
v 0.022583 0.032111 0.026973
v 0.021252 0.044199 0.037418
v 0.022090 0.032008 0.027036
v 0.020759 0.044097 0.037481
v 0.021593 0.032040 0.026978
v 0.020262 0.044129 0.037423
v 0.021280 0.033047 0.027108
v 0.022430 0.049568 0.026676
v 0.020951 0.033042 0.026784
v 0.022101 0.049563 0.026352
v 0.020794 0.033019 0.026368
v 0.021943 0.049540 0.025936
v 0.020832 0.032981 0.025923
v 0.021982 0.049502 0.025491
v 0.021060 0.032933 0.025517
v 0.022210 0.049454 0.025085
v 0.021444 0.032883 0.025211
v 0.022594 0.049404 0.024779
v 0.021924 0.032839 0.025052
v 0.023074 0.049360 0.024620
v 0.022428 0.032806 0.025064
v 0.023578 0.049327 0.024632
v 0.022879 0.032791 0.025246
v 0.024029 0.049312 0.024814
v 0.023208 0.032795 0.025570
v 0.024358 0.049316 0.025138
v 0.023365 0.032818 0.025985
v 0.024515 0.049339 0.025553
v 0.023327 0.032856 0.026431
v 0.024477 0.049377 0.025998
v 0.023098 0.032904 0.026837
v 0.024248 0.049425 0.026405
v 0.022715 0.032954 0.027143
v 0.023865 0.049475 0.026711
v 0.022235 0.032999 0.027302
v 0.023385 0.049520 0.026870
v 0.021731 0.033031 0.027289
v 0.022881 0.049552 0.026857
v 0.022351 0.032753 0.027278
v 0.035396 0.042959 0.026184
v 0.022038 0.033151 0.027299
v 0.035084 0.043358 0.026205
v 0.021742 0.033509 0.027148
v 0.034787 0.043716 0.026054
v 0.021507 0.033772 0.026849
v 0.034553 0.043978 0.025755
v 0.021370 0.033899 0.026447
v 0.034416 0.044105 0.025353
v 0.021351 0.033871 0.026003
v 0.034397 0.044078 0.024909
v 0.021454 0.033693 0.025585
v 0.034499 0.043900 0.024491
v 0.021661 0.033392 0.025257
v 0.034707 0.043599 0.024163
v 0.021943 0.033013 0.025068
v 0.034988 0.043220 0.023974
v 0.022255 0.032615 0.025048
v 0.035301 0.042821 0.023954
v 0.022552 0.032257 0.025198
v 0.035597 0.042463 0.024104
v 0.022786 0.031994 0.025497
v 0.035832 0.042201 0.024403
v 0.022923 0.031867 0.025899
v 0.035969 0.042074 0.024805
v 0.022942 0.031895 0.026343
v 0.035988 0.042101 0.025249
v 0.022840 0.032073 0.026761
v 0.035886 0.042279 0.025667
v 0.022632 0.032374 0.027089
v 0.035678 0.042580 0.025995
v 0.011440 0.012295 0.019335
v 0.030411 0.015324 0.029913
v 0.011121 0.012960 0.019651
v 0.030091 0.015989 0.030229
v 0.010951 0.013741 0.019746
v 0.029921 0.016770 0.030325
v 0.010957 0.014519 0.019607
v 0.029928 0.017548 0.030186
v 0.011138 0.015176 0.019255
v 0.030109 0.018205 0.029833
v 0.011467 0.015611 0.018742
v 0.030437 0.018640 0.029321
v 0.011893 0.015759 0.018148
v 0.030863 0.018788 0.028726
v 0.012351 0.015598 0.017562
v 0.031322 0.018627 0.028141
v 0.012772 0.015150 0.017075
v 0.031743 0.018179 0.027653
v 0.013092 0.014486 0.016759
v 0.032063 0.017515 0.027337
v 0.013262 0.013705 0.016663
v 0.032232 0.016734 0.027242
v 0.013255 0.012927 0.016802
v 0.032226 0.015956 0.027381
v 0.013074 0.012270 0.017155
v 0.032045 0.015299 0.027733
v 0.012746 0.011834 0.017667
v 0.031716 0.014863 0.028246
v 0.012320 0.011686 0.018262
v 0.031290 0.014715 0.028840
v 0.011861 0.011848 0.018847
v 0.030832 0.014877 0.029426
v 0.030379 0.015737 0.028990
v 0.038913 0.010254 0.039930
v 0.030155 0.016086 0.029269
v 0.038689 0.010603 0.040209
v 0.030090 0.016533 0.029490
v 0.038625 0.011051 0.040430
v 0.030195 0.017011 0.029619
v 0.038729 0.011529 0.040559
v 0.030453 0.017447 0.029637
v 0.038987 0.011964 0.040577
v 0.030825 0.017774 0.029541
v 0.039360 0.012291 0.040481
v 0.031254 0.017942 0.029345
v 0.039789 0.012460 0.040285
v 0.031676 0.017927 0.029080
v 0.040211 0.012444 0.040020
v 0.032026 0.017729 0.028786
v 0.040560 0.012247 0.039726
v 0.032250 0.017380 0.028507
v 0.040785 0.011898 0.039447
v 0.032314 0.016933 0.028286
v 0.040849 0.011450 0.039226
v 0.032210 0.016455 0.028157
v 0.040745 0.010972 0.039097
v 0.031952 0.016019 0.028139
v 0.040486 0.010537 0.039079
v 0.031580 0.015692 0.028235
v 0.040114 0.010210 0.039175
v 0.031150 0.015524 0.028431
v 0.039685 0.010041 0.039371
v 0.030728 0.015539 0.028696
v 0.039263 0.010057 0.039636
v 0.030495 0.016046 0.029584
v 0.036873 0.023858 0.041174
v 0.030174 0.016432 0.029549
v 0.036552 0.024244 0.041139
v 0.030008 0.016874 0.029414
v 0.036386 0.024687 0.041004
v 0.030022 0.017307 0.029200
v 0.036399 0.025119 0.040790
v 0.030214 0.017664 0.028938
v 0.036591 0.025476 0.040528
v 0.030554 0.017890 0.028670
v 0.036931 0.025703 0.040260
v 0.030991 0.017952 0.028435
v 0.037369 0.025764 0.040025
v 0.031458 0.017840 0.028270
v 0.037836 0.025652 0.039860
v 0.031885 0.017570 0.028199
v 0.038263 0.025383 0.039790
v 0.032206 0.017185 0.028234
v 0.038583 0.024997 0.039825
v 0.032372 0.016742 0.028369
v 0.038750 0.024554 0.039960
v 0.032358 0.016310 0.028584
v 0.038736 0.024122 0.040174
v 0.032166 0.015953 0.028846
v 0.038544 0.023765 0.040436
v 0.031826 0.015726 0.029114
v 0.038204 0.023538 0.040704
v 0.031389 0.015664 0.029349
v 0.037767 0.023477 0.040939
v 0.030921 0.015777 0.029514
v 0.037299 0.023589 0.041104
v 0.031290 0.016452 0.029910
v 0.045061 0.025496 0.031409
v 0.031009 0.016873 0.029968
v 0.044781 0.025917 0.031466
v 0.030762 0.017284 0.029853
v 0.044534 0.026328 0.031351
v 0.030587 0.017625 0.029583
v 0.044358 0.026669 0.031081
v 0.030509 0.017842 0.029199
v 0.044281 0.026886 0.030697
v 0.030542 0.017903 0.028759
v 0.044314 0.026947 0.030258
v 0.030680 0.017798 0.028331
v 0.044452 0.026842 0.029830
v 0.030902 0.017544 0.027980
v 0.044674 0.026588 0.029479
v 0.031174 0.017179 0.027759
v 0.044946 0.026223 0.029258
v 0.031455 0.016758 0.027702
v 0.045227 0.025802 0.029200
v 0.031702 0.016346 0.027817
v 0.045473 0.025390 0.029315
v 0.031877 0.016006 0.028087
v 0.045649 0.025050 0.029585
v 0.031954 0.015789 0.028471
v 0.045726 0.024833 0.029969
v 0.031922 0.015728 0.028910
v 0.045693 0.024772 0.030409
v 0.031784 0.015833 0.029338
v 0.045555 0.024877 0.030836
v 0.031562 0.016087 0.029689
v 0.045334 0.025131 0.031188
v 0.030879 0.015632 0.029304
v 0.046808 0.011381 0.030152
v 0.030913 0.015942 0.029665
v 0.046841 0.011692 0.030513
v 0.030997 0.016374 0.029899
v 0.046925 0.012123 0.030747
v 0.031118 0.016861 0.029970
v 0.047047 0.012610 0.030818
v 0.031259 0.017330 0.029868
v 0.047188 0.013079 0.030716
v 0.031398 0.017709 0.029608
v 0.047326 0.013458 0.030456
v 0.031513 0.017941 0.029230
v 0.047442 0.013690 0.030078
v 0.031587 0.017989 0.028791
v 0.047516 0.013739 0.029639
v 0.031609 0.017848 0.028358
v 0.047538 0.013597 0.029207
v 0.031576 0.017538 0.027997
v 0.047504 0.013287 0.028846
v 0.031492 0.017106 0.027763
v 0.047420 0.012856 0.028612
v 0.031370 0.016619 0.027692
v 0.047299 0.012368 0.028540
v 0.031229 0.016150 0.027794
v 0.047158 0.011900 0.028642
v 0.031091 0.015771 0.028054
v 0.047019 0.011520 0.028902
v 0.030975 0.015539 0.028432
v 0.046904 0.011289 0.029280
v 0.030901 0.015491 0.028871
v 0.046830 0.011240 0.029719
v 0.012255 -0.014025 0.016629
v 0.009207 -0.018491 0.036319
v 0.011767 -0.013392 0.016727
v 0.008718 -0.017858 0.036417
v 0.011555 -0.012629 0.016874
v 0.008506 -0.017095 0.036564
v 0.011652 -0.011851 0.017047
v 0.008603 -0.016317 0.036737
v 0.012043 -0.011178 0.017220
v 0.008995 -0.015643 0.036910
v 0.012670 -0.010710 0.017367
v 0.009621 -0.015176 0.037057
v 0.013435 -0.010521 0.017465
v 0.010387 -0.014986 0.037154
v 0.014224 -0.010638 0.017499
v 0.011175 -0.015103 0.037189
v 0.014915 -0.011044 0.017464
v 0.011866 -0.015509 0.037154
v 0.015404 -0.011676 0.017366
v 0.012355 -0.016142 0.037056
v 0.015616 -0.012440 0.017219
v 0.012567 -0.016905 0.036909
v 0.015519 -0.013218 0.017046
v 0.012470 -0.017683 0.036736
v 0.015127 -0.013891 0.016873
v 0.012078 -0.018357 0.036563
v 0.014501 -0.014359 0.016726
v 0.011452 -0.018824 0.036416
v 0.013735 -0.014548 0.016629
v 0.010686 -0.019013 0.036318
v 0.012947 -0.014431 0.016594
v 0.009898 -0.018896 0.036284
v 0.009615 -0.017913 0.037046
v 0.005623 -0.011397 0.050406
v 0.009339 -0.017557 0.036868
v 0.005348 -0.011040 0.050228
v 0.009241 -0.017112 0.036694
v 0.005249 -0.010596 0.050055
v 0.009335 -0.016648 0.036551
v 0.005343 -0.010132 0.049911
v 0.009606 -0.016235 0.036459
v 0.005614 -0.009718 0.049819
v 0.010014 -0.015935 0.036433
v 0.006022 -0.009418 0.049793
v 0.010495 -0.015794 0.036477
v 0.006504 -0.009278 0.049837
v 0.010978 -0.015834 0.036584
v 0.006986 -0.009318 0.049945
v 0.011388 -0.016049 0.036739
v 0.007396 -0.009533 0.050099
v 0.011663 -0.016406 0.036916
v 0.007671 -0.009889 0.050276
v 0.011762 -0.016850 0.037090
v 0.007770 -0.010334 0.050450
v 0.011668 -0.017314 0.037234
v 0.007676 -0.010798 0.050594
v 0.011397 -0.017728 0.037326
v 0.007405 -0.011212 0.050686
v 0.010989 -0.018028 0.037351
v 0.006997 -0.011511 0.050712
v 0.010507 -0.018168 0.037307
v 0.006516 -0.011652 0.050667
v 0.010025 -0.018128 0.037200
v 0.006033 -0.011612 0.050560
v 0.009786 -0.018002 0.037185
v 0.017172 -0.018693 0.049861
v 0.009515 -0.017602 0.037347
v 0.016901 -0.018293 0.050023
v 0.009405 -0.017113 0.037439
v 0.016790 -0.017805 0.050115
v 0.009471 -0.016611 0.037447
v 0.016856 -0.017302 0.050123
v 0.009703 -0.016171 0.037370
v 0.017089 -0.016863 0.050046
v 0.010067 -0.015861 0.037220
v 0.017453 -0.016552 0.049896
v 0.010507 -0.015728 0.037019
v 0.017893 -0.016419 0.049696
v 0.010956 -0.015791 0.036799
v 0.018342 -0.016483 0.049475
v 0.011345 -0.016042 0.036592
v 0.018731 -0.016733 0.049268
v 0.011616 -0.016442 0.036430
v 0.019002 -0.017133 0.049106
v 0.011727 -0.016931 0.036338
v 0.019113 -0.017622 0.049014
v 0.011661 -0.017433 0.036329
v 0.019047 -0.018124 0.049006
v 0.011428 -0.017872 0.036406
v 0.018814 -0.018564 0.049082
v 0.011064 -0.018183 0.036556
v 0.018450 -0.018874 0.049233
v 0.010624 -0.018316 0.036757
v 0.018010 -0.019007 0.049433
v 0.010176 -0.018253 0.036978
v 0.017561 -0.018944 0.049654
v 0.009661 -0.017782 0.036295
v 0.010067 -0.029548 0.046087
v 0.009356 -0.017501 0.036575
v 0.009763 -0.029268 0.046367
v 0.009230 -0.017157 0.036901
v 0.009637 -0.028924 0.046694
v 0.009302 -0.016802 0.037223
v 0.009709 -0.028569 0.047015
v 0.009559 -0.016490 0.037491
v 0.009966 -0.028257 0.047283
v 0.009964 -0.016269 0.037665
v 0.010371 -0.028035 0.047457
v 0.010455 -0.016171 0.037718
v 0.010862 -0.027938 0.047510
v 0.010956 -0.016213 0.037642
v 0.011363 -0.027980 0.047434
v 0.011392 -0.016388 0.037449
v 0.011799 -0.028155 0.047241
v 0.011696 -0.016668 0.037168
v 0.012103 -0.028435 0.046960
v 0.011822 -0.017012 0.036842
v 0.012229 -0.028779 0.046634
v 0.011751 -0.017367 0.036521
v 0.012158 -0.029134 0.046313
v 0.011493 -0.017679 0.036253
v 0.011900 -0.029446 0.046045
v 0.011088 -0.017901 0.036079
v 0.011495 -0.029667 0.045871
v 0.010598 -0.017998 0.036026
v 0.011005 -0.029765 0.045818
v 0.010096 -0.017956 0.036102
v 0.010503 -0.029723 0.045894
v 0.009926 -0.017880 0.036133
v -0.001045 -0.022439 0.046609
v 0.009655 -0.017461 0.036081
v -0.001315 -0.022020 0.046557
v 0.009508 -0.016979 0.036150
v -0.001463 -0.021538 0.046626
v 0.009505 -0.016507 0.036330
v -0.001466 -0.021066 0.046806
v 0.009648 -0.016116 0.036593
v -0.001322 -0.020676 0.047069
v 0.009915 -0.015867 0.036898
v -0.001055 -0.020426 0.047374
v 0.010266 -0.015797 0.037201
v -0.000705 -0.020356 0.047677
v 0.010646 -0.015917 0.037454
v -0.000325 -0.020476 0.047930
v 0.010998 -0.016208 0.037619
v 0.000027 -0.020768 0.048095
v 0.011268 -0.016627 0.037670
v 0.000298 -0.021186 0.048147
v 0.011416 -0.017109 0.037601
v 0.000446 -0.021668 0.048077
v 0.011419 -0.017581 0.037422
v 0.000448 -0.022141 0.047898
v 0.011275 -0.017972 0.037159
v 0.000305 -0.022531 0.047635
v 0.011008 -0.018221 0.036853
v 0.000038 -0.022780 0.047329
v 0.010658 -0.018291 0.036551
v -0.000312 -0.022850 0.047027
v 0.010278 -0.018171 0.036298
v -0.000693 -0.022730 0.046774
v 0.012617 -0.013916 0.017958
v 0.025523 -0.009304 0.033912
v 0.012177 -0.013261 0.018128
v 0.025083 -0.008649 0.034083
v 0.011961 -0.012490 0.018132
v 0.024867 -0.007879 0.034086
v 0.012002 -0.011721 0.017967
v 0.024908 -0.007109 0.033922
v 0.012294 -0.011069 0.017661
v 0.025200 -0.006457 0.033615
v 0.012793 -0.010635 0.017258
v 0.025699 -0.006023 0.033212
v 0.013422 -0.010484 0.016821
v 0.026328 -0.005873 0.032775
v 0.014086 -0.010640 0.016416
v 0.026992 -0.006028 0.032370
v 0.014683 -0.011079 0.016105
v 0.027589 -0.006467 0.032059
v 0.015123 -0.011734 0.015934
v 0.028029 -0.007122 0.031889
v 0.015339 -0.012505 0.015931
v 0.028245 -0.007893 0.031886
v 0.015298 -0.013275 0.016096
v 0.028204 -0.008663 0.032050
v 0.015006 -0.013926 0.016402
v 0.027912 -0.009314 0.032357
v 0.014507 -0.014360 0.016805
v 0.027413 -0.009748 0.032759
v 0.013878 -0.014511 0.017242
v 0.026784 -0.009899 0.033196
v 0.013215 -0.014355 0.017647
v 0.026120 -0.009743 0.033601
v 0.025766 -0.008859 0.033058
v 0.030522 -0.014317 0.045743
v 0.025492 -0.008494 0.033278
v 0.030248 -0.013952 0.045962
v 0.025392 -0.008038 0.033474
v 0.030148 -0.013497 0.046158
v 0.025481 -0.007561 0.033617
v 0.030238 -0.013020 0.046301
v 0.025746 -0.007136 0.033684
v 0.030503 -0.012594 0.046368
v 0.026147 -0.006826 0.033665
v 0.030903 -0.012284 0.046350
v 0.026622 -0.006680 0.033565
v 0.031378 -0.012138 0.046249
v 0.027099 -0.006719 0.033396
v 0.031855 -0.012177 0.046080
v 0.027505 -0.006937 0.033186
v 0.032262 -0.012395 0.045871
v 0.027779 -0.007302 0.032967
v 0.032536 -0.012760 0.045651
v 0.027879 -0.007757 0.032771
v 0.032636 -0.013216 0.045455
v 0.027790 -0.008234 0.032628
v 0.032546 -0.013693 0.045312
v 0.027525 -0.008660 0.032561
v 0.032281 -0.014118 0.045245
v 0.027124 -0.008970 0.032579
v 0.031881 -0.014428 0.045263
v 0.026649 -0.009116 0.032680
v 0.031406 -0.014574 0.045364
v 0.026172 -0.009077 0.032849
v 0.030929 -0.014535 0.045533
v 0.025748 -0.008695 0.033510
v 0.025960 -0.001474 0.046895
v 0.025442 -0.008330 0.033387
v 0.025654 -0.001109 0.046772
v 0.025314 -0.007888 0.033224
v 0.025525 -0.000667 0.046609
v 0.025383 -0.007436 0.033046
v 0.025594 -0.000215 0.046431
v 0.025639 -0.007044 0.032881
v 0.025850 0.000177 0.046266
v 0.026042 -0.006771 0.032753
v 0.026254 0.000450 0.046138
v 0.026532 -0.006658 0.032682
v 0.026744 0.000563 0.046067
v 0.027034 -0.006724 0.032678
v 0.027246 0.000497 0.046063
v 0.027471 -0.006957 0.032743
v 0.027683 0.000264 0.046128
v 0.027777 -0.007322 0.032866
v 0.027989 -0.000101 0.046251
v 0.027905 -0.007764 0.033029
v 0.028117 -0.000543 0.046414
v 0.027836 -0.008216 0.033207
v 0.028048 -0.000995 0.046592
v 0.027581 -0.008608 0.033372
v 0.027792 -0.001387 0.046757
v 0.027177 -0.008881 0.033500
v 0.027389 -0.001660 0.046885
v 0.026687 -0.008994 0.033571
v 0.026899 -0.001773 0.046956
v 0.026185 -0.008928 0.033575
v 0.026397 -0.001707 0.046960
v 0.026323 -0.008229 0.034117
v 0.036742 0.002652 0.040193
v 0.025986 -0.007858 0.034081
v 0.036404 0.003023 0.040157
v 0.025752 -0.007480 0.033894
v 0.036171 0.003402 0.039969
v 0.025658 -0.007150 0.033583
v 0.036077 0.003731 0.039659
v 0.025717 -0.006921 0.033197
v 0.036136 0.003960 0.039272
v 0.025922 -0.006826 0.032793
v 0.036340 0.004055 0.038869
v 0.026239 -0.006880 0.032434
v 0.036658 0.004001 0.038510
v 0.026622 -0.007075 0.032174
v 0.037041 0.003806 0.038250
v 0.027012 -0.007382 0.032053
v 0.037431 0.003500 0.038129
v 0.027349 -0.007752 0.032089
v 0.037768 0.003129 0.038165
v 0.027583 -0.008131 0.032276
v 0.038002 0.002750 0.038352
v 0.027677 -0.008460 0.032587
v 0.038096 0.002421 0.038663
v 0.027618 -0.008690 0.032973
v 0.038036 0.002191 0.039049
v 0.027413 -0.008785 0.033377
v 0.037832 0.002097 0.039453
v 0.027096 -0.008730 0.033736
v 0.037515 0.002151 0.039812
v 0.026713 -0.008535 0.033996
v 0.037132 0.002346 0.040072
v 0.026260 -0.008903 0.033646
v 0.041224 -0.010701 0.039021
v 0.026156 -0.008525 0.033947
v 0.041120 -0.010323 0.039322
v 0.026134 -0.008048 0.034116
v 0.041098 -0.009846 0.039491
v 0.026197 -0.007545 0.034127
v 0.041161 -0.009344 0.039502
v 0.026335 -0.007093 0.033980
v 0.041299 -0.008891 0.039354
v 0.026528 -0.006760 0.033695
v 0.041492 -0.008559 0.039070
v 0.026746 -0.006598 0.033317
v 0.041710 -0.008396 0.038692
v 0.026956 -0.006630 0.032903
v 0.041920 -0.008428 0.038278
v 0.027126 -0.006851 0.032516
v 0.042090 -0.008650 0.037891
v 0.027230 -0.007230 0.032215
v 0.042194 -0.009028 0.037590
v 0.027253 -0.007706 0.032046
v 0.042217 -0.009504 0.037421
v 0.027190 -0.008209 0.032035
v 0.042154 -0.010007 0.037410
v 0.027051 -0.008661 0.032183
v 0.042015 -0.010459 0.037557
v 0.026858 -0.008994 0.032467
v 0.041822 -0.010792 0.037842
v 0.026640 -0.009157 0.032845
v 0.041604 -0.010955 0.038220
v 0.026430 -0.009125 0.033259
v 0.041394 -0.010923 0.038634
v 0.012576 -0.014240 0.017350
v 0.031470 -0.024374 0.023744
v 0.012490 -0.013820 0.017965
v 0.031384 -0.023954 0.024358
v 0.012583 -0.013208 0.018431
v 0.031477 -0.023342 0.024824
v 0.012843 -0.012497 0.018679
v 0.031737 -0.022631 0.025072
v 0.013229 -0.011796 0.018669
v 0.032123 -0.021930 0.025063
v 0.013683 -0.011210 0.018405
v 0.032577 -0.021344 0.024798
v 0.014136 -0.010829 0.017925
v 0.033030 -0.020963 0.024318
v 0.014518 -0.010712 0.017304
v 0.033412 -0.020846 0.023697
v 0.014772 -0.010875 0.016635
v 0.033666 -0.021009 0.023028
v 0.014859 -0.011295 0.016020
v 0.033753 -0.021429 0.022413
v 0.014765 -0.011907 0.015554
v 0.033659 -0.022041 0.021947
v 0.014506 -0.012618 0.015306
v 0.033399 -0.022752 0.021700
v 0.014119 -0.013319 0.015316
v 0.033013 -0.023454 0.021709
v 0.013665 -0.013905 0.015580
v 0.032559 -0.024039 0.021973
v 0.013213 -0.014286 0.016060
v 0.032106 -0.024420 0.022453
v 0.012830 -0.014403 0.016681
v 0.031724 -0.024537 0.023075
v 0.031752 -0.023638 0.023173
v 0.037441 -0.034418 0.032392
v 0.031518 -0.023378 0.023515
v 0.037207 -0.034158 0.032734
v 0.031461 -0.023029 0.023849
v 0.037150 -0.033809 0.033069
v 0.031589 -0.022644 0.024125
v 0.037278 -0.033424 0.033344
v 0.031882 -0.022282 0.024300
v 0.037571 -0.033062 0.033519
v 0.032297 -0.021998 0.024348
v 0.037986 -0.032778 0.033567
v 0.032769 -0.021835 0.024261
v 0.038458 -0.032615 0.033480
v 0.033228 -0.021818 0.024053
v 0.038917 -0.032598 0.033272
v 0.033602 -0.021949 0.023755
v 0.039291 -0.032729 0.032974
v 0.033836 -0.022210 0.023413
v 0.039525 -0.032990 0.032632
v 0.033893 -0.022559 0.023079
v 0.039582 -0.033339 0.032298
v 0.033766 -0.022944 0.022803
v 0.039455 -0.033724 0.032022
v 0.033472 -0.023306 0.022628
v 0.039161 -0.034086 0.031847
v 0.033058 -0.023590 0.022580
v 0.038747 -0.034370 0.031800
v 0.032585 -0.023753 0.022667
v 0.038274 -0.034533 0.031887
v 0.032127 -0.023770 0.022875
v 0.037816 -0.034550 0.032095
v 0.032147 -0.023672 0.024057
v 0.044142 -0.022556 0.033590
v 0.031924 -0.023260 0.024253
v 0.043919 -0.022145 0.033787
v 0.031820 -0.022768 0.024330
v 0.043815 -0.021653 0.033863
v 0.031853 -0.022269 0.024275
v 0.043848 -0.021154 0.033808
v 0.032016 -0.021840 0.024097
v 0.044011 -0.020725 0.033630
v 0.032286 -0.021546 0.023822
v 0.044281 -0.020431 0.033356
v 0.032620 -0.021432 0.023494
v 0.044615 -0.020316 0.033028
v 0.032969 -0.021514 0.023161
v 0.044964 -0.020399 0.032695
v 0.033279 -0.021781 0.022875
v 0.045274 -0.020666 0.032408
v 0.033502 -0.022193 0.022678
v 0.045497 -0.021077 0.032212
v 0.033606 -0.022685 0.022602
v 0.045600 -0.021570 0.032135
v 0.033573 -0.023184 0.022657
v 0.045568 -0.022068 0.032190
v 0.033410 -0.023613 0.022835
v 0.045404 -0.022498 0.032368
v 0.033140 -0.023907 0.023109
v 0.045135 -0.022792 0.032642
v 0.032806 -0.024021 0.023437
v 0.044800 -0.022906 0.032971
v 0.032457 -0.023939 0.023770
v 0.044452 -0.022824 0.033304
v 0.032718 -0.023773 0.024051
v 0.049246 -0.024909 0.022349
v 0.032766 -0.023396 0.024358
v 0.049293 -0.024532 0.022656
v 0.032809 -0.022919 0.024518
v 0.049336 -0.024055 0.022816
v 0.032841 -0.022414 0.024509
v 0.049368 -0.023550 0.022807
v 0.032858 -0.021959 0.024332
v 0.049385 -0.023095 0.022629
v 0.032857 -0.021623 0.024012
v 0.049384 -0.022759 0.022310
v 0.032837 -0.021456 0.023600
v 0.049365 -0.022592 0.021898
v 0.032803 -0.021485 0.023158
v 0.049330 -0.022621 0.021456
v 0.032759 -0.021705 0.022753
v 0.049286 -0.022841 0.021051
v 0.032712 -0.022083 0.022446
v 0.049239 -0.023219 0.020744
v 0.032669 -0.022560 0.022286
v 0.049196 -0.023696 0.020584
v 0.032636 -0.023065 0.022295
v 0.049164 -0.024201 0.020593
v 0.032619 -0.023520 0.022473
v 0.049147 -0.024656 0.020771
v 0.032621 -0.023856 0.022792
v 0.049148 -0.024992 0.021090
v 0.032640 -0.024022 0.023204
v 0.049167 -0.025158 0.021502
v 0.032674 -0.023993 0.023646
v 0.049202 -0.025129 0.021944
v 0.031690 -0.023578 0.023195
v 0.041911 -0.036610 0.021179
v 0.031713 -0.023607 0.023637
v 0.041935 -0.036638 0.021620
v 0.031887 -0.023513 0.024042
v 0.042109 -0.036545 0.022025
v 0.032186 -0.023312 0.024349
v 0.042407 -0.036344 0.022333
v 0.032563 -0.023034 0.024512
v 0.042784 -0.036066 0.022496
v 0.032961 -0.022722 0.024506
v 0.043183 -0.035753 0.022490
v 0.033320 -0.022422 0.024331
v 0.043542 -0.035453 0.022315
v 0.033585 -0.022181 0.024015
v 0.043807 -0.035212 0.021999
v 0.033716 -0.022035 0.023605
v 0.043938 -0.035066 0.021589
v 0.033693 -0.022007 0.023164
v 0.043914 -0.035038 0.021148
v 0.033519 -0.022100 0.022759
v 0.043740 -0.035131 0.020743
v 0.033220 -0.022301 0.022451
v 0.043442 -0.035332 0.020435
v 0.032843 -0.022579 0.022288
v 0.043065 -0.035610 0.020272
v 0.032445 -0.022892 0.022295
v 0.042666 -0.035923 0.020278
v 0.032086 -0.023191 0.022469
v 0.042307 -0.036223 0.020453
v 0.031820 -0.023432 0.022785
v 0.042042 -0.036464 0.020769
v 0.012166 -0.013542 0.016058
v 0.015105 -0.032753 0.026187
v 0.011726 -0.013224 0.016607
v 0.014665 -0.032435 0.026736
v 0.011572 -0.012810 0.017217
v 0.014511 -0.032021 0.027346
v 0.011729 -0.012363 0.017795
v 0.014668 -0.031575 0.027924
v 0.012171 -0.011952 0.018253
v 0.015111 -0.031164 0.028382
v 0.012833 -0.011639 0.018522
v 0.015772 -0.030850 0.028651
v 0.013613 -0.011471 0.018560
v 0.016552 -0.030682 0.028689
v 0.014392 -0.011474 0.018362
v 0.017332 -0.030685 0.028490
v 0.015053 -0.011647 0.017957
v 0.017992 -0.030859 0.028086
v 0.015493 -0.011965 0.017408
v 0.018432 -0.031177 0.027537
v 0.015647 -0.012379 0.016798
v 0.018586 -0.031590 0.026927
v 0.015490 -0.012825 0.016220
v 0.018430 -0.032037 0.026349
v 0.015048 -0.013237 0.015762
v 0.017987 -0.032448 0.025891
v 0.014386 -0.013550 0.015494
v 0.017325 -0.032762 0.025622
v 0.013606 -0.013718 0.015456
v 0.016545 -0.032930 0.025584
v 0.012827 -0.013715 0.015654
v 0.015766 -0.032927 0.025782
v 0.015822 -0.032668 0.026539
v 0.010242 -0.041444 0.037794
v 0.015494 -0.032298 0.026664
v 0.009914 -0.041074 0.037919
v 0.015324 -0.031872 0.026877
v 0.009744 -0.040648 0.038132
v 0.015337 -0.031456 0.027146
v 0.009757 -0.040232 0.038400
v 0.015531 -0.031112 0.027429
v 0.009952 -0.039888 0.038683
v 0.015878 -0.030893 0.027683
v 0.010298 -0.039670 0.038938
v 0.016323 -0.030833 0.027870
v 0.010744 -0.039609 0.039125
v 0.016800 -0.030940 0.027962
v 0.011221 -0.039717 0.039217
v 0.017236 -0.031199 0.027944
v 0.011656 -0.039975 0.039198
v 0.017564 -0.031569 0.027819
v 0.011984 -0.040346 0.039073
v 0.017734 -0.031995 0.027606
v 0.012155 -0.040771 0.038860
v 0.017721 -0.032412 0.027337
v 0.012142 -0.041188 0.038592
v 0.017527 -0.032755 0.027054
v 0.011947 -0.041532 0.038309
v 0.017180 -0.032974 0.026800
v 0.011600 -0.041750 0.038054
v 0.016735 -0.033034 0.026612
v 0.011155 -0.041810 0.037867
v 0.016258 -0.032927 0.026521
v 0.010678 -0.041703 0.037775
v 0.015749 -0.032898 0.027247
v 0.023459 -0.039524 0.038164
v 0.015520 -0.032563 0.027537
v 0.023230 -0.039190 0.038454
v 0.015456 -0.032131 0.027781
v 0.023166 -0.038757 0.038698
v 0.015567 -0.031666 0.027943
v 0.023277 -0.038293 0.038859
v 0.015836 -0.031241 0.027997
v 0.023546 -0.037867 0.038914
v 0.016221 -0.030919 0.027936
v 0.023931 -0.037545 0.038853
v 0.016665 -0.030749 0.027770
v 0.024375 -0.037376 0.038686
v 0.017100 -0.030759 0.027522
v 0.024810 -0.037385 0.038439
v 0.017459 -0.030945 0.027232
v 0.025169 -0.037571 0.038148
v 0.017688 -0.031280 0.026942
v 0.025398 -0.037906 0.037859
v 0.017752 -0.031712 0.026698
v 0.025462 -0.038339 0.037615
v 0.017642 -0.032177 0.026536
v 0.025352 -0.038803 0.037453
v 0.017373 -0.032602 0.026482
v 0.025083 -0.039229 0.037398
v 0.016987 -0.032924 0.026542
v 0.024697 -0.039551 0.037459
v 0.016543 -0.033093 0.026709
v 0.024253 -0.039720 0.037626
v 0.016109 -0.033084 0.026957
v 0.023819 -0.039711 0.037874
v 0.015589 -0.032678 0.026888
v 0.024624 -0.046491 0.027543
v 0.015524 -0.032654 0.027332
v 0.024559 -0.046468 0.027987
v 0.015624 -0.032525 0.027753
v 0.024660 -0.046339 0.028408
v 0.015876 -0.032311 0.028087
v 0.024911 -0.046124 0.028742
v 0.016239 -0.032043 0.028283
v 0.025274 -0.045856 0.028938
v 0.016659 -0.031763 0.028312
v 0.025694 -0.045576 0.028967
v 0.017071 -0.031513 0.028168
v 0.026107 -0.045327 0.028823
v 0.017414 -0.031332 0.027874
v 0.026450 -0.045145 0.028529
v 0.017635 -0.031246 0.027475
v 0.026671 -0.045060 0.028130
v 0.017700 -0.031270 0.027031
v 0.026735 -0.045083 0.027686
v 0.017599 -0.031399 0.026610
v 0.026635 -0.045212 0.027265
v 0.017348 -0.031613 0.026276
v 0.026384 -0.045427 0.026931
v 0.016985 -0.031881 0.026079
v 0.026020 -0.045695 0.026734
v 0.016565 -0.032161 0.026051
v 0.025600 -0.045975 0.026706
v 0.016152 -0.032411 0.026194
v 0.025188 -0.046225 0.026849
v 0.015809 -0.032593 0.026488
v 0.024845 -0.046406 0.027143
v 0.015956 -0.031938 0.026192
v 0.011702 -0.047901 0.027185
v 0.015574 -0.031804 0.026482
v 0.011320 -0.047768 0.027475
v 0.015339 -0.031697 0.026879
v 0.011085 -0.047661 0.027872
v 0.015286 -0.031632 0.027322
v 0.011032 -0.047596 0.028315
v 0.015424 -0.031619 0.027744
v 0.011170 -0.047583 0.028737
v 0.015731 -0.031660 0.028081
v 0.011477 -0.047624 0.029074
v 0.016160 -0.031749 0.028281
v 0.011906 -0.047713 0.029274
v 0.016647 -0.031872 0.028314
v 0.012393 -0.047836 0.029307
v 0.017117 -0.032011 0.028174
v 0.012863 -0.047974 0.029167
v 0.017499 -0.032144 0.027884
v 0.013244 -0.048107 0.028877
v 0.017734 -0.032251 0.027487
v 0.013480 -0.048215 0.028480
v 0.017786 -0.032316 0.027044
v 0.013532 -0.048280 0.028037
v 0.017649 -0.032329 0.026622
v 0.013395 -0.048293 0.027615
v 0.017342 -0.032288 0.026286
v 0.013088 -0.048252 0.027279
v 0.016913 -0.032199 0.026086
v 0.012658 -0.048163 0.027079
v 0.016426 -0.032076 0.026053
v 0.012172 -0.048040 0.027046
vn -0.7668 -0.6321 0.1120
vn -0.8769 -0.3335 0.3461
vn -0.8513 0.0131 0.5245
vn -0.6983 0.3538 0.6222
vn -0.4430 0.6403 0.6275
vn -0.1210 0.8330 0.5398
vn 0.2226 0.9021 0.3697
vn 0.5358 0.8325 0.1405
vn 0.7668 0.6321 -0.1120
vn 0.8769 0.3335 -0.3461
vn 0.8513 -0.0131 -0.5245
vn 0.6983 -0.3538 -0.6222
vn 0.4430 -0.6403 -0.6275
vn 0.1210 -0.8330 -0.5398
vn 0.4079 -0.3743 0.8328
vn -0.2226 -0.9021 -0.3697
vn -0.5358 -0.8325 -0.1405
vn -0.4079 0.3743 -0.8328
vn -0.7974 -0.6032 -0.0157
vn -0.9675 -0.2524 -0.0161
vn -0.9905 0.1367 -0.0141
vn -0.8630 0.5051 -0.0100
vn -0.6040 0.7970 -0.0043
vn -0.2528 0.9675 0.0020
vn 0.1371 0.9905 0.0081
vn 0.5059 0.8625 0.0129
vn 0.7974 0.6032 0.0157
vn 0.9675 0.2524 0.0161
vn 0.9905 -0.1367 0.0141
vn 0.8630 -0.5051 0.0100
vn 0.6040 -0.7970 0.0043
vn 0.2528 -0.9675 -0.0020
vn 0.0324 -0.0436 0.9985
vn -0.1371 -0.9905 -0.0081
vn -0.5059 -0.8625 -0.0129
vn -0.0324 0.0436 -0.9985
vn -0.7345 -0.6784 -0.0152
vn -0.8527 -0.5222 -0.0160
vn -0.9381 -0.3459 -0.0163
vn -0.9876 -0.1564 -0.0159
vn -0.9991 0.0390 -0.0149
vn -0.9724 0.2330 -0.0133
vn -0.9083 0.4181 -0.0112
vn -0.8094 0.5873 -0.0087
vn -0.6792 0.7339 -0.0058
vn -0.5230 0.8523 -0.0027
vn -0.3465 0.9381 0.0004
vn -0.1567 0.9876 0.0036
vn 0.0392 0.9992 0.0066
vn 0.2336 0.9723 0.0094
vn 0.4189 0.9080 0.0118
vn 0.5880 0.8087 0.0138
vn 0.7345 0.6784 0.0152
vn 0.8527 0.5222 0.0160
vn 0.9381 0.3459 0.0163
vn 0.9876 0.1564 0.0159
vn 0.9991 -0.0390 0.0149
vn 0.9724 -0.2330 0.0133
vn 0.9083 -0.4181 0.0112
vn 0.8094 -0.5873 0.0087
vn 0.6792 -0.7339 0.0058
vn 0.5230 -0.8523 0.0027
vn 0.3465 -0.9381 -0.0004
vn 0.1567 -0.9876 -0.0036
vn -0.0392 -0.9992 -0.0066
vn -0.2336 -0.9723 -0.0094
vn -0.4189 -0.9080 -0.0118
vn -0.5880 -0.8087 -0.0138
vn -0.6635 -0.4194 -0.6195
vn -0.8412 -0.1106 -0.5293
vn -0.9052 0.2202 -0.3634
vn -0.8358 0.5320 -0.1357
vn -0.6268 0.7693 0.1234
vn -0.3085 0.8785 0.3647
vn 0.0538 0.8398 0.5402
vn 0.3927 0.6741 0.6256
vn 0.6635 0.4194 0.6195
vn 0.8412 0.1106 0.5293
vn 0.9052 -0.2202 0.3634
vn 0.8358 -0.5320 0.1357
vn 0.6268 -0.7693 -0.1234
vn 0.3085 -0.8785 -0.3647
vn -0.3204 -0.4286 0.8448
vn -0.0538 -0.8398 -0.5402
vn -0.3927 -0.6741 -0.6256
vn 0.3204 0.4286 -0.8448
vn -0.7912 -0.6027 -0.1041
vn -0.9496 -0.2516 -0.1869
vn -0.9617 0.1322 -0.2401
vn -0.8317 0.4919 -0.2573
vn -0.5803 0.7792 -0.2368
vn -0.2403 0.9537 -0.1809
vn 0.1418 0.9852 -0.0965
vn 0.5063 0.8623 0.0040
vn 0.7912 0.6027 0.1041
vn 0.9496 0.2516 0.1869
vn 0.9617 -0.1322 0.2401
vn 0.8317 -0.4919 0.2573
vn 0.5803 -0.7792 0.2368
vn 0.2403 -0.9537 0.1809
vn -0.1354 0.0629 0.9888
vn -0.1418 -0.9852 0.0965
vn -0.5063 -0.8623 -0.0040
vn 0.1354 -0.0629 -0.9888
vn -0.6688 -0.5573 0.4920
vn -0.8479 -0.2183 0.4832
vn -0.9019 0.1626 0.4002
vn -0.8129 0.5252 0.2517
vn -0.5917 0.8038 0.0619
vn -0.2802 0.9504 -0.1348
vn 0.0662 0.9496 -0.3063
vn 0.3962 0.8112 -0.4300
vn 0.6688 0.5574 -0.4920
vn 0.8479 0.2183 -0.4832
vn 0.9019 -0.1626 -0.4002
vn 0.8129 -0.5252 -0.2517
vn 0.5917 -0.8037 -0.0619
vn 0.2802 -0.9504 0.1348
vn 0.3834 0.1640 0.9089
vn -0.0662 -0.9496 0.3063
vn -0.3962 -0.8112 0.4300
vn -0.3834 -0.1640 -0.9089
vn -0.7870 -0.5042 -0.3557
vn -0.9606 -0.2063 -0.1862
vn -0.9915 0.1293 0.0153
vn -0.8658 0.4504 0.2180
vn -0.6005 0.7001 0.3862
vn -0.2437 0.8361 0.4914
vn 0.1425 0.8424 0.5197
vn 0.5015 0.7253 0.4716
vn 0.7869 0.5042 0.3557
vn 0.9606 0.2063 0.1862
vn 0.9915 -0.1293 -0.0153
vn 0.8658 -0.4504 -0.2180
vn 0.6005 -0.7002 -0.3862
vn 0.2437 -0.8361 -0.4914
vn -0.0037 -0.4443 0.8959
vn -0.1426 -0.8424 -0.5197
vn -0.5015 -0.7253 -0.4716
vn 0.0037 0.4443 -0.8959
vn -0.5498 -0.5348 -0.6416
vn -0.6518 -0.1883 -0.7347
vn -0.6645 0.1682 -0.7282
vn -0.5921 0.5046 -0.6283
vn -0.4340 0.7882 -0.4363
vn -0.1959 0.9672 -0.1615
vn 0.0886 0.9839 0.1554
vn 0.3557 0.8231 0.4426
vn 0.5498 0.5348 0.6416
vn 0.6518 0.1883 0.7347
vn 0.6645 -0.1682 0.7282
vn 0.5921 -0.5046 0.6283
vn 0.4340 -0.7882 0.4363
vn 0.1959 -0.9672 0.1615
vn -0.6474 -0.0654 0.7593
vn -0.0886 -0.9839 -0.1553
vn -0.3557 -0.8231 -0.4427
vn 0.6474 0.0655 -0.7593
vn -0.8182 -0.5438 0.1864
vn -0.9507 -0.2832 -0.1263
vn -0.9136 0.0176 -0.4063
vn -0.7386 0.2960 -0.6056
vn -0.4737 0.5187 -0.7118
vn -0.1531 0.6712 -0.7253
vn 0.1980 0.7397 -0.6431
vn 0.5431 0.7026 -0.4597
vn 0.8182 0.5438 -0.1864
vn 0.9507 0.2832 0.1263
vn 0.9136 -0.0176 0.4063
vn 0.7386 -0.2960 0.6056
vn 0.4737 -0.5186 0.7118
vn 0.1531 -0.6712 0.7253
vn -0.2342 0.5899 0.7728
vn -0.1980 -0.7397 0.6431
vn -0.5431 -0.7026 0.4597
vn 0.2342 -0.5899 -0.7728
vn -0.8175 -0.5323 -0.2200
vn -0.9612 -0.2723 0.0446
vn -0.9517 0.0345 0.3051
vn -0.7895 0.3339 0.5150
vn -0.5081 0.5755 0.6408
vn -0.1578 0.7264 0.6689
vn 0.2113 0.7712 0.6005
vn 0.5521 0.7050 0.4451
vn 0.8175 0.5323 0.2200
vn 0.9612 0.2723 -0.0446
vn 0.9517 -0.0345 -0.3051
vn 0.7895 -0.3339 -0.5150
vn 0.5081 -0.5755 -0.6408
vn 0.1578 -0.7264 -0.6689
vn 0.2086 -0.5443 0.8125
vn -0.2113 -0.7712 -0.6005
vn -0.5521 -0.7050 -0.4451
vn -0.2086 0.5443 -0.8125
vn -0.7135 -0.4950 -0.4959
vn -0.8821 -0.1657 -0.4410
vn -0.9272 0.1893 -0.3232
vn -0.8364 0.5259 -0.1545
vn -0.6112 0.7903 0.0437
vn -0.2819 0.9294 0.2382
vn 0.0911 0.9154 0.3922
vn 0.4398 0.7586 0.4807
vn 0.7135 0.4950 0.4959
vn 0.8821 0.1657 0.4410
vn 0.9272 -0.1893 0.3232
vn 0.8364 -0.5259 0.1545
vn 0.6112 -0.7902 -0.0437
vn 0.2819 -0.9294 -0.2382
vn -0.2618 -0.3084 0.9145
vn -0.0911 -0.9154 -0.3922
vn -0.4398 -0.7586 -0.4807
vn 0.2618 0.3084 -0.9145
vn -0.6986 -0.6166 0.3631
vn -0.8454 -0.2756 0.4575
vn -0.8679 0.1085 0.4847
vn -0.7589 0.4813 0.4387
vn -0.5304 0.7835 0.3237
vn -0.2174 0.9633 0.1574
vn 0.1274 0.9913 -0.0324
vn 0.4482 0.8678 -0.2148
vn 0.6986 0.6166 -0.3631
vn 0.8454 0.2756 -0.4575
vn 0.8679 -0.1085 -0.4847
vn 0.7589 -0.4813 -0.4387
vn 0.5304 -0.7835 -0.3238
vn 0.2174 -0.9633 -0.1574
vn 0.4168 -0.0613 0.9069
vn -0.1274 -0.9913 0.0324
vn -0.4482 -0.8678 0.2148
vn -0.4168 0.0613 -0.9069
vn -0.7250 -0.6730 0.1462
vn -0.7105 -0.4786 0.5158
vn -0.5833 -0.2185 0.7823
vn -0.3815 0.0568 0.9226
vn -0.1362 0.3163 0.9388
vn 0.1306 0.5385 0.8324
vn 0.3936 0.6958 0.6008
vn 0.6097 0.7501 0.2562
vn 0.7250 0.6730 -0.1461
vn 0.7105 0.4786 -0.5158
vn 0.5833 0.2186 -0.7823
vn 0.3814 -0.0568 -0.9226
vn 0.1362 -0.3163 -0.9388
vn -0.1307 -0.5385 -0.8324
vn 0.6411 -0.6227 0.4486
vn -0.3936 -0.6958 -0.6008
vn -0.6097 -0.7501 -0.2562
vn -0.6411 0.6227 -0.4486
vn -0.7173 -0.1530 -0.6798
vn -0.9247 -0.0216 -0.3801
vn -0.9923 0.1237 0.0073
vn -0.8784 0.2511 0.4067
vn -0.6101 0.3295 0.7206
vn -0.2652 0.3503 0.8983
vn 0.0919 0.3222 0.9422
vn 0.4273 0.2548 0.8675
vn 0.7173 0.1530 0.6798
vn 0.9247 0.0216 0.3801
vn 0.9923 -0.1237 -0.0073
vn 0.8784 -0.2511 -0.4066
vn 0.6101 -0.3295 -0.7206
vn 0.2652 -0.3503 -0.8983
vn -0.0880 -0.8932 0.4410
vn -0.0919 -0.3222 -0.9422
vn -0.4273 -0.2548 -0.8675
vn 0.0880 0.8932 -0.4410
vn -0.4990 -0.0487 -0.8652
vn -0.7276 0.1445 -0.6706
vn -0.8703 0.3330 -0.3630
vn -0.8761 0.4810 0.0341
vn -0.7156 0.5430 0.4394
vn -0.4303 0.5034 0.7493
vn -0.1008 0.3880 0.9161
vn 0.2171 0.2299 0.9487
vn 0.4990 0.0487 0.8652
vn 0.7276 -0.1445 0.6706
vn 0.8703 -0.3330 0.3630
vn 0.8761 -0.4810 -0.0341
vn 0.7156 -0.5430 -0.4394
vn 0.4303 -0.5034 -0.7493
vn -0.4130 -0.8196 0.3971
vn 0.1008 -0.3881 -0.9161
vn -0.2171 -0.2299 -0.9487
vn 0.4130 0.8196 -0.3971
vn -0.5030 -0.3834 -0.7746
vn -0.6565 -0.0618 -0.7518
vn -0.7263 0.2682 -0.6328
vn -0.6995 0.5775 -0.4209
vn -0.5608 0.8181 -0.1275
vn -0.3160 0.9267 0.2034
vn -0.0147 0.8677 0.4969
vn 0.2737 0.6674 0.6926
vn 0.5030 0.3833 0.7746
vn 0.6565 0.0618 0.7518
vn 0.7263 -0.2682 0.6328
vn 0.6996 -0.5775 0.4209
vn 0.5608 -0.8181 0.1275
vn 0.3160 -0.9267 -0.2034
vn -0.5888 -0.3649 0.7212
vn 0.0147 -0.8677 -0.4969
vn -0.2737 -0.6674 -0.6926
vn 0.5888 0.3649 -0.7212
vn -0.8024 -0.4033 -0.4399
vn -0.9698 -0.1945 -0.1475
vn -0.9821 0.0544 0.1803
vn -0.8268 0.2952 0.4788
vn -0.5407 0.4807 0.6904
vn -0.1861 0.5858 0.7888
vn 0.1825 0.6059 0.7744
vn 0.5247 0.5438 0.6550
vn 0.8024 0.4033 0.4399
vn 0.9698 0.1945 0.1475
vn 0.9821 -0.0544 -0.1803
vn 0.8268 -0.2952 -0.4788
vn 0.5407 -0.4807 -0.6904
vn 0.1861 -0.5858 -0.7888
vn 0.0879 -0.7024 0.7063
vn -0.1825 -0.6059 -0.7743
vn -0.5246 -0.5438 -0.6550
vn -0.0879 0.7024 -0.7063
vn -0.7087 0.1236 -0.6946
vn -0.9257 0.1023 -0.3642
vn -0.9962 0.0605 0.0628
vn -0.8729 0.0058 0.4879
vn -0.5979 -0.0468 0.8002
vn -0.2588 -0.0874 0.9620
vn 0.0868 -0.1138 0.9897
vn 0.4154 -0.1263 0.9008
vn 0.7087 -0.1236 0.6946
vn 0.9257 -0.1023 0.3642
vn 0.9962 -0.0605 -0.0628
vn 0.8729 -0.0058 -0.4879
vn 0.5979 0.0468 -0.8002
vn 0.2588 0.0874 -0.9620
vn -0.0721 -0.9929 -0.0946
vn -0.0868 0.1138 -0.9897
vn -0.4154 0.1263 -0.9008
vn 0.0721 0.9929 0.0946
vn 0.0121 0.0956 -0.9953
vn -0.1958 0.3521 -0.9153
vn -0.3873 0.5749 -0.7208
vn -0.5416 0.7366 -0.4051
vn -0.6173 0.7866 0.0132
vn -0.5755 0.6848 0.4470
vn -0.4276 0.4589 0.7788
vn -0.2259 0.1816 0.9571
vn -0.0121 -0.0956 0.9953
vn 0.1958 -0.3521 0.9153
vn 0.3873 -0.5749 0.7208
vn 0.5416 -0.7366 0.4051
vn 0.6173 -0.7866 -0.0132
vn 0.5755 -0.6848 -0.4470
vn -0.7868 -0.6087 -0.1026
vn 0.4276 -0.4589 -0.7788
vn 0.2259 -0.1816 -0.9571
vn 0.7867 0.6087 0.1026
vn -0.3969 -0.4658 -0.7909
vn -0.4944 -0.1244 -0.8603
vn -0.5272 0.2193 -0.8210
vn -0.4949 0.5431 -0.6784
vn -0.3905 0.8142 -0.4297
vn -0.2119 0.9733 -0.0877
vn 0.0144 0.9580 0.2864
vn 0.2326 0.7666 0.5985
vn 0.3969 0.4658 0.7909
vn 0.4944 0.1244 0.8603
vn 0.5272 -0.2193 0.8210
vn 0.4949 -0.5431 0.6783
vn 0.3905 -0.8142 0.4297
vn 0.2119 -0.9733 0.0877
vn -0.7891 -0.1571 0.5938
vn -0.0144 -0.9580 -0.2864
vn -0.2326 -0.7666 -0.5985
vn 0.7891 0.1571 -0.5938
vn -0.7334 -0.6263 -0.2643
vn -0.8257 -0.2969 -0.4797
vn -0.7895 0.0577 -0.6111
vn -0.6482 0.3894 -0.6543
vn -0.4231 0.6683 -0.6118
vn -0.1313 0.8655 -0.4835
vn 0.1983 0.9414 -0.2730
vn 0.5100 0.8602 -0.0056
vn 0.7334 0.6263 0.2643
vn 0.8257 0.2970 0.4797
vn 0.7895 -0.0578 0.6111
vn 0.6483 -0.3894 0.6543
vn 0.4231 -0.6683 0.6118
vn 0.1313 -0.8655 0.4835
vn -0.4681 0.2709 0.8411
vn -0.1983 -0.9414 0.2730
vn -0.5100 -0.8602 0.0056
vn 0.4681 -0.2709 -0.8411
vn -0.6461 -0.3892 -0.6566
vn -0.8278 -0.0891 -0.5539
vn -0.8992 0.2315 -0.3713
vn -0.8374 0.5324 -0.1234
vn -0.6339 0.7576 0.1555
vn -0.3191 0.8543 0.4102
vn 0.0396 0.8067 0.5897
vn 0.3753 0.6391 0.6713
vn 0.6461 0.3892 0.6566
vn 0.8278 0.0891 0.5539
vn 0.8992 -0.2315 0.3713
vn 0.8374 -0.5325 0.1233
vn 0.6339 -0.7576 -0.1555
vn 0.3191 -0.8543 -0.4102
vn -0.3363 -0.4717 0.8151
vn -0.0396 -0.8067 -0.5897
vn -0.3753 -0.6391 -0.6713
vn 0.3363 0.4717 -0.8151
vn -0.0778 -0.0576 -0.9953
vn -0.2571 0.2256 -0.9397
vn -0.4097 0.4882 -0.7706
vn -0.5192 0.7065 -0.4810
vn -0.5531 0.8293 -0.0796
vn -0.4818 0.7985 0.3609
vn -0.3200 0.6154 0.7203
vn -0.1199 0.3475 0.9300
vn 0.0778 0.0576 0.9953
vn 0.2571 -0.2256 0.9397
vn 0.4097 -0.4882 0.7706
vn 0.5192 -0.7065 0.4810
vn 0.5531 -0.8293 0.0797
vn 0.4818 -0.7985 -0.3609
vn -0.8282 -0.5504 0.1055
vn 0.3200 -0.6154 -0.7203
vn 0.1199 -0.3475 -0.9300
vn 0.8282 0.5504 -0.1055
vn -0.2764 -0.6836 -0.6755
vn -0.2255 -0.3715 -0.9006
vn -0.1492 -0.0368 -0.9881
vn -0.0579 0.2905 -0.9551
vn 0.0435 0.5928 -0.8042
vn 0.1478 0.8380 -0.5253
vn 0.2370 0.9630 -0.1285
vn 0.2841 0.9070 0.3109
vn 0.2764 0.6836 0.6755
vn 0.2255 0.3715 0.9006
vn 0.1492 0.0368 0.9881
vn 0.0579 -0.2905 0.9551
vn -0.0435 -0.5928 0.8042
vn -0.1478 -0.8379 0.5254
vn -0.9618 0.2512 0.1089
vn -0.2370 -0.9630 0.1285
vn -0.2841 -0.9070 -0.3109
vn 0.9618 -0.2512 -0.1089
vn -0.7725 -0.6189 -0.1424
vn -0.8813 -0.2955 -0.3688
vn -0.8481 0.0574 -0.5266
vn -0.6978 0.3859 -0.6035
vn -0.4575 0.6574 -0.5988
vn -0.1498 0.8454 -0.5127
vn 0.1957 0.9175 -0.3462
vn 0.5267 0.8423 -0.1141
vn 0.7725 0.6189 0.1424
vn 0.8813 0.2955 0.3688
vn 0.8481 -0.0574 0.5266
vn 0.6978 -0.3859 0.6035
vn 0.4575 -0.6574 0.5988
vn 0.1498 -0.8454 0.5127
vn -0.3737 0.3187 0.8711
vn -0.1957 -0.9175 0.3462
vn -0.5267 -0.8423 0.1141
vn 0.3737 -0.3187 -0.8711
vn -0.7749 -0.5920 0.2213
vn -0.9544 -0.2457 0.1698
vn -0.9857 0.1415 0.0914
vn -0.8627 0.5057 -0.0011
vn -0.6079 0.7886 -0.0926
vn -0.2645 0.9495 -0.1691
vn 0.1158 0.9686 -0.2201
vn 0.4797 0.8444 -0.2385
vn 0.7749 0.5920 -0.2213
vn 0.9544 0.2457 -0.1698
vn 0.9857 -0.1415 -0.0914
vn 0.8627 -0.5057 0.0011
vn 0.6079 -0.7886 0.0926
vn 0.2644 -0.9495 0.1691
vn 0.1370 0.1229 0.9829
vn -0.1158 -0.9686 0.2201
vn -0.4797 -0.8444 0.2385
vn -0.1370 -0.1229 -0.9829
vn -0.8053 -0.5873 -0.0813
vn -0.9509 -0.2845 0.1217
vn -0.9496 0.0640 0.3068
vn -0.8008 0.4021 0.4439
vn -0.5300 0.6760 0.5120
vn -0.1814 0.8456 0.5021
vn 0.1925 0.8881 0.4174
vn 0.5383 0.7982 0.2702
vn 0.8053 0.5873 0.0813
vn 0.9509 0.2845 -0.1217
vn 0.9496 -0.0640 -0.3068
vn 0.8008 -0.4021 -0.4439
vn 0.5300 -0.6760 -0.5120
vn 0.1814 -0.8456 -0.5021
vn 0.2301 -0.3883 0.8924
vn -0.1926 -0.8881 -0.4174
vn -0.5383 -0.7982 -0.2702
vn -0.2301 0.3883 -0.8924
vn -0.7120 -0.5803 -0.3953
vn -0.8430 -0.2296 -0.4865
vn -0.8506 0.1427 -0.5061
vn -0.7412 0.4928 -0.4559
vn -0.5244 0.7807 -0.3400
vn -0.2193 0.9611 -0.1678
vn 0.1319 0.9906 0.0375
vn 0.4635 0.8535 0.2381
vn 0.7120 0.5803 0.3953
vn 0.8430 0.2296 0.4865
vn 0.8506 -0.1427 0.5061
vn 0.7412 -0.4928 0.4559
vn 0.5244 -0.7807 0.3400
vn 0.2193 -0.9611 0.1678
vn -0.3883 -0.0067 0.9215
vn -0.1319 -0.9906 -0.0375
vn -0.4635 -0.8535 -0.2381
vn 0.3883 0.0067 -0.9215
vn -0.7795 -0.4522 0.4335
vn -0.9681 -0.2002 0.1507
vn -0.9830 0.0888 -0.1604
vn -0.8322 0.3497 -0.4303
vn -0.5683 0.5419 -0.6191
vn -0.2415 0.6536 -0.7173
vn 0.1152 0.6810 -0.7231
vn 0.4716 0.6166 -0.6304
vn 0.7795 0.4522 -0.4335
vn 0.9681 0.2002 -0.1507
vn 0.9830 -0.0888 0.1604
vn 0.8322 -0.3497 0.4303
vn 0.5683 -0.5420 0.6191
vn 0.2415 -0.6536 0.7173
vn -0.0068 0.6365 0.7712
vn -0.1152 -0.6810 0.7231
vn -0.4716 -0.6166 0.6304
vn 0.0068 -0.6365 -0.7712
vn -0.4812 -0.4976 0.7216
vn -0.6429 -0.1680 0.7473
vn -0.7184 0.1980 0.6669
vn -0.6845 0.5510 0.4773
vn -0.5333 0.8218 0.2006
vn -0.2916 0.9503 -0.1089
vn -0.0122 0.9212 -0.3890
vn 0.2558 0.7587 -0.5991
vn 0.4812 0.4976 -0.7216
vn 0.6429 0.1680 -0.7473
vn 0.7184 -0.1980 -0.6669
vn 0.6845 -0.5510 -0.4773
vn 0.5333 -0.8218 -0.2006
vn 0.2916 -0.9503 0.1089
vn 0.6229 0.2162 0.7519
vn 0.0122 -0.9212 0.3890
vn -0.2557 -0.7587 0.5991
vn -0.6229 -0.2162 -0.7519
vn -0.6034 -0.4830 -0.6345
vn -0.7453 -0.1440 -0.6510
vn -0.7865 0.2094 -0.5810
vn -0.7212 0.5432 -0.4299
vn -0.5444 0.8131 -0.2063
vn -0.2684 0.9613 0.0626
vn 0.0588 0.9440 0.3248
vn 0.3672 0.7678 0.5250
vn 0.6034 0.4830 0.6345
vn 0.7453 0.1440 0.6510
vn 0.7865 -0.2094 0.5810
vn 0.7212 -0.5432 0.4299
vn 0.5444 -0.8131 0.2063
vn 0.2684 -0.9613 -0.0626
vn -0.5016 -0.2260 0.8351
vn -0.0588 -0.9440 -0.3248
vn -0.3672 -0.7678 -0.5250
vn 0.5016 0.2260 -0.8351
vn -0.7916 -0.6077 -0.0636
vn -0.9294 -0.2735 -0.2478
vn -0.9174 0.0924 -0.3871
vn -0.7726 0.4320 -0.4653
vn -0.5231 0.7059 -0.4776
vn -0.1979 0.8841 -0.4234
vn 0.1674 0.9376 -0.3048
vn 0.5196 0.8440 -0.1333
vn 0.7916 0.6077 0.0636
vn 0.9294 0.2735 0.2478
vn 0.9174 -0.0924 0.3871
vn 0.7726 -0.4320 0.4653
vn 0.5231 -0.7059 0.4776
vn 0.1979 -0.8841 0.4234
vn -0.2431 0.2560 0.9356
vn -0.1674 -0.9376 0.3048
vn -0.5196 -0.8440 0.1333
vn 0.2431 -0.2560 -0.9356
vn -0.7901 -0.5138 -0.3343
vn -0.9625 -0.2126 -0.1685
vn -0.9916 0.1270 0.0263
vn -0.8645 0.4520 0.2200
vn -0.5986 0.7056 0.3792
vn -0.2415 0.8452 0.4768
vn 0.1453 0.8537 0.5001
vn 0.5048 0.7369 0.4496
vn 0.7901 0.5138 0.3343
vn 0.9625 0.2126 0.1685
vn 0.9916 -0.1270 -0.0262
vn 0.8645 -0.4519 -0.2200
vn 0.5986 -0.7056 -0.3792
vn 0.2416 -0.8452 -0.4768
vn 0.0073 -0.4287 0.9034
vn -0.1453 -0.8537 -0.5000
vn -0.5048 -0.7369 -0.4496
vn -0.0073 0.4287 -0.9034
vn -0.3769 -0.1220 -0.9182
vn -0.5793 0.1344 -0.8039
vn -0.7172 0.3866 -0.5798
vn -0.7585 0.6031 -0.2469
vn -0.6669 0.7284 0.1569
vn -0.4464 0.7163 0.5364
vn -0.1596 0.5785 0.7999
vn 0.1261 0.3666 0.9218
vn 0.3770 0.1219 0.9182
vn 0.5793 -0.1344 0.8039
vn 0.7172 -0.3866 0.5798
vn 0.7585 -0.6031 0.2468
vn 0.6669 -0.7284 -0.1568
vn 0.4464 -0.7163 -0.5364
vn -0.6053 -0.6626 0.4412
vn 0.1596 -0.5785 -0.7999
vn -0.1262 -0.3665 -0.9218
vn 0.6053 0.6626 -0.4412
vn -0.3754 -0.5859 -0.7182
vn -0.4062 -0.2469 -0.8798
vn -0.3832 0.0995 -0.9183
vn -0.3149 0.4289 -0.8467
vn -0.2029 0.7203 -0.6633
vn -0.0496 0.9307 -0.3623
vn 0.1257 0.9916 0.0294
vn 0.2799 0.8620 0.4226
vn 0.3754 0.5859 0.7182
vn 0.4062 0.2469 0.8798
vn 0.3832 -0.0995 0.9183
vn 0.3149 -0.4289 0.8467
vn 0.2029 -0.7203 0.6633
vn 0.0496 -0.9307 0.3623
vn -0.8889 0.0856 0.4500
vn -0.1257 -0.9916 -0.0294
vn -0.2799 -0.8620 -0.4226
vn 0.8889 -0.0856 -0.4500
vn -0.5639 -0.6931 -0.4490
vn -0.5411 -0.4064 -0.7362
vn -0.4430 -0.0875 -0.8922
vn -0.2962 0.2230 -0.9287
vn -0.1138 0.5071 -0.8543
vn 0.0956 0.7430 -0.6624
vn 0.3107 0.8851 -0.3465
vn 0.4841 0.8732 0.0570
vn 0.5639 0.6931 0.4490
vn 0.5411 0.4064 0.7362
vn 0.4430 0.0875 0.8922
vn 0.2962 -0.2230 0.9287
vn 0.1138 -0.5071 0.8543
vn -0.0956 -0.7430 0.6624
vn -0.8105 0.4188 0.4096
vn -0.3107 -0.8851 0.3465
vn -0.4841 -0.8732 -0.0570
vn 0.8105 -0.4188 -0.4096
vn -0.8167 -0.5667 0.1093
vn -0.9268 -0.3081 -0.2149
vn -0.8732 -0.0089 -0.4873
vn -0.6934 0.2705 -0.6678
vn -0.4320 0.4994 -0.7510
vn -0.1182 0.6636 -0.7387
vn 0.2251 0.7459 -0.6269
vn 0.5594 0.7200 -0.4107
vn 0.8167 0.5667 -0.1093
vn 0.9267 0.3081 0.2149
vn 0.8732 0.0090 0.4873
vn 0.6934 -0.2705 0.6679
vn 0.4320 -0.4995 0.7510
vn 0.1182 -0.6636 0.7387
vn -0.3147 0.5899 0.7437
vn -0.2251 -0.7459 0.6269
vn -0.5594 -0.7200 0.4107
vn 0.3147 -0.5899 -0.7437
vn -0.5168 -0.5151 -0.6838
vn -0.6199 -0.1699 -0.7661
vn -0.6393 0.1834 -0.7468
vn -0.5774 0.5169 -0.6320
vn -0.4312 0.7973 -0.4223
vn -0.2046 0.9703 -0.1289
vn 0.0693 0.9771 0.2013
vn 0.3274 0.8071 0.4913
vn 0.5168 0.5151 0.6838
vn 0.6199 0.1699 0.7661
vn 0.6393 -0.1834 0.7468
vn 0.5774 -0.5169 0.6320
vn 0.4312 -0.7973 0.4223
vn 0.2046 -0.9703 0.1289
vn -0.6772 -0.1000 0.7290
vn -0.0693 -0.9771 -0.2013
vn -0.3274 -0.8071 -0.4914
vn 0.6772 0.1000 -0.7290
vn -0.0148 -0.5860 -0.8102
vn 0.0138 -0.2480 -0.9687
vn 0.0388 0.0984 -0.9944
vn 0.0589 0.4295 -0.9012
vn 0.0725 0.7234 -0.6866
vn 0.0763 0.9350 -0.3464
vn 0.0666 0.9942 0.0845
vn 0.0439 0.8623 0.5045
vn 0.0148 0.5860 0.8102
vn -0.0138 0.2480 0.9687
vn -0.0388 -0.0984 0.9944
vn -0.0589 -0.4295 0.9012
vn -0.0725 -0.7234 0.6866
vn -0.0763 -0.9350 0.3464
vn -0.9922 0.0723 -0.1013
vn -0.0666 -0.9942 -0.0845
vn -0.0439 -0.8623 -0.5045
vn 0.9922 -0.0723 0.1013
vn -0.7874 -0.6155 -0.0334
vn -0.6992 -0.5535 -0.4524
vn -0.5011 -0.4040 -0.7653
vn -0.2498 -0.2107 -0.9451
vn 0.0199 -0.0010 -0.9998
vn 0.2904 0.2114 -0.9333
vn 0.5404 0.4099 -0.7348
vn 0.7262 0.5606 -0.3980
vn 0.7874 0.6155 0.0334
vn 0.6992 0.5535 0.4524
vn 0.5011 0.4040 0.7653
vn 0.2498 0.2107 0.9451
vn -0.0199 0.0010 0.9998
vn -0.2904 -0.2114 0.9333
vn -0.6138 0.7842 -0.0913
vn -0.5404 -0.4099 0.7348
vn -0.7262 -0.5606 0.3980
vn 0.6138 -0.7842 0.0913
vn -0.8070 -0.4074 0.4275
vn -0.9739 -0.2143 0.0750
vn -0.9574 0.0170 -0.2882
vn -0.7823 0.2300 -0.5790
vn -0.5105 0.3934 -0.7646
vn -0.1880 0.4997 -0.8456
vn 0.1604 0.5452 -0.8229
vn 0.5092 0.5192 -0.6864
vn 0.8070 0.4074 -0.4275
vn 0.9739 0.2143 -0.0750
vn 0.9574 -0.0170 0.2882
vn 0.7823 -0.2300 0.5790
vn 0.5105 -0.3934 0.7646
vn 0.1880 -0.4997 0.8456
vn -0.1112 0.7836 0.6113
vn -0.1604 -0.5452 0.8229
vn -0.5092 -0.5192 0.6864
vn 0.1112 -0.7836 -0.6113
vn -0.6459 -0.4456 0.6198
vn -0.8597 -0.1417 0.4907
vn -0.9407 0.1990 0.2747
vn -0.8603 0.5096 0.0086
vn -0.6386 0.7271 -0.2519
vn -0.3300 0.8234 -0.4617
vn 0.0123 0.8009 -0.5987
vn 0.3491 0.6713 -0.6538
vn 0.6459 0.4456 -0.6198
vn 0.8597 0.1417 -0.4907
vn 0.9407 -0.1990 -0.2747
vn 0.8604 -0.5096 -0.0086
vn 0.6386 -0.7271 0.2519
vn 0.3300 -0.8234 0.4617
vn 0.3273 0.4466 0.8327
vn -0.0123 -0.8009 0.5987
vn -0.3491 -0.6713 0.6538
vn -0.3273 -0.4466 -0.8327
vn -0.7617 -0.6241 -0.1739
vn -0.8588 -0.3045 -0.4119
vn -0.8183 0.0441 -0.5731
vn -0.6668 0.3693 -0.6473
vn -0.4307 0.6408 -0.6355
vn -0.1303 0.8330 -0.5378
vn 0.2067 0.9120 -0.3543
vn 0.5278 0.8433 -0.1016
vn 0.7617 0.6241 0.1739
vn 0.8588 0.3045 0.4119
vn 0.8183 -0.0441 0.5731
vn 0.6668 -0.3693 0.6473
vn 0.4307 -0.6408 0.6355
vn 0.1303 -0.8330 0.5378
vn -0.4212 0.3361 0.8424
vn -0.2067 -0.9120 0.3543
vn -0.5278 -0.8433 0.1016
vn 0.4212 -0.3361 -0.8424
vn -0.8287 -0.5564 0.0608
vn -0.8051 -0.4647 -0.3686
vn -0.6441 -0.2991 -0.7040
vn -0.4058 -0.1061 -0.9078
vn -0.1323 0.0881 -0.9873
vn 0.1571 0.2719 -0.9494
vn 0.4450 0.4322 -0.7843
vn 0.6919 0.5405 -0.4787
vn 0.8287 0.5564 -0.0608
vn 0.8051 0.4647 0.3686
vn 0.6441 0.2991 0.7040
vn 0.4058 0.1061 0.9078
vn 0.1323 -0.0881 0.9873
vn -0.1571 -0.2719 0.9494
vn -0.5445 0.8303 0.1188
vn -0.4450 -0.4322 0.7843
vn -0.6919 -0.5405 0.4787
vn 0.5445 -0.8303 -0.1188
vn -0.5530 0.0357 0.8324
vn -0.8281 0.1469 0.5410
vn -0.9632 0.2375 0.1262
vn -0.9097 0.2806 -0.3063
vn -0.7078 0.2730 -0.6515
vn -0.4276 0.2286 -0.8746
vn -0.1113 0.1592 -0.9810
vn 0.2225 0.0700 -0.9724
vn 0.5530 -0.0357 -0.8324
vn 0.8281 -0.1469 -0.5410
vn 0.9632 -0.2375 -0.1262
vn 0.9097 -0.2806 0.3063
vn 0.7078 -0.2730 0.6515
vn 0.4276 -0.2286 0.8746
vn 0.2601 0.9566 0.1312
vn 0.1113 -0.1592 0.9810
vn -0.2226 -0.0700 0.9724
vn -0.2601 -0.9566 -0.1312
vn -0.6349 -0.4806 0.6050
vn -0.8378 -0.1614 0.5216
vn -0.9153 0.1966 0.3515
vn -0.8403 0.5290 0.1187
vn -0.6257 0.7689 -0.1311
vn -0.3209 0.8795 -0.3513
vn 0.0185 0.8587 -0.5121
vn 0.3490 0.7203 -0.5995
vn 0.6349 0.4806 -0.6050
vn 0.8378 0.1614 -0.5216
vn 0.9153 -0.1966 -0.3515
vn 0.8403 -0.5290 -0.1187
vn 0.6257 -0.7689 0.1311
vn 0.3209 -0.8796 0.3513
vn 0.3746 0.3531 0.8573
vn -0.0185 -0.8587 0.5121
vn -0.3490 -0.7203 0.5995
vn -0.3746 -0.3531 -0.8573
vn -0.7875 -0.6120 0.0732
vn -0.9500 -0.2698 0.1572
vn -0.9692 0.1151 0.2178
vn -0.8398 0.4843 0.2453
vn -0.5806 0.7795 0.2350
vn -0.2324 0.9542 0.1885
vn 0.1496 0.9822 0.1135
vn 0.5070 0.8617 0.0217
vn 0.7875 0.6120 -0.0732
vn 0.9500 0.2698 -0.1572
vn 0.9692 -0.1151 -0.2178
vn 0.8398 -0.4843 -0.2453
vn 0.5806 -0.7795 -0.2350
vn 0.2324 -0.9542 -0.1885
vn 0.1952 -0.1459 0.9699
vn -0.1496 -0.9822 -0.1135
vn -0.5070 -0.8617 -0.0217
vn -0.1952 0.1459 -0.9699
vn -0.6929 -0.5069 -0.5128
vn -0.8521 -0.1693 -0.4953
vn -0.8923 0.1909 -0.4090
vn -0.8053 0.5318 -0.2620
vn -0.5915 0.8033 -0.0695
vn -0.2750 0.9512 0.1398
vn 0.0883 0.9411 0.3264
vn 0.4288 0.7798 0.4561
vn 0.6929 0.5069 0.5128
vn 0.8521 0.1693 0.4953
vn 0.8923 -0.1909 0.4090
vn 0.8053 -0.5318 0.2620
vn 0.5915 -0.8033 0.0695
vn 0.2750 -0.9512 -0.1398
vn -0.3303 -0.2469 0.9110
vn -0.0883 -0.9411 -0.3264
vn -0.4288 -0.7798 -0.4561
vn 0.3303 0.2469 -0.9110
vn -0.7740 -0.5404 0.3299
vn -0.9619 -0.2241 0.1568
vn -0.9904 0.1315 -0.0436
vn -0.8579 0.4582 -0.2326
vn -0.6001 0.7040 -0.3798
vn -0.2643 0.8429 -0.4688
vn 0.1064 0.8639 -0.4922
vn 0.4695 0.7621 -0.4459
vn 0.7741 0.5404 -0.3299
vn 0.9619 0.2241 -0.1568
vn 0.9904 -0.1315 0.0436
vn 0.8579 -0.4582 0.2326
vn 0.6001 -0.7040 0.3798
vn 0.2643 -0.8429 0.4688
vn 0.0636 0.3752 0.9248
vn -0.1064 -0.8639 0.4922
vn -0.4695 -0.7621 0.4459
vn -0.0636 -0.3752 -0.9248
vn -0.5115 -0.5929 0.6220
vn -0.6246 -0.2597 0.7365
vn -0.6521 0.1112 0.7499
vn -0.5856 0.4779 0.6547
vn -0.4242 0.7843 0.4526
vn -0.1880 0.9674 0.1699
vn 0.0782 0.9871 -0.1395
vn 0.3233 0.8496 -0.4166
vn 0.5115 0.5929 -0.6220
vn 0.6246 0.2597 -0.7365
vn 0.6521 -0.1112 -0.7499
vn 0.5856 -0.4779 -0.6547
vn 0.4242 -0.7843 -0.4526
vn 0.1880 -0.9674 -0.1699
vn 0.6665 -0.0016 0.7455
vn -0.0782 -0.9871 0.1395
vn -0.3233 -0.8496 0.4166
vn -0.6665 0.0016 -0.7455
vn -0.8250 -0.5222 -0.2161
vn -0.9508 -0.2950 0.0950
vn -0.9196 -0.0173 0.3926
vn -0.7402 0.2580 0.6210
vn -0.4541 0.4850 0.7474
vn -0.1109 0.6363 0.7634
vn 0.2455 0.6979 0.6728
vn 0.5733 0.6608 0.4844
vn 0.8250 0.5222 0.2161
vn 0.9508 0.2950 -0.0950
vn 0.9196 0.0173 -0.3925
vn 0.7402 -0.2580 -0.6210
vn 0.4541 -0.4850 -0.7474
vn 0.1108 -0.6363 -0.7634
vn 0.2699 -0.6238 0.7335
vn -0.2455 -0.6979 -0.6728
vn -0.5733 -0.6608 -0.4844
vn -0.2699 0.6238 -0.7335
vn -0.8103 -0.5543 0.1904
vn -0.9610 -0.2659 -0.0766
vn -0.9442 0.0606 -0.3239
vn -0.7821 0.3607 -0.5081
vn -0.5189 0.5960 -0.6127
vn -0.1919 0.7486 -0.6346
vn 0.1687 0.8033 -0.5711
vn 0.5233 0.7418 -0.4195
vn 0.8103 0.5543 -0.1904
vn 0.9610 0.2659 0.0766
vn 0.9442 -0.0606 0.3239
vn 0.7821 -0.3607 0.5081
vn 0.5189 -0.5960 0.6127
vn 0.1919 -0.7486 0.6346
vn -0.1634 0.4963 0.8526
vn -0.1686 -0.8033 0.5711
vn -0.5233 -0.7417 0.4195
vn 0.1634 -0.4963 -0.8526
vn -0.6914 -0.5444 0.4750
vn -0.8806 -0.2092 0.4252
vn -0.9367 0.1675 0.3074
vn -0.8415 0.5222 0.1381
vn -0.6109 0.7900 -0.0524
vn -0.2906 0.9287 -0.2303
vn 0.0645 0.9269 -0.3697
vn 0.4059 0.7928 -0.4546
vn 0.6914 0.5444 -0.4750
vn 0.8806 0.2092 -0.4252
vn 0.9367 -0.1675 -0.3074
vn 0.8415 -0.5222 -0.1381
vn 0.6109 -0.7900 0.0524
vn 0.2906 -0.9287 0.2303
vn 0.3194 0.2265 0.9202
vn -0.0645 -0.9269 0.3697
vn -0.4059 -0.7928 0.4546
vn -0.3194 -0.2265 -0.9202
vn -0.7170 -0.5787 -0.3885
vn -0.8512 -0.2278 -0.4728
vn -0.8609 0.1453 -0.4876
vn -0.7515 0.4962 -0.4349
vn -0.5325 0.7840 -0.3190
vn -0.2242 0.9629 -0.1502
vn 0.1303 0.9903 0.0484
vn 0.4651 0.8521 0.2401
vn 0.7170 0.5787 0.3885
vn 0.8512 0.2278 0.4728
vn 0.8609 -0.1453 0.4876
vn 0.7515 -0.4962 0.4349
vn 0.5325 -0.7840 0.3190
vn 0.2242 -0.9629 0.1502
vn -0.3714 -0.0180 0.9283
vn -0.1303 -0.9903 -0.0484
vn -0.4651 -0.8521 -0.2401
vn 0.3714 0.0180 -0.9283
vn -0.7332 -0.6569 -0.1757
vn -0.7315 -0.4246 -0.5335
vn -0.6137 -0.1444 -0.7762
vn -0.4239 0.1322 -0.8960
vn -0.1897 0.3832 -0.9040
vn 0.0749 0.5945 -0.8006
vn 0.3513 0.7393 -0.5745
vn 0.5939 0.7713 -0.2288
vn 0.7332 0.6569 0.1757
vn 0.7315 0.4246 0.5335
vn 0.6137 0.1444 0.7762
vn 0.4238 -0.1322 0.8960
vn 0.1897 -0.3832 0.9040
vn -0.0749 -0.5945 0.8006
vn -0.6430 0.6132 0.4588
vn -0.3513 -0.7393 0.5745
vn -0.5939 -0.7713 0.2288
vn 0.6430 -0.6132 -0.4588
vn -0.6988 -0.2191 0.6809
vn -0.9300 -0.0553 0.3635
vn -0.9915 0.1253 -0.0357
vn -0.8682 0.2758 -0.4126
vn -0.6192 0.3701 -0.6925
vn -0.3082 0.4083 -0.8593
vn 0.0303 0.3962 -0.9176
vn 0.3767 0.3345 -0.8639
vn 0.6988 0.2191 -0.6809
vn 0.9300 0.0553 -0.3635
vn 0.9915 -0.1253 0.0357
vn 0.8682 -0.2758 0.4126
vn 0.6192 -0.3701 0.6925
vn 0.3082 -0.4083 0.8593
vn 0.1201 0.8763 0.4665
vn -0.0303 -0.3962 0.9176
vn -0.3767 -0.3345 0.8638
vn -0.1201 -0.8763 -0.4665
vn -0.4587 -0.1278 0.8794
vn -0.7219 0.0916 0.6859
vn -0.8808 0.3142 0.3543
vn -0.8743 0.4823 -0.0545
vn -0.7100 0.5549 -0.4335
vn -0.4517 0.5364 -0.7130
vn -0.1541 0.4499 -0.8797
vn 0.1553 0.3116 -0.9374
vn 0.4587 0.1278 -0.8794
vn 0.7219 -0.0916 -0.6859
vn 0.8808 -0.3142 -0.3543
vn 0.8743 -0.4823 0.0545
vn 0.7100 -0.5549 0.4335
vn 0.4516 -0.5364 0.7130
vn 0.4431 0.7903 0.4231
vn 0.1541 -0.4499 0.8797
vn -0.1554 -0.3116 0.9374
vn -0.4431 -0.7903 -0.4231
vn -0.4583 -0.4551 0.7635
vn -0.6338 -0.1318 0.7622
vn -0.7255 0.2262 0.6500
vn -0.7047 0.5672 0.4263
vn -0.5607 0.8189 0.1222
vn -0.3227 0.9256 -0.1978
vn -0.0451 0.8809 -0.4711
vn 0.2248 0.7133 -0.6638
vn 0.4583 0.4551 -0.7635
vn 0.6338 0.1318 -0.7622
vn 0.7255 -0.2262 -0.6500
vn 0.7047 -0.5672 -0.4263
vn 0.5607 -0.8189 -0.1222
vn 0.3227 -0.9256 0.1978
vn 0.6214 0.2939 0.7263
vn 0.0451 -0.8809 0.4712
vn -0.2248 -0.7133 0.6638
vn -0.6214 -0.2939 -0.7263
vn -0.7894 -0.4488 0.4188
vn -0.9711 -0.2081 0.1171
vn -0.9762 0.0700 -0.2054
vn -0.8180 0.3219 -0.4768
vn -0.5516 0.5097 -0.6602
vn -0.2257 0.6226 -0.7493
vn 0.1293 0.6564 -0.7432
vn 0.4844 0.6019 -0.6349
vn 0.7894 0.4488 -0.4188
vn 0.9711 0.2081 -0.1171
vn 0.9762 -0.0701 0.2054
vn 0.8180 -0.3219 0.4768
vn 0.5516 -0.5097 0.6602
vn 0.2257 -0.6226 0.7493
vn -0.0436 0.6679 0.7429
vn -0.1293 -0.6564 0.7432
vn -0.4844 -0.6019 0.6349
vn 0.0436 -0.6679 -0.7429
vn -0.6998 0.0673 0.7112
vn -0.9341 0.0741 0.3493
vn -0.9936 0.0668 -0.0915
vn -0.8685 0.0475 -0.4934
vn -0.6217 0.0228 -0.7829
vn -0.3144 -0.0029 -0.9493
vn 0.0227 -0.0277 -0.9994
vn 0.3720 -0.0501 -0.9269
vn 0.6998 -0.0673 -0.7112
vn 0.9341 -0.0741 -0.3493
vn 0.9936 -0.0668 0.0915
vn 0.8685 -0.0475 0.4934
vn 0.6217 -0.0228 0.7829
vn 0.3144 0.0029 0.9493
vn 0.0660 0.9946 -0.0800
vn -0.0227 0.0277 0.9994
vn -0.3720 0.0501 0.9269
vn -0.0660 -0.9946 0.0800
vn 0.0768 0.0087 0.9970
vn -0.1415 0.2826 0.9487
vn -0.3608 0.5424 0.7587
vn -0.5386 0.7329 0.4156
vn -0.6172 0.7865 -0.0223
vn -0.5771 0.6910 -0.4353
vn -0.4510 0.4970 -0.7414
vn -0.2775 0.2554 -0.9262
vn -0.0768 -0.0087 -0.9970
vn 0.1415 -0.2826 -0.9487
vn 0.3608 -0.5424 -0.7587
vn 0.5386 -0.7329 -0.4156
vn 0.6172 -0.7865 0.0223
vn 0.5771 -0.6910 0.4353
vn 0.7830 0.6178 -0.0717
vn 0.4510 -0.4970 0.7414
vn 0.2775 -0.2554 0.9262
vn -0.7830 -0.6178 0.0717
vn -0.3455 -0.5331 0.7723
vn -0.4516 -0.2045 0.8685
vn -0.5000 0.1563 0.8518
vn -0.4789 0.5141 0.7116
vn -0.3785 0.8107 0.4466
vn -0.2078 0.9737 0.0939
vn -0.0037 0.9631 -0.2691
vn 0.1898 0.7998 -0.5695
vn 0.3455 0.5331 -0.7723
vn 0.4516 0.2045 -0.8685
vn 0.5000 -0.1563 -0.8518
vn 0.4789 -0.5141 -0.7116
vn 0.3785 -0.8107 -0.4466
vn 0.2078 -0.9737 -0.0939
vn 0.7967 0.1001 0.5960
vn 0.0037 -0.9631 0.2691
vn -0.1898 -0.7998 0.5695
vn -0.7967 -0.1001 -0.5960
vn -0.7210 -0.6515 0.2360
vn -0.8159 -0.3463 0.4630
vn -0.7871 0.0057 0.6169
vn -0.6434 0.3534 0.6791
vn -0.4055 0.6504 0.6423
vn -0.1035 0.8545 0.5090
vn 0.2197 0.9300 0.2947
vn 0.5113 0.8588 0.0314
vn 0.7210 0.6515 -0.2360
vn 0.8159 0.3463 -0.4630
vn 0.7871 -0.0057 -0.6169
vn 0.6435 -0.3533 -0.6791
vn 0.4055 -0.6504 -0.6423
vn 0.1035 -0.8545 -0.5090
vn 0.4945 -0.3260 0.8057
vn -0.2197 -0.9300 -0.2947
vn -0.5113 -0.8588 -0.0314
vn -0.4945 0.3260 -0.8057
vn -0.6154 -0.4537 0.6445
vn -0.8239 -0.1417 0.5488
vn -0.9094 0.2078 0.3604
vn -0.8415 0.5297 0.1060
vn -0.6324 0.7574 -0.1625
vn -0.3328 0.8566 -0.3943
vn 0.0015 0.8288 -0.5595
vn 0.3287 0.6894 -0.6455
vn 0.6154 0.4537 -0.6445
vn 0.8238 0.1417 -0.5488
vn 0.9094 -0.2078 -0.3603
vn 0.8415 -0.5297 -0.1060
vn 0.6324 -0.7574 0.1625
vn 0.3328 -0.8566 0.3943
vn 0.3892 0.3992 0.8301
vn -0.0015 -0.8288 0.5595
vn -0.3287 -0.6894 0.6455
vn -0.3892 -0.3992 -0.8301
vn -0.0132 -0.1439 0.9895
vn -0.2030 0.1488 0.9678
vn -0.3811 0.4461 0.8098
vn -0.5131 0.6988 0.4984
vn -0.5530 0.8299 0.0736
vn -0.4866 0.7994 -0.3523
vn -0.3471 0.6418 -0.6838
vn -0.1735 0.4123 -0.8944
vn 0.0132 0.1439 -0.9895
vn 0.2030 -0.1488 -0.9678
vn 0.3811 -0.4461 -0.8098
vn 0.5131 -0.6988 -0.4984
vn 0.5530 -0.8299 -0.0736
vn 0.4866 -0.7994 0.3523
vn 0.8323 0.5373 0.1366
vn 0.3471 -0.6418 0.6839
vn 0.1735 -0.4123 0.8944
vn -0.8323 -0.5373 -0.1366
vn -0.2286 -0.7277 0.6466
vn -0.1656 -0.4448 0.8802
vn -0.0856 -0.1234 0.9887
vn 0.0043 0.2114 0.9774
vn 0.0989 0.5378 0.8372
vn 0.1870 0.8114 0.5538
vn 0.2476 0.9574 0.1483
vn 0.2612 0.9214 -0.2877
vn 0.2286 0.7277 -0.6466
vn 0.1656 0.4448 -0.8802
vn 0.0856 0.1234 -0.9887
vn -0.0043 -0.2113 -0.9774
vn -0.0989 -0.5378 -0.8372
vn -0.1870 -0.8114 -0.5538
vn 0.9568 -0.2584 0.1332
vn -0.2476 -0.9574 -0.1483
vn -0.2612 -0.9214 0.2877
vn -0.9568 0.2584 -0.1332
vn -0.7846 -0.5673 -0.2501
vn -0.9535 -0.2264 -0.1990
vn -0.9817 0.1490 -0.1182
vn -0.8624 0.5060 -0.0188
vn -0.6084 0.7891 0.0847
vn -0.2576 0.9502 0.1756
vn 0.1325 0.9620 0.2387
vn 0.4981 0.8258 0.2644
vn 0.7846 0.5673 0.2501
vn 0.9535 0.2264 0.1990
vn 0.9817 -0.1490 0.1182
vn 0.8623 -0.5060 0.0188
vn 0.6084 -0.7891 -0.0847
vn 0.2576 -0.9502 -0.1756
vn -0.0731 -0.2079 0.9754
vn -0.1325 -0.9620 -0.2387
vn -0.4981 -0.8258 -0.2644
vn 0.0731 0.2079 -0.9754
vn -0.8027 -0.5943 0.0500
vn -0.9508 -0.2699 -0.1525
vn -0.9415 0.0893 -0.3249
vn -0.7919 0.4212 -0.4421
vn -0.5354 0.6850 -0.4941
vn -0.2054 0.8540 -0.4779
vn 0.1626 0.9051 -0.3929
vn 0.5202 0.8185 -0.2438
vn 0.8027 0.5943 -0.0500
vn 0.9508 0.2699 0.1525
vn 0.9415 -0.0893 0.3249
vn 0.7919 -0.4212 0.4421
vn 0.5354 -0.6850 0.4941
vn 0.2054 -0.8540 0.4779
vn -0.1796 0.3239 0.9289
vn -0.1626 -0.9051 0.3929
vn -0.5202 -0.8185 0.2438
vn 0.1796 -0.3239 -0.9289
vn -0.6930 -0.6187 0.3700
vn -0.8363 -0.2788 0.4721
vn -0.8568 0.1043 0.5049
vn -0.7480 0.4766 0.4618
vn -0.5215 0.7798 0.3464
vn -0.2116 0.9614 0.1757
vn 0.1297 0.9913 -0.0215
vn 0.4467 0.8690 -0.2129
vn 0.6930 0.6187 -0.3700
vn 0.8363 0.2788 -0.4721
vn 0.8568 -0.1043 -0.5049
vn 0.7480 -0.4766 -0.4618
vn 0.5215 -0.7798 -0.3464
vn 0.2116 -0.9614 -0.1757
vn 0.4320 -0.0715 0.8991
vn -0.1297 -0.9913 0.0215
vn -0.4467 -0.8690 0.2129
vn -0.4320 0.0715 -0.8991
vn -0.7934 -0.4053 -0.4541
vn -0.9664 -0.1833 -0.1801
vn -0.9880 0.0772 0.1338
vn -0.8421 0.3275 0.4285
vn -0.5606 0.5181 0.6459
vn -0.2050 0.6219 0.7558
vn 0.1670 0.6341 0.7550
vn 0.5124 0.5597 0.6513
vn 0.7934 0.4053 0.4541
vn 0.9664 0.1833 0.1801
vn 0.9880 -0.0772 -0.1338
vn 0.8421 -0.3275 -0.4285
vn 0.5606 -0.5181 -0.6459
vn 0.2050 -0.6219 -0.7558
vn 0.0545 -0.6763 0.7346
vn -0.1669 -0.6341 -0.7550
vn -0.5124 -0.5597 -0.6513
vn -0.0545 0.6763 -0.7346
vn -0.5238 -0.4297 -0.7355
vn -0.6657 -0.0980 -0.7398
vn -0.7208 0.2430 -0.6491
vn -0.6807 0.5641 -0.4673
vn -0.5343 0.8208 -0.2023
vn -0.2875 0.9511 0.1128
vn 0.0138 0.9115 0.4111
vn 0.3005 0.7184 0.6274
vn 0.5238 0.4297 0.7355
vn 0.6657 0.0980 0.7398
vn 0.7208 -0.2430 0.6491
vn 0.6807 -0.5641 0.4673
vn 0.5343 -0.8208 0.2023
vn 0.2875 -0.9511 -0.1128
vn -0.5918 -0.2892 0.7524
vn -0.0137 -0.9115 -0.4111
vn -0.3006 -0.7184 -0.6274
vn 0.5918 0.2892 -0.7524
vn -0.5691 -0.5432 0.6174
vn -0.7304 -0.2073 0.6508
vn -0.7896 0.1682 0.5901
vn -0.7274 0.5308 0.4349
vn -0.5437 0.8140 0.2045
vn -0.2707 0.9609 -0.0588
vn 0.0373 0.9515 -0.3053
vn 0.3293 0.8020 -0.4983
vn 0.5691 0.5432 -0.6174
vn 0.7304 0.2073 -0.6508
vn 0.7896 -0.1682 -0.5901
vn 0.7274 -0.5308 -0.4349
vn 0.5437 -0.8140 -0.2045
vn 0.2707 -0.9609 0.0588
vn 0.5402 0.1479 0.8284
vn -0.0374 -0.9515 0.3053
vn -0.3293 -0.8020 0.4983
vn -0.5402 -0.1479 -0.8284
vn -0.7896 -0.6128 0.0324
vn -0.9288 -0.2984 0.2199
vn -0.9255 0.0619 0.3737
vn -0.7806 0.4120 0.4700
vn -0.5174 0.6984 0.4946
vn -0.1765 0.8784 0.4442
vn 0.1909 0.9256 0.3267
vn 0.5301 0.8328 0.1596
vn 0.7896 0.6128 -0.0324
vn 0.9288 0.2984 -0.2199
vn 0.9255 -0.0619 -0.3737
vn 0.7806 -0.4120 -0.4700
vn 0.5174 -0.6984 -0.4946
vn 0.1765 -0.8784 -0.4442
vn 0.2911 -0.3235 0.9003
vn -0.1909 -0.9256 -0.3267
vn -0.5301 -0.8328 -0.1596
vn -0.2911 0.3235 -0.9003
vn -0.7780 -0.5477 0.3078
vn -0.9636 -0.2285 0.1385
vn -0.9900 0.1300 -0.0545
vn -0.8565 0.4597 -0.2345
vn -0.5983 0.7091 -0.3731
vn -0.2615 0.8512 -0.4551
vn 0.1104 0.8740 -0.4732
vn 0.4742 0.7717 -0.4238
vn 0.7780 0.5477 -0.3078
vn 0.9636 0.2285 -0.1385
vn 0.9900 -0.1299 0.0545
vn 0.8565 -0.4597 0.2345
vn 0.5983 -0.7091 0.3731
vn 0.2615 -0.8512 0.4551
vn 0.0529 0.3586 0.9320
vn -0.1104 -0.8740 0.4732
vn -0.4742 -0.7717 0.4238
vn -0.0529 -0.3586 -0.9320
vn -0.3239 -0.2055 0.9235
vn -0.5548 0.0683 0.8291
vn -0.7197 0.3563 0.5959
vn -0.7645 0.5991 0.2380
vn -0.6647 0.7286 -0.1651
vn -0.4575 0.7253 -0.5145
vn -0.2015 0.6175 -0.7603
vn 0.0652 0.4381 -0.8965
vn 0.3239 0.2055 -0.9235
vn 0.5549 -0.0683 -0.8291
vn 0.7197 -0.3563 -0.5959
vn 0.7645 -0.5991 -0.2380
vn 0.6647 -0.7286 0.1651
vn 0.4575 -0.7253 0.5145
vn 0.6317 0.6199 0.4655
vn 0.2015 -0.6175 0.7603
vn -0.0653 -0.4381 0.8965
vn -0.6317 -0.6199 -0.4655
vn -0.3264 -0.6420 0.6938
vn -0.3540 -0.3272 0.8761
vn -0.3358 0.0205 0.9417
vn -0.2735 0.3735 0.8864
vn -0.1676 0.6950 0.6992
vn -0.0264 0.9236 0.3825
vn 0.1241 0.9922 -0.0136
vn 0.2488 0.8833 -0.3973
vn 0.3264 0.6420 -0.6938
vn 0.3540 0.3272 -0.8761
vn 0.3358 -0.0205 -0.9417
vn 0.2735 -0.3735 -0.8864
vn 0.1676 -0.6950 -0.6992
vn 0.0264 -0.9236 -0.3825
vn 0.8815 -0.1208 0.4565
vn -0.1241 -0.9922 0.0136
vn -0.2488 -0.8833 0.3973
vn -0.8815 0.1208 -0.4565
vn -0.5353 -0.7308 0.4236
vn -0.4999 -0.4754 0.7239
vn -0.3962 -0.1693 0.9024
vn -0.2451 0.1476 0.9582
vn -0.0605 0.4495 0.8913
vn 0.1431 0.7050 0.6946
vn 0.3381 0.8647 0.3714
vn 0.4808 0.8763 -0.0318
vn 0.5353 0.7308 -0.4236
vn 0.4999 0.4754 -0.7240
vn 0.3962 0.1693 -0.9024
vn 0.2451 -0.1476 -0.9582
vn 0.0605 -0.4495 -0.8913
vn -0.1431 -0.7050 -0.6946
vn 0.8011 -0.4355 0.4105
vn -0.3381 -0.8647 -0.3714
vn -0.4808 -0.8763 0.0318
vn -0.8011 0.4355 -0.4105
vn -0.8211 -0.5533 -0.1402
vn -0.9256 -0.3297 0.1857
vn -0.8760 -0.0523 0.4794
vn -0.6889 0.2255 0.6888
vn -0.4065 0.4604 0.7892
vn -0.0732 0.6256 0.7767
vn 0.2717 0.7043 0.6559
vn 0.5865 0.6825 0.4361
vn 0.8211 0.5533 0.1402
vn 0.9256 0.3297 -0.1857
vn 0.8760 0.0523 -0.4794
vn 0.6889 -0.2255 -0.6888
vn 0.4065 -0.4604 -0.7892
vn 0.0731 -0.6256 -0.7767
vn 0.3434 -0.6194 0.7060
vn -0.2717 -0.7043 -0.6559
vn -0.5865 -0.6825 -0.4361
vn -0.3434 0.6194 -0.7060
vn -0.4750 -0.5762 0.6651
vn -0.5895 -0.2436 0.7702
vn -0.6244 0.1257 0.7709
vn -0.5697 0.4907 0.6593
vn -0.4217 0.7942 0.4376
vn -0.1985 0.9706 0.1362
vn 0.0559 0.9811 -0.1851
vn 0.2916 0.8361 -0.4647
vn 0.4750 0.5762 -0.6651
vn 0.5895 0.2436 -0.7702
vn 0.6244 -0.1257 -0.7709
vn 0.5697 -0.4907 -0.6593
vn 0.4217 -0.7941 -0.4376
vn 0.1985 -0.9706 -0.1362
vn 0.6943 0.0339 0.7189
vn -0.0559 -0.9811 0.1851
vn -0.2916 -0.8361 0.4647
vn -0.6943 -0.0339 -0.7189
vn 0.0362 -0.6325 0.7737
vn 0.0748 -0.3244 0.9430
vn 0.1032 0.0115 0.9946
vn 0.1200 0.3573 0.9262
vn 0.1211 0.6837 0.7197
vn 0.1014 0.9242 0.3681
vn 0.0612 0.9957 -0.0701
vn 0.0111 0.8783 -0.4780
vn -0.0362 0.6325 -0.7737
vn -0.0748 0.3244 -0.9430
vn -0.1032 -0.0115 -0.9946
vn -0.1200 -0.3573 -0.9262
vn -0.1211 -0.6837 -0.7197
vn -0.1014 -0.9242 -0.3681
vn 0.9952 -0.0653 -0.0729
vn -0.0612 -0.9957 0.0701
vn -0.0111 -0.8783 0.4780
vn -0.9952 0.0653 0.0729
vn -0.7867 -0.6174 0.0022
vn -0.6773 -0.5977 0.4290
vn -0.4563 -0.4744 0.7528
vn -0.1890 -0.2933 0.9372
vn 0.0842 -0.0875 0.9926
vn 0.3457 0.1273 0.9297
vn 0.5780 0.3385 0.7425
vn 0.7440 0.5183 0.4218
vn 0.7867 0.6174 -0.0022
vn 0.6773 0.5977 -0.4290
vn 0.4563 0.4744 -0.7528
vn 0.1890 0.2933 -0.9372
vn -0.0842 0.0875 -0.9926
vn -0.3457 -0.1273 -0.9297
vn 0.6144 -0.7846 -0.0831
vn -0.5780 -0.3385 -0.7425
vn -0.7440 -0.5183 -0.4218
vn -0.6144 0.7846 0.0831
vn -0.8182 -0.3611 -0.4474
vn -0.9730 -0.2049 -0.1063
vn -0.9639 -0.0071 0.2663
vn -0.7857 0.1901 0.5886
vn -0.4892 0.3470 0.8002
vn -0.1390 0.4451 0.8846
vn 0.2179 0.4810 0.8492
vn 0.5492 0.4539 0.7016
vn 0.8182 0.3611 0.4474
vn 0.9730 0.2049 0.1063
vn 0.9639 0.0070 -0.2663
vn 0.7857 -0.1901 -0.5886
vn 0.4892 -0.3470 -0.8002
vn 0.1390 -0.4451 -0.8846
vn 0.1444 -0.8016 0.5801
vn -0.2179 -0.4810 -0.8492
vn -0.5492 -0.4539 -0.7016
vn -0.1444 0.8016 -0.5801
vn -0.6735 -0.3827 -0.6324
vn -0.8608 -0.0942 -0.5002
vn -0.9313 0.2176 -0.2921
vn -0.8596 0.5101 -0.0284
vn -0.6409 0.7263 0.2486
vn -0.3133 0.8179 0.4825
vn 0.0533 0.7745 0.6304
vn 0.3956 0.6188 0.6787
vn 0.6735 0.3827 0.6324
vn 0.8608 0.0942 0.5002
vn 0.9313 -0.2176 0.2921
vn 0.8596 -0.5101 0.0284
vn 0.6409 -0.7263 -0.2486
vn 0.3133 -0.8179 -0.4825
vn -0.2719 -0.5153 0.8127
vn -0.0534 -0.7745 -0.6304
vn -0.3956 -0.6188 -0.6787
vn 0.2719 0.5153 -0.8127
vn -0.7544 -0.6405 0.1440
vn -0.8523 -0.3470 0.3913
vn -0.8183 -0.0051 0.5748
vn -0.6633 0.3326 0.6704
vn -0.4124 0.6199 0.6675
vn -0.0991 0.8181 0.5665
vn 0.2342 0.8956 0.3782
vn 0.5360 0.8345 0.1280
vn 0.7544 0.6405 -0.1440
vn 0.8523 0.3470 -0.3913
vn 0.8183 0.0051 -0.5748
vn 0.6633 -0.3326 -0.6704
vn 0.4124 -0.6199 -0.6675
vn 0.0990 -0.8181 -0.5665
vn 0.4500 -0.3874 0.8046
vn -0.2342 -0.8956 -0.3782
vn -0.5360 -0.8345 -0.1279
vn -0.4500 0.3874 -0.8046
vn -0.8313 -0.5481 -0.0924
vn -0.7933 -0.5026 0.3437
vn -0.6139 -0.3685 0.6981
vn -0.3553 -0.1890 0.9154
vn -0.0691 0.0021 0.9976
vn 0.2189 0.1886 0.9573
vn 0.4908 0.3587 0.7940
vn 0.7140 0.4907 0.4994
vn 0.8313 0.5481 0.0924
vn 0.7933 0.5026 -0.3437
vn 0.6139 0.3685 -0.6981
vn 0.3553 0.1890 -0.9154
vn 0.0691 -0.0021 -0.9976
vn -0.2190 -0.1886 -0.9573
vn 0.5448 -0.8294 0.1236
vn -0.4908 -0.3587 -0.7940
vn -0.7140 -0.4907 -0.4994
vn -0.5448 0.8294 -0.1236
vn -0.1544 0.6717 -0.7245
vn -0.7099 -0.5452 -0.4458
vn -0.3604 0.7366 -0.5722
vn -0.8551 -0.4804 -0.1953
vn -0.5114 0.7939 -0.3290
vn -0.8896 -0.4399 0.1226
vn -0.5564 0.8308 -0.0135
vn -0.7854 -0.4402 0.4352
vn -0.4602 0.8344 0.3033
vn -0.5762 -0.4789 0.6623
vn -0.2515 0.8041 0.5386
vn -0.3266 -0.5385 0.7767
vn 0.0047 0.7514 0.6598
vn -0.0782 -0.6048 0.7925
vn 0.2625 0.6872 0.6774
vn 0.5024 0.6171 0.6056
vn 0.1544 -0.6717 0.7245
vn 0.7099 0.5452 0.4458
vn 0.3604 -0.7366 0.5722
vn 0.8550 0.4804 0.1952
vn 0.5114 -0.7938 0.3290
vn 0.8897 0.4399 -0.1226
vn 0.5564 -0.8308 0.0136
vn 0.7854 0.4402 -0.4352
vn 0.4602 -0.8344 -0.3033
vn 0.5762 0.4789 -0.6623
vn 0.2515 -0.8041 -0.5386
vn 0.3266 0.5386 -0.7767
vn -0.0046 -0.7514 -0.6598
vn 0.0782 0.6048 -0.7925
vn -0.5024 -0.6170 -0.6057
vn 0.3465 -0.9380 -0.0004
vn -0.6793 0.7339 -0.0058
vn -0.5230 0.8524 -0.0027
vn -0.3465 0.9380 0.0004
vn 0.6688 0.5573 -0.4920
vn 0.5917 -0.8038 -0.0619
vn -0.6688 -0.5574 0.4920
vn 0.0661 0.9496 -0.3063
vn 0.7870 0.5042 0.3557
vn -0.1425 -0.8424 -0.5197
vn 0.1426 0.8424 0.5197
vn -0.3557 -0.8231 -0.4426
vn 0.6474 0.0654 -0.7593
vn 0.3557 0.8231 0.4427
vn 0.9507 0.2832 0.1264
vn 0.4737 -0.5187 0.7118
vn -0.4737 0.5186 -0.7118
vn -0.6112 0.7902 0.0437
vn 0.5304 -0.7835 -0.3237
vn -0.5304 0.7835 0.3238
vn 0.7106 0.4786 -0.5158
vn -0.7250 -0.6731 0.1461
vn 0.1307 0.5385 0.8324
vn -0.8784 0.2511 0.4066
vn 0.0880 0.8932 -0.4411
vn -0.0880 -0.8932 0.4411
vn 0.1008 -0.3880 -0.9161
vn -0.1008 0.3881 0.9161
vn -0.5030 -0.3833 -0.7746
vn -0.6996 0.5775 -0.4209
vn 0.2589 0.0874 -0.9620
vn -0.7867 -0.6087 -0.1026
vn 0.4949 -0.5431 0.6784
vn -0.4949 0.5431 -0.6783
vn 0.8257 0.2969 0.4797
vn 0.7895 -0.0577 0.6111
vn -0.8257 -0.2970 -0.4797
vn -0.7895 0.0578 -0.6111
vn -0.6483 0.3894 -0.6543
vn -0.8374 0.5325 -0.1233
vn -0.1478 -0.8380 0.5253
vn 0.2645 -0.9495 0.1691
vn -0.1159 -0.9686 0.2201
vn -0.1369 -0.1229 -0.9829
vn 0.1159 0.9686 -0.2201
vn 0.1369 0.1229 0.9829
vn 0.1926 0.8881 0.4174
vn 0.2301 -0.3883 0.8923
vn -0.2193 0.9611 -0.1679
vn 0.7795 0.4522 -0.4336
vn 0.6429 0.1681 -0.7473
vn -0.2558 -0.7587 0.5991
vn 0.9916 -0.1270 -0.0263
vn 0.2415 -0.8452 -0.4768
vn -0.1453 -0.8537 -0.5001
vn -0.9916 0.1269 0.0262
vn -0.8645 0.4519 0.2200
vn 0.3769 0.1220 0.9182
vn -0.1261 -0.3665 -0.9218
vn -0.3770 -0.1220 -0.9182
vn -0.7585 0.6031 -0.2468
vn -0.6669 0.7284 0.1568
vn 0.1262 0.3665 0.9218
vn 0.5411 0.4063 0.7363
vn 0.9268 0.3081 0.2149
vn 0.8732 0.0089 0.4873
vn 0.6934 -0.2705 0.6678
vn -0.4320 0.4995 -0.7510
vn 0.6198 0.1699 0.7661
vn 0.5773 -0.5169 0.6320
vn -0.3274 -0.8071 -0.4913
vn -0.5168 -0.5150 -0.6838
vn 0.3274 0.8071 0.4914
vn -0.0439 -0.8623 -0.5046
vn 0.0439 0.8623 0.5046
vn -0.1603 -0.5452 0.8229
vn 0.1603 0.5452 -0.8229
vn -0.6459 -0.4456 0.6199
vn 0.8183 -0.0441 0.5732
vn -0.8183 0.0441 -0.5732
vn 0.2066 0.9120 -0.3543
vn 0.1112 -0.1592 0.9810
vn -0.2225 -0.0700 0.9724
vn -0.3209 0.8796 -0.3513
vn -0.1495 -0.9822 -0.1135
vn -0.0882 -0.9411 -0.3264
vn 0.0882 0.9411 0.3264
vn 0.7740 0.5404 -0.3299
vn -0.1064 -0.8639 0.4923
vn -0.7741 -0.5404 0.3299
vn 0.5115 0.5928 -0.6220
vn 0.6521 -0.1113 -0.7499
vn 0.5856 -0.4780 -0.6547
vn -0.5856 0.4780 0.6547
vn 0.6666 -0.0016 0.7455
vn 0.7402 -0.2580 -0.6209
vn 0.4540 -0.4850 -0.7474
vn -0.9196 -0.0173 0.3925
vn -0.1109 0.6364 0.7634
vn 0.7821 -0.3606 0.5081
vn 0.5189 -0.5960 0.6128
vn -0.1687 -0.8033 0.5711
vn -0.5233 -0.7418 0.4195
vn 0.6109 -0.7900 0.0523
vn -0.6109 0.7900 -0.0523
vn -0.7515 0.4962 -0.4348
vn 0.4239 -0.1322 0.8960
vn 0.3513 0.7392 -0.5745
vn 0.6989 0.2191 -0.6809
vn 0.6192 -0.3701 0.6926
vn 0.3081 -0.4083 0.8593
vn -0.3767 -0.3345 0.8639
vn -0.6192 0.3701 -0.6926
vn -0.3081 0.4083 -0.8593
vn -0.1201 -0.8763 -0.4666
vn 0.4517 -0.5364 0.7130
vn -0.4516 0.5364 -0.7130
vn 0.0451 -0.8809 0.4711
vn 0.9762 -0.0700 0.2054
vn 0.5517 -0.5097 0.6602
vn -0.9762 0.0701 -0.2054
vn 0.4843 0.6019 -0.6349
vn -0.0228 0.0277 0.9994
vn 0.4055 -0.6505 -0.6423
vn 0.5114 0.8588 0.0314
vn 0.8239 0.1417 -0.5488
vn 0.3327 -0.8566 0.3943
vn 0.0132 0.1438 -0.9895
vn 0.1735 -0.4124 0.8944
vn -0.3471 0.6418 -0.6839
vn -0.0043 -0.2114 -0.9774
vn 0.0043 0.2113 0.9774
vn -0.8623 0.5060 -0.0188
vn -0.6085 0.7891 0.0847
vn -0.2051 0.6219 0.7558
vn 0.1669 0.6341 0.7550
vn 0.3006 0.7184 0.6274
vn -0.0373 -0.9515 0.3053
vn 0.0374 0.9515 -0.3053
vn 0.5402 0.1478 0.8284
vn 0.9900 -0.1299 0.0544
vn 0.8565 -0.4598 0.2345
vn -0.9900 0.1299 -0.0545
vn -0.5982 0.7091 -0.3731
vn 0.4743 0.7717 -0.4238
vn 0.5548 -0.0683 -0.8291
vn -0.5549 0.0683 0.8291
vn -0.3263 -0.6420 0.6938
vn -0.4999 -0.4754 0.7240
vn -0.0731 0.6256 0.7767
vn 0.6244 -0.1256 -0.7709
vn 0.9639 0.0071 -0.2663
vn -0.3133 0.8180 0.4825
vn 0.0991 -0.8181 -0.5665
vn -0.5360 -0.8345 -0.1280
vn -0.0990 0.8181 0.5665
vn 0.5360 0.8345 0.1279
vn -0.2189 -0.1886 -0.9573
vn 0.5448 -0.8294 0.1235
vn 0.8551 0.4804 0.1953
vn 0.8896 0.4399 -0.1226
vn 0.5564 -0.8308 0.0135
vn 0.5761 0.4789 -0.6623
vn 0.2515 -0.8042 -0.5386
vn 0.3266 0.5385 -0.7767
vn -0.0047 -0.7514 -0.6598
vn -0.5024 -0.6171 -0.6056
vn -0.2625 -0.6872 -0.6774
vn -0.8551 -0.4804 -0.1952
vn -0.3604 0.7367 -0.5722
vn -0.8897 -0.4399 0.1226
vn -0.5115 0.7938 -0.3290
vn -0.3266 -0.5386 0.7767
vn -0.2515 0.8042 0.5386
vn -0.0325 0.0436 -0.9985
vn 0.0325 -0.0436 0.9985
vn 0.0325 -0.0435 0.9985
vn 0.0324 -0.0435 0.9985
vn -0.0324 0.0435 -0.9985
vn -0.0325 0.0435 -0.9985
vn -0.1354 0.0628 0.9888
vn -0.5917 0.8037 0.0619
vn 0.3834 0.1641 0.9089
vn 0.3833 0.1640 0.9089
vn 0.3833 0.1641 0.9089
vn -0.3834 -0.1641 -0.9089
vn -0.3833 -0.1640 -0.9089
vn -0.3833 -0.1641 -0.9089
vn -0.6005 0.7002 0.3862
vn -0.0036 -0.4443 0.8958
vn -0.0036 -0.4443 0.8959
vn 0.0036 0.4443 -0.8959
vn -0.5499 -0.5348 -0.6416
vn 0.0886 0.9839 0.1553
vn 0.6645 -0.1681 0.7282
vn -0.6474 -0.0655 0.7593
vn -0.6475 -0.0654 0.7593
vn -0.6475 -0.0655 0.7593
vn -0.6474 -0.0655 0.7594
vn 0.6475 0.0654 -0.7593
vn -0.2342 0.5899 0.7727
vn 0.2342 -0.5899 -0.7727
vn 0.7894 -0.3339 -0.5150
vn -0.2619 -0.3084 0.9145
vn 0.2619 0.3084 -0.9145
vn 0.2617 0.3084 -0.9145
vn 0.4168 -0.0613 0.9070
vn 0.4168 -0.0612 0.9069
vn 0.4167 -0.0613 0.9070
vn 0.4167 -0.0612 0.9070
vn -0.4168 0.0612 -0.9069
vn -0.5833 -0.2186 0.7823
vn -0.3814 0.0568 0.9226
vn 0.7250 0.6730 -0.1462
vn 0.6412 -0.6226 0.4486
vn 0.6411 -0.6226 0.4487
vn 0.6412 -0.6227 0.4485
vn -0.6412 0.6227 -0.4486
vn 0.8784 -0.2511 -0.4067
vn -0.0880 -0.8931 0.4411
vn 0.0880 0.8931 -0.4411
vn -0.4130 -0.8196 0.3972
vn -0.4129 -0.8196 0.3971
vn 0.4129 0.8196 -0.3971
vn 0.4130 0.8196 -0.3972
vn 0.6996 -0.5775 0.4208
vn -0.5888 -0.3649 0.7213
vn -0.5887 -0.3649 0.7213
vn -0.5888 -0.3648 0.7212
vn 0.5888 0.3649 -0.7213
vn 0.1825 0.6059 0.7743
vn 0.5246 0.5438 0.6550
vn 0.0879 -0.7025 0.7063
vn 0.0879 -0.7025 0.7062
vn 0.0880 -0.7024 0.7063
vn -0.0879 0.7025 -0.7063
vn -0.0720 -0.9929 -0.0946
vn 0.0721 0.9929 0.0945
vn -0.7867 -0.6088 -0.1026
vn -0.7867 -0.6087 -0.1025
vn -0.7867 -0.6087 -0.1027
vn 0.7868 0.6087 0.1026
vn 0.7868 0.6087 0.1027
vn -0.7892 -0.1571 0.5938
vn -0.7891 -0.1570 0.5938
vn 0.7892 0.1571 -0.5938
vn -0.4681 0.2710 0.8411
vn 0.4681 -0.2710 -0.8411
vn -0.6461 -0.3891 -0.6566
vn -0.3363 -0.4716 0.8152
vn -0.3363 -0.4716 0.8151
vn -0.3362 -0.4717 0.8151
vn 0.3362 0.4717 -0.8152
vn 0.5192 -0.7064 0.4810
vn 0.5531 -0.8293 0.0796
vn -0.8282 -0.5504 0.1056
vn -0.8282 -0.5503 0.1056
vn -0.8283 -0.5503 0.1055
vn -0.8282 -0.5503 0.1055
vn 0.8282 0.5503 -0.1055
vn 0.8282 0.5504 -0.1056
vn 0.0579 -0.2904 0.9551
vn -0.9618 0.2513 0.1089
vn 0.9618 -0.2512 -0.1088
vn 0.9618 -0.2513 -0.1089
vn -0.2645 0.9494 -0.1691
vn -0.8008 0.4020 0.4439
vn -0.2300 0.3883 -0.8923
vn -0.2301 0.3883 -0.8923
vn -0.2301 0.3882 -0.8924
vn -0.2302 0.3883 -0.8923
vn -0.3883 -0.0066 0.9215
vn -0.3884 -0.0066 0.9215
vn -0.3884 -0.0067 0.9215
vn 0.3884 0.0067 -0.9215
vn 0.3884 0.0066 -0.9215
vn 0.3883 0.0066 -0.9215
vn -0.5683 0.5420 -0.6191
vn -0.0068 0.6365 0.7713
vn -0.0067 0.6365 0.7712
vn 0.0068 -0.6365 -0.7713
vn -0.6428 -0.1680 0.7473
vn 0.6229 0.2161 0.7519
vn 0.6229 0.2162 0.7518
vn -0.6229 -0.2162 -0.7518
vn -0.6228 -0.2162 -0.7519
vn -0.5016 -0.2259 0.8351
vn -0.5015 -0.2260 0.8351
vn 0.5016 0.2259 -0.8351
vn -0.2430 0.2560 0.9356
vn -0.2431 0.2559 0.9356
vn 0.2430 -0.2560 -0.9356
vn 0.2430 -0.2559 -0.9356
vn -0.9625 -0.2125 -0.1685
vn -0.9916 0.1270 0.0262
vn -0.2416 0.8452 0.4768
vn 0.1453 0.8537 0.5000
vn 0.0072 -0.4288 0.9034
vn 0.0072 -0.4287 0.9034
vn 0.0073 -0.4288 0.9034
vn -0.0073 0.4288 -0.9034
vn 0.7585 -0.6031 0.2469
vn 0.6669 -0.7285 -0.1569
vn -0.6053 -0.6625 0.4412
vn -0.6052 -0.6626 0.4412
vn -0.6052 -0.6626 0.4413
vn 0.6053 0.6625 -0.4412
vn 0.6052 0.6626 -0.4413
vn 0.6052 0.6626 -0.4412
vn -0.8889 0.0857 0.4500
vn -0.8889 0.0855 0.4500
vn -0.8890 0.0855 0.4499
vn 0.8889 -0.0855 -0.4500
vn 0.8890 -0.0856 -0.4499
vn 0.8889 -0.0855 -0.4499
vn 0.8889 -0.0856 -0.4499
vn -0.8104 0.4188 0.4096
vn 0.8104 -0.4188 -0.4096
vn 0.8104 -0.4189 -0.4096
vn -0.8732 -0.0090 -0.4873
vn -0.6934 0.2705 -0.6679
vn -0.3147 0.5898 0.7437
vn -0.3147 0.5899 0.7436
vn 0.3146 -0.5899 -0.7437
vn 0.3147 -0.5898 -0.7437
vn 0.3146 -0.5899 -0.7436
vn 0.3147 -0.5899 -0.7436
vn -0.5773 0.5169 -0.6320
vn 0.5168 0.5150 0.6839
vn -0.6772 -0.0999 0.7290
vn -0.6771 -0.1000 0.7290
vn 0.6772 0.0999 -0.7290
vn -0.9922 0.0723 -0.1012
vn -0.9922 0.0722 -0.1013
vn -0.9922 0.0724 -0.1013
vn -0.9922 0.0723 -0.1014
vn 0.9922 -0.0722 0.1013
vn 0.9922 -0.0723 0.1014
vn 0.9922 -0.0722 0.1014
vn -0.0199 0.0009 0.9998
vn -0.6137 0.7842 -0.0913
vn -0.6138 0.7842 -0.0912
vn 0.6138 -0.7842 0.0912
vn 0.6137 -0.7842 0.0913
vn -0.7822 0.2300 -0.5790
vn 0.7822 -0.2300 0.5790
vn -0.1112 0.7836 0.6112
vn -0.1112 0.7835 0.6113
vn -0.8604 0.5096 0.0086
vn 0.8603 -0.5096 -0.0086
vn 0.3272 0.4466 0.8328
vn 0.3273 0.4465 0.8328
vn 0.3273 0.4466 0.8328
vn 0.3272 0.4466 0.8327
vn -0.3273 -0.4466 -0.8328
vn -0.3272 -0.4466 -0.8328
vn -0.3273 -0.4465 -0.8328
vn 0.1303 -0.8330 0.5377
vn -0.4211 0.3361 0.8424
vn -0.4212 0.3360 0.8424
vn -0.2066 -0.9120 0.3543
vn 0.4212 -0.3360 -0.8424
vn -0.5444 0.8304 0.1187
vn 0.5444 -0.8303 -0.1188
vn 0.5444 -0.8304 -0.1188
vn 0.5444 -0.8303 -0.1189
vn -0.9632 0.2375 0.1261
vn 0.2602 0.9566 0.1312
vn 0.2601 0.9566 0.1313
vn -0.2601 -0.9566 -0.1313
vn 0.3209 -0.8795 0.3513
vn 0.1952 -0.1459 0.9698
vn -0.3303 -0.2470 0.9110
vn -0.3302 -0.2469 0.9110
vn 0.3302 0.2470 -0.9110
vn 0.1064 0.8639 -0.4923
vn 0.0636 0.3752 0.9247
vn 0.0636 0.3751 0.9248
vn 0.0637 0.3752 0.9248
vn -0.0636 -0.3752 -0.9247
vn -0.0637 -0.3752 -0.9248
vn -0.5115 -0.5928 0.6220
vn 0.6665 -0.0017 0.7455
vn 0.6666 -0.0017 0.7455
vn -0.6666 0.0017 -0.7454
vn -0.6665 0.0017 -0.7455
vn -0.6666 0.0016 -0.7454
vn -0.6666 0.0016 -0.7455
vn 0.1108 -0.6364 -0.7634
vn 0.2699 -0.6238 0.7336
vn -0.2698 0.6238 -0.7335
vn -0.2699 0.6237 -0.7335
vn 0.1686 0.8033 -0.5711
vn 0.3194 0.2265 0.9201
vn 0.3194 0.2266 0.9201
vn -0.3194 -0.2265 -0.9201
vn -0.3714 -0.0181 0.9283
vn -0.3713 -0.0180 0.9283
vn 0.3713 0.0180 -0.9283
vn -0.4238 0.1322 -0.8960
vn -0.1898 0.3832 -0.9040
vn -0.6430 0.6133 0.4588
vn -0.6430 0.6133 0.4587
vn 0.6430 -0.6133 -0.4588
vn 0.6429 -0.6132 -0.4589
vn -0.8682 0.2758 -0.4125
vn 0.1201 0.8763 0.4666
vn 0.1554 0.3116 -0.9374
vn 0.4430 0.7903 0.4232
vn 0.4431 0.7903 0.4232
vn -0.1553 -0.3116 0.9374
vn -0.4431 -0.7904 -0.4231
vn -0.0451 0.8809 -0.4712
vn 0.6215 0.2939 0.7262
vn 0.6214 0.2938 0.7263
vn -0.6214 -0.2939 -0.7262
vn -0.6214 -0.2938 -0.7263
vn -0.0436 0.6679 0.7430
vn -0.0436 0.6680 0.7429
vn -0.4843 -0.6019 0.6349
vn 0.0436 -0.6680 -0.7429
vn 0.0660 0.9946 -0.0799
vn 0.0661 0.9946 -0.0800
vn 0.0660 0.9946 -0.0801
vn -0.0660 -0.9946 0.0799
vn -0.0661 -0.9946 0.0800
vn -0.0661 -0.9946 0.0799
vn -0.0660 -0.9946 0.0801
vn 0.7830 0.6178 -0.0716
vn 0.7830 0.6179 -0.0717
vn 0.7831 0.6178 -0.0717
vn -0.7830 -0.6178 0.0718
vn -0.7830 -0.6179 0.0717
vn -0.7831 -0.6178 0.0717
vn -0.6434 0.3533 0.6791
vn 0.5113 0.8588 0.0315
vn 0.6434 -0.3534 -0.6791
vn 0.4945 -0.3259 0.8057
vn 0.4945 -0.3259 0.8058
vn -0.5113 -0.8588 -0.0315
vn -0.4945 0.3259 -0.8057
vn -0.4945 0.3259 -0.8058
vn -0.9094 0.2078 0.3603
vn 0.9094 -0.2078 -0.3604
vn 0.3892 0.3993 0.8301
vn 0.3891 0.3993 0.8302
vn 0.3892 0.3992 0.8302
vn -0.3892 -0.3993 -0.8301
vn -0.5530 0.8299 0.0737
vn 0.3811 -0.4462 -0.8098
vn 0.8322 0.5373 0.1368
vn 0.8322 0.5373 0.1366
vn 0.8322 0.5374 0.1366
vn 0.8322 0.5373 0.1367
vn 0.8323 0.5373 0.1367
vn 0.8323 0.5372 0.1366
vn 0.3471 -0.6418 0.6838
vn -0.8323 -0.5373 -0.1367
vn -0.8322 -0.5373 -0.1367
vn -0.8322 -0.5373 -0.1366
vn 0.9568 -0.2583 0.1331
vn 0.9568 -0.2584 0.1331
vn 0.9568 -0.2585 0.1332
vn -0.9568 0.2583 -0.1332
vn -0.9568 0.2584 -0.1331
vn 0.6085 -0.7891 -0.0847
vn -0.0731 -0.2080 0.9754
vn 0.0731 0.2080 -0.9754
vn 0.9508 0.2699 0.1524
vn -0.1795 0.3239 0.9289
vn -0.1796 0.3238 0.9289
vn 0.1795 -0.3239 -0.9289
vn 0.4320 -0.0715 0.8990
vn 0.4319 -0.0716 0.8991
vn 0.4319 -0.0715 0.8991
vn 0.4320 -0.0716 0.8990
vn -0.4320 0.0715 -0.8990
vn -0.4320 0.0716 -0.8991
vn -0.4320 0.0716 -0.8990
vn -0.4319 0.0715 -0.8991
vn 0.0545 -0.6764 0.7346
vn -0.0544 0.6763 -0.7346
vn -0.5917 -0.2892 0.7525
vn -0.5917 -0.2893 0.7525
vn -0.3005 -0.7184 -0.6274
vn 0.5917 0.2892 -0.7525
vn 0.5918 0.2893 -0.7524
vn 0.5918 0.2892 -0.7525
vn 0.7273 -0.5308 -0.4349
vn -0.5402 -0.1478 -0.8284
vn 0.2910 -0.3235 0.9004
vn 0.2911 -0.3235 0.9004
vn 0.2911 -0.3234 0.9004
vn -0.2911 0.3234 -0.9004
vn -0.2911 0.3235 -0.9004
vn 0.0653 0.4381 -0.8965
vn 0.7197 -0.3564 -0.5959
vn 0.6317 0.6199 0.4654
vn 0.8814 -0.1208 0.4566
vn 0.8815 -0.1208 0.4566
vn 0.8815 -0.1209 0.4565
vn -0.8815 0.1208 -0.4566
vn 0.4999 0.4754 -0.7239
vn 0.0605 -0.4495 -0.8912
vn 0.8011 -0.4356 0.4105
vn 0.8012 -0.4355 0.4104
vn 0.8011 -0.4355 0.4104
vn -0.8011 0.4355 -0.4104
vn 0.3435 -0.6194 0.7060
vn 0.3434 -0.6195 0.7059
vn 0.3435 -0.6194 0.7059
vn 0.3434 -0.6194 0.7059
vn -0.3435 0.6194 -0.7059
vn -0.3434 0.6194 -0.7059
vn -0.3434 0.6195 -0.7059
vn 0.6943 0.0340 0.7189
vn -0.6942 -0.0339 -0.7189
vn 0.9952 -0.0652 -0.0729
vn 0.9952 -0.0653 -0.0728
vn -0.9952 0.0652 0.0729
vn -0.9952 0.0652 0.0728
vn 0.6773 0.5976 -0.4290
vn 0.6143 -0.7847 -0.0831
vn 0.6143 -0.7847 -0.0832
vn 0.6144 -0.7846 -0.0832
vn 0.6145 -0.7846 -0.0831
vn -0.6144 0.7846 0.0832
vn -0.6143 0.7846 0.0831
vn 0.1444 -0.8017 0.5801
vn -0.1445 0.8016 -0.5801
vn 0.0534 0.7745 0.6304
vn -0.2719 -0.5154 0.8127
vn -0.2720 -0.5153 0.8127
vn 0.2719 0.5154 -0.8127
vn 0.4500 -0.3875 0.8046
vn 0.4501 -0.3874 0.8046
vn -0.4501 0.3874 -0.8046
vn -0.8313 -0.5481 -0.0923
vn 0.5447 -0.8295 0.1236
vn 0.5448 -0.8295 0.1235
vn -0.5448 0.8294 -0.1235
vn -0.1566 0.9876 0.0036
vn 0.1355 -0.0629 -0.9888
vn 0.1354 -0.0628 -0.9888
vn 0.2437 -0.8362 -0.4914
vn -0.5014 -0.7254 -0.4716
vn -0.0037 -0.4443 0.8958
vn -0.0886 -0.9839 -0.1554
vn 0.6475 0.0655 -0.7593
vn 0.6474 0.0655 -0.7594
vn 0.2343 -0.5899 -0.7727
vn -0.2343 0.5899 0.7727
vn -0.2087 0.5443 -0.8125
vn 0.2087 -0.5443 0.8125
vn -0.4167 0.0613 -0.9070
vn -0.4167 0.0612 -0.9070
vn -0.4168 0.0613 -0.9070
vn 0.5833 0.2185 -0.7823
vn -0.6411 0.6227 -0.4485
vn -0.6411 0.6227 -0.4487
vn -0.6412 0.6226 -0.4486
vn 0.6411 -0.6226 0.4486
vn 0.6412 -0.6227 0.4486
vn 0.0879 0.8931 -0.4411
vn 0.0879 0.8932 -0.4411
vn 0.0879 0.8932 -0.4410
vn -0.0879 -0.8932 0.4410
vn -0.0879 -0.8931 0.4411
vn 0.4129 0.8196 -0.3972
vn -0.6996 0.5775 -0.4208
vn 0.5887 0.3649 -0.7213
vn 0.5888 0.3648 -0.7213
vn 0.5889 0.3649 -0.7212
vn -0.5889 -0.3648 0.7212
vn 0.0880 -0.7025 0.7063
vn 0.0722 0.9929 0.0947
vn -0.0721 -0.9929 -0.0945
vn -0.0720 -0.9929 -0.0945
vn 0.7868 0.6086 0.1027
vn 0.7867 0.6088 0.1026
vn 0.7892 0.1571 -0.5937
vn 0.4680 -0.2710 -0.8411
vn 0.4682 -0.2709 -0.8411
vn 0.6339 -0.7577 -0.1555
vn 0.3362 0.4717 -0.8151
vn 0.3364 0.4717 -0.8151
vn 0.8283 0.5503 -0.1055
vn -0.1478 -0.8379 0.5253
vn 0.9618 -0.2513 -0.1090
vn 0.2841 0.9070 0.3108
vn 0.2645 -0.9494 0.1691
vn -0.1925 -0.8881 -0.4174
vn -0.2301 0.3884 -0.8923
vn -0.2300 0.3883 -0.8924
vn 0.2300 -0.3883 0.8924
vn 0.2300 -0.3883 0.8923
vn 0.2193 -0.9611 0.1679
vn 0.5683 -0.5419 0.6191
vn 0.0069 -0.6365 -0.7712
vn 0.0068 -0.6366 -0.7712
vn -0.0069 0.6365 0.7712
vn -0.4812 -0.4977 0.7216
vn -0.0123 0.9212 -0.3890
vn 0.6228 0.2162 0.7519
vn -0.0074 0.4288 -0.9034
vn -0.0072 0.4287 -0.9034
vn 0.6669 -0.7284 -0.1569
vn 0.6052 0.6625 -0.4413
vn -0.8889 0.0856 0.4499
vn 0.8105 -0.4188 -0.4095
vn 0.3148 -0.5898 -0.7437
vn -0.3146 0.5899 0.7437
vn 0.6772 0.1000 -0.7289
vn 0.6771 0.1001 -0.7290
vn 0.6771 0.1000 -0.7291
vn 0.9922 -0.0721 0.1013
vn 0.6138 -0.7841 0.0913
vn 0.6137 -0.7842 0.0912
vn -0.6139 0.7841 -0.0913
vn -0.6137 0.7842 -0.0912
vn 0.1112 -0.7835 -0.6113
vn -0.3272 -0.4467 -0.8327
vn 0.4211 -0.3361 -0.8424
vn -0.4211 0.3360 0.8424
vn 0.5445 -0.8303 -0.1189
vn 0.5445 -0.8303 -0.1187
vn -0.5444 0.8303 0.1188
vn -0.5445 0.8303 0.1189
vn -0.5444 0.8303 0.1189
vn -0.5444 0.8304 0.1188
vn -0.5445 0.8303 0.1187
vn -0.2602 -0.9566 -0.1313
vn -0.1951 0.1459 -0.9699
vn -0.1952 0.1459 -0.9698
vn 0.3302 0.2469 -0.9110
vn -0.0636 -0.3751 -0.9248
vn -0.0635 -0.3752 -0.9248
vn 0.0637 0.3752 0.9247
vn 0.0636 0.3753 0.9247
vn 0.0638 0.3752 0.9248
vn -0.4242 0.7844 0.4526
vn 0.3233 0.8497 -0.4166
vn 0.6666 -0.0017 0.7454
vn 0.6666 -0.0016 0.7454
vn -0.1108 0.6364 0.7634
vn -0.2700 0.6238 -0.7335
vn 0.2700 -0.6237 0.7335
vn 0.2699 -0.6237 0.7336
vn -0.7821 0.3606 -0.5081
vn -0.3193 -0.2265 -0.9202
vn 0.3195 0.2265 0.9201
vn 0.3713 0.0181 -0.9283
vn 0.1898 -0.3832 0.9040
vn 0.0748 0.5945 -0.8006
vn -0.6429 0.6133 0.4589
vn -0.1200 -0.8763 -0.4666
vn -0.1202 -0.8763 -0.4666
vn -0.4430 -0.7903 -0.4232
vn -0.4431 -0.7903 -0.4232
vn -0.6213 -0.2939 -0.7263
vn -0.6215 -0.2938 -0.7263
vn 0.6214 0.2939 0.7262
vn 0.0437 -0.6679 -0.7429
vn 0.0437 -0.6680 -0.7429
vn 0.0436 -0.6679 -0.7430
vn -0.0437 0.6679 0.7429
vn -0.0659 -0.9946 0.0799
vn 0.0659 0.9946 -0.0799
vn 0.0661 0.9946 -0.0799
vn 0.3608 -0.5425 -0.7587
vn -0.7831 -0.6178 0.0715
vn -0.7968 -0.1001 -0.5959
vn -0.5114 -0.8588 -0.0314
vn -0.4946 0.3259 -0.8057
vn -0.4945 0.3260 -0.8058
vn 0.5114 0.8588 0.0315
vn -0.8239 -0.1416 0.5488
vn -0.3892 -0.3992 -0.8302
vn -0.3891 -0.3993 -0.8302
vn 0.3892 0.3993 0.8302
vn 0.5530 -0.8299 -0.0737
vn -0.3811 0.4462 0.8098
vn -0.8322 -0.5374 -0.1366
vn -0.1735 0.4124 -0.8944
vn -0.9568 0.2585 -0.1331
vn -0.9508 -0.2699 -0.1524
vn 0.1797 -0.3239 -0.9289
vn -0.1795 0.3240 0.9289
vn -0.4319 0.0716 -0.8991
vn -0.0546 0.6763 -0.7346
vn -0.0545 0.6764 -0.7346
vn -0.0545 0.6764 -0.7345
vn 0.0544 -0.6764 0.7346
vn 0.5917 0.2893 -0.7525
vn -0.5918 -0.2892 0.7525
vn -0.5918 -0.2893 0.7524
vn -0.5402 -0.1479 -0.8285
vn 0.1766 -0.8784 -0.4442
vn -0.2910 0.3235 -0.9004
vn -0.4743 -0.7717 0.4238
vn -0.0530 -0.3586 -0.9320
vn -0.0529 -0.3585 -0.9320
vn -0.0528 -0.3586 -0.9320
vn -0.0529 -0.3587 -0.9320
vn 0.0530 0.3586 0.9320
vn -0.6317 -0.6199 -0.4654
vn -0.6318 -0.6198 -0.4655
vn 0.6318 0.6199 0.4654
vn -0.8814 0.1209 -0.4566
vn -0.0605 0.4495 0.8912
vn -0.8012 0.4355 -0.4104
vn -0.8012 0.4356 -0.4104
vn -0.8011 0.4356 -0.4104
vn -0.6889 0.2256 0.6888
vn -0.3435 0.6194 -0.7060
vn 0.4217 -0.7942 -0.4376
vn -0.6244 0.1256 0.7709
vn -0.6942 -0.0339 -0.7190
vn -0.6943 -0.0338 -0.7189
vn 0.6943 0.0338 0.7189
vn 0.6942 0.0339 0.7190
vn 0.0111 0.8783 -0.4781
vn 0.9952 -0.0654 -0.0729
vn 0.7867 0.6174 -0.0021
vn -0.9639 -0.0070 0.2663
vn -0.0533 -0.7745 -0.6304
vn 0.2720 0.5154 -0.8127
vn 0.7543 0.6405 -0.1440
vn 0.4124 -0.6199 -0.6676
vn -0.4124 0.6199 0.6676
vn 0.2190 0.1886 0.9573
vt 0.431625 0.331586
vt 0.436550 0.197526
vt 0.436550 0.330809
vt 0.509784 0.453718
vt 0.515991 0.331611
vt 0.515991 0.453330
vt 0.522420 0.332359
vt 0.522420 0.454078
vt 0.528091 0.334128
vt 0.528091 0.455847
vt 0.412082 0.003921
vt 0.416226 0.135391
vt 0.412082 0.137203
vt 0.416226 0.002108
vt 0.421939 0.134015
vt 0.421939 0.000732
vt 0.428351 0.133283
vt 0.428351 -0.000000
vt 0.434487 0.133307
vt 0.434487 0.000025
vt 0.439411 0.134085
vt 0.508248 0.173314
vt 0.514456 0.295421
vt 0.508248 0.295034
vt 0.514456 0.173701
vt 0.520884 0.294673
vt 0.520884 0.172953
vt 0.526555 0.292904
vt 0.409221 0.327690
vt 0.413365 0.196219
vt 0.413365 0.329502
vt 0.419078 0.197596
vt 0.419077 0.330879
vt 0.494440 0.137330
vt 0.514338 0.133905
vt 0.518296 0.157191
vt 0.425490 0.198328
vt 0.425490 0.331611
vt 0.431625 0.198303
vt 0.531709 0.131121
vt 0.548577 0.143197
vt 0.537306 0.163400
vt 0.310485 0.001260
vt 0.317512 0.194017
vt 0.310485 0.194407
vt 0.317512 0.000869
vt 0.326685 0.193640
vt 0.326685 0.000492
vt 0.336609 0.193335
vt 0.336609 0.000187
vt 0.345772 0.193147
vt 0.239924 0.193153
vt 0.246974 0.000333
vt 0.246974 0.193487
vt 0.256155 0.000793
vt 0.256155 0.193947
vt 0.266068 0.001310
vt 0.266068 0.194464
vt 0.275205 0.001805
vt 0.275205 0.194958
vt 0.345772 0.193147
vt 0.352798 0.000391
vt 0.352798 0.193538
vt 0.361971 0.000768
vt 0.361971 0.193915
vt 0.371895 0.001073
vt 0.371895 0.194220
vt 0.381058 0.001260
vt 0.381058 0.194407
vt 0.275205 0.001805
vt 0.282255 0.194625
vt 0.275205 0.194958
vt 0.282255 0.001472
vt 0.291436 0.194165
vt 0.332136 0.426815
vt 0.339145 0.391488
vt 0.374400 0.398515
vt 0.291436 0.001012
vt 0.301349 0.193648
vt 0.301349 0.000495
vt 0.310485 0.193153
vt 0.427119 0.155275
vt 0.420107 0.190603
vt 0.384853 0.183579
vt 0.214759 0.591827
vt 0.222537 0.583134
vt 0.222573 0.592234
vt 0.480773 0.643794
vt 0.488408 0.634876
vt 0.488594 0.644035
vt 0.480587 0.634635
vt 0.488269 0.624432
vt 0.480448 0.624192
vt 0.488183 0.613106
vt 0.480362 0.612866
vt 0.488155 0.601332
vt 0.480334 0.601092
vt 0.488183 0.589564
vt 0.480362 0.589323
vt 0.488269 0.578252
vt 0.480448 0.578011
vt 0.488408 0.567832
vt 0.480773 0.558464
vt 0.488594 0.558705
vt 0.192410 0.600551
vt 0.200261 0.609327
vt 0.192447 0.609734
vt 0.200288 0.619788
vt 0.192474 0.620195
vt 0.200305 0.631124
vt 0.192491 0.631532
vt 0.200310 0.642900
vt 0.192496 0.643307
vt 0.200305 0.654663
vt 0.192491 0.655070
vt 0.200288 0.665961
vt 0.192474 0.666369
vt 0.200261 0.676360
vt 0.192447 0.676768
vt 0.200225 0.685461
vt 0.192410 0.685868
vt 0.432364 0.495223
vt 0.439999 0.504142
vt 0.432178 0.504382
vt 0.439860 0.514585
vt 0.432039 0.514826
vt 0.439774 0.525911
vt 0.431954 0.526152
vt 0.439746 0.537685
vt 0.431925 0.537926
vt 0.439774 0.549454
vt 0.431954 0.549694
vt 0.439860 0.560766
vt 0.432039 0.561006
vt 0.439999 0.571185
vt 0.432178 0.571426
vt 0.432364 0.580553
vt 0.214722 0.668043
vt 0.222573 0.659267
vt 0.222537 0.668451
vt 0.214759 0.658860
vt 0.222600 0.648806
vt 0.214786 0.648399
vt 0.222617 0.637470
vt 0.214803 0.637063
vt 0.222622 0.625694
vt 0.214808 0.625287
vt 0.222617 0.613931
vt -0.000000 0.066024
vt 0.054093 0.000000
vt 0.119964 0.054184
vt 0.214803 0.613524
vt 0.222600 0.602633
vt 0.214786 0.602226
vt 0.233097 0.031653
vt 0.208355 0.113378
vt 0.126790 0.088559
vt 0.215802 0.355826
vt 0.198918 0.265546
vt 0.205445 0.265301
vt 0.465856 0.467634
vt 0.471560 0.332947
vt 0.471560 0.468971
vt 0.477924 0.333698
vt 0.477924 0.469721
vt 0.483979 0.333748
vt 0.483979 0.469772
vt 0.488804 0.333090
vt 0.488804 0.469114
vt 0.310485 0.514801
vt 0.316491 0.387685
vt 0.316491 0.514758
vt 0.322723 0.388778
vt 0.322723 0.515851
vt 0.328233 0.390841
vt 0.328233 0.517914
vt 0.182987 0.238666
vt 0.166103 0.328945
vt 0.176460 0.238420
vt 0.467346 0.173321
vt 0.473050 0.308009
vt 0.467346 0.309345
vt 0.473050 0.171985
vt 0.479414 0.307258
vt 0.479414 0.171234
vt 0.485470 0.307208
vt 0.485470 0.171184
vt 0.490295 0.307865
vt 0.239924 0.390820
vt 0.245929 0.517937
vt 0.239924 0.517893
vt 0.160073 0.330764
vt 0.183276 0.335417
vt 0.178661 0.354251
vt 0.245929 0.390863
vt 0.252161 0.516843
vt 0.252161 0.389770
vt 0.257671 0.514780
vt 0.192887 0.240939
vt 0.216090 0.243847
vt 0.211475 0.263028
vt 0.114072 0.238478
vt 0.117070 0.340327
vt 0.114072 0.340389
vt 0.707685 0.171870
vt 0.711660 0.271368
vt 0.707685 0.271337
vt 0.711660 0.171900
vt 0.715949 0.271127
vt 0.715949 0.171660
vt 0.719898 0.270652
vt 0.218588 0.340331
vt 0.221571 0.238959
vt 0.221571 0.340870
vt 0.225473 0.239480
vt 0.225473 0.341391
vt 0.229702 0.239905
vt 0.229702 0.341816
vt 0.233613 0.240168
vt 0.233613 0.342079
vt 0.236611 0.240230
vt 0.236611 0.342141
vt 0.295713 0.710554
vt 0.299689 0.611056
vt 0.299689 0.710524
vt 0.303978 0.611297
vt 0.303978 0.710764
vt 0.307926 0.611772
vt 0.307926 0.711240
vt 0.099047 0.240226
vt 0.102029 0.341598
vt 0.099047 0.342137
vt 0.102029 0.239687
vt 0.105932 0.341077
vt 0.625795 0.314454
vt 0.640547 0.311464
vt 0.643481 0.326784
vt 0.105932 0.239166
vt 0.110160 0.340652
vt 0.110160 0.238742
vt 0.580184 0.434197
vt 0.592691 0.442822
vt 0.584334 0.455832
vt 0.817844 0.450118
vt 0.819747 0.520619
vt 0.817844 0.519998
vt 0.962339 0.244413
vt 0.964853 0.312250
vt 0.962339 0.312947
vt 0.964853 0.243716
vt 0.967651 0.311901
vt 0.967651 0.243366
vt 0.970307 0.311953
vt 0.807525 0.000848
vt 0.809668 0.071067
vt 0.807525 0.070728
vt 0.809668 0.001187
vt 0.812376 0.071143
vt 0.812376 0.001263
vt 0.815237 0.070944
vt 0.815237 0.001064
vt 0.817815 0.070500
vt 0.819717 0.000000
vt 0.819717 0.069880
vt 0.961149 0.400145
vt 0.963663 0.332308
vt 0.963663 0.400842
vt 0.966461 0.332657
vt 0.966461 0.401192
vt 0.969117 0.332605
vt 0.969117 0.401139
vt 0.807555 0.519770
vt 0.809698 0.449552
vt 0.809698 0.519431
vt 0.812406 0.449476
vt 0.812406 0.519355
vt 0.590518 0.960183
vt 0.592334 0.949944
vt 0.601462 0.951972
vt 0.815267 0.449675
vt 0.815267 0.519554
vt 0.942232 0.951871
vt 0.940416 0.962106
vt 0.931288 0.960062
vt 0.790493 0.237103
vt 0.792529 0.163426
vt 0.792529 0.237195
vt 0.795158 0.163614
vt 0.795158 0.237383
vt 0.797980 0.163869
vt 0.797980 0.237638
vt 0.800565 0.164151
vt 0.800565 0.237920
vt 0.802520 0.164419
vt 0.802520 0.238188
vt 0.076176 0.969879
vt 0.078828 0.905281
vt 0.078828 0.969553
vt 0.081700 0.905410
vt 0.081700 0.969682
vt 0.084354 0.905974
vt 0.084354 0.970246
vt 0.792875 0.332696
vt 0.794911 0.406373
vt 0.792875 0.406465
vt 0.794911 0.332604
vt 0.797540 0.406185
vt 0.797540 0.332416
vt 0.800362 0.405930
vt 0.800362 0.332162
vt 0.802947 0.405648
vt 0.802947 0.331879
vt 0.804902 0.405380
vt 0.066050 0.904340
vt 0.068703 0.968939
vt 0.066050 0.968612
vt 0.145127 0.573874
vt 0.139893 0.565138
vt 0.147726 0.559461
vt 0.068703 0.904667
vt 0.071575 0.968810
vt 0.071575 0.904538
vt 0.074229 0.968246
vt 0.925443 0.152322
vt 0.917610 0.158221
vt 0.912376 0.149633
vt 0.689402 0.671644
vt 0.693329 0.731236
vt 0.691090 0.732501
vt 0.691641 0.670380
vt 0.696088 0.730637
vt 0.694400 0.669780
vt 0.698945 0.730793
vt 0.699779 0.670824
vt 0.701467 0.731681
vt 0.478524 0.890966
vt 0.480479 0.811907
vt 0.480479 0.890988
vt 0.482947 0.812119
vt 0.482948 0.891200
vt 0.485553 0.812487
vt 0.485553 0.891568
vt 0.487899 0.812956
vt 0.487899 0.892037
vt 0.610373 0.169094
vt 0.614300 0.109501
vt 0.612612 0.170358
vt 0.617058 0.110101
vt 0.615370 0.170957
vt 0.619916 0.109945
vt 0.618228 0.170801
vt 0.620750 0.169913
vt 0.882037 0.450547
vt 0.883992 0.529606
vt 0.882037 0.529628
vt 0.883992 0.450524
vt 0.886461 0.529394
vt 0.610373 0.104557
vt 0.618362 0.100172
vt 0.886460 0.450313
vt 0.889066 0.529026
vt 0.889066 0.449945
vt 0.891412 0.528557
vt 0.703768 0.736965
vt 0.694534 0.740410
vt 0.689711 0.734237
vt 0.906278 0.800518
vt 0.908371 0.874465
vt 0.906278 0.874182
vt 0.908371 0.800800
vt 0.910937 0.874366
vt 0.910937 0.800701
vt 0.913583 0.873901
vt 0.913583 0.800237
vt 0.915908 0.873141
vt 0.571828 0.667486
vt 0.578646 0.728443
vt 0.575880 0.729044
vt 0.577438 0.667032
vt 0.581490 0.728590
vt 0.626558 0.942213
vt 0.629252 0.882105
vt 0.629252 0.942824
vt 0.631899 0.882083
vt 0.631899 0.942802
vt 0.906497 0.233956
vt 0.908591 0.160009
vt 0.908591 0.233674
vt 0.911156 0.160108
vt 0.911156 0.233773
vt 0.913803 0.160573
vt 0.913803 0.234237
vt 0.916128 0.161332
vt 0.916128 0.234997
vt 0.488804 0.740372
vt 0.495622 0.679415
vt 0.491570 0.740973
vt 0.494414 0.740826
vt 0.489166 0.675835
vt 0.493801 0.669739
vt 0.503101 0.673172
vt 0.581830 0.809014
vt 0.584525 0.869122
vt 0.581830 0.869732
vt 0.584525 0.808403
vt 0.587172 0.869144
vt 0.583978 0.729462
vt 0.584702 0.736409
vt 0.574336 0.737248
vt 0.587214 0.662821
vt 0.590462 0.563624
vt 0.590462 0.662443
vt 0.594471 0.563736
vt 0.594471 0.662555
vt 0.598628 0.564320
vt 0.598628 0.663139
vt 0.602302 0.565288
vt 0.602302 0.664107
vt 0.108515 0.494401
vt 0.101385 0.557428
vt 0.104536 0.492983
vt 0.676238 0.751289
vt 0.680050 0.665860
vt 0.680050 0.750176
vt 0.684344 0.749807
vt 0.684344 0.665491
vt 0.688467 0.750238
vt 0.571828 0.567689
vt 0.575077 0.666885
vt 0.571828 0.666507
vt 0.575077 0.568067
vt 0.579085 0.666774
vt 0.579085 0.567955
vt 0.583242 0.666189
vt 0.583242 0.567371
vt 0.586917 0.665221
vt 0.173071 0.572493
vt 0.165941 0.509467
vt 0.169920 0.508049
vt 0.738871 0.658991
vt 0.742683 0.744420
vt 0.738871 0.743307
vt 0.088405 0.568039
vt 0.097078 0.557374
vt 0.110059 0.564735
vt 0.746977 0.660473
vt 0.746977 0.744789
vt 0.751100 0.660042
vt 0.751100 0.744358
vt 0.169920 0.492813
vt 0.172966 0.505483
vt 0.157654 0.508202
vt 0.327925 0.746094
vt 0.329858 0.817402
vt 0.327925 0.816804
vt 0.332445 0.747127
vt 0.332445 0.817837
vt 0.335294 0.747334
vt 0.335294 0.818044
vt 0.337970 0.747280
vt 0.337970 0.817990
vt 0.340066 0.746974
vt 0.340066 0.817685
vt 0.960487 0.950187
vt 0.963120 0.879965
vt 0.963120 0.950209
vt 0.965898 0.880348
vt 0.965898 0.950592
vt 0.968401 0.881034
vt 0.968401 0.951278
vt 0.738871 0.816739
vt 0.740804 0.745431
vt 0.740804 0.816141
vt 0.743391 0.815706
vt 0.743391 0.744996
vt 0.746240 0.815499
vt 0.746240 0.744789
vt 0.748916 0.815553
vt 0.748916 0.744843
vt 0.751012 0.815859
vt 0.364195 0.898115
vt 0.366828 0.968337
vt 0.364195 0.968359
vt 0.941635 0.441722
vt 0.943450 0.431501
vt 0.952573 0.433608
vt 0.366828 0.898093
vt 0.369606 0.967954
vt 0.369606 0.897710
vt 0.372109 0.967268
vt 0.952573 0.419027
vt 0.950758 0.429277
vt 0.941635 0.427312
vt 0.462500 0.807489
vt 0.464494 0.734708
vt 0.464494 0.807683
vt 0.777892 0.904033
vt 0.780530 0.967892
vt 0.777892 0.968458
vt 0.780530 0.903467
vt 0.783396 0.967764
vt 0.783396 0.903339
vt 0.786054 0.968094
vt 0.796553 0.250658
vt 0.798591 0.323536
vt 0.796553 0.323634
vt 0.798591 0.250561
vt 0.801238 0.323371
vt 0.801238 0.250396
vt 0.804089 0.323165
vt 0.804089 0.250189
vt 0.806712 0.322948
vt 0.806712 0.249972
vt 0.808706 0.322753
vt 0.133992 0.968186
vt 0.136630 0.904327
vt 0.136630 0.968752
vt 0.139496 0.904455
vt 0.139496 0.968880
vt 0.142154 0.904126
vt 0.142154 0.968551
vt 0.452340 0.806803
vt 0.454379 0.733925
vt 0.454379 0.806901
vt 0.457026 0.734090
vt 0.457026 0.807065
vt 0.592691 0.449806
vt 0.598007 0.441346
vt 0.605964 0.447388
vt 0.459877 0.734296
vt 0.459877 0.807272
vt 0.462500 0.734513
vt 0.680701 0.438536
vt 0.682568 0.448663
vt 0.673182 0.451008
vt 0.971079 0.714228
vt 0.973464 0.647746
vt 0.973464 0.713924
vt 0.277062 0.835868
vt 0.284154 0.784827
vt 0.279661 0.836602
vt 0.879060 0.164432
vt 0.876742 0.237319
vt 0.876742 0.163648
vt 0.873954 0.237005
vt 0.873953 0.163334
vt 0.871119 0.163537
vt 0.871119 0.237208
vt 0.868670 0.164227
vt 0.966964 0.730953
vt 0.969449 0.796284
vt 0.966964 0.797131
vt 0.969449 0.730105
vt 0.972086 0.795990
vt 0.972086 0.729811
vt 0.974471 0.796294
vt 0.290497 0.794775
vt 0.297588 0.845816
vt 0.294989 0.846550
vt 0.881561 0.405282
vt 0.879244 0.332395
vt 0.881561 0.331611
vt 0.879244 0.406066
vt 0.876455 0.332709
vt 0.873621 0.406177
vt 0.873621 0.332506
vt 0.871172 0.405487
vt 0.871172 0.331816
vt 0.293096 0.794042
vt 0.284522 0.792269
vt 0.288647 0.784827
vt 0.965957 0.713087
vt 0.968443 0.647756
vt 0.968443 0.713934
vt 0.971079 0.648050
vt 0.282452 0.845590
vt 0.272953 0.844380
vt 0.272423 0.836827
vt 0.776101 0.561676
vt 0.774004 0.635229
vt 0.774004 0.560804
vt 0.404638 0.761745
vt 0.407071 0.681687
vt 0.407071 0.762006
vt 0.409664 0.681997
vt 0.409664 0.762316
vt 0.412021 0.682310
vt 0.412021 0.762629
vt 0.784810 0.251232
vt 0.782843 0.324742
vt 0.782843 0.250318
vt 0.780224 0.324232
vt 0.780224 0.249808
vt 0.777350 0.324202
vt 0.777350 0.249778
vt 0.774660 0.250233
vt 0.774660 0.324657
vt 0.772563 0.251105
vt 0.016667 0.504474
vt 0.019101 0.584533
vt 0.016667 0.584793
vt 0.019101 0.504214
vt 0.021693 0.584222
vt 0.021694 0.503904
vt 0.024050 0.583909
vt 0.786251 0.635101
vt 0.784284 0.561591
vt 0.786251 0.560677
vt 0.784284 0.636015
vt 0.781665 0.562102
vt 0.755731 0.977572
vt 0.751100 0.968678
vt 0.758030 0.963240
vt 0.781665 0.636526
vt 0.778791 0.562131
vt 0.776101 0.636100
vt 0.726133 0.967712
vt 0.719203 0.973848
vt 0.714572 0.965420
vt 0.598325 0.173032
vt 0.594302 0.278354
vt 0.594302 0.172424
vt 0.653863 0.105912
vt 0.657112 0.001094
vt 0.657112 0.107006
vt 0.660931 0.001784
vt 0.660931 0.107696
vt 0.664739 0.001966
vt 0.664739 0.107878
vt 0.667957 0.001612
vt 0.667957 0.107524
vt 0.602507 0.457695
vt 0.599514 0.562448
vt 0.599514 0.456518
vt 0.595556 0.561799
vt 0.595556 0.455870
vt 0.591237 0.561777
vt 0.591237 0.455847
vt 0.587214 0.456455
vt 0.653971 0.173151
vt 0.657219 0.277969
vt 0.653971 0.279062
vt 0.657219 0.172057
vt 0.661038 0.277278
vt 0.661038 0.171366
vt 0.664847 0.277096
vt 0.664847 0.171184
vt 0.668065 0.277450
vt 0.609596 0.277114
vt 0.606602 0.172361
vt 0.609596 0.171184
vt 0.797358 0.415949
vt 0.804337 0.428358
vt 0.793891 0.436535
vt 0.606602 0.278290
vt 0.602645 0.173009
vt 0.602645 0.278939
vt 0.789459 0.542123
vt 0.799905 0.533787
vt 0.806885 0.546090
vt 0.587214 0.664720
vt 0.594032 0.725892
vt 0.591260 0.726505
vt 0.589986 0.664107
vt 0.596885 0.726018
vt 0.504258 0.634326
vt 0.507015 0.573772
vt 0.507015 0.634869
vt 0.509744 0.573735
vt 0.509744 0.634832
vt 0.924844 0.718538
vt 0.927007 0.646909
vt 0.927007 0.718153
vt 0.929577 0.647010
vt 0.929577 0.718254
vt 0.932163 0.647581
vt 0.932163 0.718826
vt 0.934372 0.648536
vt 0.934372 0.719780
vt 0.722407 0.169486
vt 0.729225 0.108313
vt 0.725179 0.170098
vt 0.732078 0.108188
vt 0.728032 0.169973
vt 0.406542 0.583540
vt 0.409298 0.644094
vt 0.406542 0.644637
vt 0.409298 0.582998
vt 0.412027 0.644132
vt 0.924398 0.561920
vt 0.926561 0.633548
vt 0.924398 0.633164
vt 0.926561 0.562304
vt 0.929131 0.633447
vt 0.722763 0.104730
vt 0.727434 0.098736
vt 0.929131 0.562203
vt 0.931717 0.632876
vt 0.931717 0.561632
vt 0.933925 0.631922
vt 0.600136 0.733724
vt 0.589742 0.734624
vt 0.588991 0.727763
vt 0.726217 0.891721
vt 0.728305 0.816056
vt 0.728305 0.891679
vt 0.730894 0.816254
vt 0.730894 0.891877
vt 0.733589 0.816661
vt 0.733589 0.892284
vt 0.735981 0.817216
vt 0.735981 0.892839
vt 0.386961 0.685694
vt 0.382703 0.742851
vt 0.384641 0.684461
vt 0.379912 0.742334
vt 0.381850 0.683945
vt 0.379012 0.684223
vt 0.377074 0.742612
vt 0.376559 0.685254
vt 0.738871 0.817857
vt 0.740960 0.893522
vt 0.738871 0.893480
vt 0.740960 0.817899
vt 0.743549 0.893324
vt 0.743549 0.817701
vt 0.746244 0.892917
vt 0.746244 0.817294
vt 0.748635 0.892362
vt 0.133992 0.752364
vt 0.129734 0.695208
vt 0.132054 0.693975
vt 0.131672 0.753597
vt 0.126943 0.695724
vt 0.372250 0.747245
vt 0.386961 0.747868
vt 0.126043 0.753836
vt 0.124104 0.695446
vt 0.123590 0.752805
vt 0.121652 0.694415
vt 0.129169 0.685558
vt 0.133549 0.692213
vt 0.090391 0.670856
vt 0.088405 0.753741
vt 0.088405 0.670930
vt 0.965856 0.560800
vt 0.963448 0.643580
vt 0.963448 0.560830
vt 0.960947 0.643537
vt 0.960947 0.560787
vt 0.958734 0.643427
vt 0.958734 0.560677
vt 0.112898 0.670821
vt 0.110821 0.753718
vt 0.110821 0.670906
vt 0.108142 0.670957
vt 0.108142 0.753768
vt 0.105268 0.670965
vt 0.105268 0.753777
vt 0.102638 0.670930
vt 0.102638 0.753741
vt 0.100651 0.670857
vt 0.965957 0.729688
vt 0.963549 0.646909
vt 0.965957 0.646938
vt 0.963549 0.729659
vt 0.961047 0.646952
vt 0.961047 0.729702
vt 0.958834 0.647061
vt 0.100651 0.753777
vt 0.098574 0.670880
vt 0.100651 0.670965
vt 0.095895 0.753641
vt 0.095895 0.670830
vt 0.157995 0.973510
vt 0.152960 0.964714
vt 0.160496 0.959139
vt 0.093021 0.753632
vt 0.093021 0.670821
vt 0.090391 0.753668
vt 0.701973 0.965075
vt 0.694437 0.971069
vt 0.689402 0.962552
vt 0.755876 0.449485
vt 0.752999 0.531890
vt 0.752999 0.449476
vt 0.750293 0.449560
vt 0.750293 0.531975
vt 0.748171 0.449726
vt 0.689028 0.818391
vt 0.683525 0.761598
vt 0.685904 0.760689
vt 0.999132 0.706452
vt 0.996619 0.646909
vt 0.999132 0.646972
vt 0.996619 0.706389
vt 0.994278 0.647617
vt 0.761817 0.643092
vt 0.759870 0.560857
vt 0.761817 0.560677
vt 0.759870 0.643271
vt 0.757260 0.560959
vt 0.757260 0.643374
vt 0.754383 0.560969
vt 0.751677 0.643299
vt 0.751677 0.560884
vt 0.749555 0.643133
vt 0.749555 0.560718
vt 0.820298 0.083981
vt 0.814795 0.140774
vt 0.817919 0.083072
vt 0.998970 0.561323
vt 0.996457 0.620866
vt 0.996457 0.561386
vt 0.994116 0.620157
vt 0.994116 0.560677
vt 0.819055 0.143228
vt 0.817795 0.150422
vt 0.808751 0.148496
vt 0.760433 0.449767
vt 0.758486 0.532002
vt 0.758486 0.449588
vt 0.755876 0.531900
vt 0.677066 0.759716
vt 0.679363 0.752332
vt 0.688200 0.753305
vt 0.610373 0.001503
vt 0.614070 0.098698
vt 0.610373 0.099855
vt 0.614070 0.000346
vt 0.618338 0.098351
vt 0.622529 0.000518
vt 0.622529 0.098869
vt 0.626004 0.001821
vt 0.626004 0.100172
vt 0.642482 0.441388
vt 0.645544 0.331611
vt 0.645544 0.441080
vt 0.649255 0.331735
vt 0.649255 0.441204
vt 0.653050 0.332271
vt 0.653050 0.441740
vt 0.656351 0.333138
vt 0.656351 0.442607
vt 0.612861 0.430279
vt 0.616558 0.333085
vt 0.616558 0.431437
vt 0.620826 0.333431
vt 0.620826 0.431783
vt 0.625017 0.431265
vt 0.625017 0.332914
vt 0.628492 0.429962
vt 0.639994 0.001220
vt 0.643056 0.110997
vt 0.639994 0.110689
vt 0.643056 0.001527
vt 0.646766 0.110873
vt 0.837808 0.541991
vt 0.846830 0.533990
vt 0.852858 0.547286
vt 0.646766 0.001403
vt 0.650562 0.110336
vt 0.650562 0.000867
vt 0.653863 0.109470
vt 0.846005 0.415922
vt 0.852033 0.428403
vt 0.843011 0.437625
vt 0.901431 0.068438
vt 0.903450 0.144223
vt 0.901431 0.144067
vt 0.082396 0.497460
vt 0.085072 0.560099
vt 0.082396 0.559949
vt 0.085072 0.497610
vt 0.087867 0.559696
vt 0.294046 0.718305
vt 0.293778 0.773241
vt 0.290910 0.773179
vt 0.299565 0.719251
vt 0.296430 0.774125
vt 0.119281 0.901044
vt 0.121662 0.826059
vt 0.121662 0.901687
vt 0.124320 0.826485
vt 0.124320 0.902113
vt 0.126851 0.826632
vt 0.126851 0.902260
vt 0.128869 0.826475
vt 0.128869 0.902103
vt 0.195045 0.561842
vt 0.197720 0.499203
vt 0.197720 0.561692
vt 0.200515 0.499606
vt 0.200515 0.562095
vt 0.279623 0.784093
vt 0.279356 0.729157
vt 0.282491 0.784031
vt 0.285143 0.783147
vt 0.893861 0.069654
vt 0.896242 0.144640
vt 0.893861 0.145282
vt 0.273840 0.728451
vt 0.271825 0.720821
vt 0.282023 0.719073
vt 0.896242 0.069011
vt 0.898900 0.144213
vt 0.898900 0.068585
vt 0.299561 0.777714
vt 0.293797 0.784093
vt 0.285146 0.779559
vt 0.661420 0.795347
vt 0.652441 0.744779
vt 0.655311 0.744735
vt 0.896953 0.718078
vt 0.899432 0.647540
vt 0.899432 0.718710
vt 0.902212 0.647909
vt 0.902212 0.719079
vt 0.904870 0.647958
vt 0.904870 0.719128
vt 0.907002 0.647680
vt 0.907002 0.718850
vt 0.509784 0.971000
vt 0.512433 0.906621
vt 0.512433 0.970976
vt 0.515163 0.907145
vt 0.515163 0.971501
vt 0.517557 0.908139
vt 0.517557 0.972494
vt 0.777877 0.725090
vt 0.768897 0.775658
vt 0.775007 0.725046
vt 0.896229 0.800526
vt 0.898708 0.871064
vt 0.896229 0.871696
vt 0.898708 0.799894
vt 0.901489 0.870696
vt 0.901489 0.799526
vt 0.904147 0.870647
vt 0.904147 0.799477
vt 0.906278 0.870924
vt 0.412232 0.907670
vt 0.414881 0.972049
vt 0.412232 0.972025
vt 0.766288 0.776486
vt 0.776567 0.778246
vt 0.774928 0.786280
vt 0.414881 0.907694
vt 0.417611 0.971525
vt 0.417611 0.907170
vt 0.420005 0.970532
vt 0.650299 0.734282
vt 0.660423 0.735731
vt 0.658004 0.743827
vt 0.762163 0.331647
vt 0.765020 0.413975
vt 0.762163 0.414011
vt 0.765020 0.331611
vt 0.767797 0.414042
vt 0.770072 0.331839
vt 0.770072 0.414203
vt 0.178608 0.983712
vt 0.180750 0.919547
vt 0.180750 0.982709
vt 0.183226 0.919227
vt 0.183226 0.982388
vt 0.185658 0.919637
vt 0.185658 0.982799
vt 0.412232 0.769230
vt 0.413996 0.687078
vt 0.413996 0.769442
vt 0.416498 0.687212
vt 0.416498 0.769576
vt 0.419355 0.687248
vt 0.419355 0.769613
vt 0.422132 0.687181
vt 0.422132 0.769545
vt 0.424407 0.769385
vt 0.975371 0.160009
vt 0.977513 0.224174
vt 0.975371 0.223171
vt 0.977513 0.161012
vt 0.979989 0.224494
vt 0.979989 0.161333
vt 0.982422 0.224084
vt 0.874846 0.147277
vt 0.882336 0.145750
vt 0.883826 0.154915
vt 0.757897 0.331993
vt 0.759661 0.414146
vt 0.757897 0.414358
vt 0.759661 0.331781
vt 0.932111 0.436554
vt 0.938461 0.441472
vt 0.934218 0.449355
vt 0.898106 0.414205
vt 0.900052 0.332062
vt 0.900052 0.414479
vt 0.013685 0.685671
vt 0.016143 0.602776
vt 0.016143 0.685581
vt 0.018982 0.685548
vt 0.018982 0.602742
vt 0.021771 0.685576
vt 0.021771 0.602770
vt 0.024085 0.685661
vt 0.888507 0.160336
vt 0.890711 0.242878
vt 0.888507 0.242754
vt 0.890711 0.160460
vt 0.893203 0.242859
vt 0.893203 0.160442
vt 0.895605 0.242701
vt 0.895605 0.160283
vt 0.897550 0.242427
vt 0.813159 0.736838
vt 0.815617 0.819734
vt 0.813159 0.819644
vt 0.818457 0.736961
vt 0.818456 0.819767
vt 0.821245 0.736934
vt 0.821245 0.819740
vt 0.823559 0.736849
vt 0.823559 0.819655
vt 0.891009 0.414153
vt 0.893213 0.331611
vt 0.893212 0.414028
vt 0.646672 0.972103
vt 0.639130 0.977487
vt 0.634090 0.968702
vt 0.895705 0.331629
vt 0.895705 0.414047
vt 0.898106 0.331788
vt 0.568041 0.976615
vt 0.563002 0.968278
vt 0.570544 0.962221
vt 0.196027 0.356071
vt 0.200699 0.496912
vt 0.196027 0.496320
vt 0.490295 0.173822
vt 0.496325 0.301979
vt 0.490295 0.301839
vt 0.496325 0.173962
vt 0.502629 0.301053
vt 0.502629 0.173036
vt 0.508248 0.299201
vt 0.014533 0.336278
vt 0.006470 0.238445
vt 0.021003 0.336306
vt 0.470208 0.140249
vt 0.475671 0.001643
vt 0.475671 0.141892
vt 0.481788 0.002655
vt 0.481788 0.142905
vt 0.487626 0.002883
vt 0.487626 0.143132
vt 0.492298 0.002292
vt 0.492298 0.142541
vt 0.492298 0.128157
vt 0.498328 -0.000000
vt 0.498328 0.128017
vt 0.504633 0.000926
vt 0.504633 0.128943
vt 0.510252 0.002778
vt 0.510252 0.130795
vt 0.047558 0.264393
vt 0.039495 0.362226
vt 0.033025 0.362254
vt 0.178608 0.358954
vt 0.184072 0.497560
vt 0.178608 0.499203
vt 0.036462 0.258815
vt 0.039261 0.240447
vt 0.062614 0.243995
vt 0.184072 0.357311
vt 0.190188 0.496548
vt 0.190188 0.356299
vt 0.031011 0.341978
vt 0.024661 0.360306
vt 0.002014 0.356554
vt 0.553705 0.457413
vt 0.556670 0.557982
vt 0.553705 0.558551
vt 0.556670 0.456843
vt 0.560576 0.557485
vt 0.560576 0.456346
vt 0.564828 0.557135
vt 0.564828 0.455996
vt 0.568779 0.556986
vt 0.568779 0.455847
vt 0.571828 0.557061
vt 0.719898 0.171184
vt 0.723915 0.269702
vt 0.719898 0.269325
vt 0.728238 0.171664
vt 0.728238 0.269804
vt 0.732206 0.171474
vt 0.732206 0.269615
vt 0.488804 0.571664
vt 0.491769 0.471095
vt 0.491769 0.572233
vt 0.495675 0.471592
vt 0.495675 0.572731
vt 0.499927 0.471942
vt 0.499927 0.573080
vt 0.503878 0.472091
vt 0.503878 0.573229
vt 0.506927 0.472016
vt 0.506927 0.573155
vt 0.714400 0.659297
vt 0.718418 0.560779
vt 0.718418 0.658919
vt 0.483659 0.329466
vt 0.480698 0.314156
vt 0.495581 0.310958
vt 0.722740 0.658818
vt 0.722740 0.560677
vt 0.726708 0.659007
vt 0.557241 0.309517
vt 0.548810 0.322438
vt 0.536193 0.313625
vt 0.119281 0.824333
vt 0.121426 0.754170
vt 0.121426 0.823975
vt 0.124122 0.754114
vt 0.124122 0.823919
vt 0.126959 0.754368
vt 0.126959 0.824173
vt 0.129506 0.754894
vt 0.129506 0.824699
vt 0.131374 0.755612
vt 0.131374 0.825416
vt 0.959659 0.000628
vt 0.962255 0.067392
vt 0.959659 0.067876
vt 0.962255 0.000144
vt 0.965128 0.067248
vt 0.965128 0.000000
vt 0.967842 0.067467
vt 0.100623 0.754860
vt 0.102767 0.825023
vt 0.100623 0.824665
vt 0.102767 0.755218
vt 0.105463 0.825079
vt 0.105463 0.755274
vt 0.108301 0.824825
vt 0.108301 0.755020
vt 0.110848 0.824299
vt 0.110847 0.754494
vt 0.112716 0.823581
vt 0.676238 0.966566
vt 0.678834 0.899802
vt 0.678834 0.967050
vt 0.752428 0.644405
vt 0.761798 0.646713
vt 0.759934 0.656832
vt 0.681708 0.899946
vt 0.681708 0.967194
vt 0.684422 0.899727
vt 0.684422 0.966975
vt 0.765680 0.644633
vt 0.775051 0.646372
vt 0.773187 0.656604
vt 0.793578 0.000315
vt 0.795475 0.076502
vt 0.793578 0.076817
vt 0.223053 0.901672
vt 0.225703 0.967469
vt 0.223053 0.967110
vt 0.225703 0.902031
vt 0.228576 0.967407
vt 0.231235 0.901495
vt 0.231235 0.966933
vt 0.783865 0.159575
vt 0.785815 0.083289
vt 0.785815 0.159791
vt 0.788343 0.083609
vt 0.788343 0.160112
vt 0.791063 0.083985
vt 0.791063 0.160487
vt 0.793561 0.084358
vt 0.793561 0.160861
vt 0.795458 0.084673
vt 0.795458 0.161176
vt 0.392365 0.967261
vt 0.395015 0.901464
vt 0.395015 0.966902
vt 0.397888 0.901526
vt 0.397888 0.966964
vt 0.400547 0.967438
vt 0.783882 0.001601
vt 0.785832 0.077887
vt 0.783882 0.078103
vt 0.785832 0.001384
vt 0.788360 0.077566
vt 0.726217 0.969514
vt 0.733721 0.963738
vt 0.738736 0.972405
vt 0.788360 0.001064
vt 0.791080 0.077191
vt 0.791080 0.000688
vt 0.597040 0.963317
vt 0.602054 0.971970
vt 0.594550 0.977767
vt 0.879060 0.164410
vt 0.880990 0.242825
vt 0.879060 0.242878
vt 0.880990 0.164358
vt 0.883463 0.242602
vt 0.883463 0.164134
vt 0.886103 0.242242
vt 0.886103 0.163775
vt 0.888507 0.241801
vt 0.638521 0.670892
vt 0.637111 0.730949
vt 0.634595 0.731790
vt 0.643888 0.669950
vt 0.639963 0.730848
vt 0.646642 0.670602
vt 0.642716 0.731500
vt 0.236611 0.292012
vt 0.239286 0.238420
vt 0.239286 0.291694
vt 0.881561 0.410078
vt 0.883492 0.331663
vt 0.883492 0.410131
vt 0.885965 0.331887
vt 0.885965 0.410354
vt 0.888605 0.332246
vt 0.888605 0.410714
vt 0.891009 0.332687
vt 0.891009 0.411155
vt 0.159487 0.740135
vt 0.158077 0.680078
vt 0.162002 0.740975
vt 0.164854 0.741077
vt 0.152960 0.675946
vt 0.159639 0.670273
vt 0.167608 0.674507
vt 0.160929 0.680180
vt 0.167608 0.740425
vt 0.117070 0.238417
vt 0.119745 0.292008
vt 0.117070 0.291690
vt 0.645838 0.738361
vt 0.635920 0.740102
vt 0.034014 0.757932
vt 0.027111 0.700856
vt 0.029965 0.701023
vt 0.031161 0.757765
vt 0.024338 0.701496
vt 0.992765 0.069067
vt 0.995470 0.127436
vt 0.992765 0.128065
vt 0.995470 0.068438
vt 0.998153 0.127456
vt 0.426102 0.849763
vt 0.428314 0.920358
vt 0.426102 0.920080
vt 0.428314 0.850041
vt 0.430998 0.920259
vt 0.430998 0.849942
vt 0.433745 0.919797
vt 0.433745 0.849480
vt 0.436138 0.919043
vt 0.009676 0.711924
vt 0.002773 0.769000
vt 0.006822 0.712091
vt -0.000000 0.768360
vt 0.004049 0.711451
vt 0.008147 0.960211
vt 0.010852 0.901841
vt 0.010852 0.960839
vt 0.013535 0.901821
vt 0.013535 0.960819
vt 0.178608 0.918190
vt 0.180820 0.847594
vt 0.180820 0.917911
vt 0.183504 0.847694
vt 0.183504 0.918011
vt 0.034992 0.767727
vt 0.025100 0.765667
vt 0.028388 0.758405
vt 0.186251 0.848156
vt 0.186251 0.918473
vt 0.188644 0.848910
vt 0.188644 0.919227
vt 0.012176 0.710976
vt 0.001779 0.710101
vt 0.002528 0.702604
vt 0.470207 0.471076
vt 0.474553 0.541583
vt 0.470563 0.542887
vt 0.553705 0.658630
vt 0.557510 0.746487
vt 0.553705 0.745374
vt 0.561781 0.660154
vt 0.561780 0.746897
vt 0.565868 0.659797
vt 0.565868 0.746540
vt 0.465856 0.662172
vt 0.468952 0.558464
vt 0.468952 0.661887
vt 0.472790 0.558675
vt 0.472790 0.662098
vt 0.476787 0.559350
vt 0.476787 0.662773
vt 0.480334 0.560386
vt 0.480334 0.663809
vt 0.444559 0.554422
vt 0.448905 0.483916
vt 0.448549 0.555727
vt 0.726709 0.747258
vt 0.730513 0.659401
vt 0.730513 0.746144
vt 0.734784 0.745734
vt 0.734784 0.658991
vt 0.738871 0.746091
vt 0.602507 0.558838
vt 0.605603 0.662546
vt 0.602507 0.662261
vt 0.605603 0.559123
vt 0.609442 0.662335
vt 0.453224 0.483937
vt 0.440208 0.477112
vt 0.448905 0.467034
vt 0.609442 0.558912
vt 0.613438 0.661660
vt 0.613439 0.558237
vt 0.616985 0.660623
vt 0.485916 0.554750
vt 0.470563 0.557198
vt 0.467509 0.545276
vt 0.760830 0.741769
vt 0.762869 0.814369
vt 0.760830 0.814138
vt 0.960114 0.160911
vt 0.962754 0.231448
vt 0.960114 0.231437
vt 0.962754 0.160923
vt 0.965558 0.231131
vt 0.965558 0.160606
vt 0.968099 0.230535
vt 0.804902 0.403979
vt 0.806767 0.332380
vt 0.806767 0.404749
vt 0.809271 0.333003
vt 0.809271 0.405371
vt 0.812033 0.333383
vt 0.812033 0.405752
vt 0.814631 0.333464
vt 0.814631 0.405833
vt 0.816671 0.333233
vt 0.816671 0.405601
vt 0.959921 0.870014
vt 0.962560 0.799477
vt 0.962560 0.870002
vt 0.965364 0.799793
vt 0.965364 0.870319
vt 0.967905 0.800390
vt 0.967905 0.870916
vt 0.751100 0.743622
vt 0.752966 0.815221
vt 0.751100 0.815991
vt 0.752966 0.742853
vt 0.755470 0.814599
vt 0.880718 0.957999
vt 0.889638 0.959772
vt 0.887864 0.970007
vt 0.755470 0.742230
vt 0.758231 0.814218
vt 0.758231 0.741850
vt 0.497628 0.957223
vt 0.506548 0.959502
vt 0.504773 0.969637
vt 0.795475 0.073583
vt 0.797518 0.000067
vt 0.797518 0.073651
vt 0.800154 0.000236
vt 0.800154 0.073819
vt 0.802981 0.000480
vt 0.802981 0.074063
vt 0.805570 0.000762
vt 0.805570 0.074346
vt 0.807525 0.001040
vt 0.807525 0.074623
vt 0.119281 0.967495
vt 0.121933 0.902260
vt 0.121933 0.967176
vt 0.124806 0.902378
vt 0.124806 0.967295
vt 0.127464 0.902914
vt 0.127464 0.967831
vt 0.795458 0.084112
vt 0.797501 0.157629
vt 0.795458 0.157696
vt 0.797501 0.084045
vt 0.800137 0.157460
vt 0.800137 0.083877
vt 0.802964 0.157216
vt 0.802964 0.083633
vt 0.805553 0.156934
vt 0.805553 0.083350
vt 0.807508 0.156656
vt 0.200699 0.902334
vt 0.203350 0.967569
vt 0.200699 0.967251
vt 0.774527 0.163148
vt 0.769243 0.154435
vt 0.777150 0.148720
vt 0.203350 0.902652
vt 0.206224 0.967451
vt 0.206224 0.902534
vt 0.208882 0.966914
vt 0.782451 0.074237
vt 0.774543 0.080100
vt 0.769260 0.071486
vt 0.868849 0.326439
vt 0.865981 0.250761
vt 0.868849 0.250868
vt 0.863432 0.325788
vt 0.863432 0.250217
vt 0.965856 0.628170
vt 0.968356 0.561444
vt 0.968356 0.628937
vt 0.970973 0.561663
vt 0.970973 0.629156
vt 0.973308 0.561302
vt 0.973308 0.628795
vt 0.313491 0.824211
vt 0.312669 0.769694
vt 0.316072 0.824440
vt 0.871934 0.450566
vt 0.869721 0.525392
vt 0.869721 0.449821
vt 0.866972 0.525047
vt 0.866972 0.449476
vt 0.864104 0.525154
vt 0.864104 0.449583
vt 0.861555 0.450127
vt 0.737106 0.099597
vt 0.739606 0.166323
vt 0.737106 0.167090
vt 0.739606 0.098830
vt 0.742223 0.166104
vt 0.742223 0.098611
vt 0.744558 0.166465
vt 0.417428 0.780211
vt 0.416605 0.834727
vt 0.414024 0.834957
vt 0.412232 0.776520
vt 0.417429 0.769842
vt 0.425206 0.773304
vt 0.873811 0.325349
vt 0.871598 0.250523
vt 0.873811 0.249778
vt 0.871598 0.326094
vt 0.318457 0.825442
vt 0.320282 0.832936
vt 0.311107 0.833578
vt 0.454017 0.116153
vt 0.456013 0.192606
vt 0.454017 0.193365
vt 0.456013 0.115393
vt 0.458649 0.192179
vt 0.458649 0.114967
vt 0.461522 0.192150
vt 0.464196 0.115311
vt 0.464196 0.192523
vt 0.466262 0.116030
vt 0.466262 0.193242
vt 0.038023 0.684709
vt 0.040370 0.602242
vt 0.040370 0.684841
vt 0.042889 0.602403
vt 0.042889 0.685002
vt 0.045198 0.602567
vt 0.045198 0.685167
vt 0.767483 0.248397
vt 0.769479 0.171944
vt 0.769479 0.249156
vt 0.772114 0.172371
vt 0.772114 0.249583
vt 0.774988 0.172400
vt 0.774988 0.249612
vt 0.777661 0.249239
vt 0.777661 0.172026
vt 0.779728 0.248520
vt 0.081222 0.682183
vt 0.083569 0.764650
vt 0.081222 0.764782
vt 0.966708 0.524913
vt 0.973542 0.519342
vt 0.978107 0.528145
vt 0.083569 0.682050
vt 0.086089 0.764489
vt 0.086089 0.681890
vt 0.088398 0.764324
vt 0.973641 0.316826
vt 0.978206 0.325342
vt 0.971373 0.331342
vt 0.353002 0.569588
vt 0.356171 0.678534
vt 0.353002 0.677962
vt 0.578916 0.172621
vt 0.582038 0.280799
vt 0.578916 0.281740
vt 0.582038 0.171681
vt 0.586058 0.280303
vt 0.586058 0.171184
vt 0.590365 0.280326
vt 0.594302 0.171747
vt 0.594302 0.280866
vt 0.356171 0.677926
vt 0.359285 0.570521
vt 0.359285 0.678895
vt 0.362981 0.571026
vt 0.362981 0.679400
vt 0.366696 0.570990
vt 0.366696 0.679364
vt 0.369865 0.570418
vt 0.369865 0.678793
vt 0.571828 0.564966
vt 0.574950 0.456788
vt 0.574950 0.565906
vt 0.578970 0.457284
vt 0.578970 0.566403
vt 0.583277 0.457261
vt 0.583277 0.566379
vt 0.587214 0.565840
vt 0.342477 0.571026
vt 0.345591 0.678431
vt 0.342477 0.679400
vt 0.821409 0.428321
vt 0.811175 0.436749
vt 0.804337 0.424350
vt 0.345591 0.570057
vt 0.349287 0.677926
vt 0.349287 0.569552
vt 0.804715 0.658868
vt 0.797877 0.646337
vt 0.808111 0.638107
vt 0.919727 0.450595
vt 0.921875 0.522158
vt 0.919727 0.521779
vt 0.921875 0.450974
vt 0.924461 0.522078
vt 0.924461 0.450895
vt 0.927093 0.521552
vt 0.927093 0.450368
vt 0.929371 0.520659
vt 0.449224 0.660615
vt 0.448301 0.724552
vt 0.445446 0.724610
vt 0.454813 0.661205
vt 0.451036 0.725200
vt 0.565868 0.721202
vt 0.568509 0.659292
vt 0.568509 0.721864
vt 0.571135 0.659332
vt 0.571135 0.721904
vt 0.919714 0.314929
vt 0.921861 0.243366
vt 0.921861 0.314550
vt 0.924448 0.243446
vt 0.924448 0.314630
vt 0.927080 0.243972
vt 0.927080 0.315156
vt 0.929357 0.244865
vt 0.929357 0.316049
vt 0.448427 0.188150
vt 0.447505 0.124213
vt 0.451282 0.188208
vt 0.454017 0.187560
vt 0.440270 0.122063
vt 0.443189 0.115586
vt 0.453158 0.117088
vt 0.386427 0.586217
vt 0.389068 0.648128
vt 0.386427 0.648790
vt 0.389068 0.585556
vt 0.391694 0.648088
vt 0.453233 0.726456
vt 0.452115 0.733014
vt 0.441787 0.731924
vt 0.646883 0.662403
vt 0.651145 0.724301
vt 0.648823 0.725449
vt 0.649205 0.661255
vt 0.653939 0.723802
vt 0.654839 0.660982
vt 0.656779 0.724029
vt 0.657293 0.661900
vt 0.659233 0.724946
vt 0.327925 0.897052
vt 0.329907 0.818044
vt 0.329907 0.897002
vt 0.332381 0.818218
vt 0.332381 0.897177
vt 0.334970 0.818591
vt 0.334970 0.897549
vt 0.337282 0.819104
vt 0.337282 0.898062
vt 0.707685 0.169537
vt 0.711947 0.107639
vt 0.710007 0.170686
vt 0.714741 0.108138
vt 0.712801 0.171184
vt 0.715641 0.170958
vt 0.717581 0.107911
vt 0.718095 0.170041
vt 0.676238 0.820310
vt 0.678220 0.899318
vt 0.676238 0.899268
vt 0.678220 0.820360
vt 0.680694 0.899144
vt 0.707685 0.103018
vt 0.715350 0.098611
vt 0.680694 0.820185
vt 0.683284 0.898771
vt 0.683284 0.819813
vt 0.685595 0.898258
vt 0.661161 0.730060
vt 0.651708 0.733103
vt 0.647326 0.727072
vt 0.426102 0.767575
vt 0.428195 0.685557
vt 0.428195 0.767807
vt 0.430883 0.685672
vt 0.430883 0.767921
vt 0.433756 0.767900
vt 0.433756 0.685650
vt 0.436377 0.767746
vt 0.436377 0.685497
vt 0.438347 0.767483
vt 0.392038 0.835068
vt 0.389637 0.753005
vt 0.392038 0.752779
vt 0.389637 0.835295
vt 0.387119 0.753172
vt 0.387119 0.835462
vt 0.384869 0.753254
vt 0.755238 0.171531
vt 0.757331 0.253548
vt 0.755238 0.253781
vt 0.757330 0.171298
vt 0.760018 0.253434
vt 0.762891 0.171206
vt 0.762891 0.253455
vt 0.765512 0.171360
vt 0.765512 0.253609
vt 0.767483 0.171622
vt 0.767483 0.253872
vt 0.964270 0.068914
vt 0.961868 0.150976
vt 0.961868 0.068687
vt 0.375787 0.964468
vt 0.383357 0.958756
vt 0.388416 0.967445
vt 0.959351 0.150810
vt 0.959351 0.068520
vt 0.957101 0.150728
vt 0.957101 0.068438
vt 0.796227 0.957107
vt 0.801286 0.965709
vt 0.793715 0.971551
vt 0.342191 0.818990
vt 0.339665 0.877803
vt 0.339665 0.818896
vt 0.337282 0.876950
vt 0.337282 0.818044
vt 0.757019 0.165378
vt 0.759097 0.083377
vt 0.759097 0.165646
vt 0.761773 0.083518
vt 0.761773 0.165787
vt 0.764641 0.165778
vt 0.764642 0.083509
vt 0.767264 0.165622
vt 0.767264 0.083353
vt 0.769243 0.165342
vt 0.617970 0.755189
vt 0.623143 0.811756
vt 0.620804 0.812678
vt 0.133779 0.884323
vt 0.131253 0.825510
vt 0.133779 0.825416
vt 0.131253 0.884416
vt 0.128869 0.826362
vt 0.757036 0.000409
vt 0.759114 0.082410
vt 0.757036 0.082678
vt 0.759114 0.000141
vt 0.761790 0.082269
vt 0.764658 0.000008
vt 0.764658 0.082278
vt 0.767281 0.000165
vt 0.767281 0.082434
vt 0.664788 0.755972
vt 0.673761 0.757941
vt 0.672104 0.765166
vt 0.769259 0.000445
vt 0.769259 0.082715
vt 0.662101 0.822246
vt 0.667273 0.765679
vt 0.664440 0.823168
vt 0.629728 0.813625
vt 0.627826 0.821054
vt 0.626004 0.001260
vt 0.629024 0.110360
vt 0.626004 0.110095
vt 0.629024 0.001525
vt 0.632744 0.110214
vt 0.632744 0.001379
vt 0.636596 0.109678
vt 0.636596 0.000843
vt 0.639994 0.108835
vt 0.602507 0.456877
vt 0.606395 0.555098
vt 0.602507 0.556025
vt 0.610699 0.455847
vt 0.610699 0.554995
vt 0.614763 0.456586
vt 0.614763 0.555734
vt 0.617970 0.458053
vt 0.617970 0.557201
vt 0.628492 0.440711
vt 0.631512 0.331611
vt 0.631512 0.440446
vt 0.635232 0.331757
vt 0.635232 0.440592
vt 0.639084 0.332293
vt 0.639084 0.441128
vt 0.642482 0.333136
vt 0.642482 0.441971
vt 0.609596 0.271508
vt 0.613483 0.173287
vt 0.613483 0.272435
vt 0.617787 0.272538
vt 0.830745 0.415922
vt 0.836982 0.428508
vt 0.827647 0.437075
vt 0.617787 0.173390
vt 0.621852 0.271799
vt 0.621852 0.172651
vt 0.625058 0.270332
vt 0.822235 0.542173
vt 0.831570 0.533823
vt 0.837808 0.546554
vt 0.603568 0.117444
vt 0.601799 0.168492
vt 0.599143 0.169264
vt 0.777892 0.828886
vt 0.780267 0.902672
vt 0.777892 0.903339
vt 0.780267 0.828219
vt 0.782947 0.902239
vt 0.782947 0.827786
vt 0.785524 0.902106
vt 0.785524 0.827653
vt 0.787605 0.902293
vt 0.763339 0.910182
vt 0.766095 0.970531
vt 0.763339 0.970224
vt 0.766095 0.910490
vt 0.768957 0.970291
vt 0.771490 0.909497
vt 0.771490 0.969539
vt 0.546480 0.771471
vt 0.544710 0.720423
vt 0.549136 0.772243
vt 0.165689 0.901235
vt 0.168064 0.827449
vt 0.168064 0.901901
vt 0.170743 0.827882
vt 0.170743 0.902334
vt 0.173320 0.828015
vt 0.173320 0.902468
vt 0.175402 0.827828
vt 0.175402 0.902281
vt 0.110617 0.574009
vt 0.113372 0.513660
vt 0.113372 0.573701
vt 0.596005 0.108405
vt 0.606224 0.107144
vt 0.608257 0.115155
vt 0.116235 0.513901
vt 0.116235 0.573942
vt 0.118768 0.574694
vt 0.543605 0.771561
vt 0.552269 0.775791
vt 0.546480 0.782709
vt 0.912809 0.560677
vt 0.914871 0.634455
vt 0.912809 0.634188
vt 0.962369 0.450751
vt 0.965031 0.515746
vt 0.962369 0.515675
vt 0.965031 0.450821
vt 0.967795 0.515298
vt 0.967795 0.450374
vt 0.970241 0.514400
vt 0.776080 0.054613
vt 0.772095 0.000123
vt 0.778916 0.054736
vt 0.055722 0.914371
vt 0.058090 0.841604
vt 0.058091 0.915116
vt 0.060757 0.842064
vt 0.060757 0.915575
vt 0.063316 0.842169
vt 0.063316 0.915680
vt 0.065378 0.841902
vt 0.065378 0.915413
vt 0.964270 0.133434
vt 0.966931 0.068438
vt 0.966931 0.133363
vt 0.969696 0.068886
vt 0.969696 0.133810
vt 0.972142 0.069784
vt 0.972142 0.134708
vt 0.776063 0.094082
vt 0.772078 0.148573
vt 0.769242 0.148696
vt 0.905215 0.561986
vt 0.907583 0.634752
vt 0.905215 0.635497
vt 0.771037 0.091923
vt 0.771731 0.084138
vt 0.782070 0.085232
vt 0.907583 0.561241
vt 0.910250 0.634293
vt 0.910250 0.560782
vt 0.783138 0.057297
vt 0.779822 0.064908
vt 0.770004 0.062940
vt 0.015637 0.984640
vt 0.018103 0.921937
vt 0.018103 0.984972
vt 0.020569 0.921541
vt 0.020569 0.984576
vt 0.745687 0.414700
vt 0.747603 0.331674
vt 0.747603 0.414597
vt 0.750190 0.331616
vt 0.750190 0.414539
vt 0.753055 0.331611
vt 0.753055 0.414534
vt 0.755761 0.414583
vt 0.755761 0.331660
vt 0.757897 0.414680
vt 0.034873 0.921786
vt 0.036963 0.983810
vt 0.034873 0.984821
vt 0.036963 0.920775
vt 0.039428 0.983477
vt 0.039429 0.920443
vt 0.041895 0.983874
vt 0.744809 0.083072
vt 0.746725 0.166099
vt 0.744809 0.165996
vt 0.746725 0.083176
vt 0.749313 0.166157
vt 0.749313 0.083234
vt 0.752177 0.166162
vt 0.754884 0.083189
vt 0.754884 0.166113
vt 0.926206 0.232688
vt 0.924672 0.241607
vt 0.916958 0.239935
vt 0.757019 0.083093
vt 0.757019 0.166016
vt 0.013547 0.983629
vt 0.015637 0.921605
vt 0.917790 0.446634
vt 0.919324 0.437754
vt 0.927038 0.439623
vt 0.832238 0.647064
vt 0.834410 0.729471
vt 0.832239 0.729626
vt 0.079302 0.599348
vt 0.081470 0.681444
vt 0.079302 0.681621
vt 0.081470 0.599171
vt 0.083960 0.681402
vt 0.083960 0.599129
vt 0.086393 0.681500
vt 0.088398 0.599452
vt 0.088398 0.681725
vt 0.823559 0.819498
vt 0.826132 0.736844
vt 0.826132 0.819406
vt 0.829001 0.736838
vt 0.829001 0.819401
vt 0.831729 0.736919
vt 0.831729 0.819481
vt 0.833901 0.737074
vt 0.833901 0.819636
vt 0.883785 0.325743
vt 0.885953 0.243647
vt 0.885953 0.325920
vt 0.888443 0.243689
vt 0.888443 0.325963
vt 0.890876 0.243591
vt 0.890876 0.325864
vt 0.892881 0.325640
vt 0.824068 0.647047
vt 0.826641 0.729701
vt 0.824068 0.729610
vt 0.849770 0.727521
vt 0.844767 0.719066
vt 0.852255 0.713037
vt 0.826641 0.647139
vt 0.829510 0.729707
vt 0.829510 0.647144
vt 0.942797 0.972099
vt 0.935309 0.977604
vt 0.930305 0.968798
vt 0.139296 0.265229
vt 0.152960 0.354439
vt 0.146862 0.356528
vt 0.066050 0.359405
vt 0.071502 0.495519
vt 0.066050 0.497207
vt 0.071502 0.357717
vt 0.077665 0.494507
vt 0.077665 0.356706
vt 0.083600 0.494326
vt 0.083600 0.356524
vt 0.088405 0.495003
vt 0.289183 0.389411
vt 0.295419 0.512763
vt 0.289183 0.512304
vt 0.295419 0.389870
vt 0.301902 0.512164
vt 0.307645 0.387707
vt 0.307645 0.510600
vt 0.085382 0.329716
vt 0.099047 0.240506
vt 0.091480 0.331805
vt 0.200699 0.493873
vt 0.206150 0.357759
vt 0.206150 0.495561
vt 0.212313 0.358771
vt 0.212313 0.496572
vt 0.218249 0.358952
vt 0.218249 0.496754
vt 0.223053 0.358275
vt 0.223053 0.496077
vt 0.270720 0.511059
vt 0.276956 0.387707
vt 0.276956 0.510600
vt 0.122792 0.244369
vt 0.146124 0.240413
vt 0.150132 0.259332
vt 0.283439 0.388305
vt 0.283439 0.511198
vt 0.289183 0.512763
vt 0.078853 0.329664
vt 0.098875 0.340559
vt 0.086244 0.356524
vt 0.577971 0.431416
vt 0.581047 0.331704
vt 0.581047 0.431169
vt 0.722246 0.331964
vt 0.726256 0.429293
vt 0.722246 0.429635
vt 0.726256 0.331622
vt 0.730573 0.429282
vt 0.730573 0.331611
vt 0.734538 0.429603
vt 0.372250 0.486050
vt 0.375296 0.585238
vt 0.372250 0.585515
vt 0.375296 0.485772
vt 0.379287 0.585075
vt 0.379287 0.485610
vt 0.383615 0.585054
vt 0.383615 0.485588
vt 0.387622 0.585176
vt 0.387622 0.485710
vt 0.390698 0.585423
vt 0.721354 0.097671
vt 0.725365 0.000342
vt 0.725365 0.098013
vt 0.729681 0.000353
vt 0.729681 0.098024
vt 0.733646 0.000032
vt 0.733646 0.097702
vt 0.562600 0.431077
vt 0.565645 0.331889
vt 0.565645 0.431354
vt 0.569636 0.332051
vt 0.569636 0.431517
vt 0.438180 0.314075
vt 0.453326 0.310981
vt 0.456339 0.326283
vt 0.573964 0.332073
vt 0.573964 0.431538
vt 0.577971 0.331951
vt 0.389637 0.121226
vt 0.402478 0.129941
vt 0.393898 0.142895
vt 0.917932 0.331611
vt 0.919857 0.400934
vt 0.917932 0.400208
vt 0.919857 0.332336
vt 0.922445 0.401425
vt 0.925303 0.333009
vt 0.925303 0.401607
vt 0.927996 0.332854
vt 0.927996 0.401451
vt 0.895323 0.633417
vt 0.897390 0.560677
vt 0.897390 0.633194
vt 0.899996 0.560775
vt 0.899996 0.633292
vt 0.902744 0.561179
vt 0.902744 0.633696
vt 0.905215 0.561828
vt 0.905215 0.634345
vt 0.916128 0.230005
vt 0.918053 0.160682
vt 0.918053 0.229280
vt 0.920642 0.160191
vt 0.920642 0.228789
vt 0.923500 0.228607
vt 0.923500 0.160009
vt 0.926192 0.228762
vt 0.076176 0.832541
vt 0.078243 0.905281
vt 0.076176 0.905058
vt 0.078243 0.832764
vt 0.080849 0.905183
vt 0.953555 0.439416
vt 0.958652 0.430559
vt 0.966279 0.436033
vt 0.080849 0.832666
vt 0.083596 0.904779
vt 0.083596 0.832262
vt 0.086067 0.904131
vt 0.963521 0.417217
vt 0.965311 0.427494
vt 0.956314 0.429162
vt 0.783711 0.450940
vt 0.785643 0.526568
vt 0.783711 0.526809
vt 0.785643 0.450698
vt 0.788176 0.526251
vt 0.788176 0.450382
vt 0.790924 0.525908
vt 0.790924 0.450038
vt 0.793468 0.525590
vt 0.793468 0.449720
vt 0.795422 0.525345
vt 0.823559 0.967205
vt 0.826203 0.902957
vt 0.826203 0.967798
vt 0.829066 0.903126
vt 0.829066 0.967967
vt 0.831712 0.902845
vt 0.831712 0.967686
vt 0.781163 0.407481
vt 0.783096 0.331852
vt 0.783096 0.407722
vt 0.785628 0.332169
vt 0.785628 0.408039
vt 0.788376 0.332512
vt 0.788376 0.408382
vt 0.790921 0.332830
vt 0.790921 0.408700
vt 0.792875 0.333075
vt 0.792875 0.408944
vt 0.165689 0.903230
vt 0.168333 0.967478
vt 0.165689 0.968071
vt 0.857718 0.639154
vt 0.852669 0.630703
vt 0.860226 0.624646
vt 0.168333 0.902637
vt 0.171196 0.967308
vt 0.171196 0.902468
vt 0.173842 0.967589
vt 0.966708 0.542711
vt 0.959151 0.548201
vt 0.954101 0.539371
vt 0.074197 0.703187
vt 0.075490 0.758189
vt 0.071658 0.702267
vt 0.072629 0.758069
vt 0.068797 0.702147
vt 0.066050 0.702845
vt 0.236611 0.292012
vt 0.239311 0.343809
vt 0.236611 0.343453
vt 0.877984 0.648034
vt 0.880029 0.723139
vt 0.877984 0.723193
vt 0.880029 0.647980
vt 0.882622 0.722906
vt 0.882622 0.647747
vt 0.885367 0.722529
vt 0.885367 0.647371
vt 0.887848 0.722067
vt 0.316441 0.768424
vt 0.317734 0.713422
vt 0.320273 0.712502
vt 0.313902 0.769344
vt 0.314873 0.713543
vt 0.308294 0.768767
vt 0.312126 0.712845
vt 0.117070 0.343806
vt 0.119769 0.292008
vt 0.119769 0.343450
vt 0.877984 0.798351
vt 0.880029 0.723247
vt 0.880029 0.798405
vt 0.882622 0.723480
vt 0.882622 0.798638
vt 0.074125 0.768819
vt 0.066050 0.764199
vt 0.885367 0.723856
vt 0.885367 0.799014
vt 0.887848 0.724318
vt 0.887848 0.799477
vt 0.322104 0.710922
vt 0.309139 0.705413
vt 0.537816 0.920589
vt 0.540037 0.849888
vt 0.540037 0.920287
vt 0.542705 0.849994
vt 0.542705 0.920393
vt 0.545414 0.850492
vt 0.545414 0.920891
vt 0.547752 0.851306
vt 0.547752 0.921705
vt 0.059871 0.708551
vt 0.053634 0.762983
vt 0.057166 0.707769
vt 0.050770 0.763026
vt 0.054302 0.707812
vt 0.990377 0.449930
vt 0.993191 0.507116
vt 0.990377 0.507571
vt 0.993191 0.449476
vt 0.995962 0.507272
vt 0.238444 0.851385
vt 0.240665 0.922086
vt 0.238444 0.921784
vt 0.240665 0.851687
vt 0.243333 0.921980
vt 0.243333 0.851582
vt 0.246042 0.921482
vt 0.246042 0.851084
vt 0.248380 0.920668
vt 0.777892 0.724264
vt 0.771655 0.669833
vt 0.774361 0.669051
vt 0.775187 0.725046
vt 0.768792 0.669790
vt 0.045474 0.769586
vt 0.059715 0.767221
vt 0.990961 0.301007
vt 0.993775 0.243821
vt 0.993775 0.301462
vt 0.996546 0.243666
vt 0.996546 0.301307
vt 0.775026 0.659896
vt 0.776496 0.667562
vt 0.766206 0.668928
vt 0.646883 0.457333
vt 0.649954 0.560677
vt 0.646883 0.560415
vt 0.649954 0.457595
vt 0.653809 0.560487
vt 0.653809 0.457405
vt 0.657861 0.559873
vt 0.657861 0.456791
vt 0.661494 0.558929
vt 0.527507 0.456097
vt 0.521233 0.529297
vt 0.516995 0.529547
vt 0.737746 0.648617
vt 0.741434 0.562095
vt 0.741434 0.650035
vt 0.745580 0.562790
vt 0.745580 0.650730
vt 0.749555 0.562657
vt 0.749555 0.650597
vt 0.440208 0.659071
vt 0.443279 0.555727
vt 0.443279 0.658809
vt 0.447134 0.555917
vt 0.447134 0.658999
vt 0.451186 0.556531
vt 0.451186 0.659613
vt 0.454819 0.557475
vt 0.454819 0.660557
vt 0.549468 0.545961
vt 0.543193 0.472761
vt 0.553705 0.546211
vt 0.714400 0.661410
vt 0.718088 0.747932
vt 0.714400 0.749350
vt 0.532760 0.468492
vt 0.538090 0.456885
vt 0.552690 0.460117
vt 0.718088 0.659992
vt 0.722234 0.747237
vt 0.722234 0.659297
vt 0.726209 0.747370
vt 0.528860 0.532502
vt 0.528198 0.544462
vt 0.512669 0.543006
vt 0.714356 0.751164
vt 0.716202 0.821602
vt 0.714356 0.822401
vt 0.716202 0.750365
vt 0.718705 0.820976
vt 0.718705 0.749740
vt 0.721486 0.820620
vt 0.721486 0.749383
vt 0.724121 0.820586
vt 0.724121 0.749350
vt 0.726209 0.820881
vt 0.662101 0.897614
vt 0.664818 0.966013
vt 0.662101 0.965826
vt 0.664818 0.897800
vt 0.667691 0.965871
vt 0.670282 0.897210
vt 0.670282 0.965423
vt 0.809444 0.631914
vt 0.811289 0.561476
vt 0.811289 0.632713
vt 0.813793 0.562102
vt 0.813793 0.633338
vt 0.816574 0.562458
vt 0.816574 0.633695
vt 0.819209 0.562492
vt 0.819209 0.633728
vt 0.821296 0.562197
vt 0.821296 0.633433
vt 0.833901 0.965511
vt 0.836619 0.897112
vt 0.836619 0.965324
vt 0.928259 0.156984
vt 0.926432 0.146709
vt 0.935616 0.145015
vt 0.839492 0.897254
vt 0.839492 0.965466
vt 0.842083 0.965914
vt 0.270660 0.501776
vt 0.265457 0.510620
vt 0.257671 0.505123
vt 0.795978 0.561008
vt 0.797877 0.636935
vt 0.795978 0.637265
vt 0.057849 0.773974
vt 0.060497 0.840380
vt 0.057849 0.840030
vt 0.060497 0.774324
vt 0.063370 0.840327
vt 0.066033 0.773825
vt 0.066033 0.839880
vt 0.788657 0.735248
vt 0.790616 0.659188
vt 0.790616 0.735445
vt 0.793153 0.659496
vt 0.793153 0.735754
vt 0.795881 0.659869
vt 0.795881 0.736127
vt 0.798384 0.660250
vt 0.798384 0.736507
vt 0.800283 0.660581
vt 0.800283 0.736838
vt 0.355182 0.967537
vt 0.357830 0.901131
vt 0.357830 0.967187
vt 0.360704 0.901184
vt 0.360704 0.967240
vt 0.363366 0.967686
vt 0.786251 0.562267
vt 0.788210 0.638327
vt 0.786251 0.638524
vt 0.788210 0.562070
vt 0.790747 0.638019
vt 0.954142 0.322644
vt 0.961734 0.316826
vt 0.966807 0.325466
vt 0.790747 0.561761
vt 0.793475 0.637646
vt 0.793475 0.561389
vt 0.796249 0.942659
vt 0.801322 0.951340
vt 0.793730 0.957096
vt 0.236163 0.901495
vt 0.238441 0.971114
vt 0.236163 0.970635
vt 0.206436 0.775437
vt 0.213775 0.829843
vt 0.211212 0.830395
vt 0.851164 0.450315
vt 0.853484 0.527397
vt 0.851164 0.527996
vt 0.853484 0.449716
vt 0.856273 0.527157
vt 0.859107 0.449632
vt 0.859107 0.527313
vt 0.861554 0.450161
vt 0.861554 0.527842
vt 0.193493 0.763976
vt 0.195890 0.695541
vt 0.195890 0.764680
vt 0.198420 0.695662
vt 0.198420 0.764802
vt 0.200699 0.695183
vt 0.200699 0.764322
vt 0.228791 0.820650
vt 0.236129 0.766244
vt 0.231354 0.821202
vt 0.034873 0.846049
vt 0.037193 0.768967
vt 0.037193 0.846648
vt 0.039982 0.769207
vt 0.039982 0.846888
vt 0.042816 0.846732
vt 0.042816 0.769051
vt 0.045263 0.846203
vt 0.205475 0.765355
vt 0.213584 0.767727
vt 0.208999 0.774884
vt 0.231235 0.902321
vt 0.233632 0.970756
vt 0.231235 0.971461
vt 0.233632 0.901617
vt 0.224402 0.821934
vt 0.233648 0.822480
vt 0.234780 0.830000
vt 0.823559 0.820322
vt 0.825332 0.902239
vt 0.823559 0.902364
vt 0.825332 0.820197
vt 0.827667 0.902065
vt 0.827666 0.820023
vt 0.830207 0.901868
vt 0.830207 0.819826
vt 0.832568 0.901678
vt 0.857109 0.737864
vt 0.859282 0.813994
vt 0.857109 0.814691
vt 0.859282 0.737167
vt 0.862010 0.813665
vt 0.864877 0.736926
vt 0.864877 0.813753
vt 0.867447 0.737418
vt 0.867447 0.814246
vt 0.892881 0.325408
vt 0.894654 0.243492
vt 0.894654 0.325534
vt 0.896988 0.243666
vt 0.896988 0.325708
vt 0.899529 0.243863
vt 0.899529 0.325905
vt 0.901890 0.244052
vt 0.901890 0.326094
vt 0.857325 0.723736
vt 0.859498 0.647605
vt 0.859498 0.724432
vt 0.862226 0.647935
vt 0.862226 0.724762
vt 0.971324 0.548334
vt 0.966708 0.539936
vt 0.973616 0.533787
vt 0.865093 0.724674
vt 0.865093 0.647846
vt 0.867663 0.724181
vt 0.977803 0.439417
vt 0.970895 0.444822
vt 0.966279 0.435928
vt 0.234842 0.486419
vt 0.238642 0.592955
vt 0.234842 0.593685
vt 0.668065 0.172902
vt 0.671124 0.279253
vt 0.668065 0.280311
vt 0.671124 0.171843
vt 0.674816 0.278649
vt 0.674816 0.171240
vt 0.678581 0.278594
vt 0.678581 0.171184
vt 0.681843 0.279094
vt 0.579317 0.001369
vt 0.582669 0.107689
vt 0.579317 0.108636
vt 0.582669 0.000422
vt 0.586808 0.107267
vt 0.591105 0.000167
vt 0.591105 0.107434
vt 0.594905 0.000898
vt 0.594905 0.108165
vt 0.667957 0.107409
vt 0.671016 0.001059
vt 0.671016 0.108468
vt 0.674709 0.001662
vt 0.674709 0.109071
vt 0.678473 0.001718
vt 0.678473 0.109127
vt 0.681736 0.001218
vt 0.681736 0.108627
vt 0.223053 0.592484
vt 0.226405 0.486164
vt 0.226405 0.593430
vt 0.779365 0.555291
vt 0.772620 0.543116
vt 0.782714 0.533787
vt 0.230545 0.486586
vt 0.230545 0.593852
vt 0.786912 0.429474
vt 0.776817 0.437152
vt 0.770072 0.423874
vt 0.333524 0.686333
vt 0.339784 0.746077
vt 0.336908 0.746094
vt 0.336400 0.686316
vt 0.342477 0.745302
vt 0.566515 0.739018
vt 0.569164 0.799243
vt 0.566515 0.799936
vt 0.569164 0.738325
vt 0.571828 0.799185
vt 0.920060 0.730404
vt 0.922327 0.798637
vt 0.920060 0.798274
vt 0.922327 0.730767
vt 0.925031 0.798546
vt 0.925031 0.730677
vt 0.927760 0.798017
vt 0.927760 0.730147
vt 0.930100 0.797128
vt 0.566539 0.160567
vt 0.572798 0.100823
vt 0.569414 0.160584
vt 0.575491 0.101598
vt 0.572107 0.161359
vt 0.387053 0.742345
vt 0.389702 0.682119
vt 0.389702 0.743037
vt 0.392365 0.682177
vt 0.392365 0.743095
vt 0.921903 0.136671
vt 0.924169 0.068438
vt 0.924169 0.136308
vt 0.926873 0.068529
vt 0.926873 0.136398
vt 0.331309 0.677135
vt 0.341464 0.678478
vt 0.339093 0.685541
vt 0.929603 0.069059
vt 0.929603 0.136928
vt 0.931942 0.069947
vt 0.931942 0.137817
vt 0.563918 0.161311
vt 0.574208 0.162773
vt 0.572512 0.169813
vt 0.833901 0.818692
vt 0.835858 0.897112
vt 0.833901 0.897091
vt 0.835858 0.818713
vt 0.838337 0.896927
vt 0.838337 0.818528
vt 0.840963 0.896563
vt 0.840963 0.818164
vt 0.843334 0.896077
vt 0.606795 0.663481
vt 0.607734 0.726095
vt 0.605193 0.726912
vt 0.612195 0.662546
vt 0.610593 0.725977
vt 0.614937 0.663145
vt 0.613336 0.726576
vt 0.617145 0.664369
vt 0.615544 0.727800
vt 0.342477 0.896264
vt 0.344434 0.817844
vt 0.344433 0.896243
vt 0.346913 0.818030
vt 0.346913 0.896429
vt 0.349539 0.818393
vt 0.349538 0.896792
vt 0.351910 0.818880
vt 0.351910 0.897279
vt 0.470143 0.735723
vt 0.471082 0.673108
vt 0.472684 0.736539
vt 0.475543 0.736658
vt 0.465856 0.669146
vt 0.472408 0.663809
vt 0.480494 0.667890
vt 0.473942 0.673226
vt 0.478286 0.736059
vt 0.476684 0.672628
vt 0.480494 0.734834
vt 0.616295 0.733068
vt 0.606317 0.734795
vt 0.893861 0.068999
vt 0.891998 0.151163
vt 0.891998 0.068773
vt 0.889625 0.150978
vt 0.889625 0.068587
vt 0.887103 0.150860
vt 0.887103 0.068470
vt 0.884816 0.150829
vt 0.884816 0.068438
vt 0.820298 0.150770
vt 0.822549 0.068651
vt 0.822549 0.150982
vt 0.825312 0.068751
vt 0.825312 0.151083
vt 0.828168 0.151056
vt 0.828168 0.068725
vt 0.830681 0.150907
vt 0.895323 0.643068
vt 0.893460 0.560903
vt 0.895323 0.560677
vt 0.893460 0.643293
vt 0.891087 0.561089
vt 0.891087 0.643479
vt 0.888565 0.561207
vt 0.888565 0.643597
vt 0.886278 0.561238
vt 0.821296 0.560990
vt 0.823547 0.643109
vt 0.821296 0.643322
vt 0.823547 0.560778
vt 0.826310 0.643009
vt 0.625503 0.968322
vt 0.617970 0.962272
vt 0.623004 0.953779
vt 0.829166 0.560704
vt 0.829166 0.643035
vt 0.831679 0.560853
vt 0.831679 0.643185
vt 0.923352 0.966026
vt 0.914465 0.968365
vt 0.912697 0.958203
vt 0.138909 0.763090
vt 0.141781 0.680579
vt 0.141781 0.763106
vt 0.144352 0.680668
vt 0.144352 0.763194
vt 0.146231 0.680816
vt 0.146231 0.763342
vt 0.566410 0.747583
vt 0.561037 0.805126
vt 0.564054 0.746897
vt 0.327891 0.703493
vt 0.325371 0.762930
vt 0.325371 0.703523
vt 0.322948 0.762199
vt 0.322948 0.702792
vt 0.751100 0.741583
vt 0.753282 0.659183
vt 0.753282 0.741709
vt 0.756017 0.741769
vt 0.756017 0.659243
vt 0.758889 0.741753
vt 0.758889 0.659227
vt 0.761460 0.741665
vt 0.761460 0.659139
vt 0.763339 0.741517
vt 0.355182 0.817158
vt 0.349809 0.759615
vt 0.352166 0.758929
vt 0.152960 0.633349
vt 0.150440 0.573911
vt 0.152960 0.573941
vt 0.150440 0.633318
vt 0.148017 0.574642
vt 0.554873 0.813470
vt 0.556258 0.806114
vt 0.565242 0.807186
vt 0.133992 0.680749
vt 0.136174 0.763150
vt 0.133992 0.763276
vt 0.138909 0.680564
vt 0.354324 0.751722
vt 0.343335 0.757105
vt 0.504258 0.574382
vt 0.500334 0.667179
vt 0.500334 0.573337
vt 0.496019 0.573229
vt 0.496019 0.667072
vt 0.491970 0.574077
vt 0.491970 0.667919
vt 0.488804 0.575749
vt 0.617970 0.457677
vt 0.621153 0.562519
vt 0.617970 0.562383
vt 0.621153 0.457813
vt 0.625029 0.562219
vt 0.625029 0.457513
vt 0.629008 0.561529
vt 0.629008 0.456823
vt 0.632484 0.560554
vt 0.168414 0.669120
vt 0.164490 0.576323
vt 0.168414 0.575278
vt 0.160175 0.670273
vt 0.160175 0.576431
vt 0.156126 0.669426
vt 0.156126 0.575584
vt 0.152960 0.667753
vt 0.152960 0.573911
vt 0.625058 0.276027
vt 0.628241 0.171184
vt 0.628241 0.275891
vt 0.632117 0.171484
vt 0.632117 0.276190
vt 0.392054 0.450462
vt 0.382539 0.458835
vt 0.376181 0.446056
vt 0.636096 0.172174
vt 0.636096 0.276881
vt 0.639572 0.173150
vt 0.639572 0.277856
vt 0.382539 0.480102
vt 0.376181 0.467476
vt 0.385696 0.458873
vt 0.162737 0.814508
vt 0.164873 0.742595
vt 0.164873 0.814307
vt 0.253054 0.971429
vt 0.255798 0.912059
vt 0.255798 0.971159
vt 0.258640 0.912370
vt 0.258640 0.971470
vt 0.261148 0.972314
vt 0.701999 0.742284
vt 0.703816 0.813292
vt 0.701999 0.813996
vt 0.703816 0.741580
vt 0.706312 0.812718
vt 0.706312 0.741006
vt 0.709107 0.812362
vt 0.709107 0.740650
vt 0.711776 0.812278
vt 0.711776 0.740566
vt 0.713912 0.812478
vt 0.270720 0.913351
vt 0.273464 0.972720
vt 0.270720 0.972450
vt 0.273464 0.913621
vt 0.276306 0.972409
vt 0.278814 0.912465
vt 0.278814 0.971565
vt 0.152960 0.812789
vt 0.154777 0.741782
vt 0.154777 0.813494
vt 0.157273 0.742356
vt 0.157273 0.814068
vt 0.549481 0.148351
vt 0.557883 0.146321
vt 0.559554 0.156523
vt 0.160068 0.742712
vt 0.160068 0.814424
vt 0.162737 0.742796
vt 0.553336 0.130795
vt 0.560458 0.136574
vt 0.555699 0.145223
vt 0.690292 0.119786
vt 0.696249 0.170268
vt 0.693571 0.171160
vt 0.034873 0.848220
vt 0.037234 0.919672
vt 0.034873 0.920443
vt 0.037234 0.847449
vt 0.039920 0.919204
vt 0.039920 0.846982
vt 0.042523 0.919110
vt 0.042523 0.846888
vt 0.044646 0.919405
vt 0.734538 0.269237
vt 0.737294 0.331611
vt 0.734538 0.331412
vt 0.737294 0.269436
vt 0.740139 0.331296
vt 0.742640 0.268342
vt 0.742640 0.330517
vt 0.518340 0.771924
vt 0.524298 0.721442
vt 0.521019 0.772816
vt 0.189138 0.919542
vt 0.191499 0.848091
vt 0.191499 0.920313
vt 0.194186 0.848559
vt 0.194186 0.920781
vt 0.196789 0.848652
vt 0.196789 0.920874
vt 0.198912 0.848357
vt 0.198912 0.920580
vt 0.308294 0.968402
vt 0.311050 0.906028
vt 0.311050 0.968203
vt 0.682942 0.111017
vt 0.693205 0.109307
vt 0.695043 0.117280
vt 0.313895 0.906343
vt 0.313895 0.968517
vt 0.316396 0.969297
vt 0.515464 0.771890
vt 0.524243 0.776521
vt 0.518617 0.783232
vt 0.397032 0.681811
vt 0.399911 0.763940
vt 0.397032 0.763934
vt 0.399911 0.681817
vt 0.402582 0.763814
vt 0.402582 0.681691
vt 0.404638 0.763575
vt 0.544942 0.921705
vt 0.547093 0.984923
vt 0.544942 0.984132
vt 0.547093 0.922496
vt 0.549595 0.985010
vt 0.549595 0.922583
vt 0.552068 0.984379
vt 0.200699 0.682679
vt 0.202715 0.764554
vt 0.200699 0.764802
vt 0.202715 0.682431
vt 0.205365 0.764417
vt 0.208244 0.682288
vt 0.208244 0.764411
vt 0.210915 0.682414
vt 0.210915 0.764537
vt 0.212971 0.682653
vt 0.212971 0.764776
vt 0.537816 0.985010
vt 0.539967 0.921792
vt 0.539967 0.984219
vt 0.542469 0.921705
vt 0.542469 0.984132
vt 0.544942 0.922336
vt 0.544942 0.984763
vt 0.914600 0.448483
vt 0.906904 0.446762
vt 0.908435 0.437815
vt 0.392365 0.763550
vt 0.394382 0.681674
vt 0.394382 0.763797
vt 0.903716 0.448529
vt 0.896019 0.446694
vt 0.897550 0.437769
vt 0.221065 0.840027
vt 0.223047 0.758350
vt 0.223047 0.839957
vt 0.845622 0.163608
vt 0.843083 0.245272
vt 0.843083 0.163386
vt 0.840223 0.245219
vt 0.840223 0.163334
vt 0.837478 0.163458
vt 0.837478 0.245343
vt 0.835265 0.163740
vt 0.877984 0.800160
vt 0.880195 0.881415
vt 0.877984 0.881767
vt 0.880195 0.799809
vt 0.882709 0.881175
vt 0.882709 0.799568
vt 0.885142 0.881084
vt 0.885142 0.799477
vt 0.887124 0.881154
vt 0.844767 0.728926
vt 0.842228 0.647262
vt 0.844767 0.647041
vt 0.842228 0.729147
vt 0.839368 0.647315
vt 0.836623 0.729076
vt 0.836623 0.647191
vt 0.834410 0.728794
vt 0.834410 0.646909
vt 0.213906 0.839344
vt 0.216118 0.758089
vt 0.216118 0.839696
vt 0.857109 0.965908
vt 0.864652 0.960071
vt 0.869692 0.968630
vt 0.218632 0.758329
vt 0.218632 0.839936
vt 0.221065 0.758420
vt 0.486067 0.962123
vt 0.491107 0.970791
vt 0.483564 0.976464
vt 0.560539 0.171184
vt 0.563580 0.271694
vt 0.560539 0.271448
vt 0.563580 0.171431
vt 0.567560 0.271884
vt 0.571872 0.171724
vt 0.571872 0.271988
vt 0.575860 0.171727
vt 0.575860 0.271991
vt 0.578916 0.171628
vt 0.578916 0.271891
vt 0.713814 0.548499
vt 0.717789 0.449489
vt 0.717789 0.548512
vt 0.722062 0.449827
vt 0.722062 0.548851
vt 0.725984 0.450439
vt 0.725984 0.549463
vt 0.560939 0.100806
vt 0.563981 0.000296
vt 0.563981 0.100560
vt 0.567961 0.000107
vt 0.567961 0.100370
vt 0.572273 0.100266
vt 0.572273 0.000003
vt 0.576260 0.100264
vt 0.576260 0.000000
vt 0.579317 0.100363
vt 0.710075 0.332575
vt 0.714050 0.431585
vt 0.710075 0.431598
vt 0.459578 0.326413
vt 0.462549 0.311037
vt 0.477488 0.314022
vt 0.714050 0.332562
vt 0.718324 0.431247
vt 0.718323 0.332223
vt 0.722246 0.430634
vt 0.486864 0.154202
vt 0.483893 0.169549
vt 0.468954 0.166422
vt 0.802520 0.164809
vt 0.804574 0.237550
vt 0.802520 0.237337
vt 0.804574 0.165022
vt 0.807189 0.237478
vt 0.807189 0.164950
vt 0.809965 0.237132
vt 0.809965 0.164604
vt 0.812481 0.236564
vt 0.814354 0.163334
vt 0.814354 0.235861
vt 0.100623 0.967237
vt 0.103139 0.898148
vt 0.103139 0.967933
vt 0.105920 0.898523
vt 0.105920 0.968307
vt 0.108543 0.898520
vt 0.108543 0.968304
vt 0.801325 0.809579
vt 0.803379 0.736838
vt 0.803379 0.809366
vt 0.805994 0.736910
vt 0.805994 0.809438
vt 0.808770 0.737256
vt 0.808770 0.809784
vt 0.811286 0.737824
vt 0.811286 0.810352
vt 0.813159 0.811054
vt 0.342477 0.898349
vt 0.344993 0.967438
vt 0.342477 0.968134
vt 0.968985 0.416954
vt 0.977812 0.419229
vt 0.976056 0.429367
vt 0.344993 0.897653
vt 0.347774 0.967063
vt 0.347774 0.897279
vt 0.350397 0.967066
vt 0.968663 0.633663
vt 0.977489 0.635441
vt 0.975734 0.645678
vt 0.450345 0.807696
vt 0.452341 0.734765
vt 0.452341 0.807883
vt 0.144118 0.906555
vt 0.146760 0.969662
vt 0.144118 0.970236
vt 0.146760 0.905981
vt 0.149627 0.969544
vt 0.149627 0.905863
vt 0.152283 0.969901
vt 0.795422 0.450413
vt 0.797453 0.523407
vt 0.795422 0.523531
vt 0.797453 0.450289
vt 0.800092 0.523221
vt 0.800093 0.450103
vt 0.802939 0.523001
vt 0.802939 0.449883
vt 0.805560 0.522780
vt 0.805560 0.449663
vt 0.807555 0.522593
vt 0.110804 0.969489
vt 0.113446 0.906382
vt 0.113446 0.970063
vt 0.116314 0.906500
vt 0.116314 0.970181
vt 0.118970 0.906143
vt 0.118970 0.969824
vt 0.440208 0.806945
vt 0.442238 0.733951
vt 0.442238 0.807069
vt 0.444878 0.734138
vt 0.444878 0.807255
vt 0.882037 0.440996
vt 0.889922 0.434973
vt 0.895191 0.443453
vt 0.447725 0.734358
vt 0.447725 0.807475
vt 0.450345 0.734578
vt 0.875555 0.434723
vt 0.880824 0.443532
vt 0.872939 0.449061
vt 0.800283 0.734746
vt 0.802344 0.659003
vt 0.802344 0.734758
vt 0.804929 0.659219
vt 0.804929 0.734973
vt 0.807643 0.659604
vt 0.807643 0.735359
vt 0.810073 0.660100
vt 0.810073 0.735855
vt 0.811850 0.660633
vt 0.811850 0.736388
vt 0.772563 0.259765
vt 0.766147 0.314908
vt 0.769835 0.259031
vt 0.763284 0.314992
vt 0.766972 0.259115
vt 0.307645 0.247192
vt 0.310377 0.299426
vt 0.307645 0.298857
vt 0.797877 0.562319
vt 0.799938 0.638061
vt 0.797877 0.638074
vt 0.799938 0.562306
vt 0.802523 0.637846
vt 0.802523 0.562091
vt 0.805237 0.637461
vt 0.805237 0.561706
vt 0.807667 0.636964
vt 0.807667 0.561209
vt 0.809444 0.636432
vt 0.253054 0.768705
vt 0.246638 0.713562
vt 0.249366 0.712828
vt 0.757953 0.319433
vt 0.772563 0.321131
vt 0.250326 0.769439
vt 0.243775 0.713478
vt 0.307645 0.247192
vt 0.310377 0.194958
vt 0.310377 0.246623
vt 0.247723 0.702898
vt 0.252838 0.709460
vt 0.342477 0.680239
vt 0.348485 0.739234
vt 0.345801 0.740032
vt 0.345161 0.679441
vt 0.351360 0.739193
vt 0.547752 0.909487
vt 0.550551 0.850343
vt 0.550551 0.909942
vt 0.553291 0.850206
vt 0.553292 0.909806
vt 0.914871 0.634838
vt 0.916982 0.560677
vt 0.916982 0.634544
vt 0.919534 0.560789
vt 0.919534 0.634656
vt 0.922138 0.561291
vt 0.922138 0.635158
vt 0.924398 0.562106
vt 0.924398 0.635973
vt 0.357002 0.748373
vt 0.363009 0.689377
vt 0.359685 0.749170
vt 0.365884 0.689419
vt 0.362560 0.749212
vt 0.670282 0.897665
vt 0.673081 0.956810
vt 0.670282 0.957265
vt 0.673081 0.897210
vt 0.675821 0.956946
vt 0.912376 0.069573
vt 0.914487 0.143734
vt 0.912376 0.143439
vt 0.914487 0.069868
vt 0.917038 0.143622
vt 0.357074 0.685298
vt 0.362644 0.679400
vt 0.917038 0.069755
vt 0.919643 0.143120
vt 0.919643 0.069254
vt 0.921903 0.142305
vt 0.355762 0.746940
vt 0.345491 0.748490
vt 0.343717 0.741464
vt 0.364433 0.551894
vt 0.350295 0.485588
vt 0.354582 0.485709
vt 0.743369 0.173302
vt 0.747045 0.257595
vt 0.743369 0.259031
vt 0.747045 0.171866
vt 0.751213 0.256913
vt 0.751213 0.171184
vt 0.755238 0.257090
vt 0.646883 0.561831
vt 0.650121 0.660756
vt 0.646883 0.660416
vt 0.650121 0.562170
vt 0.654151 0.660656
vt 0.654151 0.562071
vt 0.658357 0.660132
vt 0.658357 0.561546
vt 0.662101 0.659263
vt 0.342477 0.503245
vt 0.328339 0.569552
vt 0.338190 0.503367
vt 0.662101 0.753198
vt 0.665777 0.668906
vt 0.665777 0.754634
vt 0.669945 0.669587
vt 0.669945 0.755316
vt 0.673970 0.669411
vt 0.673969 0.755139
vt 0.553705 0.657477
vt 0.556944 0.558551
vt 0.556944 0.657137
vt 0.560973 0.558651
vt 0.560974 0.657237
vt 0.366515 0.568320
vt 0.351562 0.565405
vt 0.356031 0.553005
vt 0.565180 0.559176
vt 0.565180 0.657761
vt 0.568923 0.560045
vt 0.568923 0.658630
vt 0.346283 0.501789
vt 0.330758 0.499737
vt 0.332351 0.487165
vt 0.821942 0.729593
vt 0.824068 0.659728
vt 0.824068 0.729210
vt 0.327925 0.966084
vt 0.330632 0.898062
vt 0.330632 0.965922
vt 0.333487 0.898265
vt 0.333487 0.966125
vt 0.336055 0.898801
vt 0.336055 0.966661
vt 0.088405 0.824493
vt 0.090333 0.754383
vt 0.090333 0.823865
vt 0.092928 0.823432
vt 0.092928 0.753949
vt 0.095795 0.823259
vt 0.095795 0.753777
vt 0.098497 0.823373
vt 0.098497 0.753890
vt 0.100623 0.823756
vt 0.958834 0.730389
vt 0.961541 0.798411
vt 0.958834 0.798249
vt 0.961541 0.730550
vt 0.964396 0.798208
vt 0.964396 0.730347
vt 0.966964 0.797672
vt 0.811850 0.658991
vt 0.813778 0.729101
vt 0.811850 0.728473
vt 0.816373 0.660052
vt 0.816373 0.729534
vt 0.398720 0.432228
vt 0.408166 0.434130
vt 0.406287 0.444348
vt 0.819240 0.660225
vt 0.819240 0.729707
vt 0.821942 0.660111
vt 0.578045 0.286612
vt 0.587492 0.288765
vt 0.585613 0.298933
vt 0.524298 0.721992
vt 0.526240 0.797434
vt 0.524298 0.797655
vt 0.526240 0.721771
vt 0.528782 0.797131
vt 0.528782 0.721468
vt 0.531538 0.796793
vt 0.531538 0.721130
vt 0.534086 0.796471
vt 0.534086 0.720808
vt 0.536040 0.796214
vt 0.501603 0.806527
vt 0.504244 0.741558
vt 0.504244 0.807112
vt 0.507105 0.741737
vt 0.507105 0.807291
vt 0.509751 0.741483
vt 0.509751 0.807037
vt 0.784810 0.325441
vt 0.786752 0.249999
vt 0.786752 0.325662
vt 0.789294 0.250301
vt 0.789294 0.325965
vt 0.792050 0.250639
vt 0.792050 0.326303
vt 0.794599 0.250962
vt 0.794598 0.326625
vt 0.796553 0.251219
vt 0.796553 0.326882
vt 0.000000 0.901976
vt 0.002640 0.966946
vt 0.000000 0.967530
vt 0.957186 0.966218
vt 0.952079 0.957792
vt 0.959722 0.951712
vt 0.002640 0.901392
vt 0.005501 0.966767
vt 0.005501 0.901213
vt 0.008147 0.967021
vt 0.908978 0.961107
vt 0.901335 0.966565
vt 0.896229 0.957724
vt 0.863506 0.164267
vt 0.866315 0.239547
vt 0.863506 0.239805
vt 0.866315 0.164009
vt 0.868670 0.238871
vt 0.967905 0.800458
vt 0.970287 0.867840
vt 0.967905 0.868622
vt 0.970287 0.799676
vt 0.972841 0.867641
vt 0.972841 0.799477
vt 0.975178 0.868055
vt 0.006145 0.779405
vt 0.013547 0.831101
vt 0.010907 0.831795
vt 0.860738 0.332432
vt 0.863170 0.407346
vt 0.860738 0.407970
vt 0.866007 0.331611
vt 0.866007 0.407149
vt 0.868817 0.331869
vt 0.868817 0.407407
vt 0.871172 0.332545
vt 0.871172 0.408082
vt 0.968099 0.228173
vt 0.970481 0.160791
vt 0.970481 0.228955
vt 0.973034 0.160990
vt 0.973034 0.229154
vt 0.975371 0.160577
vt 0.975371 0.228741
vt 0.072196 0.821209
vt 0.079597 0.769513
vt 0.074836 0.821903
vt 0.013272 0.771492
vt 0.008785 0.778711
vt 0.000275 0.776913
vt 0.858236 0.238984
vt 0.860669 0.164070
vt 0.860669 0.239608
vt 0.068478 0.829539
vt 0.067590 0.822182
vt 0.077169 0.823283
vt 0.877984 0.648208
vt 0.875833 0.721339
vt 0.875833 0.647341
vt 0.873116 0.720906
vt 0.873116 0.646909
vt 0.870247 0.646976
vt 0.870247 0.720973
vt 0.867663 0.647533
vt 0.110617 0.433925
vt 0.112481 0.513434
vt 0.110617 0.513660
vt 0.112481 0.433699
vt 0.114902 0.513123
vt 0.114902 0.433389
vt 0.117513 0.512776
vt 0.117513 0.433041
vt 0.119916 0.512444
vt 0.877768 0.810835
vt 0.875616 0.737705
vt 0.877768 0.736838
vt 0.875617 0.811702
vt 0.872900 0.738137
vt 0.870031 0.812068
vt 0.870031 0.738070
vt 0.867447 0.811511
vt 0.867447 0.737513
vt 0.014786 0.765406
vt 0.016650 0.685897
vt 0.016650 0.765632
vt 0.019071 0.686208
vt 0.019071 0.765942
vt 0.801325 0.959847
vt 0.808341 0.953855
vt 0.813029 0.962363
vt 0.021682 0.686556
vt 0.021682 0.766290
vt 0.024085 0.686888
vt 0.024085 0.766622
vt 0.717091 0.431669
vt 0.721779 0.440461
vt 0.714763 0.446028
vt 0.643342 0.669950
vt 0.646642 0.565005
vt 0.646642 0.669653
vt 0.610373 0.001815
vt 0.607152 0.104904
vt 0.607152 0.000604
vt 0.603081 0.104300
vt 0.603081 -0.000000
vt 0.598781 0.000096
vt 0.598781 0.104397
vt 0.594905 0.000878
vt 0.661494 0.456030
vt 0.664690 0.559477
vt 0.661494 0.560677
vt 0.664690 0.454830
vt 0.668503 0.558682
vt 0.668503 0.454034
vt 0.672352 0.558412
vt 0.672352 0.453765
vt 0.675652 0.558710
vt 0.612861 0.435911
vt 0.609640 0.332822
vt 0.612861 0.331611
vt 0.609640 0.437123
vt 0.605569 0.333426
vt 0.601269 0.437630
vt 0.601269 0.333330
vt 0.597393 0.436849
vt 0.597393 0.332549
vt 0.632484 0.667685
vt 0.635680 0.564238
vt 0.635680 0.668885
vt 0.748171 0.541239
vt 0.758506 0.532182
vt 0.765412 0.544415
vt 0.639493 0.565033
vt 0.639493 0.669681
vt 0.643342 0.565303
vt 0.756022 0.414903
vt 0.762928 0.427952
vt 0.752593 0.435788
vt 0.924818 0.867630
vt 0.927093 0.799477
vt 0.927093 0.867251
vt 0.929779 0.799582
vt 0.929779 0.867355
vt 0.932467 0.800155
vt 0.932467 0.867928
vt 0.934749 0.801109
vt 0.934749 0.868883
vt 0.258661 0.697824
vt 0.259862 0.755289
vt 0.255818 0.697665
vt 0.253054 0.698309
vt 0.851463 0.930063
vt 0.854233 0.988671
vt 0.851463 0.989232
vt 0.854233 0.929502
vt 0.856996 0.988708
vt 0.926192 0.161262
vt 0.928466 0.229415
vt 0.926192 0.229035
vt 0.928466 0.161641
vt 0.931152 0.229310
vt 0.931152 0.161537
vt 0.933841 0.228737
vt 0.933841 0.160964
vt 0.936123 0.227783
vt 0.184216 0.766521
vt 0.185416 0.709055
vt 0.188259 0.708896
vt 0.178608 0.766036
vt 0.182652 0.708411
vt 0.253810 0.763168
vt 0.257098 0.755933
vt 0.266951 0.757960
vt 0.472869 0.988504
vt 0.475638 0.929896
vt 0.475638 0.989065
vt 0.478401 0.929859
vt 0.478401 0.989028
vt 0.191482 0.700499
vt 0.190748 0.707958
vt 0.180388 0.707063
vt 0.231227 0.697707
vt 0.232168 0.755493
vt 0.228634 0.696902
vt 0.225764 0.696870
vt 0.229298 0.755462
vt 0.223053 0.697618
vt 0.307645 0.299426
vt 0.310356 0.349869
vt 0.307645 0.349593
vt 0.751100 0.817125
vt 0.753171 0.892228
vt 0.751100 0.892227
vt 0.753171 0.817126
vt 0.755769 0.892012
vt 0.755769 0.816911
vt 0.758497 0.891614
vt 0.758497 0.816512
vt 0.760940 0.891093
vt 0.751543 0.327015
vt 0.752483 0.269229
vt 0.755076 0.268424
vt 0.746080 0.327852
vt 0.749613 0.269260
vt 0.743369 0.327104
vt 0.746902 0.268513
vt 0.307645 0.400312
vt 0.310356 0.349869
vt 0.310356 0.400036
vt 0.553705 0.890633
vt 0.555776 0.815530
vt 0.555776 0.890632
vt 0.558374 0.815745
vt 0.558374 0.890847
vt 0.231393 0.765691
vt 0.223053 0.761512
vt 0.561102 0.816144
vt 0.561102 0.891246
vt 0.563545 0.816665
vt 0.563545 0.891767
vt 0.756997 0.266967
vt 0.744325 0.261324
vt 0.824729 0.163344
vt 0.822493 0.246223
vt 0.822493 0.163391
vt 0.819737 0.246237
vt 0.819737 0.163406
vt 0.816878 0.246217
vt 0.816878 0.163386
vt 0.814354 0.163334
vt 0.364195 0.900932
vt 0.362307 0.818010
vt 0.364195 0.818069
vt 0.362307 0.900873
vt 0.359931 0.818027
vt 0.359931 0.900890
vt 0.357429 0.818117
vt 0.357429 0.900981
vt 0.355182 0.818268
vt 0.827046 0.414504
vt 0.824810 0.331625
vt 0.827046 0.331673
vt 0.824810 0.414457
vt 0.822054 0.331611
vt 0.822054 0.414442
vt 0.819195 0.331631
vt 0.816671 0.414514
vt 0.816671 0.331683
vt 0.900426 0.449675
vt 0.898537 0.532597
vt 0.898537 0.449734
vt 0.896161 0.532580
vt 0.896161 0.449717
vt 0.845622 0.237156
vt 0.850673 0.228793
vt 0.858232 0.234939
vt 0.893659 0.532490
vt 0.893659 0.449626
vt 0.891412 0.532339
vt 0.891412 0.449476
vt 0.858000 0.398047
vt 0.859774 0.408125
vt 0.850857 0.410602
vt 0.238372 0.831472
vt 0.235872 0.890819
vt 0.235872 0.831284
vt 0.233498 0.891412
vt 0.233498 0.831877
vt 0.757036 -0.000000
vt 0.754993 0.083051
vt 0.754994 0.000037
vt 0.752336 0.083072
vt 0.752336 0.000058
vt 0.749467 0.000058
vt 0.749467 0.083072
vt 0.746824 0.000039
vt 0.746824 0.083053
vt 0.744809 0.000003
vt 0.498295 0.799737
vt 0.499207 0.740973
vt 0.501603 0.741649
vt 0.689295 0.959258
vt 0.686796 0.899911
vt 0.689295 0.899723
vt 0.686796 0.959446
vt 0.684422 0.899318
vt 0.630197 0.754268
vt 0.628154 0.671216
vt 0.630197 0.671253
vt 0.628154 0.754230
vt 0.625496 0.671196
vt 0.622627 0.754209
vt 0.622627 0.671195
vt 0.619984 0.754228
vt 0.619984 0.671214
vt 0.491170 0.800070
vt 0.500221 0.801104
vt 0.499237 0.808471
vt 0.617970 0.754265
vt 0.617970 0.671251
vt 0.641485 0.750497
vt 0.642397 0.809261
vt 0.639089 0.751173
vt 0.635302 0.741430
vt 0.644040 0.743295
vt 0.632484 0.561268
vt 0.635700 0.455847
vt 0.635700 0.561071
vt 0.639566 0.456115
vt 0.639566 0.561338
vt 0.643493 0.456805
vt 0.643493 0.562029
vt 0.646882 0.457814
vt 0.646882 0.563038
vt 0.104003 0.577001
vt 0.100289 0.668983
vt 0.100289 0.575735
vt 0.096020 0.668647
vt 0.096020 0.575400
vt 0.091847 0.576045
vt 0.091847 0.669293
vt 0.088405 0.577574
vt 0.639572 0.172954
vt 0.642788 0.278375
vt 0.639572 0.278178
vt 0.642788 0.173151
vt 0.646654 0.278107
vt 0.646654 0.172884
vt 0.650581 0.277417
vt 0.650581 0.172193
vt 0.653971 0.276408
vt 0.119602 0.669220
vt 0.115887 0.577238
vt 0.119602 0.575973
vt 0.115887 0.670486
vt 0.111619 0.577574
vt 0.619009 0.453368
vt 0.612861 0.439909
vt 0.622063 0.432041
vt 0.107446 0.670176
vt 0.107446 0.576928
vt 0.104003 0.668647
vt 0.104003 0.575400
vt 0.822235 0.546207
vt 0.813033 0.555630
vt 0.806884 0.543210
vt 0.660312 0.120858
vt 0.653971 0.170373
vt 0.657589 0.120047
vt 0.662101 0.896200
vt 0.664594 0.823716
vt 0.664594 0.896748
vt 0.667367 0.824071
vt 0.667367 0.897103
vt 0.669997 0.824178
vt 0.669997 0.897210
vt 0.672083 0.824021
vt 0.672083 0.897054
vt 0.045318 0.972178
vt 0.047985 0.910406
vt 0.047985 0.972080
vt 0.050750 0.910892
vt 0.050750 0.972565
vt 0.053193 0.911887
vt 0.053193 0.973561
vt 0.581833 0.159044
vt 0.575491 0.109528
vt 0.578214 0.108717
vt 0.813159 0.820778
vt 0.815652 0.893262
vt 0.813159 0.893810
vt 0.815652 0.820229
vt 0.818425 0.892907
vt 0.818425 0.819875
vt 0.821055 0.892800
vt 0.821055 0.819767
vt 0.823141 0.892956
vt 0.281658 0.913238
vt 0.284325 0.975010
vt 0.281658 0.974911
vt 0.576948 0.161418
vt 0.587283 0.160041
vt 0.588649 0.168182
vt 0.284325 0.913337
vt 0.287090 0.974525
vt 0.287090 0.912851
vt 0.289533 0.973529
vt 0.659374 0.109411
vt 0.668399 0.113798
vt 0.663182 0.120792
vt 0.021525 0.920594
vt 0.023704 0.850563
vt 0.023704 0.920274
vt 0.079597 0.830450
vt 0.082340 0.768819
vt 0.082340 0.830286
vt 0.085158 0.769202
vt 0.085158 0.830669
vt 0.087625 0.770072
vt 0.087625 0.831539
vt 0.617479 0.319375
vt 0.621367 0.272683
vt 0.624207 0.272538
vt 0.024338 0.850225
vt 0.026819 0.919279
vt 0.024338 0.919936
vt 0.026819 0.849568
vt 0.029621 0.918910
vt 0.029621 0.849199
vt 0.032316 0.918883
vt 0.032316 0.849172
vt 0.034495 0.919203
vt 0.212535 0.910121
vt 0.215277 0.971752
vt 0.212535 0.971588
vt 0.215277 0.910285
vt 0.218096 0.971369
vt 0.218096 0.909902
vt 0.220562 0.970499
vt 0.568422 0.284068
vt 0.572310 0.330759
vt 0.565583 0.283922
vt 0.013547 0.919541
vt 0.016028 0.850487
vt 0.016028 0.920198
vt 0.611326 0.329103
vt 0.612144 0.320563
vt 0.622476 0.321723
vt 0.018829 0.850857
vt 0.018829 0.920568
vt 0.021525 0.850883
vt 0.574372 0.274961
vt 0.571174 0.283294
vt 0.561316 0.281098
vt 0.191339 0.983183
vt 0.193849 0.920874
vt 0.193849 0.983105
vt 0.196288 0.921521
vt 0.196288 0.983752
vt 0.774004 0.561283
vt 0.772147 0.642829
vt 0.772147 0.560925
vt 0.769595 0.642617
vt 0.769595 0.560713
vt 0.766735 0.642581
vt 0.766735 0.560677
vt 0.764004 0.560824
vt 0.764004 0.642728
vt 0.761817 0.561131
vt 0.296456 0.920855
vt 0.298656 0.983876
vt 0.296456 0.983085
vt 0.298656 0.921646
vt 0.301167 0.983955
vt 0.301167 0.921724
vt 0.303605 0.983308
vt 0.772620 0.531379
vt 0.770763 0.449833
vt 0.772620 0.449476
vt 0.770763 0.531737
vt 0.768211 0.450046
vt 0.768211 0.531949
vt 0.765351 0.450081
vt 0.762620 0.531838
vt 0.762620 0.449934
vt 0.739610 0.559109
vt 0.738112 0.549916
vt 0.745643 0.548422
vt 0.760433 0.531531
vt 0.760433 0.449627
vt 0.189138 0.983975
vt 0.191339 0.920953
vt 0.818205 0.525608
vt 0.813939 0.533529
vt 0.807555 0.528631
vt 0.780250 0.745499
vt 0.777892 0.827330
vt 0.777892 0.745269
vt 0.887848 0.728756
vt 0.890098 0.647198
vt 0.890098 0.729045
vt 0.892619 0.647374
vt 0.892619 0.729222
vt 0.895026 0.647411
vt 0.895026 0.729258
vt 0.896952 0.647303
vt 0.896952 0.729150
vt 0.830170 0.449732
vt 0.827745 0.531594
vt 0.827745 0.449533
vt 0.824912 0.531537
vt 0.824912 0.449476
vt 0.822104 0.449569
vt 0.822104 0.531630
vt 0.819747 0.449798
vt 0.887124 0.799979
vt 0.889374 0.881537
vt 0.887124 0.881827
vt 0.889374 0.799690
vt 0.891895 0.881361
vt 0.891895 0.799514
vt 0.894302 0.881324
vt 0.894302 0.799477
vt 0.896229 0.881432
vt 0.788315 0.827396
vt 0.785890 0.745534
vt 0.788315 0.745335
vt 0.704724 0.972683
vt 0.702956 0.962617
vt 0.711846 0.960294
vt 0.785890 0.827595
vt 0.783058 0.745592
vt 0.780250 0.827560
vt 0.965088 0.407500
vt 0.960052 0.415911
vt 0.952515 0.409912
vt 0.157582 0.491471
vt 0.152960 0.358998
vt 0.157582 0.359727
vt 0.562600 0.452289
vt 0.556774 0.331611
vt 0.562600 0.331974
vt 0.556774 0.451925
vt 0.550741 0.332313
vt 0.550741 0.452627
vt 0.545418 0.333973
vt 0.461967 0.465334
vt 0.465856 0.335290
vt 0.465856 0.467034
vt 0.456605 0.464042
vt 0.461967 0.333590
vt 0.450587 0.463355
vt 0.456605 0.332298
vt 0.444829 0.463378
vt 0.450588 0.331611
vt 0.440208 0.464107
vt 0.444829 0.331634
vt 0.555114 0.122677
vt 0.560939 0.001999
vt 0.560939 0.122313
vt 0.549080 0.121975
vt 0.555114 0.002362
vt 0.543758 0.120314
vt 0.549080 0.001660
vt 0.178608 0.487815
vt 0.174719 0.357772
vt 0.178608 0.356071
vt 0.174719 0.489516
vt 0.169358 0.359064
vt 0.525615 0.300704
vt 0.536193 0.318431
vt 0.520362 0.331611
vt 0.169358 0.490808
vt 0.163340 0.359750
vt 0.163340 0.491494
vt 0.580875 0.302044
vt 0.599549 0.307437
vt 0.595834 0.328859
vt 0.300902 0.387332
vt 0.307645 0.196167
vt 0.292100 0.386970
vt 0.300902 0.195792
vt 0.282577 0.386677
vt 0.292100 0.195431
vt 0.273784 0.386498
vt 0.282577 0.195138
vt 0.378196 0.385953
vt 0.371431 0.194727
vt 0.378196 0.194407
vt 0.371431 0.386272
vt 0.362621 0.195169
vt 0.362621 0.386714
vt 0.353108 0.195665
vt 0.353109 0.387210
vt 0.344341 0.196139
vt 0.273784 0.386498
vt 0.267042 0.195333
vt 0.273784 0.194958
vt 0.267042 0.386873
vt 0.258239 0.195695
vt 0.258239 0.387234
vt 0.248717 0.195988
vt 0.248717 0.387527
vt 0.239924 0.196167
vt 0.337575 0.387365
vt 0.344341 0.196139
vt 0.344341 0.387685
vt 0.328766 0.386923
vt 0.337575 0.195820
vt 0.440208 0.466241
vt 0.421045 0.494982
vt 0.392365 0.475782
vt 0.319253 0.386427
vt 0.328766 0.195378
vt 0.310485 0.385953
vt 0.319253 0.194882
vt 0.328339 0.466382
vt 0.347502 0.437645
vt 0.376181 0.456850
vt 0.321510 0.599601
vt 0.327629 0.608229
vt 0.321474 0.608550
vt 0.264310 0.943282
vt 0.270288 0.952099
vt 0.264127 0.952289
vt 0.264447 0.933013
vt 0.270471 0.943093
vt 0.264531 0.921876
vt 0.270608 0.932824
vt 0.264559 0.910298
vt 0.270692 0.921686
vt 0.264531 0.898725
vt 0.270720 0.910109
vt 0.264447 0.887602
vt 0.270692 0.898536
vt 0.264310 0.877356
vt 0.270608 0.887413
vt 0.270288 0.868191
vt 0.270471 0.877167
vt 0.119138 0.671142
vt 0.112947 0.679852
vt 0.112983 0.670821
vt 0.119103 0.680173
vt 0.112920 0.690138
vt 0.119076 0.690459
vt 0.112904 0.701286
vt 0.119059 0.701606
vt 0.112898 0.712865
vt 0.119054 0.713186
vt 0.112904 0.724432
vt 0.119059 0.724753
vt 0.112920 0.735542
vt 0.119076 0.735863
vt 0.112947 0.745768
vt 0.119103 0.746089
vt 0.112983 0.754717
vt 0.270288 0.784283
vt 0.264310 0.793100
vt 0.264127 0.784093
vt 0.270471 0.793289
vt 0.264447 0.803369
vt 0.270608 0.803559
vt 0.264531 0.814506
vt 0.270692 0.814696
vt 0.264559 0.826084
vt 0.270720 0.826274
vt 0.264531 0.837657
vt 0.270692 0.837846
vt 0.264447 0.848780
vt 0.270608 0.848969
vt 0.264310 0.859026
vt 0.270288 0.868191
vt 0.270471 0.859216
vt 0.321474 0.674466
vt 0.327665 0.683176
vt 0.321509 0.683497
vt 0.321447 0.664180
vt 0.327629 0.674145
vt 0.321431 0.653032
vt 0.327603 0.663859
vt 0.321425 0.641453
vt 0.327586 0.652712
vt 0.321431 0.629886
vt 0.327581 0.641132
vt 0.115694 0.162091
vt 0.076185 0.236149
vt 0.002267 0.196534
vt 0.321447 0.618776
vt 0.327586 0.629565
vt 0.327603 0.618455
vt 0.119964 0.173514
vt 0.184753 0.120212
vt 0.237925 0.185118
vt 0.455011 0.219866
vt 0.438648 0.309115
vt 0.448885 0.219635
vt 0.109942 0.490978
vt 0.104589 0.357779
vt 0.109942 0.356525
vt 0.104589 0.492232
vt 0.098616 0.358483
vt 0.098616 0.492936
vt 0.092933 0.358530
vt 0.092933 0.492984
vt 0.088405 0.357913
vt 0.543758 0.125647
vt 0.538121 -0.000000
vt 0.543758 0.000041
vt 0.538121 0.125606
vt 0.532273 0.001026
vt 0.532273 0.126632
vt 0.527102 0.002963
vt 0.441509 0.000230
vt 0.457872 0.089479
vt 0.451746 0.089710
vt 0.136148 0.491733
vt 0.141501 0.358534
vt 0.141501 0.492987
vt 0.130175 0.491029
vt 0.136148 0.357280
vt 0.124492 0.490981
vt 0.130175 0.356575
vt 0.119964 0.491599
vt 0.124492 0.356528
vt 0.537575 0.299753
vt 0.543212 0.174106
vt 0.543212 0.299712
vt 0.470208 0.099121
vt 0.457872 0.114707
vt 0.531726 0.298727
vt 0.537575 0.174147
vt 0.526555 0.296790
vt 0.531726 0.173121
vt 0.448885 0.194407
vt 0.467346 0.205206
vt 0.581047 0.431891
vt 0.583766 0.331667
vt 0.583766 0.431947
vt 0.148972 0.455054
vt 0.152577 0.357150
vt 0.152577 0.455026
vt 0.145082 0.454835
vt 0.148972 0.357178
vt 0.141501 0.454404
vt 0.145082 0.356959
vt 0.082396 0.597487
vt 0.079692 0.497696
vt 0.082396 0.497207
vt 0.079692 0.597976
vt 0.076152 0.498168
vt 0.076152 0.598449
vt 0.072317 0.498554
vt 0.072317 0.598834
vt 0.068770 0.498792
vt 0.068770 0.599073
vt 0.066050 0.498848
vt 0.152577 0.552957
vt 0.148972 0.455054
vt 0.152577 0.455081
vt 0.148972 0.552930
vt 0.145082 0.455272
vt 0.145082 0.553148
vt 0.141501 0.455703
vt 0.594688 0.433044
vt 0.597393 0.333252
vt 0.597393 0.433532
vt 0.591149 0.432571
vt 0.594688 0.332763
vt 0.694661 0.309786
vt 0.702240 0.321528
vt 0.690897 0.329436
vt 0.587313 0.432186
vt 0.591149 0.332291
vt 0.587313 0.331905
vt 0.726347 0.431116
vt 0.739727 0.433929
vt 0.737065 0.447803
vt 0.000000 0.901213
vt 0.001637 0.832347
vt 0.001637 0.900679
vt 0.979573 0.067317
vt 0.981736 0.000900
vt 0.981736 0.067917
vt 0.977166 0.067016
vt 0.979573 0.000300
vt 0.974881 0.067061
vt 0.977165 -0.000000
vt 0.401011 0.901399
vt 0.402854 0.832775
vt 0.402854 0.901107
vt 0.398681 0.901464
vt 0.401010 0.833067
vt 0.396220 0.901293
vt 0.398681 0.833133
vt 0.394002 0.900911
vt 0.396220 0.832961
vt 0.392365 0.832046
vt 0.394002 0.832580
vt 0.982100 0.398627
vt 0.979937 0.332211
vt 0.982100 0.331611
vt 0.979937 0.399227
vt 0.977530 0.332511
vt 0.977530 0.399527
vt 0.975245 0.332466
vt 0.010489 0.900483
vt 0.008645 0.831860
vt 0.010489 0.832152
vt 0.008645 0.900191
vt 0.006315 0.831794
vt 0.852888 0.154663
vt 0.848439 0.162125
vt 0.841781 0.157130
vt 0.006315 0.900126
vt 0.003854 0.831966
vt 0.003854 0.900297
vt 0.852033 0.442703
vt 0.856482 0.435233
vt 0.863140 0.440216
vt 0.499151 0.881615
vt 0.497400 0.809559
vt 0.499151 0.809480
vt 0.497400 0.881694
vt 0.495138 0.809721
vt 0.495138 0.881856
vt 0.492710 0.809940
vt 0.492710 0.882075
vt 0.490486 0.810183
vt 0.490486 0.882318
vt 0.488804 0.810414
vt 0.987153 0.623806
vt 0.984870 0.560677
vt 0.987153 0.560958
vt 0.984870 0.623526
vt 0.982400 0.560788
vt 0.982400 0.623636
vt 0.980116 0.561273
vt 0.640590 0.882250
vt 0.642341 0.810195
vt 0.642341 0.882330
vt 0.638328 0.882089
vt 0.640590 0.810115
vt 0.635900 0.881869
vt 0.638328 0.809954
vt 0.633676 0.881626
vt 0.635900 0.809735
vt 0.631994 0.881396
vt 0.633676 0.809491
vt 0.985033 0.710353
vt 0.987315 0.647224
vt 0.987315 0.710072
vt 0.751553 0.446506
vt 0.743604 0.448368
vt 0.742023 0.439600
vt 0.982562 0.710242
vt 0.985033 0.647505
vt 0.980278 0.709757
vt 0.982562 0.647394
vt 0.754846 0.448277
vt 0.753265 0.439464
vt 0.761214 0.437828
vt 0.174925 0.818744
vt 0.178317 0.760313
vt 0.176855 0.819826
vt 0.172551 0.818236
vt 0.176388 0.759231
vt 0.170092 0.818378
vt 0.174013 0.758723
vt 0.169388 0.759636
vt 0.171555 0.758865
vt 0.946362 0.320696
vt 0.944680 0.243386
vt 0.946362 0.243366
vt 0.944680 0.320715
vt 0.942557 0.243568
vt 0.942557 0.320897
vt 0.940315 0.243885
vt 0.940315 0.321214
vt 0.938296 0.244288
vt 0.146621 0.829811
vt 0.143229 0.771379
vt 0.145159 0.770298
vt 0.144691 0.830893
vt 0.140854 0.771888
vt 0.142316 0.831401
vt 0.138396 0.771746
vt 0.137691 0.830488
vt 0.139858 0.831259
vt 0.947303 0.146670
vt 0.948985 0.069360
vt 0.948985 0.146690
vt 0.945179 0.146488
vt 0.947303 0.069341
vt 0.136229 0.770975
vt 0.135455 0.764932
vt 0.942938 0.146171
vt 0.945179 0.069159
vt 0.940919 0.145768
vt 0.942938 0.068842
vt 0.169081 0.826273
vt 0.166379 0.820431
vt 0.873931 0.957611
vt 0.875733 0.885335
vt 0.875733 0.957368
vt 0.871724 0.957526
vt 0.873931 0.885578
vt 0.869447 0.957126
vt 0.871724 0.885493
vt 0.867447 0.956472
vt 0.869447 0.885093
vt 0.378969 0.813000
vt 0.384869 0.753278
vt 0.381352 0.813500
vt 0.380040 0.752923
vt 0.382486 0.752779
vt 0.252976 0.909643
vt 0.250658 0.850795
vt 0.252976 0.850269
vt 0.250658 0.910168
vt 0.248380 0.850776
vt 0.710284 0.958388
vt 0.708483 0.886113
vt 0.710284 0.886355
vt 0.708483 0.958145
vt 0.706276 0.886197
vt 0.706276 0.958230
vt 0.703999 0.886597
vt 0.703999 0.958630
vt 0.701999 0.887251
vt 0.821325 0.317958
vt 0.815425 0.258236
vt 0.817808 0.257736
vt 0.816496 0.318313
vt 0.818942 0.318458
vt 0.820689 0.251960
vt 0.809343 0.256054
vt 0.305882 0.980228
vt 0.308201 0.921380
vt 0.308201 0.980753
vt 0.303605 0.980247
vt 0.305882 0.920855
vt 0.372250 0.816766
vt 0.384869 0.817693
vt 0.038023 0.699690
vt 0.035076 0.602109
vt 0.038023 0.602452
vt 0.035076 0.699347
vt 0.031441 0.602211
vt 0.031441 0.699448
vt 0.027670 0.602740
vt 0.027670 0.699978
vt 0.024338 0.603618
vt 0.530580 0.547497
vt 0.537290 0.609624
vt 0.533680 0.610910
vt 0.783711 0.533787
vt 0.780254 0.449811
vt 0.783711 0.450820
vt 0.776359 0.532443
vt 0.780254 0.532778
vt 0.772620 0.532834
vt 0.776359 0.449476
vt 0.010738 0.701489
vt 0.013685 0.603908
vt 0.013685 0.701146
vt 0.007103 0.701387
vt 0.010738 0.604251
vt 0.003332 0.700858
vt 0.007103 0.604150
vt 0.000000 0.699980
vt 0.003332 0.603620
vt 0.517650 0.562511
vt 0.510941 0.624638
vt 0.514041 0.561225
vt 0.777706 0.415587
vt 0.781163 0.331611
vt 0.781163 0.414578
vt 0.547567 0.613029
vt 0.544805 0.624589
vt 0.530918 0.622470
vt 0.773812 0.332955
vt 0.777706 0.332620
vt 0.773812 0.415922
vt 0.770072 0.332564
vt 0.509784 0.552641
vt 0.521557 0.546260
vt 0.529423 0.556129
vt 0.896630 0.798917
vt 0.898293 0.729258
vt 0.898293 0.798402
vt 0.894404 0.730148
vt 0.896630 0.729773
vt 0.894404 0.799291
vt 0.891953 0.730325
vt 0.891953 0.799469
vt 0.889651 0.730279
vt 0.889651 0.799423
vt 0.887848 0.730016
vt 0.980116 0.629365
vt 0.977852 0.560696
vt 0.980116 0.560677
vt 0.977852 0.629384
vt 0.975461 0.561025
vt 0.975461 0.629713
vt 0.973308 0.561616
vt 0.233498 0.901495
vt 0.231836 0.831837
vt 0.233498 0.832351
vt 0.229610 0.900606
vt 0.231836 0.900981
vt 0.227159 0.900428
vt 0.229610 0.831462
vt 0.224857 0.900474
vt 0.227159 0.831284
vt 0.223053 0.900737
vt 0.224857 0.831331
vt 0.976685 0.138046
vt 0.978950 0.069377
vt 0.978950 0.138065
vt 0.819807 0.323411
vt 0.815360 0.330911
vt 0.808706 0.325975
vt 0.974295 0.137717
vt 0.976685 0.069358
vt 0.972142 0.137127
vt 0.974295 0.069029
vt 0.830681 0.157099
vt 0.835127 0.149668
vt 0.841781 0.154708
vt 0.877537 0.632626
vt 0.875822 0.561435
vt 0.877537 0.561267
vt 0.651635 0.986225
vt 0.653904 0.923714
vt 0.653904 0.986712
vt 0.649169 0.986115
vt 0.651635 0.923227
vt 0.646883 0.986399
vt 0.649169 0.923117
vt 0.710701 0.886029
vt 0.712455 0.814754
vt 0.712455 0.886113
vt 0.708424 0.885887
vt 0.710701 0.814670
vt 0.705971 0.885709
vt 0.708424 0.814528
vt 0.703714 0.885522
vt 0.705971 0.814350
vt 0.701999 0.885355
vt 0.703714 0.814164
vt 0.660926 0.986115
vt 0.658656 0.923604
vt 0.660926 0.923117
vt 0.658656 0.986602
vt 0.656191 0.923714
vt 0.656191 0.986712
vt 0.653904 0.923431
vt 0.886278 0.632036
vt 0.884524 0.560761
vt 0.886278 0.560677
vt 0.884524 0.632120
vt 0.882247 0.560903
vt 0.639042 0.444534
vt 0.637436 0.453356
vt 0.629361 0.451884
vt 0.882247 0.632262
vt 0.879794 0.561081
vt 0.879794 0.632440
vt 0.642482 0.447419
vt 0.649328 0.442684
vt 0.653902 0.450271
vt 0.129516 0.967954
vt 0.127464 0.902980
vt 0.129516 0.903242
vt 0.608659 0.920004
vt 0.602507 0.869947
vt 0.604749 0.869337
vt 0.452341 0.871679
vt 0.454335 0.943044
vt 0.452341 0.943718
vt 0.454335 0.871005
vt 0.456734 0.942773
vt 0.459172 0.870909
vt 0.456734 0.870734
vt 0.461279 0.871503
vt 0.459172 0.942948
vt 0.535633 0.987640
vt 0.537771 0.923657
vt 0.537771 0.988369
vt 0.533365 0.987387
vt 0.535633 0.922928
vt 0.531312 0.987649
vt 0.533365 0.922675
vt 0.465856 0.928725
vt 0.472008 0.878668
vt 0.468098 0.929335
vt 0.790651 0.870340
vt 0.788657 0.941704
vt 0.788657 0.869665
vt 0.793050 0.870610
vt 0.790651 0.942379
vt 0.795489 0.942474
vt 0.793050 0.942649
vt 0.795489 0.870435
vt 0.797596 0.941881
vt 0.474194 0.878579
vt 0.466436 0.875205
vt 0.469089 0.869574
vt 0.133923 0.966972
vt 0.131784 0.902989
vt 0.133923 0.902260
vt 0.131784 0.967701
vt 0.607927 0.929188
vt 0.602507 0.925277
vt 0.873010 0.069298
vt 0.874814 0.141323
vt 0.873010 0.142073
vt 0.152584 0.759103
vt 0.150490 0.680788
vt 0.152584 0.680564
vt 0.150490 0.759327
vt 0.148259 0.681055
vt 0.148259 0.759594
vt 0.146231 0.681324
vt 0.865285 0.561928
vt 0.866977 0.633918
vt 0.865285 0.634704
vt 0.866977 0.561142
vt 0.869231 0.633478
vt 0.869231 0.560703
vt 0.871703 0.633453
vt 0.874017 0.561069
vt 0.871703 0.560677
vt 0.875822 0.561819
vt 0.874017 0.633845
vt 0.600351 0.948614
vt 0.602445 0.870298
vt 0.602445 0.948838
vt 0.598121 0.948347
vt 0.600351 0.870075
vt 0.596093 0.948078
vt 0.598121 0.869807
vt 0.865969 0.069225
vt 0.864278 0.141214
vt 0.864278 0.068438
vt 0.868223 0.069664
vt 0.865969 0.142000
vt 0.927121 0.411180
vt 0.920088 0.413283
vt 0.918689 0.404564
vt 0.870695 0.069690
vt 0.868223 0.142439
vt 0.870695 0.142465
vt 0.578513 0.976606
vt 0.577114 0.967746
vt 0.584147 0.966352
vt 0.422453 0.582631
vt 0.426102 0.686315
vt 0.422453 0.686866
vt 0.707207 0.104217
vt 0.704260 0.000992
vt 0.707207 -0.000000
vt 0.704260 0.105209
vt 0.700797 0.001618
vt 0.700797 0.105836
vt 0.697343 0.001783
vt 0.697343 0.106001
vt 0.694424 0.001462
vt 0.670305 0.333286
vt 0.673020 0.436454
vt 0.670305 0.437521
vt 0.673020 0.332219
vt 0.676609 0.435866
vt 0.676609 0.331631
vt 0.680527 0.435846
vt 0.684176 0.332162
vt 0.680527 0.331611
vt 0.704738 0.276193
vt 0.707685 0.172968
vt 0.707685 0.277185
vt 0.701275 0.275567
vt 0.704738 0.171976
vt 0.697821 0.275402
vt 0.701275 0.171349
vt 0.694902 0.275723
vt 0.697820 0.171184
vt 0.414946 0.582022
vt 0.412232 0.685190
vt 0.412232 0.580955
vt 0.868873 0.420038
vt 0.880048 0.417323
vt 0.882271 0.430525
vt 0.418536 0.582611
vt 0.414946 0.686257
vt 0.418536 0.686846
vt 0.870614 0.146084
vt 0.872837 0.159320
vt 0.861662 0.161864
vt 0.732970 0.807702
vt 0.738871 0.747768
vt 0.735359 0.808211
vt 0.730516 0.807828
vt 0.736482 0.747258
vt 0.178561 0.962211
vt 0.176190 0.902935
vt 0.178561 0.902468
vt 0.176190 0.962678
vt 0.173842 0.902902
vt 0.821355 0.963807
vt 0.819495 0.893810
vt 0.821355 0.894141
vt 0.819495 0.963476
vt 0.817284 0.893897
vt 0.817284 0.963563
vt 0.815059 0.894389
vt 0.815059 0.964055
vt 0.813159 0.895210
vt 0.367836 0.817500
vt 0.361935 0.757566
vt 0.364324 0.757056
vt 0.365447 0.818010
vt 0.359482 0.757439
vt 0.996731 0.939687
vt 0.999103 0.880410
vt 0.999103 0.940154
vt 0.994383 0.939719
vt 0.996731 0.879943
vt 0.745207 0.964588
vt 0.747068 0.894591
vt 0.747068 0.964257
vt 0.742996 0.964501
vt 0.745207 0.894922
vt 0.355827 0.755450
vt 0.358694 0.749721
vt 0.740771 0.964009
vt 0.742996 0.894835
vt 0.738871 0.963188
vt 0.740771 0.894343
vt 0.732118 0.816056
vt 0.726217 0.811378
vt 0.952079 0.953927
vt 0.950282 0.879943
vt 0.952079 0.879979
vt 0.950282 0.953891
vt 0.948055 0.880113
vt 0.948055 0.954061
vt 0.945736 0.880464
vt 0.945736 0.954412
vt 0.943679 0.880941
vt 0.844451 0.738327
vt 0.848130 0.794376
vt 0.846130 0.795430
vt 0.846451 0.737274
vt 0.850533 0.793941
vt 0.851295 0.737087
vt 0.848854 0.736838
vt 0.853401 0.737982
vt 0.852974 0.794190
vt 0.922512 0.954843
vt 0.924308 0.880859
vt 0.924308 0.954807
vt 0.920284 0.954673
vt 0.922512 0.880895
vt 0.917966 0.954323
vt 0.920284 0.880725
vt 0.915908 0.953846
vt 0.917966 0.880375
vt 0.767019 0.795660
vt 0.763339 0.851709
vt 0.765019 0.794607
vt 0.769422 0.796095
vt 0.765339 0.852763
vt 0.855081 0.795085
vt 0.855429 0.801440
vt 0.846478 0.801785
vt 0.770183 0.852949
vt 0.767743 0.853198
vt 0.771863 0.795847
vt 0.772290 0.852054
vt 0.763915 0.789656
vt 0.772318 0.787543
vt 0.775422 0.793547
vt 0.830153 0.249808
vt 0.831862 0.330848
vt 0.830153 0.330785
vt 0.968401 0.880049
vt 0.970473 0.960992
vt 0.968401 0.960966
vt 0.970473 0.880075
vt 0.972625 0.960955
vt 0.972625 0.880038
vt 0.974529 0.960861
vt 0.824729 0.163334
vt 0.826516 0.244384
vt 0.824729 0.244310
vt 0.828821 0.163451
vt 0.826516 0.163407
vt 0.831293 0.163458
vt 0.828821 0.244427
vt 0.833556 0.163428
vt 0.831293 0.244435
vt 0.835265 0.163364
vt 0.833556 0.244404
vt 0.971189 0.331611
vt 0.969117 0.412553
vt 0.969117 0.331636
vt 0.973341 0.331648
vt 0.971189 0.412528
vt 0.975245 0.331742
vt 0.973341 0.412565
vt 0.823112 0.249828
vt 0.821325 0.330879
vt 0.821325 0.249902
vt 0.825417 0.330762
vt 0.823112 0.330805
vt 0.133100 0.977587
vt 0.125452 0.979546
vt 0.123930 0.970804
vt 0.825417 0.249785
vt 0.827890 0.330755
vt 0.827890 0.249778
vt 0.354895 0.979109
vt 0.353374 0.970282
vt 0.361022 0.968747
vt 0.835782 0.249786
vt 0.838257 0.330367
vt 0.835782 0.330375
vt 0.840585 0.249851
vt 0.838257 0.249778
vt 0.842411 0.249993
vt 0.840585 0.330439
vt 0.257822 0.855619
vt 0.253054 0.911290
vt 0.255771 0.854849
vt 0.450210 0.929349
vt 0.448047 0.987565
vt 0.448047 0.929403
vt 0.452224 0.929958
vt 0.450210 0.987511
vt 0.835576 0.736993
vt 0.833901 0.817427
vt 0.833901 0.736838
vt 0.837822 0.737081
vt 0.835576 0.817581
vt 0.840297 0.737089
vt 0.837822 0.817670
vt 0.842624 0.817605
vt 0.840297 0.817678
vt 0.842624 0.737016
vt 0.844450 0.817462
vt 0.281658 0.847319
vt 0.286427 0.902990
vt 0.284375 0.903760
vt 0.196288 0.921430
vt 0.198450 0.979647
vt 0.196288 0.979593
vt 0.198450 0.921484
vt 0.200464 0.979037
vt 0.281658 0.908511
vt 0.292676 0.906233
vt 0.831862 0.250029
vt 0.833536 0.330463
vt 0.831862 0.330617
vt 0.833536 0.249874
vt 0.263936 0.850613
vt 0.259987 0.855721
vt 0.253190 0.851862
vt 0.403189 0.680089
vt 0.406542 0.584361
vt 0.406542 0.681139
vt 0.399318 0.679775
vt 0.403189 0.583311
vt 0.395517 0.583467
vt 0.399318 0.582997
vt 0.395517 0.680245
vt 0.392366 0.584649
vt 0.701394 0.557472
vt 0.698617 0.449476
vt 0.701394 0.449754
vt 0.698617 0.557194
vt 0.695252 0.449588
vt 0.695252 0.557306
vt 0.691810 0.450074
vt 0.691810 0.557792
vt 0.688815 0.450861
vt 0.386427 0.682581
vt 0.383074 0.586853
vt 0.386427 0.585803
vt 0.383074 0.683631
vt 0.379203 0.587167
vt 0.375402 0.683475
vt 0.379203 0.683945
vt 0.372251 0.682293
vt 0.375402 0.586697
vt 0.699204 0.669780
vt 0.701981 0.561783
vt 0.701981 0.669502
vt 0.695838 0.669668
vt 0.699204 0.562062
vt 0.937694 0.417237
vt 0.939614 0.430895
vt 0.929962 0.434291
vt 0.692396 0.669182
vt 0.695838 0.561950
vt 0.689402 0.668395
vt 0.692396 0.561463
vt 0.941490 0.537714
vt 0.951142 0.535625
vt 0.953062 0.549543
vt 0.713675 0.955864
vt 0.715412 0.881776
vt 0.715412 0.955729
vt 0.352802 0.958730
vt 0.355104 0.897496
vt 0.355104 0.958601
vt 0.350397 0.958383
vt 0.352802 0.897625
vt 0.457355 0.861398
vt 0.457094 0.807683
vt 0.459823 0.861360
vt 0.452340 0.808467
vt 0.454626 0.807721
vt 0.886233 0.955720
vt 0.884185 0.882320
vt 0.886233 0.881767
vt 0.884185 0.956273
vt 0.881898 0.882687
vt 0.881898 0.956640
vt 0.879720 0.882813
vt 0.879720 0.956766
vt 0.877984 0.882678
vt 0.594813 0.169951
vt 0.592511 0.108717
vt 0.594813 0.108846
vt 0.592511 0.169822
vt 0.590106 0.109064
vt 0.444673 0.870934
vt 0.444934 0.817219
vt 0.447401 0.817257
vt 0.439919 0.870150
vt 0.442205 0.870896
vt 0.719876 0.956222
vt 0.721924 0.882822
vt 0.721924 0.956775
vt 0.452341 0.813594
vt 0.439919 0.811545
vt 0.717589 0.955855
vt 0.719876 0.882269
vt 0.717589 0.881902
vt 0.453271 0.868773
vt 0.455069 0.862144
vt 0.463831 0.863322
vt 0.625772 0.831930
vt 0.617970 0.881489
vt 0.623303 0.831925
vt 0.947640 0.797734
vt 0.945507 0.728684
vt 0.947640 0.728141
vt 0.945507 0.798278
vt 0.943115 0.729001
vt 0.943115 0.798595
vt 0.940828 0.729044
vt 0.940828 0.798637
vt 0.938994 0.728805
vt 0.989109 0.222960
vt 0.986830 0.160009
vt 0.989109 0.160030
vt 0.986830 0.222939
vt 0.984481 0.160460
vt 0.984481 0.223390
vt 0.982422 0.161315
vt 0.713675 0.822406
vt 0.721477 0.871965
vt 0.719008 0.871971
vt 0.807837 0.953312
vt 0.809970 0.884262
vt 0.809970 0.953855
vt 0.805445 0.952995
vt 0.807837 0.883718
vt 0.803158 0.952952
vt 0.805445 0.883401
vt 0.801325 0.953191
vt 0.803158 0.883359
vt 0.521966 0.970857
vt 0.524245 0.907906
vt 0.524245 0.970836
vt 0.726209 0.875882
vt 0.720876 0.881771
vt 0.519617 0.970406
vt 0.521966 0.907927
vt 0.517558 0.969551
vt 0.519618 0.907476
vt 0.622701 0.822119
vt 0.630384 0.826063
vt 0.845036 0.530015
vt 0.847494 0.449507
vt 0.847494 0.530047
vt 0.842646 0.530073
vt 0.845036 0.449476
vt 0.840689 0.449672
vt 0.842646 0.449534
vt 0.426070 0.969077
vt 0.424228 0.906452
vt 0.426070 0.907315
vt 0.424228 0.968214
vt 0.422098 0.906176
vt 0.422098 0.967939
vt 0.420005 0.906530
vt 0.851661 0.148978
vt 0.850142 0.068621
vt 0.851661 0.068438
vt 0.850142 0.149161
vt 0.847990 0.068736
vt 0.847990 0.149276
vt 0.845533 0.068768
vt 0.845533 0.149307
vt 0.843143 0.068710
vt 0.841186 0.149111
vt 0.843143 0.149249
vt 0.325492 0.832090
vt 0.327335 0.769465
vt 0.327335 0.831227
vt 0.323362 0.832366
vt 0.325492 0.770328
vt 0.321269 0.832012
vt 0.323362 0.770603
vt 0.554040 0.159652
vt 0.557690 0.166156
vt 0.552227 0.170803
vt 0.849646 0.530162
vt 0.851164 0.449805
vt 0.851164 0.530345
vt 0.849646 0.449622
vt 0.564575 0.432318
vt 0.571019 0.434122
vt 0.569738 0.441910
vt 0.948036 0.324110
vt 0.946362 0.243754
vt 0.948036 0.243519
vt 0.906497 0.241087
vt 0.904383 0.160038
vt 0.906497 0.160116
vt 0.901940 0.240981
vt 0.904383 0.241010
vt 0.899540 0.241005
vt 0.901940 0.160009
vt 0.897550 0.241078
vt 0.899540 0.160033
vt 0.952277 0.530455
vt 0.954173 0.449757
vt 0.954173 0.530349
vt 0.950132 0.530439
vt 0.952277 0.449863
vt 0.948066 0.530303
vt 0.950132 0.449848
vt 0.946393 0.530067
vt 0.948066 0.449711
vt 0.906884 0.412660
vt 0.908999 0.331611
vt 0.908999 0.412582
vt 0.904441 0.331717
vt 0.906884 0.331688
vt 0.904441 0.412688
vt 0.902042 0.331693
vt 0.902042 0.412665
vt 0.900052 0.331620
vt 0.954142 0.324065
vt 0.952246 0.243366
vt 0.954142 0.243473
vt 0.620316 0.979858
vt 0.618794 0.971237
vt 0.626448 0.969168
vt 0.952246 0.323958
vt 0.950102 0.243382
vt 0.950102 0.323974
vt 0.374196 0.978235
vt 0.366542 0.979623
vt 0.365019 0.970866
vt 0.045318 0.501440
vt 0.049703 0.362254
vt 0.049703 0.500884
vt 0.234244 0.485217
vt 0.239903 0.358546
vt 0.239903 0.485085
vt 0.228327 0.484348
vt 0.234244 0.358678
vt 0.223053 0.482610
vt 0.228327 0.357809
vt 0.395487 0.291230
vt 0.403149 0.194474
vt 0.409221 0.194407
vt 0.020732 0.500884
vt 0.015605 0.363796
vt 0.020732 0.362254
vt 0.015605 0.502426
vt 0.009864 0.364746
vt 0.009864 0.503376
vt 0.004385 0.364960
vt 0.004385 0.503590
vt -0.000000 0.364405
vt 0.527102 0.126670
vt 0.521442 -0.000000
vt 0.527102 0.000131
vt 0.521442 0.126539
vt 0.515525 0.000869
vt 0.515525 0.127408
vt 0.510252 0.002607
vt 0.406011 0.121160
vt 0.398348 0.024403
vt 0.412082 0.121226
vt 0.060923 0.502048
vt 0.066050 0.364960
vt 0.066050 0.503590
vt 0.412082 0.009948
vt 0.381058 0.014455
vt 0.055182 0.501098
vt 0.060923 0.363418
vt 0.055182 0.362468
vt 0.378697 0.306020
vt 0.389415 0.291297
vt 0.408721 0.300844
vt 0.038086 0.601593
vt 0.040774 0.502589
vt 0.040774 0.602109
vt 0.034543 0.601142
vt 0.038086 0.502072
vt 0.030687 0.600825
vt 0.034543 0.501621
vt 0.027103 0.600690
vt 0.030687 0.501304
vt 0.024338 0.600757
vt 0.027103 0.501169
vt 0.739725 0.268097
vt 0.743369 0.171184
vt 0.743369 0.267754
vt 0.735805 0.171619
vt 0.739725 0.171527
vt 0.735805 0.268189
vt 0.732206 0.171447
vt 0.195045 0.598724
vt 0.192356 0.499720
vt 0.195045 0.499203
vt 0.192356 0.599240
vt 0.188813 0.500171
vt 0.188813 0.599691
vt 0.184957 0.500488
vt 0.184957 0.600009
vt 0.181373 0.500623
vt 0.181373 0.600144
vt 0.178608 0.500555
vt 0.744809 0.097005
vt 0.741165 0.000092
vt 0.744809 0.000435
vt 0.683319 0.321692
vt 0.671876 0.329460
vt 0.664230 0.317591
vt 0.737245 0.096570
vt 0.741165 0.096663
vt 0.733646 0.096742
vt 0.737245 0.000000
vt 0.683674 0.305573
vt 0.686359 0.291634
vt 0.699856 0.294269
vt 0.055722 0.909474
vt 0.053877 0.840908
vt 0.055722 0.841216
vt 0.053877 0.909166
vt 0.051558 0.840860
vt 0.051558 0.909118
vt 0.049117 0.841078
vt 0.049117 0.909337
vt 0.046926 0.841531
vt 0.046926 0.909789
vt 0.045318 0.842148
vt 0.979336 0.945825
vt 0.981569 0.880483
vt 0.981569 0.946242
vt 0.976864 0.945702
vt 0.979336 0.880067
vt 0.974529 0.945890
vt 0.976864 0.879943
vt 0.908985 0.518974
vt 0.910829 0.450408
vt 0.910829 0.518666
vt 0.906665 0.519023
vt 0.908985 0.450716
vt 0.904224 0.518804
vt 0.906665 0.450764
vt 0.902033 0.518351
vt 0.904224 0.450546
vt 0.900426 0.517734
vt 0.902033 0.450093
vt 0.325532 0.981088
vt 0.323299 0.915747
vt 0.325532 0.915330
vt 0.660918 0.440356
vt 0.667753 0.445107
vt 0.663186 0.452667
vt 0.323299 0.981505
vt 0.320827 0.915870
vt 0.320827 0.981629
vt 0.318492 0.915682
vt 0.686410 0.276508
vt 0.693245 0.281675
vt 0.688678 0.288957
vt 0.109942 0.431332
vt 0.111574 0.356795
vt 0.111574 0.431603
vt 0.430862 0.984808
vt 0.433141 0.920510
vt 0.433141 0.984499
vt 0.428390 0.984754
vt 0.430862 0.920819
vt 0.426102 0.920358
vt 0.428390 0.920766
vt 0.883785 0.324585
vt 0.882107 0.249964
vt 0.883785 0.249778
vt 0.882107 0.324772
vt 0.879933 0.250239
vt 0.879933 0.325047
vt 0.877592 0.250563
vt 0.877592 0.325370
vt 0.875443 0.250884
vt 0.875443 0.325692
vt 0.873811 0.251155
vt 0.031377 0.984233
vt 0.029098 0.919936
vt 0.031377 0.920245
vt 0.029098 0.983925
vt 0.026626 0.919990
vt 0.024338 0.984385
vt 0.026626 0.983978
vt 0.118238 0.432523
vt 0.119916 0.357902
vt 0.119916 0.432709
vt 0.116063 0.432248
vt 0.118238 0.357715
vt 0.071894 0.969882
vt 0.073409 0.978668
vt 0.065793 0.980427
vt 0.113723 0.431924
vt 0.116063 0.357440
vt 0.113723 0.357117
vt 0.912561 0.972075
vt 0.920176 0.970338
vt 0.921691 0.979128
vt 0.944732 0.527086
vt 0.946393 0.450402
vt 0.946393 0.527131
vt 0.942605 0.526894
vt 0.944732 0.450357
vt 0.940334 0.526585
vt 0.942605 0.450165
vt 0.938265 0.526205
vt 0.940334 0.449855
vt 0.400600 0.823620
vt 0.399351 0.764784
vt 0.402759 0.824359
vt 0.394738 0.763940
vt 0.397191 0.764046
vt 0.398147 0.823515
vt 0.392365 0.764484
vt 0.438021 0.190019
vt 0.435719 0.137652
vt 0.438021 0.137926
vt 0.448047 0.947663
vt 0.446387 0.870979
vt 0.448047 0.870934
vt 0.446387 0.947708
vt 0.444259 0.871171
vt 0.444259 0.947900
vt 0.441988 0.871480
vt 0.441988 0.948210
vt 0.439919 0.871860
vt 0.826702 0.067262
vt 0.827951 0.008426
vt 0.830110 0.007687
vt 0.822090 0.068106
vt 0.824543 0.068000
vt 0.830851 0.001655
vt 0.821193 0.006876
vt 0.819717 0.067562
vt 0.825498 0.008531
vt 0.020732 0.414622
vt 0.023034 0.362254
vt 0.023034 0.414348
vt 0.392645 0.826678
vt 0.404697 0.828883
vt 0.657150 0.795391
vt 0.651177 0.851232
vt 0.654696 0.795554
vt 0.659540 0.795923
vt 0.653631 0.851069
vt 0.997530 0.447533
vt 0.999857 0.390383
vt 0.999857 0.448074
vt 0.995221 0.447551
vt 0.997530 0.389842
vt 0.959246 0.401502
vt 0.961149 0.332503
vt 0.961149 0.401262
vt 0.956937 0.401416
vt 0.959246 0.332742
vt 0.954573 0.401019
vt 0.956937 0.332657
vt 0.952515 0.400370
vt 0.954573 0.332260
vt 0.528592 0.806620
vt 0.534566 0.862461
vt 0.532112 0.862298
vt 0.531046 0.806783
vt 0.536956 0.861929
vt 0.999857 0.389302
vt 0.997530 0.332151
vt 0.999857 0.331611
vt 0.997530 0.389842
vt 0.995221 0.332134
vt 0.865743 0.959179
vt 0.863840 0.890181
vt 0.865743 0.890420
vt 0.863840 0.958940
vt 0.861531 0.890266
vt 0.655246 0.860035
vt 0.647204 0.856934
vt 0.861531 0.959025
vt 0.859167 0.890663
vt 0.859167 0.959423
vt 0.857109 0.891312
vt 0.524298 0.802701
vt 0.530207 0.797655
vt 0.424037 0.565645
vt 0.428006 0.496166
vt 0.427656 0.566828
vt 0.462399 0.642093
vt 0.465849 0.555727
vt 0.465849 0.641082
vt 0.458526 0.557109
vt 0.462399 0.556737
vt 0.458526 0.642464
vt 0.454819 0.556785
vt 0.253054 0.701329
vt 0.250246 0.599302
vt 0.253054 0.599561
vt 0.250247 0.701071
vt 0.246765 0.599494
vt 0.246765 0.701262
vt 0.243140 0.600106
vt 0.243140 0.701874
vt 0.239924 0.601046
vt 0.216473 0.581543
vt 0.212504 0.512064
vt 0.216123 0.510881
vt 0.465850 0.729202
vt 0.462399 0.642836
vt 0.465850 0.643846
vt 0.458526 0.727820
vt 0.462399 0.728192
vt 0.454819 0.728144
vt 0.458526 0.642464
vt 0.318617 0.702792
vt 0.321425 0.600765
vt 0.321425 0.702533
vt 0.315136 0.702601
vt 0.318617 0.601024
vt 0.202198 0.508795
vt 0.204968 0.497956
vt 0.311511 0.701989
vt 0.315136 0.600833
vt 0.308294 0.701049
vt 0.311511 0.600220
vt 0.420120 0.580936
vt 0.412232 0.571720
vt 0.066050 0.902578
vt 0.067805 0.831614
vt 0.067805 0.902379
vt 0.974905 0.313116
vt 0.977176 0.244142
vt 0.977176 0.313106
vt 0.972493 0.312843
vt 0.974905 0.244152
vt 0.970307 0.312330
vt 0.972493 0.243880
vt 0.144118 0.902166
vt 0.142513 0.832063
vt 0.144118 0.831401
vt 0.142513 0.902829
vt 0.140358 0.832599
vt 0.140358 0.903364
vt 0.137983 0.832926
vt 0.137983 0.903692
vt 0.135747 0.832996
vt 0.135747 0.903761
vt 0.133992 0.832797
vt 0.977111 0.518449
vt 0.974840 0.449476
vt 0.977111 0.449486
vt 0.974840 0.518439
vt 0.972427 0.449748
vt 0.972427 0.518711
vt 0.970241 0.450262
vt 0.074571 0.903312
vt 0.076176 0.833208
vt 0.076176 0.903974
vt 0.072416 0.902776
vt 0.074571 0.832546
vt 0.680585 0.967194
vt 0.687091 0.972342
vt 0.682744 0.979648
vt 0.070041 0.902449
vt 0.072416 0.832011
vt 0.070041 0.831683
vt 0.394042 0.967499
vt 0.400547 0.972278
vt 0.396200 0.979830
vt 0.509519 0.881433
vt 0.507761 0.809538
vt 0.509519 0.809480
vt 0.507761 0.881491
vt 0.505493 0.809682
vt 0.505493 0.881636
vt 0.503061 0.809892
vt 0.503061 0.881846
vt 0.500834 0.810135
vt 0.500834 0.882089
vt 0.499152 0.810374
vt 0.985990 0.132191
vt 0.983709 0.068438
vt 0.985990 0.068712
vt 0.983709 0.131917
vt 0.981236 0.068540
vt 0.981236 0.132019
vt 0.978950 0.069002
vt 0.698012 0.883492
vt 0.699770 0.811596
vt 0.699770 0.883550
vt 0.695744 0.883347
vt 0.698012 0.811539
vt 0.693311 0.883137
vt 0.695744 0.811394
vt 0.691084 0.882894
vt 0.693311 0.811184
vt 0.689402 0.882655
vt 0.691084 0.810941
vt 0.243203 0.986128
vt 0.245484 0.922376
vt 0.245484 0.985854
vt 0.705388 0.286889
vt 0.697362 0.288713
vt 0.695766 0.279936
vt 0.240731 0.986026
vt 0.243203 0.922649
vt 0.238444 0.985565
vt 0.240731 0.922548
vt 0.686636 0.448402
vt 0.685040 0.439596
vt 0.693065 0.437922
vt 0.941486 0.800323
vt 0.939018 0.874312
vt 0.939018 0.800415
vt 0.943679 0.873752
vt 0.941486 0.874220
vt 0.342466 0.964060
vt 0.340315 0.898722
vt 0.342466 0.898062
vt 0.340315 0.964720
vt 0.338064 0.898910
vt 0.338064 0.964908
vt 0.336055 0.898600
vt 0.851142 0.920384
vt 0.852251 0.867048
vt 0.854471 0.866850
vt 0.934372 0.647847
vt 0.936275 0.721103
vt 0.934372 0.721744
vt 0.936275 0.647206
vt 0.938641 0.720806
vt 0.938641 0.646909
vt 0.941108 0.720898
vt 0.943302 0.647469
vt 0.941108 0.647001
vt 0.116988 0.821224
vt 0.119138 0.755886
vt 0.119138 0.821884
vt 0.114737 0.821036
vt 0.116988 0.755226
vt 0.112727 0.821347
vt 0.114737 0.755037
vt 0.921704 0.062454
vt 0.920595 0.009118
vt 0.923924 0.062651
vt 0.924217 0.002453
vt 0.922647 0.008622
vt 0.914754 0.006665
vt 0.936653 0.800118
vt 0.934749 0.873374
vt 0.934749 0.799477
vt 0.936653 0.874015
vt 0.844450 0.924552
vt 0.855613 0.925333
vt 0.306406 0.859987
vt 0.308124 0.785139
vt 0.308124 0.860641
vt 0.304139 0.859620
vt 0.306406 0.784485
vt 0.301667 0.859595
vt 0.304139 0.784118
vt 0.299367 0.784414
vt 0.301667 0.784093
vt 0.299367 0.859916
vt 0.297588 0.785033
vt 0.045215 0.767973
vt 0.043196 0.687317
vt 0.045215 0.687204
vt 0.043196 0.768087
vt 0.041028 0.687456
vt 0.041028 0.768226
vt 0.039042 0.687598
vt 0.863432 0.325280
vt 0.861714 0.250431
vt 0.863432 0.249778
vt 0.861714 0.325933
vt 0.859447 0.250798
vt 0.859447 0.326300
vt 0.856975 0.250823
vt 0.854675 0.326004
vt 0.856975 0.326325
vt 0.852896 0.325386
vt 0.854675 0.250502
vt 0.064031 0.768705
vt 0.066050 0.688050
vt 0.066050 0.768819
vt 0.903004 0.635234
vt 0.904384 0.643978
vt 0.897449 0.645944
vt 0.061863 0.768567
vt 0.064031 0.687936
vt 0.059877 0.768425
vt 0.061863 0.687797
vt 0.101370 0.970902
vt 0.108304 0.969371
vt 0.109684 0.978202
vt 0.701394 0.556667
vt 0.704268 0.449508
vt 0.704268 0.556149
vt 0.629092 0.670342
vt 0.631924 0.563822
vt 0.631924 0.671195
vt 0.625446 0.669892
vt 0.629092 0.562969
vt 0.621540 0.669913
vt 0.625446 0.562519
vt 0.617970 0.563029
vt 0.621540 0.562540
vt 0.714400 0.667318
vt 0.711576 0.561556
vt 0.714400 0.560677
vt 0.711576 0.668197
vt 0.708224 0.562014
vt 0.708224 0.668655
vt 0.704855 0.561981
vt 0.704855 0.668622
vt 0.701981 0.561463
vt 0.670305 0.438984
vt 0.667474 0.332464
vt 0.670305 0.331611
vt 0.667474 0.439837
vt 0.663828 0.332914
vt 0.663828 0.440287
vt 0.659922 0.332893
vt 0.656351 0.439776
vt 0.659922 0.440266
vt 0.710990 0.556575
vt 0.713814 0.450812
vt 0.713814 0.557453
vt 0.871487 0.551183
vt 0.869309 0.537827
vt 0.880258 0.535280
vt 0.707638 0.556117
vt 0.710990 0.449934
vt 0.707638 0.449476
vt 0.897779 0.430645
vt 0.886830 0.433403
vt 0.884652 0.420089
vt 0.757549 0.963124
vt 0.759396 0.893191
vt 0.759396 0.962798
vt 0.755324 0.963055
vt 0.757549 0.893517
vt 0.753059 0.962602
vt 0.755324 0.893448
vt 0.751100 0.961834
vt 0.753059 0.892996
vt 0.592847 0.798196
vt 0.592026 0.735661
vt 0.595303 0.798262
vt 0.587214 0.736137
vt 0.589570 0.735595
vt 0.553594 0.607397
vt 0.551322 0.546780
vt 0.553594 0.546211
vt 0.551322 0.607966
vt 0.549062 0.546815
vt 0.734513 0.962771
vt 0.732666 0.892839
vt 0.734513 0.893165
vt 0.732666 0.962445
vt 0.730441 0.892907
vt 0.730441 0.962514
vt 0.728176 0.893360
vt 0.728176 0.962967
vt 0.726217 0.894128
vt 0.607319 0.805918
vt 0.608141 0.743383
vt 0.610597 0.743317
vt 0.602507 0.805442
vt 0.604864 0.805984
vt 0.614853 0.738434
vt 0.602736 0.740343
vt 0.043034 0.562390
vt 0.045306 0.501773
vt 0.045306 0.562959
vt 0.040774 0.562355
vt 0.043034 0.501204
vt 0.587214 0.802812
vt 0.599788 0.801568
vt 0.797643 0.798915
vt 0.801325 0.738239
vt 0.799645 0.799896
vt 0.795238 0.798494
vt 0.799324 0.737259
vt 0.794476 0.737042
vt 0.796918 0.736838
vt 0.792796 0.798698
vt 0.792367 0.737838
vt 0.958734 0.637929
vt 0.957029 0.560677
vt 0.958734 0.560720
vt 0.957029 0.637886
vt 0.954901 0.560827
vt 0.954901 0.638036
vt 0.952672 0.561148
vt 0.952673 0.638357
vt 0.950684 0.561589
vt 0.478524 0.805111
vt 0.474843 0.744435
vt 0.476844 0.743455
vt 0.476523 0.806092
vt 0.472437 0.744856
vt 0.471675 0.806309
vt 0.474117 0.806512
vt 0.469566 0.805512
vt 0.469995 0.744653
vt 0.386711 0.958735
vt 0.388416 0.881483
vt 0.388416 0.958692
vt 0.384583 0.958585
vt 0.386711 0.881526
vt 0.467886 0.743856
vt 0.467536 0.738059
vt 0.382354 0.958264
vt 0.384583 0.881375
vt 0.380366 0.957823
vt 0.382354 0.881055
vt 0.792338 0.806272
vt 0.789234 0.800763
vt 0.436637 0.848428
vt 0.434836 0.768200
vt 0.436637 0.768000
vt 0.434836 0.848628
vt 0.432524 0.768298
vt 0.430052 0.848708
vt 0.432524 0.848726
vt 0.427797 0.848575
vt 0.430052 0.768280
vt 0.426102 0.848349
vt 0.427797 0.768148
vt 0.642570 0.882525
vt 0.640504 0.962796
vt 0.640504 0.882330
vt 0.644736 0.882668
vt 0.642570 0.962992
vt 0.646672 0.882738
vt 0.644736 0.963135
vt 0.033072 0.848893
vt 0.034873 0.768666
vt 0.034873 0.849093
vt 0.030760 0.848795
vt 0.033072 0.768466
vt 0.028288 0.768386
vt 0.030760 0.768367
vt 0.028288 0.848813
vt 0.026033 0.768518
vt 0.026033 0.848946
vt 0.024338 0.768744
vt 0.580136 0.884748
vt 0.582202 0.965019
vt 0.580136 0.965214
vt 0.209209 0.968496
vt 0.210737 0.977257
vt 0.203054 0.979068
vt 0.582202 0.884552
vt 0.584368 0.964876
vt 0.584368 0.884409
vt 0.586303 0.964806
vt 0.000827 0.970190
vt 0.008510 0.968511
vt 0.010038 0.977298
vt 0.448047 0.871747
vt 0.450220 0.929268
vt 0.448047 0.929349
vt 0.450220 0.871667
vt 0.452271 0.928535
vt 0.024063 0.849478
vt 0.022276 0.769262
vt 0.024063 0.769031
vt 0.022276 0.849709
vt 0.019973 0.769383
vt 0.017506 0.849823
vt 0.019973 0.849830
vt 0.015249 0.849688
vt 0.017505 0.769376
vt 0.013547 0.849447
vt 0.015249 0.769241
vt 0.909423 0.056230
vt 0.913904 0.000782
vt 0.911440 0.057012
vt 0.724098 0.881857
vt 0.721924 0.939378
vt 0.721924 0.881776
vt 0.726148 0.882590
vt 0.724098 0.939458
vt 0.247173 0.850007
vt 0.248960 0.769791
vt 0.248960 0.850238
vt 0.244870 0.849886
vt 0.247173 0.769560
vt 0.242403 0.769446
vt 0.244870 0.769439
vt 0.242403 0.849893
vt 0.240146 0.769581
vt 0.700730 0.106127
vt 0.707180 0.109361
vt 0.702699 0.114930
vt 0.240146 0.850028
vt 0.238444 0.769822
vt 0.707180 0.170378
vt 0.704716 0.114148
vt 0.907256 0.056118
vt 0.913865 0.060025
vt 0.909620 0.065144
vt 0.267620 0.496184
vt 0.270359 0.388849
vt 0.270359 0.495943
vt 0.264246 0.496051
vt 0.267620 0.389090
vt 0.260753 0.495565
vt 0.264246 0.388957
vt 0.257671 0.494801
vt 0.260753 0.388471
vt 0.144489 0.678656
vt 0.148016 0.581936
vt 0.148016 0.679498
vt 0.140586 0.581002
vt 0.144489 0.581095
vt 0.140586 0.678564
vt 0.136900 0.581672
vt 0.136900 0.679233
vt 0.133992 0.583002
vt 0.694424 0.107334
vt 0.691685 0.000000
vt 0.694424 0.000240
vt 0.691685 0.107094
vt 0.688311 0.000133
vt 0.688311 0.107227
vt 0.684818 0.000619
vt 0.684818 0.107713
vt 0.681736 0.001383
vt 0.214722 0.681354
vt 0.211196 0.584634
vt 0.214722 0.583792
vt 0.207293 0.682288
vt 0.211196 0.682195
vt 0.927402 0.537885
vt 0.937389 0.535308
vt 0.939376 0.548873
vt 0.203607 0.681618
vt 0.207293 0.584726
vt 0.200699 0.680288
vt 0.203607 0.584057
vt 0.923941 0.417350
vt 0.925928 0.430869
vt 0.915941 0.433679
vt 0.675610 0.169099
vt 0.673566 0.119091
vt 0.677895 0.169763
vt 0.505465 0.955619
vt 0.507508 0.883389
vt 0.507508 0.956193
vt 0.503159 0.955246
vt 0.505465 0.882815
vt 0.500942 0.955132
vt 0.503159 0.882443
vt 0.499152 0.955292
vt 0.500942 0.882328
vt 0.470498 0.988900
vt 0.472869 0.929925
vt 0.472869 0.988636
vt 0.468036 0.988693
vt 0.470498 0.930189
vt 0.465856 0.929335
vt 0.468036 0.929982
vt 0.630028 0.161211
vt 0.632070 0.111204
vt 0.634355 0.110539
vt 0.895481 0.954630
vt 0.893437 0.882400
vt 0.895481 0.881826
vt 0.893437 0.955204
vt 0.891132 0.882773
vt 0.891132 0.955576
vt 0.888915 0.882887
vt 0.888915 0.955691
vt 0.887124 0.882726
vt 0.851463 0.988478
vt 0.849093 0.929502
vt 0.851463 0.929766
vt 0.676039 0.109345
vt 0.681019 0.114985
vt 0.849093 0.988213
vt 0.846630 0.929709
vt 0.844450 0.989067
vt 0.846630 0.988420
vt 0.627743 0.161876
vt 0.636535 0.163511
vt 0.634787 0.170293
vt 0.571828 0.956451
vt 0.573602 0.884339
vt 0.573602 0.956222
vt 0.986052 0.944587
vt 0.988342 0.881040
vt 0.988342 0.944526
vt 0.983674 0.944202
vt 0.986052 0.881101
vt 0.981569 0.943429
vt 0.983674 0.880716
vt 0.472512 0.860002
vt 0.476016 0.806651
vt 0.478453 0.806512
vt 0.697710 0.955433
vt 0.695672 0.884191
vt 0.697710 0.883550
vt 0.695672 0.956074
vt 0.693378 0.884586
vt 0.693378 0.956469
vt 0.691176 0.884676
vt 0.691176 0.956559
vt 0.689402 0.884447
vt 0.439914 0.983905
vt 0.437624 0.920358
vt 0.439914 0.920419
vt 0.437624 0.983845
vt 0.435246 0.920744
vt 0.435246 0.984230
vt 0.433141 0.921516
vt 0.798816 0.869526
vt 0.795313 0.816176
vt 0.801254 0.869665
vt 0.578098 0.956707
vt 0.580136 0.885465
vt 0.580136 0.957348
vt 0.801254 0.810854
vt 0.788657 0.812014
vt 0.575803 0.956311
vt 0.578098 0.884824
vt 0.575803 0.884429
vt 0.466199 0.866022
vt 0.470074 0.860141
vt 0.478110 0.863464
vt 0.992734 0.792319
vt 0.990613 0.730967
vt 0.992734 0.730681
vt 0.990613 0.792606
vt 0.988490 0.730626
vt 0.842184 0.641907
vt 0.840535 0.560732
vt 0.842184 0.560820
vt 0.840535 0.641818
vt 0.838309 0.560681
vt 0.838309 0.641768
vt 0.835844 0.560677
vt 0.833516 0.641806
vt 0.835844 0.641764
vt 0.831679 0.641889
vt 0.833516 0.560720
vt 0.992585 0.941868
vt 0.994383 0.881099
vt 0.994383 0.942737
vt 0.990464 0.941582
vt 0.992585 0.880229
vt 0.988342 0.941923
vt 0.990464 0.879943
vt 0.839537 0.149614
vt 0.841186 0.068438
vt 0.841186 0.149525
vt 0.837311 0.149664
vt 0.839537 0.068527
vt 0.834846 0.149668
vt 0.837311 0.068577
vt 0.832518 0.068539
vt 0.834846 0.068582
vt 0.500143 0.315788
vt 0.503902 0.309345
vt 0.509528 0.313754
vt 0.832518 0.149625
vt 0.830681 0.068456
vt 0.994532 0.791450
vt 0.994532 0.729811
vt 0.509528 0.324486
vt 0.505769 0.331024
vt 0.500143 0.326759
vt 0.910816 0.324100
vt 0.912684 0.243500
vt 0.912684 0.324233
vt 0.942895 0.412098
vt 0.944760 0.331799
vt 0.944760 0.412250
vt 0.940753 0.412061
vt 0.942895 0.331647
vt 0.938660 0.412146
vt 0.940753 0.331611
vt 0.936935 0.331888
vt 0.938660 0.331695
vt 0.919727 0.530293
vt 0.917514 0.449481
vt 0.919727 0.449559
vt 0.917514 0.530214
vt 0.915045 0.449476
vt 0.915045 0.530209
vt 0.912698 0.449545
vt 0.912698 0.530279
vt 0.910829 0.449679
vt 0.118630 0.905619
vt 0.116764 0.825320
vt 0.118630 0.825168
vt 0.116764 0.905771
vt 0.114622 0.825357
vt 0.114622 0.905807
vt 0.112529 0.825272
vt 0.110804 0.905530
vt 0.112529 0.905723
vt 0.917500 0.324298
vt 0.919714 0.243486
vt 0.919714 0.324219
vt 0.822002 0.978254
vt 0.814402 0.979731
vt 0.812890 0.970919
vt 0.915032 0.324303
vt 0.917500 0.243564
vt 0.915032 0.243569
vt 0.803655 0.979944
vt 0.802143 0.971237
vt 0.809742 0.969229
vt 0.378196 0.429123
vt 0.391076 0.340791
vt 0.383926 0.431063
vt 0.504668 0.468941
vt 0.509784 0.334315
vt 0.509784 0.470525
vt 0.498884 0.467991
vt 0.504668 0.332730
vt 0.493313 0.467822
vt 0.498884 0.331781
vt 0.488804 0.468457
vt 0.493313 0.331611
vt 0.539566 0.455115
vt 0.545418 0.333210
vt 0.545418 0.454684
vt 0.533481 0.454554
vt 0.539566 0.333641
vt 0.528091 0.331611
vt 0.533481 0.333079
vt 0.422101 0.421883
vt 0.409221 0.333550
vt 0.414951 0.331611
vt 0.045318 0.498465
vt 0.040202 0.363839
vt 0.045318 0.362254
vt 0.040202 0.500050
vt 0.034418 0.364788
vt 0.034418 0.500999
vt 0.028847 0.364958
vt 0.028847 0.501169
vt 0.024338 0.364323
vt 0.560539 0.293089
vt 0.554686 0.171184
vt 0.560539 0.171615
vt 0.396303 0.315660
vt 0.409183 0.330795
vt 0.554686 0.292659
vt 0.548602 0.171746
vt 0.543212 0.294689
vt 0.548602 0.293220
vt 0.416371 0.423822
vt 0.438028 0.427266
vt 0.433058 0.445073
vt 0.273510 0.610946
vt 0.270720 0.512847
vt 0.273510 0.513071
vt 0.744533 0.545594
vt 0.748171 0.449796
vt 0.748171 0.545904
vt 0.740618 0.545584
vt 0.744533 0.449486
vt 0.737022 0.545876
vt 0.740618 0.449476
vt 0.301419 0.610804
vt 0.304181 0.513182
vt 0.304181 0.611056
vt 0.297800 0.610657
vt 0.301419 0.512930
vt 0.293874 0.610637
vt 0.297800 0.512783
vt 0.290240 0.610748
vt 0.293874 0.512763
vt 0.287451 0.610972
vt 0.290240 0.512873
vt 0.745687 0.427719
vt 0.742049 0.331921
vt 0.745687 0.331611
vt 0.742049 0.428029
vt 0.738134 0.331931
vt 0.738134 0.428039
vt 0.734538 0.331639
vt 0.287451 0.610637
vt 0.284689 0.513015
vt 0.287451 0.512763
vt 0.284689 0.610889
vt 0.281069 0.513162
vt 0.655279 0.290146
vt 0.663060 0.301945
vt 0.651415 0.309773
vt 0.281069 0.611036
vt 0.277144 0.513182
vt 0.277144 0.611056
vt 0.628418 0.291653
vt 0.642155 0.294371
vt 0.639422 0.308267
vt 0.932069 0.067702
vt 0.933725 0.000000
vt 0.933725 0.067078
vt 0.929842 0.068125
vt 0.932069 0.000624
vt 0.927383 0.001203
vt 0.929842 0.001047
vt 0.927383 0.068281
vt 0.925067 0.001069
vt 0.640504 0.953432
vt 0.638726 0.882329
vt 0.640504 0.882521
vt 0.638726 0.953240
vt 0.636484 0.882414
vt 0.636484 0.953324
vt 0.634120 0.882761
vt 0.634120 0.953672
vt 0.631994 0.883319
vt 0.942384 0.068281
vt 0.940727 0.000579
vt 0.942384 0.001203
vt 0.940727 0.067657
vt 0.938500 0.000156
vt 0.936041 0.067078
vt 0.938500 0.067234
vt 0.933725 0.067212
vt 0.936041 0.000000
vt 0.495536 0.954449
vt 0.497314 0.883347
vt 0.497314 0.954257
vt 0.493294 0.954365
vt 0.495536 0.883538
vt 0.951033 0.149612
vt 0.949493 0.158330
vt 0.941752 0.156272
vt 0.490930 0.954017
vt 0.493294 0.883454
vt 0.488804 0.953459
vt 0.490930 0.883107
vt 0.964270 0.143936
vt 0.970832 0.138698
vt 0.975217 0.145965
vt 0.176827 0.649152
vt 0.178490 0.575170
vt 0.178490 0.649359
vt 0.174648 0.648879
vt 0.176827 0.574963
vt 0.172284 0.648584
vt 0.174648 0.574690
vt 0.170095 0.648310
vt 0.172284 0.574395
vt 0.168414 0.648100
vt 0.170095 0.574121
vt 0.531312 0.986079
vt 0.529037 0.923185
vt 0.531312 0.922675
vt 0.529037 0.986590
vt 0.526574 0.923331
vt 0.526574 0.986735
vt 0.524298 0.923089
vt 0.223047 0.756477
vt 0.221384 0.682496
vt 0.223047 0.682288
vt 0.221384 0.756685
vt 0.219205 0.682768
vt 0.219205 0.756957
vt 0.216841 0.683064
vt 0.216841 0.757253
vt 0.214652 0.683337
vt 0.214652 0.757527
vt 0.212971 0.683548
vt 0.250223 0.985636
vt 0.252499 0.922742
vt 0.252499 0.986146
vt 0.978120 0.239080
vt 0.970450 0.240536
vt 0.968925 0.231710
vt 0.247760 0.985491
vt 0.250223 0.922231
vt 0.245484 0.985732
vt 0.247760 0.922086
vt 0.965279 0.977831
vt 0.963754 0.969119
vt 0.971423 0.967087
vt 0.858279 0.561608
vt 0.857125 0.615509
vt 0.854947 0.616318
vt 0.860457 0.560799
vt 0.859586 0.615387
vt 0.865285 0.561260
vt 0.862918 0.560677
vt 0.307645 0.501930
vt 0.309967 0.451322
vt 0.309967 0.501624
vt 0.942850 0.234425
vt 0.944609 0.160978
vt 0.944609 0.234471
vt 0.940619 0.234224
vt 0.942850 0.160931
vt 0.938257 0.233901
vt 0.940619 0.160731
vt 0.936123 0.233503
vt 0.938257 0.160407
vt 0.856118 0.077575
vt 0.857271 0.131477
vt 0.853939 0.076767
vt 0.858578 0.077697
vt 0.859449 0.132285
vt 0.864278 0.131825
vt 0.861910 0.132407
vt 0.464244 0.517642
vt 0.461921 0.467034
vt 0.464244 0.467341
vt 0.152604 0.904894
vt 0.150844 0.831447
vt 0.152604 0.831401
vt 0.150844 0.904941
vt 0.148614 0.831648
vt 0.863007 0.623716
vt 0.854086 0.622865
vt 0.148614 0.905141
vt 0.146252 0.831972
vt 0.146252 0.905465
vt 0.144118 0.832369
vt 0.851908 0.071852
vt 0.859821 0.068561
vt 0.562254 0.960866
vt 0.560343 0.891767
vt 0.562254 0.892027
vt 0.560343 0.960606
vt 0.558048 0.891858
vt 0.558048 0.960697
vt 0.555717 0.892286
vt 0.555717 0.961125
vt 0.553705 0.892987
vt 0.587214 0.806841
vt 0.592618 0.860198
vt 0.590286 0.860854
vt 0.589546 0.806184
vt 0.595082 0.860252
vt 0.433298 0.194016
vt 0.435719 0.138043
vt 0.435719 0.194407
vt 0.430914 0.194150
vt 0.433298 0.137652
vt 0.485162 0.962096
vt 0.487072 0.892997
vt 0.487072 0.961836
vt 0.482866 0.962005
vt 0.485162 0.893257
vt 0.480535 0.961577
vt 0.482866 0.893166
vt 0.478524 0.960876
vt 0.480535 0.892738
vt 0.607912 0.815324
vt 0.602507 0.868681
vt 0.605580 0.814667
vt 0.610375 0.815269
vt 0.604840 0.869337
vt 0.598939 0.862354
vt 0.596673 0.868881
vt 0.588020 0.867382
vt 0.929624 0.998723
vt 0.927203 0.942750
vt 0.929624 0.942359
vt 0.927203 0.999114
vt 0.924818 0.942616
vt 0.602507 0.809867
vt 0.609635 0.805984
vt 0.615039 0.811441
vt 0.233520 0.696870
vt 0.236305 0.595199
vt 0.236305 0.696632
vt 0.230023 0.696698
vt 0.233520 0.595438
vt 0.226348 0.696141
vt 0.230023 0.595265
vt 0.223053 0.695285
vt 0.226348 0.594709
vt 0.131089 0.565825
vt 0.139830 0.494014
vt 0.134799 0.566851
vt 0.270572 0.597386
vt 0.267227 0.512139
vt 0.270572 0.510853
vt 0.267227 0.598672
vt 0.263467 0.512769
vt 0.263467 0.599302
vt 0.259862 0.512648
vt 0.079302 0.700799
vt 0.076517 0.599129
vt 0.079302 0.599367
vt 0.076517 0.700561
vt 0.073020 0.599301
vt 0.073020 0.700734
vt 0.069345 0.599858
vt 0.069345 0.701290
vt 0.066050 0.600714
vt 0.412232 0.581970
vt 0.403491 0.510160
vt 0.407201 0.509133
vt 0.174973 0.757437
vt 0.178317 0.672190
vt 0.178317 0.758723
vt 0.411019 0.498583
vt 0.393578 0.506560
vt 0.171212 0.756806
vt 0.174973 0.670904
vt 0.167608 0.756927
vt 0.171212 0.670273
vt 0.119964 0.572239
vt 0.139830 0.574587
vt 0.316904 0.905341
vt 0.318492 0.836370
vt 0.318492 0.906029
vt 0.314750 0.904803
vt 0.316904 0.835683
vt 0.312357 0.904496
vt 0.314750 0.835145
vt 0.310091 0.904467
vt 0.312357 0.834838
vt 0.308294 0.904721
vt 0.310090 0.834809
vt 0.972543 0.067209
vt 0.974881 0.000347
vt 0.974881 0.067048
vt 0.970071 0.067087
vt 0.972543 0.000508
vt 0.967842 0.000000
vt 0.970071 0.000386
vt 0.422429 0.904615
vt 0.420841 0.835644
vt 0.422429 0.834957
vt 0.420841 0.905303
vt 0.418687 0.836183
vt 0.418687 0.905841
vt 0.416294 0.836489
vt 0.416294 0.906148
vt 0.414028 0.836518
vt 0.414028 0.906176
vt 0.412232 0.836264
vt 0.412021 0.829491
vt 0.409683 0.762629
vt 0.412021 0.762790
vt 0.815512 0.444031
vt 0.808813 0.449250
vt 0.804337 0.441969
vt 0.409683 0.829330
vt 0.407211 0.762751
vt 0.404982 0.829838
vt 0.407211 0.829452
vt 0.787762 0.446156
vt 0.789334 0.437432
vt 0.797236 0.439467
vt 0.874814 0.143007
vt 0.876447 0.068723
vt 0.876447 0.143291
vt 0.060485 0.980702
vt 0.062763 0.915808
vt 0.062763 0.980401
vt 0.058012 0.980657
vt 0.060485 0.916109
vt 0.055722 0.915680
vt 0.058012 0.916064
vt 0.581830 0.882971
vt 0.580144 0.808572
vt 0.581830 0.808403
vt 0.580144 0.883141
vt 0.577962 0.808838
vt 0.577962 0.883406
vt 0.575615 0.809159
vt 0.575615 0.883727
vt 0.573461 0.809486
vt 0.573461 0.884055
vt 0.571828 0.809771
vt 0.982219 0.864370
vt 0.979941 0.799477
vt 0.982219 0.799778
vt 0.979941 0.864069
vt 0.977468 0.799522
vt 0.975178 0.864499
vt 0.977468 0.864115
vt 0.883130 0.144205
vt 0.884816 0.069806
vt 0.884816 0.144374
vt 0.880948 0.143939
vt 0.883131 0.069637
vt 0.560640 0.963184
vt 0.562172 0.971980
vt 0.554467 0.973696
vt 0.878601 0.143619
vt 0.880948 0.069371
vt 0.878601 0.069050
vt 0.739701 0.967305
vt 0.747405 0.965526
vt 0.748938 0.974308
vt 0.146621 0.831103
vt 0.148581 0.763082
vt 0.148581 0.830690
vt 0.908804 0.791724
vt 0.915165 0.738394
vt 0.911014 0.792178
vt 0.936300 0.319533
vt 0.938296 0.244089
vt 0.938296 0.320049
vt 0.933901 0.319327
vt 0.936300 0.243573
vt 0.931462 0.243501
vt 0.933901 0.243366
vt 0.931462 0.319461
vt 0.929357 0.243956
vt 0.509663 0.737200
vt 0.507601 0.670198
vt 0.509663 0.669592
vt 0.507601 0.737806
vt 0.505424 0.670303
vt 0.505424 0.737911
vt 0.503463 0.669890
vt 0.653243 0.913981
vt 0.646883 0.860652
vt 0.649092 0.860198
vt 0.936935 0.407571
vt 0.934939 0.332127
vt 0.936935 0.331611
vt 0.934939 0.408087
vt 0.932539 0.332333
vt 0.930101 0.408159
vt 0.932539 0.408293
vt 0.927996 0.407704
vt 0.930101 0.332199
vt 0.911601 0.729500
vt 0.919351 0.732335
vt 0.917263 0.738153
vt 0.150758 0.830795
vt 0.152821 0.763793
vt 0.152821 0.831401
vt 0.150758 0.763187
vt 0.658138 0.918271
vt 0.651777 0.923117
vt 0.957309 0.727616
vt 0.958834 0.647499
vt 0.958834 0.727723
vt 0.955300 0.727466
vt 0.957309 0.647391
vt 0.953114 0.727296
vt 0.955300 0.647241
vt 0.951083 0.727133
vt 0.953114 0.647072
vt 0.936395 0.524884
vt 0.938265 0.450358
vt 0.938265 0.525484
vt 0.934048 0.524601
vt 0.936395 0.449759
vt 0.931581 0.449552
vt 0.934048 0.449476
vt 0.931581 0.524677
vt 0.929371 0.449975
vt 0.960114 0.240234
vt 0.958589 0.160117
vt 0.960114 0.160009
vt 0.958589 0.240342
vt 0.956580 0.160267
vt 0.956580 0.240491
vt 0.954394 0.160436
vt 0.954394 0.240661
vt 0.952364 0.160599
vt 0.938994 0.797754
vt 0.937124 0.723228
vt 0.938994 0.722629
vt 0.937124 0.798353
vt 0.934777 0.723512
vt 0.230481 0.977467
vt 0.223470 0.978835
vt 0.222076 0.969986
vt 0.932311 0.798561
vt 0.934777 0.798637
vt 0.930100 0.798137
vt 0.932311 0.723436
vt 0.836534 0.979635
vt 0.835140 0.970936
vt 0.842150 0.968814
vt 0.328339 0.675529
vt 0.331786 0.570642
vt 0.331786 0.676192
vt 0.292939 0.717345
vt 0.295713 0.612614
vt 0.295713 0.718305
vt 0.289590 0.716798
vt 0.292939 0.611654
vt 0.286176 0.716747
vt 0.289590 0.611107
vt 0.283217 0.717201
vt 0.286176 0.611056
vt 0.673198 0.666610
vt 0.676238 0.561919
vt 0.676238 0.667469
vt 0.669444 0.666228
vt 0.673198 0.561060
vt 0.665547 0.560829
vt 0.669444 0.560677
vt 0.665547 0.666379
vt 0.662101 0.561491
vt 0.283217 0.716747
vt 0.280442 0.612016
vt 0.283217 0.611056
vt 0.280442 0.717707
vt 0.277093 0.612563
vt 0.277093 0.718254
vt 0.273679 0.612614
vt 0.273679 0.718305
vt 0.270720 0.612160
vt 0.342477 0.675102
vt 0.339437 0.570410
vt 0.342477 0.569552
vt 0.866968 0.549521
vt 0.856169 0.551347
vt 0.854021 0.537556
vt 0.339437 0.675961
vt 0.335683 0.570793
vt 0.335683 0.676344
vt 0.597613 0.297228
vt 0.595464 0.283789
vt 0.606264 0.280197
vt 0.834649 0.067035
vt 0.840062 0.008577
vt 0.837123 0.067034
vt 0.832328 0.066383
vt 0.837588 0.008578
vt 0.463571 0.930353
vt 0.465850 0.871380
vt 0.465850 0.930949
vt 0.461279 0.930303
vt 0.463571 0.870784
vt 0.957709 0.067664
vt 0.959659 0.000986
vt 0.959659 0.067352
vt 0.955382 0.067587
vt 0.957709 0.001298
vt 0.953034 0.067131
vt 0.955382 0.001220
vt 0.951021 0.066366
vt 0.953034 0.000765
vt 0.053053 0.832283
vt 0.047639 0.773825
vt 0.050113 0.773826
vt 0.050579 0.832282
vt 0.045318 0.774476
vt 0.465850 0.990518
vt 0.463571 0.931545
vt 0.465850 0.930949
vt 0.463571 0.991114
vt 0.461279 0.931595
vt 0.951021 0.066678
vt 0.949071 0.000000
vt 0.951021 0.000312
vt 0.949071 0.066366
vt 0.946745 0.000078
vt 0.837123 0.000001
vt 0.844766 0.003433
vt 0.946745 0.066444
vt 0.944396 0.000534
vt 0.944396 0.066900
vt 0.942384 0.001298
vt 0.057849 0.835721
vt 0.052588 0.840859
vt 0.955418 0.145991
vt 0.957101 0.069311
vt 0.957101 0.145973
vt 0.953284 0.145832
vt 0.955418 0.069329
vt 0.951026 0.145519
vt 0.953284 0.069170
vt 0.948985 0.145101
vt 0.951026 0.068857
vt 0.579938 0.800406
vt 0.580735 0.739085
vt 0.582122 0.801115
vt 0.576092 0.738267
vt 0.578551 0.738376
vt 0.577478 0.800297
vt 0.573731 0.738775
vt 0.575117 0.800806
vt 0.571828 0.739823
vt 0.380366 0.957294
vt 0.378683 0.880614
vt 0.380366 0.880632
vt 0.378683 0.957276
vt 0.376549 0.880773
vt 0.376549 0.957435
vt 0.374291 0.881086
vt 0.374291 0.957748
vt 0.372250 0.881504
vt 0.698309 0.809884
vt 0.697512 0.748563
vt 0.699696 0.747854
vt 0.693666 0.810702
vt 0.696125 0.810593
vt 0.700612 0.742122
vt 0.690788 0.747115
vt 0.691305 0.810193
vt 0.695052 0.748671
vt 0.689402 0.809145
vt 0.692691 0.748163
vt 0.572059 0.803282
vt 0.584193 0.805419
vt 0.942902 0.561160
vt 0.944505 0.641530
vt 0.942902 0.641725
vt 0.944505 0.560965
vt 0.946547 0.641370
vt 0.946547 0.560805
vt 0.948717 0.641269
vt 0.948717 0.560704
vt 0.950684 0.641242
vt 0.917932 0.412119
vt 0.915995 0.331793
vt 0.917932 0.331611
vt 0.915995 0.412301
vt 0.913618 0.331880
vt 0.911161 0.412365
vt 0.913618 0.412388
vt 0.908999 0.412236
vt 0.911161 0.331857
vt 0.944905 0.647103
vt 0.943302 0.727474
vt 0.943302 0.646909
vt 0.946946 0.647263
vt 0.944905 0.727668
vt 0.949116 0.647364
vt 0.946946 0.727828
vt 0.951083 0.647391
vt 0.949116 0.727929
vt 0.913998 0.727503
vt 0.915934 0.647178
vt 0.915934 0.727686
vt 0.911620 0.727417
vt 0.913998 0.646995
vt 0.904697 0.978091
vt 0.897052 0.976604
vt 0.898573 0.967757
vt 0.909164 0.646932
vt 0.911620 0.646909
vt 0.909164 0.727439
vt 0.907002 0.647060
vt 0.332256 0.979099
vt 0.327925 0.971494
vt 0.334407 0.966735
vt 0.259354 0.846537
vt 0.256883 0.765852
vt 0.259354 0.765839
vt 0.256883 0.846550
vt 0.254671 0.765928
vt 0.254671 0.846626
vt 0.253054 0.766055
vt 0.270720 0.847128
vt 0.275372 0.903505
vt 0.273342 0.904084
vt 0.367836 0.749814
vt 0.370004 0.807932
vt 0.367836 0.807905
vt 0.370004 0.749840
vt 0.372089 0.807303
vt 0.189138 0.847435
vt 0.187261 0.766845
vt 0.189138 0.766737
vt 0.184908 0.847595
vt 0.187261 0.847543
vt 0.182437 0.847581
vt 0.184908 0.766896
vt 0.180225 0.847505
vt 0.182437 0.766883
vt 0.178608 0.847378
vt 0.180225 0.766807
vt 0.896687 0.008960
vt 0.892035 0.065337
vt 0.894656 0.008382
vt 0.644509 0.809261
vt 0.642342 0.867378
vt 0.642342 0.809287
vt 0.646594 0.809890
vt 0.644510 0.867352
vt 0.281658 0.907364
vt 0.277006 0.912465
vt 0.270720 0.908606
vt 0.261707 0.846588
vt 0.263584 0.765998
vt 0.263584 0.846696
vt 0.261707 0.765890
vt 0.892139 0.005621
vt 0.896166 0.000103
vt 0.902869 0.003339
vt 0.523800 0.626969
vt 0.527359 0.718362
vt 0.523800 0.719310
vt 0.531273 0.625924
vt 0.527359 0.626021
vt 0.534945 0.626692
vt 0.531273 0.718265
vt 0.537816 0.628209
vt 0.534945 0.719033
vt 0.686515 0.665491
vt 0.689402 0.562336
vt 0.689402 0.665367
vt 0.683000 0.665219
vt 0.686515 0.562460
vt 0.679391 0.664593
vt 0.683000 0.562188
vt 0.676238 0.663708
vt 0.679391 0.561562
vt 0.513343 0.628112
vt 0.509784 0.719505
vt 0.509784 0.627164
vt 0.517256 0.720550
vt 0.513343 0.720453
vt 0.517257 0.628209
vt 0.520929 0.719782
vt 0.520929 0.627441
vt 0.523800 0.718265
vt 0.688815 0.556920
vt 0.685929 0.453765
vt 0.688815 0.453889
vt 0.685929 0.556796
vt 0.682413 0.454037
vt 0.886735 0.551609
vt 0.884710 0.538044
vt 0.894889 0.535218
vt 0.682413 0.557068
vt 0.678805 0.454663
vt 0.678805 0.557694
vt 0.675652 0.455548
vt 0.911309 0.548930
vt 0.901130 0.551511
vt 0.899106 0.537897
vt 0.705989 0.740257
vt 0.704151 0.669961
vt 0.705989 0.670133
vt 0.994278 0.704931
vt 0.991917 0.646909
vt 0.994278 0.647141
vt 0.991917 0.704699
vt 0.989472 0.647176
vt 0.987315 0.705693
vt 0.989472 0.704966
vt 0.209385 0.901391
vt 0.210948 0.831874
vt 0.210948 0.901997
vt 0.207237 0.900898
vt 0.209385 0.831268
vt 0.204833 0.900591
vt 0.207237 0.830774
vt 0.202537 0.900519
vt 0.204833 0.830468
vt 0.200699 0.900692
vt 0.202537 0.830395
vt 0.991755 0.619462
vt 0.994116 0.561439
vt 0.994116 0.619229
vt 0.989310 0.619194
vt 0.991755 0.561671
vt 0.987152 0.560677
vt 0.989310 0.561404
vt 0.714400 0.738778
vt 0.712837 0.669261
vt 0.714400 0.668655
vt 0.712837 0.739384
vt 0.710690 0.669755
vt 0.873791 0.722206
vt 0.877885 0.729647
vt 0.871757 0.734619
vt 0.710690 0.739878
vt 0.708285 0.670061
vt 0.708285 0.740184
vt 0.878038 0.633739
vt 0.885266 0.635484
vt 0.883828 0.644262
vt 0.707685 0.330601
vt 0.712851 0.281095
vt 0.709994 0.331352
vt 0.957889 0.870582
vt 0.959921 0.800623
vt 0.959921 0.871246
vt 0.955578 0.870180
vt 0.957889 0.799960
vt 0.953339 0.870099
vt 0.955578 0.799557
vt 0.951512 0.870353
vt 0.953339 0.799477
vt 0.986818 0.861215
vt 0.989189 0.800247
vt 0.989189 0.861044
vt 0.984370 0.860945
vt 0.986818 0.800418
vt 0.982219 0.799477
vt 0.984370 0.800147
vt 0.644738 0.161457
vt 0.639572 0.111951
vt 0.641881 0.111200
vt 0.960487 0.950566
vt 0.958456 0.880607
vt 0.960487 0.879943
vt 0.958456 0.951229
vt 0.956145 0.881009
vt 0.956145 0.951632
vt 0.953906 0.881090
vt 0.953906 0.951712
vt 0.952079 0.880836
vt 0.989071 0.392579
vt 0.986700 0.331611
vt 0.989071 0.331782
vt 0.715019 0.271379
vt 0.720186 0.277234
vt 0.986700 0.392408
vt 0.984252 0.331881
vt 0.982100 0.393349
vt 0.984252 0.392678
vt 0.642429 0.162208
vt 0.651182 0.163535
vt 0.649216 0.170421
vt 0.193205 0.847320
vt 0.195682 0.767011
vt 0.195682 0.847315
vt 0.190907 0.847211
vt 0.193205 0.767016
vt 0.189138 0.847006
vt 0.190907 0.766907
vt 0.993390 0.221734
vt 0.995240 0.160009
vt 0.995240 0.221054
vt 0.991237 0.221809
vt 0.993390 0.160690
vt 0.989109 0.221266
vt 0.991237 0.160765
vt 0.846389 0.412038
vt 0.848123 0.331947
vt 0.848123 0.412251
vt 0.844109 0.411920
vt 0.846389 0.331734
vt 0.841632 0.331611
vt 0.844109 0.331616
vt 0.841632 0.411915
vt 0.839334 0.331719
vt 0.839334 0.412023
vt 0.837565 0.331925
vt 0.995320 0.861277
vt 0.993469 0.799551
vt 0.995320 0.800232
vt 0.993469 0.860596
vt 0.991316 0.799477
vt 0.991316 0.860521
vt 0.989189 0.800020
vt 0.408091 0.142999
vt 0.402478 0.138602
vt 0.406229 0.132112
vt 0.199696 0.846984
vt 0.197962 0.766893
vt 0.199696 0.766680
vt 0.197962 0.847197
vt 0.408091 0.132099
vt 0.402478 0.127785
vt 0.406229 0.121240
vt 0.059864 0.683129
vt 0.058159 0.603269
vt 0.059864 0.603330
vt 0.915934 0.647145
vt 0.918119 0.727026
vt 0.915934 0.727216
vt 0.918119 0.646954
vt 0.920579 0.726980
vt 0.922941 0.647016
vt 0.920579 0.646909
vt 0.924844 0.647258
vt 0.922941 0.727087
vt 0.486691 0.724119
vt 0.488594 0.644623
vt 0.488594 0.724422
vt 0.484529 0.723913
vt 0.486691 0.644320
vt 0.482436 0.723834
vt 0.484529 0.644114
vt 0.480731 0.723895
vt 0.482436 0.644035
vt 0.918093 0.799781
vt 0.915909 0.879662
vt 0.915908 0.799590
vt 0.920553 0.799826
vt 0.918093 0.879852
vt 0.922915 0.879791
vt 0.920553 0.879898
vt 0.922915 0.799720
vt 0.924818 0.879548
vt 0.066022 0.682541
vt 0.064119 0.603045
vt 0.066022 0.602742
vt 0.348050 0.969119
vt 0.349573 0.977876
vt 0.341918 0.979533
vt 0.064119 0.682844
vt 0.061957 0.603251
vt 0.061957 0.683050
vt 0.824383 0.970708
vt 0.832038 0.968886
vt 0.833561 0.977611
vt 0.059227 0.602473
vt 0.061985 0.503590
vt 0.061985 0.602250
vt 0.055617 0.602645
vt 0.059227 0.503814
vt 0.051707 0.504080
vt 0.055617 0.503986
vt 0.051707 0.602740
vt 0.048090 0.504082
vt 0.048090 0.602742
vt 0.045318 0.503992
vt 0.737746 0.658117
vt 0.734142 0.560689
vt 0.737746 0.560677
vt 0.734142 0.658128
vt 0.730266 0.560996
vt 0.730266 0.658435
vt 0.726709 0.561551
vt 0.016667 0.602742
vt 0.013908 0.503859
vt 0.016667 0.504082
vt 0.013909 0.602519
vt 0.010299 0.503687
vt 0.006388 0.602252
vt 0.010299 0.602347
vt 0.002772 0.602250
vt 0.006388 0.503593
vt -0.000000 0.602340
vt 0.002772 0.503590
vt 0.733417 0.547778
vt 0.737022 0.450350
vt 0.737022 0.547789
vt 0.664230 0.317732
vt 0.656555 0.329507
vt 0.645069 0.321560
vt 0.729541 0.547471
vt 0.733417 0.450338
vt 0.725984 0.546915
vt 0.729541 0.450031
vt 0.663060 0.301931
vt 0.670735 0.290083
vt 0.682221 0.297920
vt 0.096819 0.896866
vt 0.098586 0.825762
vt 0.098586 0.896683
vt 0.094569 0.896804
vt 0.096819 0.825945
vt 0.092180 0.896507
vt 0.094569 0.825884
vt 0.090016 0.896018
vt 0.092180 0.825586
vt 0.088405 0.824493
vt 0.090016 0.825097
vt 0.296347 0.980094
vt 0.294183 0.912454
vt 0.296347 0.911856
vt 0.294183 0.980693
vt 0.291790 0.912777
vt 0.291790 0.981015
vt 0.289533 0.912774
vt 0.110804 0.896183
vt 0.109037 0.825079
vt 0.110804 0.825262
vt 0.109037 0.896000
vt 0.106787 0.825141
vt 0.106787 0.896062
vt 0.104399 0.825439
vt 0.104399 0.896360
vt 0.102234 0.825927
vt 0.100623 0.897453
vt 0.102234 0.896848
vt 0.978114 0.715470
vt 0.980278 0.647830
vt 0.980278 0.716068
vt 0.782194 0.968518
vt 0.788631 0.973302
vt 0.784330 0.980853
vt 0.975721 0.715147
vt 0.978114 0.647231
vt 0.973464 0.715150
vt 0.975721 0.646909
vt 0.115106 0.970181
vt 0.121544 0.975327
vt 0.117242 0.982636
vt 0.869163 0.884279
vt 0.867447 0.812942
vt 0.869163 0.812781
vt 0.986217 0.792184
vt 0.988490 0.730407
vt 0.988490 0.792678
vt 0.983750 0.792082
vt 0.986217 0.729913
vt 0.981465 0.792389
vt 0.983750 0.729811
vt 0.810016 0.883252
vt 0.811763 0.811861
vt 0.811763 0.883359
vt 0.807745 0.883092
vt 0.810016 0.811754
vt 0.805296 0.882903
vt 0.807745 0.811594
vt 0.803041 0.882713
vt 0.805296 0.811405
vt 0.801325 0.882552
vt 0.803041 0.811215
vt 0.988761 0.062271
vt 0.986488 0.000494
vt 0.988761 0.000000
vt 0.986488 0.062765
vt 0.984021 0.000595
vt 0.984021 0.062866
vt 0.981736 0.000289
vt 0.877885 0.883633
vt 0.876138 0.812242
vt 0.877885 0.812135
vt 0.876138 0.883740
vt 0.873867 0.812402
vt 0.734848 0.548869
vt 0.736440 0.557692
vt 0.728437 0.559186
vt 0.873867 0.883900
vt 0.871418 0.812591
vt 0.871418 0.884089
vt 0.696387 0.439810
vt 0.704389 0.437814
vt 0.705981 0.446537
vt 0.867060 0.888768
vt 0.865286 0.814702
vt 0.867060 0.814691
vt 0.865286 0.888779
vt 0.863063 0.814887
vt 0.863063 0.888964
vt 0.860728 0.815219
vt 0.860728 0.889295
vt 0.858637 0.815646
vt 0.858637 0.889723
vt 0.857109 0.816104
vt 0.857416 0.000614
vt 0.862975 0.054664
vt 0.860624 0.055278
vt 0.859768 0.000000
vt 0.865438 0.054754
vt 0.020732 0.465631
vt 0.023083 0.414622
vt 0.023083 0.465142
vt 0.161138 0.889986
vt 0.162912 0.815920
vt 0.162912 0.889997
vt 0.158914 0.889801
vt 0.161138 0.815909
vt 0.156579 0.889470
vt 0.158914 0.815724
vt 0.154488 0.889043
vt 0.156579 0.815393
vt 0.152960 0.888585
vt 0.154488 0.814966
vt 0.850009 0.812186
vt 0.844450 0.866236
vt 0.847658 0.811572
vt 0.867637 0.055536
vt 0.868671 0.062082
vt 0.859776 0.063050
vt 0.852472 0.812096
vt 0.846802 0.866850
vt 0.309995 0.451322
vt 0.307645 0.400312
vt 0.309995 0.400801
vt 0.845209 0.805154
vt 0.853823 0.803543
vt 0.856272 0.809961
vt 0.545123 0.841307
vt 0.550324 0.783491
vt 0.547436 0.841978
vt 0.542650 0.841286
vt 0.548011 0.782819
vt 0.999297 0.788090
vt 0.996890 0.730203
vt 0.999297 0.729811
vt 0.996890 0.788482
vt 0.994532 0.730085
vt 0.962339 0.315850
vt 0.960522 0.243366
vt 0.962338 0.243620
vt 0.960522 0.315597
vt 0.958327 0.243463
vt 0.958327 0.315693
vt 0.956087 0.243895
vt 0.956087 0.316125
vt 0.954142 0.244596
vt 0.522292 0.849630
vt 0.517091 0.791814
vt 0.519404 0.791142
vt 0.519978 0.850302
vt 0.514617 0.791834
vt 0.996741 0.998433
vt 0.999149 0.940545
vt 0.999149 0.998824
vt 0.994383 0.998550
vt 0.996741 0.940154
vt 0.960553 0.522935
vt 0.962369 0.450452
vt 0.962369 0.522682
vt 0.958358 0.522839
vt 0.960553 0.450705
vt 0.510663 0.790007
vt 0.512672 0.783924
vt 0.956117 0.522407
vt 0.958358 0.450609
vt 0.954173 0.521706
vt 0.956117 0.450177
vt 0.543017 0.849868
vt 0.537816 0.844683
vt 0.259862 0.517937
vt 0.246946 0.583308
vt 0.255975 0.518086
vt 0.787158 0.248309
vt 0.790493 0.165255
vt 0.790493 0.249612
vt 0.783378 0.247691
vt 0.787158 0.163952
vt 0.779728 0.247851
vt 0.783378 0.163334
vt 0.263919 0.697665
vt 0.266856 0.600348
vt 0.266856 0.697357
vt 0.260264 0.697574
vt 0.263919 0.600657
vt 0.256449 0.697099
vt 0.260264 0.600566
vt 0.253054 0.696311
vt 0.256449 0.600091
vt 0.315317 0.533909
vt 0.328233 0.599280
vt 0.324346 0.599131
vt 0.788657 0.743348
vt 0.785322 0.660294
vt 0.788657 0.658991
vt 0.785322 0.744651
vt 0.781542 0.660912
vt 0.781542 0.745269
vt 0.777892 0.660751
vt 0.192410 0.697460
vt 0.189473 0.600144
vt 0.192410 0.600452
vt 0.189473 0.697152
vt 0.185818 0.600234
vt 0.252840 0.599153
vt 0.240323 0.593197
vt 0.185818 0.697242
vt 0.182003 0.600710
vt 0.182003 0.697718
vt 0.178608 0.601498
vt 0.319203 0.534059
vt 0.308294 0.527202
vt 0.317324 0.517914
vt 0.214364 0.908934
vt 0.212535 0.840661
vt 0.214364 0.840991
vt 0.981465 0.796307
vt 0.979136 0.729812
vt 0.981465 0.729950
vt 0.979136 0.796169
vt 0.976680 0.729986
vt 0.976680 0.796343
vt 0.974471 0.730447
vt 0.908805 0.798263
vt 0.907146 0.729780
vt 0.908805 0.730320
vt 0.904913 0.797350
vt 0.907146 0.797723
vt 0.902446 0.797201
vt 0.904913 0.729407
vt 0.900122 0.797299
vt 0.902446 0.729258
vt 0.898293 0.797629
vt 0.900122 0.729356
vt 0.407520 0.979560
vt 0.409849 0.913064
vt 0.409849 0.979421
vt 0.405064 0.979385
vt 0.407520 0.913203
vt 0.402854 0.978924
vt 0.405063 0.913028
vt 0.221387 0.908510
vt 0.223047 0.840027
vt 0.223047 0.907970
vt 0.219155 0.840940
vt 0.221388 0.840567
vt 0.103650 0.342137
vt 0.110540 0.347196
vt 0.105936 0.354569
vt 0.219155 0.908883
vt 0.216688 0.841089
vt 0.216688 0.909032
vt 0.223192 0.342171
vt 0.230081 0.347047
vt 0.225478 0.354542
vt 0.880366 0.524513
vt 0.882037 0.450716
vt 0.882037 0.524703
vt 0.878178 0.524252
vt 0.880366 0.450526
vt 0.875808 0.523961
vt 0.878179 0.450265
vt 0.873615 0.523684
vt 0.875808 0.449974
vt 0.871934 0.523463
vt 0.873615 0.449697
vt 0.984120 0.513577
vt 0.981848 0.449979
vt 0.984120 0.449476
vt 0.981848 0.514080
vt 0.979387 0.450133
vt 0.979387 0.514234
vt 0.977111 0.449914
vt 0.488627 0.810645
vt 0.486956 0.736848
vt 0.488627 0.736657
vt 0.486956 0.810835
vt 0.484768 0.737108
vt 0.484768 0.811095
vt 0.482398 0.737399
vt 0.482398 0.811386
vt 0.480205 0.737676
vt 0.480205 0.811663
vt 0.478524 0.737897
vt 0.981914 0.307622
vt 0.984186 0.244023
vt 0.984186 0.308125
vt 0.098538 0.974481
vt 0.090782 0.975909
vt 0.089240 0.967084
vt 0.979452 0.307468
vt 0.981914 0.243520
vt 0.977176 0.307687
vt 0.979453 0.243366
vt 0.968335 0.728950
vt 0.966792 0.720251
vt 0.974548 0.718193
vt 0.935951 0.635123
vt 0.938368 0.561481
vt 0.938368 0.635345
vt 0.933925 0.634542
vt 0.935951 0.561258
vt 0.775698 0.976323
vt 0.777747 0.910341
vt 0.777747 0.976995
vt 0.773501 0.976152
vt 0.775698 0.909669
vt 0.771490 0.976507
vt 0.773501 0.909497
vt 0.296456 0.920280
vt 0.302875 0.869581
vt 0.298733 0.920855
vt 0.938826 0.142473
vt 0.940919 0.069145
vt 0.940919 0.143009
vt 0.936386 0.068438
vt 0.938826 0.068608
vt 0.936386 0.142303
vt 0.933968 0.068661
vt 0.933968 0.142525
vt 0.931943 0.069242
vt 0.990377 0.516130
vt 0.988328 0.450148
vt 0.990377 0.449476
vt 0.988328 0.516802
vt 0.986131 0.450320
vt 0.986131 0.516974
vt 0.984120 0.449964
vt 0.530717 0.913735
vt 0.524298 0.863036
vt 0.526575 0.862461
vt 0.297124 0.866257
vt 0.299516 0.860747
vt 0.307456 0.863965
vt 0.942902 0.634639
vt 0.940809 0.561311
vt 0.942902 0.560774
vt 0.940809 0.635175
vt 0.535966 0.917593
vt 0.529546 0.922675
vt 0.524298 0.918816
vt 0.587214 0.870656
vt 0.589064 0.942268
vt 0.587214 0.943014
vt 0.589064 0.869910
vt 0.591402 0.941896
vt 0.593870 0.869596
vt 0.591402 0.869538
vt 0.596093 0.870075
vt 0.593870 0.941954
vt 0.370592 0.896830
vt 0.372195 0.819056
vt 0.372195 0.897024
vt 0.368509 0.896563
vt 0.370592 0.818861
vt 0.366262 0.896263
vt 0.368509 0.818594
vt 0.364195 0.895978
vt 0.366262 0.818295
vt 0.926669 0.869628
vt 0.924818 0.941241
vt 0.924818 0.868883
vt 0.929007 0.870001
vt 0.926669 0.941986
vt 0.931475 0.942301
vt 0.929007 0.942359
vt 0.931475 0.869943
vt 0.933698 0.941822
vt 0.571545 0.893498
vt 0.569942 0.815725
vt 0.571545 0.815530
vt 0.569942 0.893693
vt 0.567858 0.815992
vt 0.908312 0.520084
vt 0.909729 0.528906
vt 0.902608 0.530436
vt 0.567858 0.893960
vt 0.565612 0.816291
vt 0.565612 0.894259
vt 0.563545 0.816577
vt 0.169181 0.652210
vt 0.176301 0.650249
vt 0.177717 0.658984
vt 0.048311 0.707769
vt 0.045318 0.604526
vt 0.048311 0.604796
vt 0.426102 0.582602
vt 0.429024 0.684135
vt 0.426102 0.685234
vt 0.429024 0.581503
vt 0.432716 0.683587
vt 0.436616 0.581043
vt 0.432716 0.580955
vt 0.440131 0.581751
vt 0.436616 0.683674
vt 0.707177 0.435549
vt 0.710075 0.333665
vt 0.710075 0.436638
vt 0.703719 0.434828
vt 0.707177 0.332576
vt 0.700227 0.434584
vt 0.703719 0.331855
vt 0.697235 0.434853
vt 0.700227 0.331611
vt 0.122885 0.582101
vt 0.119964 0.683634
vt 0.119964 0.581002
vt 0.126577 0.582648
vt 0.122885 0.684733
vt 0.130477 0.685193
vt 0.126577 0.685280
vt 0.130477 0.582561
vt 0.133992 0.684484
vt 0.058159 0.705715
vt 0.055260 0.603830
vt 0.058159 0.602742
vt 0.864280 0.417732
vt 0.866480 0.431385
vt 0.855423 0.433422
vt 0.055260 0.706803
vt 0.051802 0.604552
vt 0.051802 0.707525
vt 0.779083 0.644311
vt 0.790140 0.640968
vt 0.792339 0.654362
vt 0.096948 0.963466
vt 0.094992 0.896866
vt 0.096948 0.897193
vt 0.094992 0.963139
vt 0.092681 0.896956
vt 0.092681 0.963229
vt 0.090368 0.897449
vt 0.090368 0.963722
vt 0.088405 0.898271
vt 0.853409 0.163490
vt 0.852339 0.219711
vt 0.849895 0.219867
vt 0.858236 0.163869
vt 0.855854 0.163334
vt 0.997617 0.217868
vt 1.000000 0.160492
vt 1.000000 0.218350
vt 0.995240 0.217900
vt 0.997617 0.160009
vt 0.569588 0.962221
vt 0.571545 0.895622
vt 0.571545 0.961894
vt 0.567278 0.962131
vt 0.569588 0.895949
vt 0.564965 0.961638
vt 0.567278 0.895859
vt 0.563002 0.960817
vt 0.564965 0.895366
vt 0.854841 0.340693
vt 0.855910 0.396915
vt 0.852396 0.340537
vt 0.860738 0.396535
vt 0.858355 0.397071
vt 0.857913 0.222972
vt 0.853963 0.228637
vt 0.845945 0.225532
vt 0.999672 0.057859
vt 0.997289 0.000483
vt 0.999672 0.000000
vt 0.997289 0.058341
vt 0.994912 0.000451
vt 0.848123 0.336648
vt 0.854020 0.331611
vt 0.860738 0.335656
vt 0.850293 0.647660
vt 0.849449 0.704267
vt 0.847222 0.704975
vt 0.854988 0.646909
vt 0.852519 0.646952
vt 0.857325 0.647536
vt 0.851918 0.704224
vt 0.174614 0.540788
vt 0.176946 0.491494
vt 0.176946 0.540550
vt 0.912962 0.948879
vt 0.914744 0.875440
vt 0.914744 0.948878
vt 0.910727 0.948694
vt 0.912962 0.875441
vt 0.908380 0.948351
vt 0.910727 0.875256
vt 0.906278 0.947903
vt 0.908380 0.874913
vt 0.849540 0.008769
vt 0.850384 0.065376
vt 0.847314 0.008061
vt 0.855080 0.066128
vt 0.852610 0.066084
vt 0.852009 0.008813
vt 0.857416 0.065501
vt 0.509259 0.519819
vt 0.506927 0.470525
vt 0.509259 0.470763
vt 0.943215 0.947751
vt 0.941433 0.874312
vt 0.943215 0.874313
vt 0.941433 0.947750
vt 0.939198 0.874497
vt 0.854869 0.712285
vt 0.845989 0.711207
vt 0.939198 0.947935
vt 0.936851 0.874840
vt 0.936851 0.948278
vt 0.934749 0.875289
vt 0.845002 0.003425
vt 0.852734 0.000044
vt 0.901890 0.243375
vt 0.903813 0.324413
vt 0.901890 0.324372
vt 0.903813 0.243416
vt 0.906185 0.324425
vt 0.906185 0.243428
vt 0.908644 0.324408
vt 0.910816 0.243366
vt 0.908644 0.243411
vt 0.946234 0.160009
vt 0.944609 0.241088
vt 0.944609 0.160060
vt 0.948278 0.160024
vt 0.946234 0.241037
vt 0.950430 0.160102
vt 0.948278 0.241052
vt 0.952363 0.160231
vt 0.950430 0.241130
vt 0.905373 0.068451
vt 0.903450 0.149488
vt 0.903450 0.068492
vt 0.907745 0.068438
vt 0.905373 0.149448
vt 0.910204 0.068456
vt 0.907745 0.149435
vt 0.912376 0.149497
vt 0.910204 0.149452
vt 0.944760 0.331782
vt 0.946385 0.412861
vt 0.944760 0.412810
vt 0.946385 0.331833
vt 0.948429 0.412846
vt 0.962102 0.968720
vt 0.960576 0.977546
vt 0.952905 0.976197
vt 0.948429 0.331818
vt 0.950582 0.412768
vt 0.950582 0.331740
vt 0.952515 0.412639
vt 0.662101 0.970746
vt 0.668604 0.966123
vt 0.672950 0.973761
vt 0.697710 0.883712
vt 0.699861 0.941766
vt 0.697710 0.941928
vt 0.699861 0.883550
vt 0.701903 0.942276
vt 0.827046 0.331611
vt 0.828803 0.412818
vt 0.827046 0.412786
vt 0.828803 0.331643
vt 0.831090 0.412836
vt 0.833558 0.331661
vt 0.831090 0.331660
vt 0.835832 0.331644
vt 0.833558 0.412836
vt 0.837565 0.331613
vt 0.835832 0.412820
vt 0.872061 0.000000
vt 0.872871 0.057389
vt 0.869996 0.000569
vt 0.736664 0.893348
vt 0.734513 0.951403
vt 0.734513 0.893187
vt 0.738706 0.892839
vt 0.736664 0.951565
vt 0.831927 0.449494
vt 0.830170 0.530701
vt 0.830170 0.449526
vt 0.834213 0.449476
vt 0.831927 0.530669
vt 0.836682 0.530651
vt 0.834214 0.530651
vt 0.836682 0.449476
vt 0.838956 0.530667
vt 0.874936 0.056821
vt 0.881016 0.060712
vt 0.876076 0.065792
vt 0.838956 0.449492
vt 0.840689 0.530699
vt 0.883890 0.008402
vt 0.883081 0.065792
vt 0.881015 0.065223
vt 0.884943 0.000114
vt 0.891834 0.003317
vt 0.888107 0.008857
vt 0.694902 0.274903
vt 0.691985 0.171184
vt 0.694902 0.171363
vt 0.691985 0.274724
vt 0.688479 0.171427
vt 0.688479 0.274967
vt 0.684918 0.172053
vt 0.684918 0.275593
vt 0.681843 0.172968
vt 0.707207 0.001452
vt 0.710575 0.092060
vt 0.707207 0.093208
vt 0.710575 0.000304
vt 0.714447 0.091755
vt 0.718232 0.000585
vt 0.714447 0.000000
vt 0.721354 0.001972
vt 0.718232 0.092341
vt 0.694318 0.436935
vt 0.697235 0.333216
vt 0.697235 0.436756
vt 0.690812 0.436692
vt 0.694318 0.333395
vt 0.687250 0.436066
vt 0.690812 0.333152
vt 0.684176 0.435151
vt 0.687250 0.332526
vt 0.541185 0.627591
vt 0.537816 0.718199
vt 0.537816 0.626443
vt 0.545057 0.627895
vt 0.541185 0.719346
vt 0.911820 0.430873
vt 0.901975 0.434459
vt 0.900017 0.420782
vt 0.548841 0.719065
vt 0.545057 0.719651
vt 0.548841 0.627310
vt 0.551963 0.717679
vt 0.915423 0.551657
vt 0.913465 0.537649
vt 0.923309 0.535727
vt 0.727271 0.281285
vt 0.732772 0.329844
vt 0.730424 0.330523
vt 0.626558 0.952910
vt 0.624412 0.881967
vt 0.626558 0.881495
vt 0.624412 0.953381
vt 0.622027 0.882272
vt 0.622027 0.953687
vt 0.619765 0.882364
vt 0.619765 0.953779
vt 0.617970 0.882229
vt 0.990961 0.303758
vt 0.988667 0.243366
vt 0.990961 0.243451
vt 0.988667 0.303674
vt 0.986288 0.243784
vt 0.986288 0.304091
vt 0.984186 0.244640
vt 0.384837 0.822138
vt 0.379336 0.870696
vt 0.382489 0.821458
vt 0.306008 0.783622
vt 0.308153 0.712679
vt 0.308153 0.784093
vt 0.303622 0.783317
vt 0.306008 0.712207
vt 0.301360 0.783224
vt 0.303622 0.711902
vt 0.299565 0.783359
vt 0.301360 0.711809
vt 0.990471 0.130020
vt 0.992765 0.069628
vt 0.992765 0.129935
vt 0.384837 0.876444
vt 0.377751 0.880614
vt 0.988092 0.129602
vt 0.990471 0.069712
vt 0.985990 0.128746
vt 0.988092 0.069295
vt 0.723338 0.272047
vt 0.731990 0.273700
vt 0.729619 0.280606
vt 0.154835 0.959070
vt 0.152960 0.890627
vt 0.154835 0.890903
vt 0.609414 0.989434
vt 0.607054 0.929188
vt 0.609414 0.929329
vt 0.607054 0.989293
vt 0.604629 0.929517
vt 0.604629 0.989623
vt 0.602507 0.930266
vt 0.512225 0.850484
vt 0.515661 0.896216
vt 0.509784 0.850322
vt 0.954244 0.796649
vt 0.956378 0.729047
vt 0.956378 0.797214
vt 0.951833 0.796331
vt 0.954244 0.728482
vt 0.949515 0.796308
vt 0.951833 0.728164
vt 0.947640 0.796583
vt 0.949515 0.728141
vt 0.613961 0.990372
vt 0.616320 0.930125
vt 0.616320 0.990231
vt 0.611535 0.990043
vt 0.613961 0.930266
vt 0.609414 0.989294
vt 0.611535 0.929937
vt 0.769217 0.863603
vt 0.765780 0.909335
vt 0.763339 0.909497
vt 0.161698 0.958164
vt 0.159564 0.890562
vt 0.161698 0.889997
vt 0.522375 0.900809
vt 0.516497 0.906621
vt 0.509784 0.902028
vt 0.159564 0.958729
vt 0.157153 0.890880
vt 0.157154 0.959047
vt 0.763659 0.859828
vt 0.767612 0.853361
vt 0.775611 0.856973
vt 0.993328 0.392530
vt 0.991168 0.331611
vt 0.993328 0.331678
vt 0.991168 0.392463
vt 0.989070 0.332167
vt 0.842184 0.561198
vt 0.843781 0.640980
vt 0.842184 0.641288
vt 0.843781 0.560891
vt 0.845977 0.640797
vt 0.845977 0.560708
vt 0.848437 0.640767
vt 0.850787 0.560804
vt 0.848437 0.560677
vt 0.852669 0.561068
vt 0.850787 0.640893
vt 0.993019 0.061533
vt 0.994912 0.000000
vt 0.994912 0.060852
vt 0.990859 0.061600
vt 0.993019 0.000681
vt 0.988761 0.061044
vt 0.990859 0.000748
vt 0.844008 0.250085
vt 0.842411 0.329867
vt 0.842411 0.249778
vt 0.846204 0.250268
vt 0.844008 0.330175
vt 0.848665 0.250299
vt 0.846204 0.330358
vt 0.851014 0.330262
vt 0.848665 0.330388
vt 0.119769 0.350307
vt 0.114277 0.354991
vt 0.110607 0.348490
vt 0.851014 0.250172
vt 0.852896 0.329998
vt 0.995221 0.393211
vt 0.995221 0.332359
vt 0.230846 0.352382
vt 0.232134 0.344583
vt 0.238613 0.346422
vt 0.325431 0.835006
vt 0.327459 0.915052
vt 0.325431 0.915250
vt 0.904062 0.951730
vt 0.902126 0.871945
vt 0.904062 0.871696
vt 0.902126 0.951979
vt 0.899957 0.872097
vt 0.899957 0.952131
vt 0.897886 0.872128
vt 0.897886 0.952162
vt 0.896229 0.872035
vt 0.402854 0.832267
vt 0.404941 0.912338
vt 0.402854 0.912510
vt 0.404941 0.832095
vt 0.407377 0.912289
vt 0.409794 0.832126
vt 0.407377 0.832046
vt 0.411822 0.832323
vt 0.409794 0.912369
vt 0.949576 0.879694
vt 0.951512 0.799909
vt 0.951512 0.879943
vt 0.947407 0.879543
vt 0.949576 0.799660
vt 0.945337 0.879511
vt 0.947407 0.799509
vt 0.943679 0.879604
vt 0.945337 0.799477
vt 0.320578 0.835037
vt 0.318492 0.915109
vt 0.318492 0.834866
vt 0.176506 0.975683
vt 0.170022 0.980393
vt 0.165689 0.972856
vt 0.323014 0.835087
vt 0.320578 0.915281
vt 0.323014 0.915330
vt 0.820570 0.446927
vt 0.822092 0.438161
vt 0.829741 0.439628
vt 0.509784 0.331998
vt 0.439411 0.000802
vt 0.526555 0.171184
vt 0.409221 0.194407
vt 0.514338 0.161546
vt 0.509166 0.163726
vt 0.503569 0.163400
vt 0.498398 0.160616
vt 0.494440 0.155800
vt 0.492298 0.149683
vt 0.492298 0.143197
vt 0.498398 0.132975
vt 0.503569 0.130795
vt 0.509166 0.131121
vt 0.518296 0.138721
vt 0.520438 0.144838
vt 0.520437 0.151324
vt 0.531709 0.163726
vt 0.526537 0.161546
vt 0.522579 0.157191
vt 0.520437 0.151324
vt 0.520437 0.144838
vt 0.522579 0.138721
vt 0.526537 0.133905
vt 0.537306 0.130795
vt 0.542477 0.132975
vt 0.546435 0.137330
vt 0.548577 0.149683
vt 0.546435 0.155800
vt 0.542477 0.160617
vt 0.345772 0.000000
vt 0.239924 0.000000
vt 0.345772 -0.000000
vt 0.378196 0.407696
vt 0.378196 0.417634
vt 0.374402 0.426815
vt 0.367390 0.433842
vt 0.358229 0.437645
vt 0.348312 0.437645
vt 0.339149 0.433842
vt 0.328340 0.417634
vt 0.328339 0.407696
vt 0.332134 0.398515
vt 0.348307 0.387685
vt 0.358224 0.387685
vt 0.367387 0.391488
vt 0.310485 -0.000000
vt 0.381058 0.174398
vt 0.381058 0.164460
vt 0.384853 0.155278
vt 0.391865 0.148251
vt 0.401027 0.144447
vt 0.410944 0.144446
vt 0.420107 0.148248
vt 0.430914 0.164456
vt 0.430914 0.174393
vt 0.427119 0.183575
vt 0.410944 0.194406
vt 0.401027 0.194407
vt 0.391865 0.190605
vt 0.214722 0.582726
vt 0.480587 0.567592
vt 0.200225 0.600144
vt 0.440185 0.494983
vt 0.440185 0.580313
vt 0.119960 0.066024
vt 0.117651 0.077636
vt 0.113126 0.088574
vt 0.106559 0.098418
vt 0.098202 0.106790
vt 0.088376 0.113367
vt 0.077459 0.117898
vt 0.065870 0.120208
vt 0.054055 0.120208
vt 0.042468 0.117898
vt 0.031554 0.113367
vt 0.021732 0.106790
vt 0.013380 0.098418
vt 0.006819 0.088574
vt 0.002301 0.077636
vt 0.000004 0.054184
vt 0.002312 0.042572
vt 0.006837 0.031634
vt 0.013405 0.021790
vt 0.021762 0.013418
vt 0.031588 0.006841
vt 0.042505 0.002310
vt 0.065908 -0.000000
vt 0.077496 0.002310
vt 0.088410 0.006840
vt 0.098232 0.013418
vt 0.106584 0.021790
vt 0.113144 0.031634
vt 0.117662 0.042572
vt 0.122269 0.077619
vt 0.119964 0.066006
vt 0.119964 0.054167
vt 0.122269 0.042556
vt 0.126790 0.031619
vt 0.133354 0.021777
vt 0.141709 0.013408
vt 0.151533 0.006833
vt 0.162448 0.002306
vt 0.174036 -0.000000
vt 0.185851 0.000004
vt 0.197439 0.002317
vt 0.208355 0.006851
vt 0.218179 0.013432
vt 0.226533 0.021807
vt 0.237619 0.042593
vt 0.239924 0.054205
vt 0.239924 0.066045
vt 0.237619 0.077656
vt 0.233097 0.088593
vt 0.226533 0.098435
vt 0.218179 0.106804
vt 0.197439 0.117906
vt 0.185851 0.120212
vt 0.174036 0.120208
vt 0.162448 0.117894
vt 0.151533 0.113360
vt 0.141709 0.106779
vt 0.133354 0.098405
vt 0.209274 0.356071
vt 0.465856 0.331611
vt 0.310485 0.387728
vt 0.172631 0.329190
vt 0.490295 0.171842
vt 0.172631 0.356071
vt 0.166104 0.355826
vt 0.160073 0.353553
vt 0.155458 0.349598
vt 0.152960 0.344565
vt 0.152960 0.339218
vt 0.155458 0.334372
vt 0.178661 0.331463
vt 0.185774 0.340451
vt 0.185774 0.345798
vt 0.183276 0.350644
vt 0.257671 0.387707
vt 0.192887 0.263727
vt 0.188272 0.260120
vt 0.185774 0.255274
vt 0.185774 0.249927
vt 0.188272 0.244893
vt 0.198918 0.238666
vt 0.205445 0.238420
vt 0.211475 0.240240
vt 0.218588 0.248693
vt 0.218588 0.254040
vt 0.216090 0.259074
vt 0.117070 0.238417
vt 0.719898 0.171184
vt 0.218588 0.238420
vt 0.295713 0.611087
vt 0.640547 0.329818
vt 0.636713 0.331452
vt 0.632563 0.331436
vt 0.628729 0.329774
vt 0.625795 0.326717
vt 0.624207 0.322733
vt 0.624207 0.318426
vt 0.628729 0.311419
vt 0.632563 0.309786
vt 0.636713 0.309802
vt 0.643481 0.314520
vt 0.645069 0.318505
vt 0.645069 0.322811
vt 0.580184 0.455847
vt 0.576350 0.454214
vt 0.573416 0.451180
vt 0.571828 0.447207
vt 0.571828 0.442901
vt 0.573416 0.438916
vt 0.576350 0.435860
vt 0.584334 0.434181
vt 0.588168 0.435815
vt 0.591103 0.438849
vt 0.592691 0.447128
vt 0.591103 0.451113
vt 0.588168 0.454169
vt 0.819747 0.450739
vt 0.970307 0.243419
vt 0.817815 0.000621
vt 0.961149 0.331611
vt 0.807555 0.449891
vt 0.602445 0.954632
vt 0.602445 0.957512
vt 0.601462 0.960173
vt 0.599647 0.962211
vt 0.597274 0.963315
vt 0.594706 0.963317
vt 0.592334 0.962217
vt 0.589535 0.957523
vt 0.589535 0.954643
vt 0.590518 0.951982
vt 0.594706 0.948840
vt 0.597274 0.948838
vt 0.599647 0.949938
vt 0.930305 0.957401
vt 0.930305 0.954521
vt 0.931288 0.951861
vt 0.933104 0.949827
vt 0.935476 0.948727
vt 0.938044 0.948729
vt 0.940416 0.949833
vt 0.943215 0.954533
vt 0.943215 0.957412
vt 0.942232 0.960072
vt 0.938044 0.963206
vt 0.935476 0.963204
vt 0.933104 0.962100
vt 0.790493 0.163334
vt 0.076176 0.905607
vt 0.804902 0.331611
vt 0.150127 0.560595
vt 0.151965 0.562654
vt 0.152960 0.565323
vt 0.152960 0.568197
vt 0.151965 0.570839
vt 0.150127 0.572845
vt 0.147726 0.573911
vt 0.142725 0.572740
vt 0.140888 0.570682
vt 0.139893 0.568012
vt 0.140887 0.562496
vt 0.142725 0.560490
vt 0.145127 0.559424
vt 0.074229 0.903974
vt 0.913370 0.146963
vt 0.915208 0.144905
vt 0.917610 0.143771
vt 0.920209 0.143734
vt 0.922610 0.144800
vt 0.924448 0.146806
vt 0.925443 0.149447
vt 0.924448 0.154991
vt 0.922610 0.157050
vt 0.920209 0.158184
vt 0.915208 0.157155
vt 0.913370 0.155148
vt 0.912376 0.152507
vt 0.697257 0.669936
vt 0.478524 0.811885
vt 0.612061 0.108237
vt 0.622438 0.109057
vt 0.621121 0.100772
vt 0.623360 0.102036
vt 0.624739 0.103772
vt 0.625048 0.105716
vt 0.624240 0.107572
vt 0.610682 0.106501
vt 0.611181 0.102701
vt 0.612983 0.101216
vt 0.615505 0.100328
vt 0.703269 0.733166
vt 0.704077 0.735022
vt 0.702389 0.738702
vt 0.700150 0.739966
vt 0.697392 0.740566
vt 0.692012 0.739521
vt 0.690210 0.738036
vt 0.689402 0.736181
vt 0.915908 0.799477
vt 0.574594 0.666885
vt 0.626558 0.881495
vt 0.906497 0.160292
vt 0.492856 0.678815
vt 0.498466 0.679269
vt 0.503463 0.675097
vt 0.502709 0.676931
vt 0.500955 0.678396
vt 0.490589 0.677557
vt 0.488804 0.673910
vt 0.489558 0.672076
vt 0.491313 0.670611
vt 0.496645 0.669592
vt 0.499411 0.670193
vt 0.501678 0.671450
vt 0.587172 0.808425
vt 0.572582 0.735783
vt 0.571828 0.733948
vt 0.572190 0.732023
vt 0.573613 0.730301
vt 0.585733 0.730927
vt 0.586487 0.732762
vt 0.586125 0.734687
vt 0.582435 0.737666
vt 0.579669 0.738267
vt 0.576825 0.738120
vt 0.587214 0.564002
vt 0.105365 0.558845
vt 0.676238 0.666973
vt 0.688467 0.665921
vt 0.586916 0.566403
vt 0.169091 0.573911
vt 0.742683 0.660104
vt 0.110059 0.568309
vt 0.108411 0.571592
vt 0.105365 0.574082
vt 0.101385 0.575400
vt 0.097078 0.575346
vt 0.093099 0.573928
vt 0.090053 0.571363
vt 0.088405 0.564464
vt 0.090053 0.561182
vt 0.093099 0.558692
vt 0.108411 0.561411
vt 0.154608 0.505712
vt 0.152960 0.502430
vt 0.152960 0.498855
vt 0.154608 0.495532
vt 0.157654 0.492966
vt 0.161634 0.491548
vt 0.165941 0.491494
vt 0.172966 0.495303
vt 0.174614 0.498585
vt 0.174614 0.502160
vt 0.161633 0.509521
vt 0.329858 0.746692
vt 0.960487 0.879943
vt 0.738871 0.746029
vt 0.751012 0.745148
vt 0.953555 0.436276
vt 0.953555 0.439155
vt 0.952573 0.441808
vt 0.950759 0.443829
vt 0.948388 0.444913
vt 0.945821 0.444893
vt 0.943450 0.443772
vt 0.940653 0.439054
vt 0.940653 0.436175
vt 0.941635 0.433523
vt 0.945821 0.430418
vt 0.948388 0.430438
vt 0.950759 0.431558
vt 0.372109 0.897024
vt 0.940653 0.424660
vt 0.940653 0.421780
vt 0.941635 0.419113
vt 0.943450 0.417063
vt 0.945821 0.415942
vt 0.948388 0.415922
vt 0.950759 0.417006
vt 0.953555 0.421680
vt 0.953555 0.424559
vt 0.952573 0.427227
vt 0.948387 0.430397
vt 0.945821 0.430417
vt 0.943450 0.429334
vt 0.786054 0.903668
vt 0.808706 0.249778
vt 0.133992 0.903761
vt 0.452340 0.733827
vt 0.605964 0.450254
vt 0.604954 0.452869
vt 0.603087 0.454833
vt 0.600648 0.455847
vt 0.598007 0.455758
vt 0.595568 0.454579
vt 0.593701 0.452489
vt 0.592691 0.446939
vt 0.593701 0.444325
vt 0.595568 0.442361
vt 0.600648 0.441435
vt 0.603087 0.442615
vt 0.604954 0.444705
vt 0.671316 0.449044
vt 0.670305 0.446429
vt 0.670305 0.443562
vt 0.671316 0.440880
vt 0.673183 0.438790
vt 0.675622 0.437610
vt 0.678262 0.437521
vt 0.682568 0.440500
vt 0.683579 0.443114
vt 0.683579 0.445981
vt 0.680701 0.450754
vt 0.678262 0.451933
vt 0.675622 0.452022
vt 0.281555 0.784093
vt 0.879060 0.238103
vt 0.868670 0.237898
vt 0.974471 0.730116
vt 0.876455 0.406380
vt 0.291246 0.784093
vt 0.293788 0.784173
vt 0.295886 0.785053
vt 0.297220 0.786600
vt 0.297588 0.788579
vt 0.296934 0.790688
vt 0.295356 0.792606
vt 0.287955 0.794696
vt 0.285857 0.793816
vt 0.284154 0.790290
vt 0.284809 0.788181
vt 0.286387 0.786263
vt 0.965957 0.646909
vt 0.274520 0.835947
vt 0.281922 0.838037
vt 0.283500 0.839955
vt 0.284154 0.842064
vt 0.283786 0.844043
vt 0.280354 0.846470
vt 0.277812 0.846550
vt 0.275213 0.845816
vt 0.271375 0.842462
vt 0.270720 0.840353
vt 0.271088 0.838374
vt 0.404638 0.681427
vt 0.784810 0.325656
vt 0.772563 0.325529
vt 0.024050 0.503590
vt 0.760155 0.964447
vt 0.761781 0.966561
vt 0.762661 0.969260
vt 0.762661 0.972134
vt 0.761781 0.974745
vt 0.760155 0.976695
vt 0.758030 0.977688
vt 0.753606 0.976365
vt 0.751980 0.974251
vt 0.751100 0.971552
vt 0.751980 0.966067
vt 0.753606 0.964117
vt 0.755731 0.963124
vt 0.778791 0.636556
vt 0.715452 0.962721
vt 0.717078 0.960607
vt 0.719203 0.959400
vt 0.721502 0.959284
vt 0.723627 0.960277
vt 0.725253 0.962227
vt 0.726133 0.964838
vt 0.725253 0.970411
vt 0.723627 0.972525
vt 0.721502 0.973732
vt 0.717078 0.972855
vt 0.715452 0.970905
vt 0.714572 0.968294
vt 0.598325 0.278961
vt 0.653863 0.000000
vt 0.602507 0.563624
vt 0.587214 0.562385
vt 0.668065 0.171538
vt 0.790689 0.434941
vt 0.788238 0.432023
vt 0.786912 0.428225
vt 0.786912 0.424125
vt 0.788238 0.420347
vt 0.790689 0.417467
vt 0.793891 0.415922
vt 0.800560 0.417542
vt 0.803011 0.420460
vt 0.804337 0.424258
vt 0.803011 0.432136
vt 0.800560 0.435017
vt 0.797358 0.436561
vt 0.805558 0.549888
vt 0.803107 0.552806
vt 0.799905 0.554400
vt 0.796439 0.554426
vt 0.793237 0.552882
vt 0.790786 0.550001
vt 0.789459 0.546223
vt 0.790786 0.538325
vt 0.793237 0.535407
vt 0.796439 0.533814
vt 0.803107 0.535332
vt 0.805558 0.538212
vt 0.806885 0.541990
vt 0.592839 0.664233
vt 0.504258 0.573229
vt 0.924844 0.647293
vt 0.726453 0.107700
vt 0.412027 0.583035
vt 0.730287 0.098611
vt 0.733060 0.099223
vt 0.735329 0.100481
vt 0.736750 0.102193
vt 0.737106 0.104098
vt 0.736343 0.105906
vt 0.734578 0.107342
vt 0.724184 0.106442
vt 0.722407 0.102826
vt 0.723169 0.101017
vt 0.724935 0.099581
vt 0.933925 0.560677
vt 0.599385 0.726863
vt 0.601150 0.728299
vt 0.601913 0.730107
vt 0.601557 0.732012
vt 0.597867 0.734982
vt 0.595094 0.735595
vt 0.592241 0.735469
vt 0.587976 0.733188
vt 0.587214 0.731380
vt 0.587570 0.729475
vt 0.726217 0.816098
vt 0.385023 0.744084
vt 0.374621 0.743643
vt 0.748635 0.816739
vt 0.128881 0.754114
vt 0.386284 0.749842
vt 0.384591 0.751469
vt 0.382138 0.752500
vt 0.379300 0.752779
vt 0.376509 0.752262
vt 0.374189 0.751029
vt 0.372693 0.749267
vt 0.372927 0.745270
vt 0.386519 0.745846
vt 0.119958 0.692788
vt 0.119281 0.690814
vt 0.119724 0.688792
vt 0.121219 0.687030
vt 0.123539 0.685797
vt 0.126331 0.685280
vt 0.131621 0.686589
vt 0.133315 0.688216
vt 0.133992 0.690191
vt 0.965856 0.643550
vt 0.112898 0.753632
vt 0.100651 0.753668
vt 0.958834 0.729812
vt 0.098574 0.753691
vt 0.162806 0.960303
vt 0.164575 0.962383
vt 0.165532 0.965063
vt 0.165532 0.967935
vt 0.164575 0.970562
vt 0.162806 0.972544
vt 0.160496 0.973579
vt 0.155685 0.972347
vt 0.153917 0.970267
vt 0.152960 0.967586
vt 0.153917 0.962087
vt 0.155685 0.960105
vt 0.157995 0.959070
vt 0.690359 0.959872
vt 0.692127 0.957792
vt 0.694437 0.956628
vt 0.696938 0.956559
vt 0.699248 0.957594
vt 0.701017 0.959576
vt 0.701973 0.962203
vt 0.701017 0.967756
vt 0.699248 0.969836
vt 0.696938 0.970999
vt 0.692127 0.970033
vt 0.690359 0.968051
vt 0.689402 0.965424
vt 0.748171 0.532141
vt 0.686649 0.819300
vt 0.994278 0.707097
vt 0.754383 0.643383
vt 0.817174 0.141683
vt 0.998970 0.620803
vt 0.807654 0.146550
vt 0.807508 0.144499
vt 0.808336 0.142656
vt 0.810012 0.141301
vt 0.812279 0.140640
vt 0.820153 0.145173
vt 0.820298 0.147224
vt 0.819470 0.149067
vt 0.815527 0.151083
vt 0.813012 0.150949
vt 0.810633 0.150040
vt 0.760433 0.532182
vt 0.689028 0.755148
vt 0.688883 0.757199
vt 0.687785 0.759144
vt 0.681009 0.761732
vt 0.678742 0.761071
vt 0.676238 0.757873
vt 0.676384 0.755822
vt 0.677481 0.753877
vt 0.681742 0.751423
vt 0.684257 0.751289
vt 0.686525 0.751950
vt 0.618338 0.000000
vt 0.642482 0.331918
vt 0.612861 0.331928
vt 0.628492 0.331611
vt 0.851713 0.551160
vt 0.849596 0.554041
vt 0.846830 0.555490
vt 0.843836 0.555288
vt 0.841070 0.553464
vt 0.838953 0.550296
vt 0.837808 0.546268
vt 0.838953 0.538117
vt 0.841070 0.535236
vt 0.843836 0.533787
vt 0.849596 0.535814
vt 0.851713 0.538981
vt 0.852858 0.543010
vt 0.653863 -0.000000
vt 0.840245 0.436176
vt 0.838128 0.433295
vt 0.836982 0.429422
vt 0.836982 0.425145
vt 0.838128 0.421116
vt 0.840245 0.417949
vt 0.843011 0.416125
vt 0.848770 0.417372
vt 0.850887 0.420252
vt 0.852033 0.424126
vt 0.850887 0.432432
vt 0.848770 0.435599
vt 0.846005 0.437423
vt 0.903450 0.068595
vt 0.087867 0.497207
vt 0.296914 0.718367
vt 0.119281 0.825416
vt 0.195045 0.499353
vt 0.276488 0.729219
vt 0.282007 0.728273
vt 0.284049 0.720556
vt 0.285143 0.722526
vt 0.285139 0.724685
vt 0.284038 0.726703
vt 0.271814 0.726969
vt 0.270720 0.724998
vt 0.270724 0.722840
vt 0.273856 0.719251
vt 0.276507 0.718367
vt 0.279375 0.718305
vt 0.285143 0.777400
vt 0.286237 0.775430
vt 0.288262 0.773947
vt 0.298460 0.775695
vt 0.299565 0.779872
vt 0.298471 0.781843
vt 0.296446 0.783325
vt 0.290929 0.784031
vt 0.288278 0.783147
vt 0.286247 0.781577
vt 0.658550 0.795391
vt 0.896953 0.646909
vt 0.509784 0.906645
vt 0.771767 0.775702
vt 0.906278 0.799755
vt 0.772319 0.787108
vt 0.769449 0.787064
vt 0.766755 0.786156
vt 0.764649 0.784521
vt 0.763449 0.782408
vt 0.763339 0.780139
vt 0.764336 0.778060
vt 0.774461 0.776611
vt 0.777767 0.780358
vt 0.777877 0.782627
vt 0.776880 0.784706
vt 0.420005 0.906176
vt 0.649831 0.743951
vt 0.647880 0.742377
vt 0.646883 0.740298
vt 0.646992 0.738029
vt 0.648192 0.735917
vt 0.652992 0.733373
vt 0.655862 0.733330
vt 0.658471 0.734158
vt 0.661420 0.737810
vt 0.661310 0.740079
vt 0.660111 0.742192
vt 0.767797 0.331678
vt 0.178608 0.920551
vt 0.412232 0.686866
vt 0.424407 0.687020
vt 0.982422 0.160922
vt 0.882336 0.156670
vt 0.880390 0.157577
vt 0.878283 0.157496
vt 0.876336 0.156442
vt 0.874846 0.154573
vt 0.874040 0.152175
vt 0.874040 0.149613
vt 0.876336 0.145522
vt 0.878282 0.144615
vt 0.880390 0.144695
vt 0.883826 0.147619
vt 0.884632 0.150016
vt 0.884632 0.152579
vt 0.932111 0.449435
vt 0.930164 0.448529
vt 0.928674 0.446774
vt 0.927868 0.444437
vt 0.927868 0.441875
vt 0.928674 0.439477
vt 0.930164 0.437609
vt 0.934218 0.436474
vt 0.936164 0.437380
vt 0.937654 0.439135
vt 0.938461 0.444034
vt 0.937654 0.446432
vt 0.936164 0.448300
vt 0.013685 0.602866
vt 0.024085 0.602855
vt 0.897550 0.160009
vt 0.815617 0.736928
vt 0.891009 0.331735
vt 0.635048 0.966119
vt 0.636818 0.964189
vt 0.639130 0.963205
vt 0.641633 0.963317
vt 0.643945 0.964507
vt 0.645714 0.966594
vt 0.646672 0.969262
vt 0.645714 0.974685
vt 0.643945 0.976615
vt 0.641633 0.977599
vt 0.636818 0.976297
vt 0.635048 0.974210
vt 0.634090 0.971542
vt 0.572856 0.963205
vt 0.574626 0.965135
vt 0.575583 0.967718
vt 0.575583 0.970558
vt 0.574626 0.973226
vt 0.572856 0.975313
vt 0.570544 0.976503
vt 0.565729 0.975631
vt 0.563959 0.973701
vt 0.563002 0.971119
vt 0.563959 0.965610
vt 0.565729 0.963523
vt 0.568041 0.962333
vt 0.200699 0.356662
vt 0.508248 0.171184
vt 0.000000 0.238417
vt 0.470208 -0.000000
vt 0.492298 0.000140
vt 0.054028 0.264364
vt 0.065551 0.248752
vt 0.066050 0.253913
vt 0.064036 0.258693
vt 0.059814 0.262363
vt 0.041390 0.262444
vt 0.033525 0.254058
vt 0.033025 0.248896
vt 0.035040 0.244117
vt 0.045048 0.238445
vt 0.051517 0.238417
vt 0.057686 0.240365
vt 0.000000 0.351775
vt 0.000499 0.346613
vt 0.003437 0.341856
vt 0.008365 0.338226
vt 0.026789 0.338308
vt 0.033025 0.346758
vt 0.032526 0.351919
vt 0.029588 0.356676
vt 0.018492 0.362254
vt 0.012022 0.362226
vt 0.006236 0.360224
vt 0.571828 0.455922
vt 0.723915 0.171562
vt 0.488804 0.470525
vt 0.714400 0.561157
vt 0.498541 0.313980
vt 0.500143 0.317951
vt 0.500143 0.322266
vt 0.498541 0.326268
vt 0.495581 0.329349
vt 0.491713 0.331038
vt 0.487527 0.331079
vt 0.480698 0.326444
vt 0.479096 0.322473
vt 0.479096 0.318158
vt 0.483659 0.311075
vt 0.487527 0.309386
vt 0.491713 0.309345
vt 0.726708 0.560867
vt 0.536193 0.309310
vt 0.537795 0.305339
vt 0.540756 0.302317
vt 0.544624 0.300704
vt 0.548810 0.300745
vt 0.552678 0.302434
vt 0.555638 0.305514
vt 0.557241 0.313832
vt 0.555638 0.317802
vt 0.552678 0.320825
vt 0.544624 0.322397
vt 0.540756 0.320707
vt 0.537795 0.317627
vt 0.119281 0.754528
vt 0.967842 0.000219
vt 0.112716 0.753777
vt 0.676238 0.899318
vt 0.757499 0.657853
vt 0.754863 0.657773
vt 0.752428 0.656604
vt 0.750564 0.654523
vt 0.749555 0.651848
vt 0.749555 0.648986
vt 0.750564 0.646372
vt 0.754863 0.643383
vt 0.757499 0.643463
vt 0.759934 0.644633
vt 0.762807 0.649388
vt 0.762807 0.652251
vt 0.761798 0.654864
vt 0.770751 0.657773
vt 0.768115 0.657853
vt 0.765680 0.656832
vt 0.763816 0.654864
vt 0.762807 0.652251
vt 0.762807 0.649388
vt 0.763816 0.646713
vt 0.768115 0.643463
vt 0.770751 0.643383
vt 0.773187 0.644405
vt 0.776060 0.648986
vt 0.776060 0.651848
vt 0.775051 0.654523
vt 0.795475 0.000000
vt 0.228576 0.901969
vt 0.783865 0.083072
vt 0.392365 0.901823
vt 0.400547 0.902000
vt 0.737783 0.975058
vt 0.736022 0.977088
vt 0.733721 0.978185
vt 0.731231 0.978181
vt 0.728931 0.977078
vt 0.727170 0.975044
vt 0.726217 0.972388
vt 0.727170 0.966861
vt 0.728931 0.964831
vt 0.731231 0.963735
vt 0.736022 0.964841
vt 0.737783 0.966875
vt 0.738736 0.969531
vt 0.592249 0.976671
vt 0.590488 0.974641
vt 0.589536 0.971987
vt 0.589536 0.969114
vt 0.590488 0.966458
vt 0.592249 0.964423
vt 0.594550 0.963321
vt 0.599340 0.964414
vt 0.601101 0.966443
vt 0.602054 0.969097
vt 0.601101 0.974627
vt 0.599340 0.976661
vt 0.597040 0.977764
vt 0.888507 0.163334
vt 0.641037 0.670052
vt 0.236611 0.238738
vt 0.881561 0.331611
vt 0.155561 0.679237
vt 0.167297 0.676458
vt 0.165919 0.678221
vt 0.163682 0.679528
vt 0.153764 0.677786
vt 0.153271 0.673995
vt 0.154649 0.672232
vt 0.156886 0.670925
vt 0.162491 0.670375
vt 0.165007 0.671215
vt 0.166804 0.672666
vt 0.119745 0.238735
vt 0.633684 0.738795
vt 0.632305 0.737032
vt 0.631994 0.735082
vt 0.632798 0.733241
vt 0.644953 0.732807
vt 0.646331 0.734570
vt 0.646642 0.736520
vt 0.644041 0.739812
vt 0.641525 0.740652
vt 0.638673 0.740754
vt 0.998153 0.068458
vt 0.436138 0.848726
vt 0.005627 0.768833
vt 0.008147 0.901213
vt 0.178608 0.847873
vt 0.036514 0.758880
vt 0.038279 0.760466
vt 0.039042 0.762447
vt 0.038685 0.764523
vt 0.037263 0.766377
vt 0.032219 0.768367
vt 0.029366 0.768201
vt 0.026866 0.767252
vt 0.024338 0.763685
vt 0.024695 0.761609
vt 0.026117 0.759755
vt 0.005027 0.701655
vt 0.007881 0.701489
vt 0.010654 0.702129
vt 0.012924 0.703479
vt 0.014346 0.705333
vt 0.014703 0.707409
vt 0.013941 0.709390
vt 0.000357 0.708247
vt -0.000000 0.706171
vt 0.000762 0.704189
vt 0.474197 0.469772
vt 0.557510 0.659744
vt 0.465856 0.558749
vt 0.444914 0.482611
vt 0.726709 0.660515
vt 0.738871 0.659348
vt 0.453224 0.467055
vt 0.457214 0.468360
vt 0.460268 0.470749
vt 0.461921 0.473859
vt 0.461921 0.477217
vt 0.460268 0.480311
vt 0.457214 0.482671
vt 0.441860 0.480222
vt 0.440208 0.473754
vt 0.441860 0.470660
vt 0.444914 0.468300
vt 0.616985 0.557201
vt 0.478872 0.541562
vt 0.482862 0.542827
vt 0.485916 0.545187
vt 0.487569 0.548281
vt 0.487569 0.551639
vt 0.482862 0.557139
vt 0.478872 0.558443
vt 0.474553 0.558464
vt 0.467509 0.554839
vt 0.465856 0.551745
vt 0.465856 0.548387
vt 0.762869 0.742000
vt 0.968099 0.160009
vt 0.804902 0.331611
vt 0.959921 0.799488
vt 0.885546 0.971170
vt 0.883036 0.971241
vt 0.880718 0.970210
vt 0.878944 0.968234
vt 0.877984 0.965614
vt 0.877984 0.962749
vt 0.878944 0.960075
vt 0.883037 0.956837
vt 0.885546 0.956766
vt 0.887864 0.957796
vt 0.890599 0.962392
vt 0.890599 0.965257
vt 0.889638 0.967931
vt 0.502455 0.970668
vt 0.499946 0.970596
vt 0.497628 0.969434
vt 0.495854 0.967358
vt 0.494893 0.964684
vt 0.494893 0.961819
vt 0.495854 0.959199
vt 0.499946 0.956192
vt 0.502455 0.956264
vt 0.504773 0.957426
vt 0.507508 0.962176
vt 0.507508 0.965041
vt 0.506548 0.967661
vt 0.795475 -0.000000
vt 0.119281 0.902578
vt 0.807508 0.083072
vt 0.779575 0.149843
vt 0.781430 0.151893
vt 0.782434 0.154558
vt 0.782434 0.157433
vt 0.781430 0.160079
vt 0.779575 0.162095
vt 0.777151 0.163172
vt 0.772102 0.162025
vt 0.770247 0.159975
vt 0.769243 0.157310
vt 0.770247 0.151789
vt 0.772102 0.149773
vt 0.774526 0.148696
vt 0.208882 0.901997
vt 0.770264 0.068820
vt 0.772119 0.066770
vt 0.774543 0.065648
vt 0.777167 0.065623
vt 0.779592 0.066701
vt 0.781447 0.068716
vt 0.782451 0.071363
vt 0.781447 0.076903
vt 0.779592 0.078953
vt 0.777167 0.080075
vt 0.772119 0.079022
vt 0.770264 0.077007
vt 0.769260 0.074360
vt 0.865981 0.326332
vt 0.965856 0.560677
vt 0.310088 0.769465
vt 0.871934 0.526137
vt 0.861555 0.525698
vt 0.744558 0.098972
vt 0.420009 0.779981
vt 0.425206 0.775366
vt 0.424219 0.777359
vt 0.422394 0.778980
vt 0.415044 0.779634
vt 0.413219 0.778338
vt 0.412232 0.774458
vt 0.413219 0.772464
vt 0.415044 0.770844
vt 0.420009 0.769613
vt 0.422394 0.770190
vt 0.424219 0.771486
vt 0.309282 0.831957
vt 0.308294 0.829964
vt 0.308294 0.827902
vt 0.309282 0.826084
vt 0.311107 0.824788
vt 0.320282 0.827062
vt 0.321269 0.829056
vt 0.321269 0.831118
vt 0.318457 0.834232
vt 0.316072 0.834809
vt 0.313491 0.834579
vt 0.461522 0.114938
vt 0.038023 0.602109
vt 0.767483 0.171184
vt 0.779728 0.171308
vt 0.977240 0.530772
vt 0.975636 0.532753
vt 0.973541 0.533787
vt 0.971274 0.533716
vt 0.969179 0.532550
vt 0.967576 0.530468
vt 0.966708 0.527787
vt 0.967576 0.522286
vt 0.969179 0.520305
vt 0.971274 0.519271
vt 0.975636 0.520508
vt 0.977240 0.522590
vt 0.978107 0.525272
vt 0.088398 0.681725
vt 0.969278 0.330308
vt 0.967675 0.328327
vt 0.966807 0.325700
vt 0.966807 0.322827
vt 0.967675 0.320145
vt 0.969278 0.318063
vt 0.971373 0.316897
vt 0.975735 0.317860
vt 0.977339 0.319841
vt 0.978206 0.322468
vt 0.977339 0.328023
vt 0.975735 0.330106
vt 0.973641 0.331271
vt 0.356171 0.570159
vt 0.590365 0.171208
vt 0.356171 0.569552
vt 0.571828 0.455847
vt 0.587214 0.456721
vt 0.805637 0.420516
vt 0.808038 0.417568
vt 0.811175 0.415955
vt 0.814571 0.415922
vt 0.817709 0.417475
vt 0.820110 0.420376
vt 0.821409 0.424185
vt 0.820110 0.432155
vt 0.817709 0.435103
vt 0.814571 0.436716
vt 0.808038 0.435197
vt 0.805637 0.432295
vt 0.804337 0.428486
vt 0.811248 0.639720
vt 0.813649 0.642668
vt 0.814949 0.646502
vt 0.814949 0.650638
vt 0.813649 0.654447
vt 0.811248 0.657348
vt 0.808111 0.658901
vt 0.801578 0.657255
vt 0.799176 0.654307
vt 0.797877 0.650473
vt 0.799176 0.642528
vt 0.801578 0.639626
vt 0.804715 0.638074
vt 0.929371 0.449476
vt 0.452079 0.660557
vt 0.565868 0.658630
vt 0.919714 0.243746
vt 0.444650 0.124155
vt 0.450239 0.123565
vt 0.454017 0.118804
vt 0.453764 0.120637
vt 0.452437 0.122309
vt 0.442109 0.123400
vt 0.439411 0.120347
vt 0.439664 0.118513
vt 0.440991 0.116841
vt 0.445923 0.114938
vt 0.448778 0.114995
vt 0.451319 0.115751
vt 0.391694 0.585515
vt 0.440461 0.730252
vt 0.440208 0.728418
vt 0.441066 0.726702
vt 0.442906 0.725365
vt 0.454560 0.728127
vt 0.454813 0.729961
vt 0.453955 0.731677
vt 0.449575 0.733770
vt 0.446720 0.733827
vt 0.443985 0.733179
vt 0.651998 0.660756
vt 0.327925 0.818094
vt 0.709625 0.106491
vt 0.720035 0.106994
vt 0.718144 0.099109
vt 0.720466 0.100257
vt 0.721963 0.101880
vt 0.722407 0.103730
vt 0.721730 0.105526
vt 0.708129 0.104868
vt 0.708362 0.101223
vt 0.710056 0.099754
vt 0.712510 0.098837
vt 0.685595 0.819300
vt 0.660928 0.726414
vt 0.661605 0.728210
vt 0.659664 0.731683
vt 0.657342 0.732831
vt 0.654548 0.733330
vt 0.649254 0.732186
vt 0.647559 0.730718
vt 0.646883 0.728922
vt 0.426102 0.685325
vt 0.438347 0.685234
vt 0.384869 0.835543
vt 0.760018 0.171184
vt 0.964270 0.151203
vt 0.387454 0.970088
vt 0.385678 0.972101
vt 0.383357 0.973179
vt 0.380845 0.973157
vt 0.378525 0.972039
vt 0.376748 0.969995
vt 0.375787 0.967337
vt 0.376748 0.961826
vt 0.378524 0.959813
vt 0.380845 0.958735
vt 0.385678 0.959874
vt 0.387454 0.961918
vt 0.388416 0.964577
vt 0.791394 0.970473
vt 0.789618 0.968460
vt 0.788657 0.965817
vt 0.788657 0.962949
vt 0.789618 0.960290
vt 0.791394 0.958246
vt 0.793715 0.957128
vt 0.798548 0.958184
vt 0.800324 0.960198
vt 0.801286 0.962840
vt 0.800324 0.968367
vt 0.798548 0.970411
vt 0.796227 0.971529
vt 0.342191 0.877896
vt 0.757019 0.083109
vt 0.769243 0.083072
vt 0.620309 0.754268
vt 0.128869 0.885268
vt 0.761790 0.000000
vt 0.669791 0.765822
vt 0.664935 0.764757
vt 0.663130 0.763198
vt 0.662135 0.761239
vt 0.662101 0.759177
vt 0.663032 0.757328
vt 0.667101 0.755316
vt 0.669618 0.755460
vt 0.671957 0.756381
vt 0.674757 0.759900
vt 0.674791 0.761961
vt 0.673859 0.763810
vt 0.625487 0.821975
vt 0.622970 0.822119
vt 0.620657 0.821463
vt 0.618901 0.820107
vt 0.617970 0.818258
vt 0.618004 0.816197
vt 0.618999 0.814237
vt 0.625660 0.811613
vt 0.627973 0.812269
vt 0.630660 0.815474
vt 0.630626 0.817535
vt 0.629631 0.819495
vt 0.639994 -0.000000
vt 0.606395 0.455950
vt 0.628492 0.331876
vt 0.609596 0.172360
vt 0.824785 0.435501
vt 0.822595 0.432556
vt 0.821409 0.428689
vt 0.821409 0.424489
vt 0.822595 0.420594
vt 0.824785 0.417599
vt 0.827647 0.415958
vt 0.833606 0.417496
vt 0.835797 0.420441
vt 0.836982 0.424308
vt 0.835797 0.432403
vt 0.833606 0.435398
vt 0.830744 0.437039
vt 0.625058 0.171184
vt 0.836622 0.550421
vt 0.834432 0.553366
vt 0.831570 0.554940
vt 0.828472 0.554904
vt 0.825610 0.553263
vt 0.823420 0.550267
vt 0.822235 0.546373
vt 0.823420 0.538306
vt 0.825611 0.535361
vt 0.828472 0.533787
vt 0.834432 0.535464
vt 0.836622 0.538459
vt 0.837808 0.542354
vt 0.606224 0.116672
vt 0.787605 0.827840
vt 0.768957 0.910249
vt 0.542054 0.719651
vt 0.165689 0.826782
vt 0.110617 0.513967
vt 0.600694 0.117354
vt 0.598038 0.116415
vt 0.596005 0.114771
vt 0.594905 0.112671
vt 0.594905 0.110436
vt 0.598038 0.106888
vt 0.600694 0.106116
vt 0.603569 0.106206
vt 0.608257 0.108789
vt 0.609357 0.110888
vt 0.609357 0.113124
vt 0.118768 0.514652
vt 0.543605 0.782799
vt 0.540949 0.782027
vt 0.538916 0.780510
vt 0.537816 0.778479
vt 0.537816 0.776244
vt 0.538916 0.774144
vt 0.540949 0.772499
vt 0.551168 0.773760
vt 0.552269 0.778026
vt 0.551169 0.780126
vt 0.549136 0.781770
vt 0.914871 0.560944
vt 0.970241 0.449476
vt 0.769260 0.000000
vt 0.055722 0.840859
vt 0.964270 0.068509
vt 0.778899 0.093960
vt 0.783496 0.087186
vt 0.783865 0.089351
vt 0.783121 0.091399
vt 0.781377 0.093017
vt 0.773303 0.093367
vt 0.769611 0.089969
vt 0.769242 0.087804
vt 0.769987 0.085756
vt 0.774209 0.083195
vt 0.777044 0.083072
vt 0.779805 0.083788
vt 0.769260 0.060892
vt 0.769628 0.058727
vt 0.771054 0.056773
vt 0.773320 0.055329
vt 0.781394 0.055679
vt 0.783882 0.059345
vt 0.783513 0.061510
vt 0.782087 0.063464
vt 0.777061 0.065623
vt 0.774226 0.065500
vt 0.771748 0.064558
vt 0.745687 0.331777
vt 0.757897 0.331757
vt 0.041895 0.920839
vt 0.752177 0.083239
vt 0.916128 0.237633
vt 0.916128 0.235130
vt 0.916958 0.232806
vt 0.918493 0.231017
vt 0.920497 0.230033
vt 0.922667 0.230005
vt 0.924672 0.230938
vt 0.927036 0.234990
vt 0.927036 0.237494
vt 0.926206 0.239817
vt 0.922667 0.242591
vt 0.920497 0.242618
vt 0.918493 0.241686
vt 0.013547 0.920594
vt 0.927868 0.441947
vt 0.927868 0.444450
vt 0.927038 0.446752
vt 0.925503 0.448503
vt 0.923499 0.449435
vt 0.921329 0.449408
vt 0.919324 0.448424
vt 0.916960 0.444311
vt 0.916960 0.441807
vt 0.917790 0.439505
vt 0.921329 0.436822
vt 0.923499 0.436850
vt 0.925503 0.437833
vt 0.834410 0.646909
vt 0.086393 0.599227
vt 0.823559 0.736935
vt 0.883785 0.243470
vt 0.892881 0.243366
vt 0.854551 0.714052
vt 0.856308 0.716016
vt 0.857259 0.718629
vt 0.857259 0.721492
vt 0.856308 0.724172
vt 0.854551 0.726258
vt 0.852255 0.727435
vt 0.847475 0.726506
vt 0.845718 0.724542
vt 0.844767 0.721929
vt 0.845718 0.716386
vt 0.847475 0.714300
vt 0.849770 0.713124
vt 0.931256 0.966186
vt 0.933013 0.964222
vt 0.935309 0.963206
vt 0.937794 0.963293
vt 0.940089 0.964469
vt 0.941846 0.966556
vt 0.942797 0.969235
vt 0.941846 0.974712
vt 0.940089 0.976675
vt 0.937794 0.977691
vt 0.933013 0.976428
vt 0.931256 0.974341
vt 0.930305 0.971662
vt 0.145394 0.263140
vt 0.088405 0.357202
vt 0.301902 0.389271
vt 0.092949 0.238417
vt 0.200699 0.356071
vt 0.270720 0.388166
vt 0.132766 0.265281
vt 0.126800 0.263289
vt 0.122304 0.259555
vt 0.119964 0.254649
vt 0.120135 0.249316
vt 0.127530 0.240562
vt 0.133628 0.238473
vt 0.140157 0.238420
vt 0.150620 0.244146
vt 0.152960 0.249053
vt 0.152789 0.254386
vt 0.289183 0.389870
vt 0.079715 0.356472
vt 0.073617 0.354383
vt 0.068879 0.350575
vt 0.066222 0.345629
vt 0.066050 0.340296
vt 0.068391 0.335390
vt 0.072886 0.331656
vt 0.096218 0.335613
vt 0.099047 0.345892
vt 0.096706 0.350798
vt 0.092211 0.354532
vt 0.734538 0.331932
vt 0.390698 0.485957
vt 0.721354 -0.000000
vt 0.562600 0.331611
vt 0.453326 0.329339
vt 0.449390 0.331000
vt 0.445129 0.331014
vt 0.441193 0.329378
vt 0.438180 0.326342
vt 0.436550 0.322368
vt 0.436550 0.318060
vt 0.441193 0.311020
vt 0.445129 0.309359
vt 0.449390 0.309345
vt 0.456339 0.314017
vt 0.457970 0.317991
vt 0.457970 0.322298
vt 0.389638 0.142881
vt 0.385701 0.141220
vt 0.382688 0.138164
vt 0.381058 0.134179
vt 0.381058 0.129872
vt 0.382688 0.125898
vt 0.385701 0.122862
vt 0.393898 0.121240
vt 0.397835 0.122901
vt 0.400847 0.125957
vt 0.402478 0.134249
vt 0.400847 0.138223
vt 0.397835 0.141259
vt 0.922445 0.332827
vt 0.895323 0.560900
vt 0.916128 0.161408
vt 0.926192 0.160165
vt 0.966279 0.438904
vt 0.965310 0.441595
vt 0.963521 0.443697
vt 0.961183 0.444890
vt 0.958652 0.444992
vt 0.956313 0.443987
vt 0.954524 0.442029
vt 0.953555 0.436545
vt 0.954524 0.433854
vt 0.956313 0.431752
vt 0.961183 0.430457
vt 0.963521 0.431462
vt 0.965310 0.433419
vt 0.086067 0.831614
vt 0.954524 0.427060
vt 0.953555 0.424369
vt 0.953555 0.421498
vt 0.954524 0.418885
vt 0.956314 0.416927
vt 0.958652 0.415922
vt 0.961183 0.416024
vt 0.965311 0.419319
vt 0.966279 0.422010
vt 0.966279 0.424881
vt 0.963521 0.429452
vt 0.961183 0.430457
vt 0.958652 0.430355
vt 0.795422 0.449476
vt 0.823559 0.902364
vt 0.781163 0.331611
vt 0.862543 0.625656
vt 0.864316 0.627617
vt 0.865276 0.630230
vt 0.865276 0.633097
vt 0.864316 0.635782
vt 0.862543 0.637875
vt 0.860226 0.639060
vt 0.855402 0.638144
vt 0.853628 0.636183
vt 0.852669 0.633570
vt 0.853628 0.628018
vt 0.855402 0.625924
vt 0.857718 0.624740
vt 0.173842 0.902748
vt 0.955061 0.536758
vt 0.956834 0.534797
vt 0.959151 0.533787
vt 0.961659 0.533881
vt 0.963975 0.535065
vt 0.965749 0.537159
vt 0.966708 0.539844
vt 0.965749 0.545324
vt 0.963975 0.547285
vt 0.961659 0.548295
vt 0.956834 0.547017
vt 0.955061 0.544923
vt 0.954101 0.542238
vt 0.078029 0.759109
vt 0.069882 0.758767
vt 0.239311 0.292368
vt 0.887848 0.646909
vt 0.311041 0.769465
vt 0.117070 0.292364
vt 0.877984 0.723193
vt 0.079860 0.760689
vt 0.080704 0.762689
vt 0.080433 0.764803
vt 0.079087 0.766711
vt 0.076872 0.768121
vt 0.071265 0.768699
vt 0.068725 0.767779
vt 0.066894 0.766198
vt 0.066322 0.762084
vt 0.067667 0.760177
vt 0.310970 0.703833
vt 0.313509 0.702912
vt 0.316370 0.702792
vt 0.319117 0.703490
vt 0.321331 0.704900
vt 0.322677 0.706808
vt 0.322948 0.708922
vt 0.309911 0.711434
vt 0.308566 0.709527
vt 0.308294 0.707412
vt 0.537816 0.850191
vt 0.056340 0.763765
vt 0.995962 0.449631
vt 0.248380 0.850269
vt 0.772323 0.725003
vt 0.059871 0.769369
vt 0.058919 0.771370
vt 0.057005 0.772920
vt 0.054419 0.773782
vt 0.051555 0.773825
vt 0.048850 0.773042
vt 0.046714 0.771554
vt 0.045318 0.767438
vt 0.046270 0.765437
vt 0.048184 0.763888
vt 0.058475 0.765253
vt 0.990961 0.243366
vt 0.764291 0.667378
vt 0.763339 0.665378
vt 0.763495 0.663230
vt 0.764735 0.661261
vt 0.766871 0.659773
vt 0.769576 0.658991
vt 0.772440 0.659034
vt 0.776941 0.661445
vt 0.777892 0.663446
vt 0.777736 0.665594
vt 0.661494 0.455847
vt 0.531745 0.455847
vt 0.737746 0.560677
vt 0.440207 0.555989
vt 0.538956 0.472511
vt 0.553705 0.463275
vt 0.553049 0.466590
vt 0.550820 0.469557
vt 0.547359 0.471724
vt 0.535292 0.471012
vt 0.531745 0.465334
vt 0.532401 0.462019
vt 0.534630 0.459052
vt 0.542257 0.455847
vt 0.546494 0.456097
vt 0.550158 0.457597
vt 0.726209 0.659430
vt 0.510441 0.540039
vt 0.509784 0.536725
vt 0.510799 0.533567
vt 0.513331 0.531046
vt 0.525399 0.530334
vt 0.531088 0.535468
vt 0.531745 0.538783
vt 0.530730 0.541941
vt 0.524534 0.545961
vt 0.520296 0.546211
vt 0.516130 0.545173
vt 0.726209 0.749645
vt 0.667691 0.897659
vt 0.809444 0.560677
vt 0.833901 0.897299
vt 0.937443 0.147112
vt 0.938432 0.149801
vt 0.938432 0.152673
vt 0.937443 0.155289
vt 0.935616 0.157253
vt 0.933229 0.158265
vt 0.930646 0.158170
vt 0.926432 0.154887
vt 0.925443 0.152198
vt 0.925443 0.149326
vt 0.928259 0.144746
vt 0.930646 0.143734
vt 0.933229 0.143828
vt 0.842083 0.897702
vt 0.257671 0.502251
vt 0.258660 0.499562
vt 0.260487 0.497465
vt 0.262874 0.496278
vt 0.265457 0.496184
vt 0.267844 0.497196
vt 0.269671 0.499159
vt 0.270660 0.504648
vt 0.269671 0.507337
vt 0.267844 0.509434
vt 0.262874 0.510715
vt 0.260487 0.509703
vt 0.258660 0.507739
vt 0.797877 0.560677
vt 0.063370 0.774271
vt 0.788657 0.658991
vt 0.355182 0.901481
vt 0.363366 0.901631
vt 0.965843 0.328125
vt 0.964062 0.330164
vt 0.961734 0.331273
vt 0.959215 0.331284
vt 0.956888 0.330193
vt 0.955106 0.328169
vt 0.954142 0.325518
vt 0.955106 0.319985
vt 0.956888 0.317946
vt 0.959215 0.316836
vt 0.964062 0.317916
vt 0.965843 0.319941
vt 0.966807 0.322592
vt 0.791402 0.955987
vt 0.789621 0.953948
vt 0.788657 0.951289
vt 0.788657 0.948415
vt 0.789621 0.945764
vt 0.791402 0.943739
vt 0.793730 0.942649
vt 0.798576 0.943769
vt 0.800358 0.945808
vt 0.801322 0.948467
vt 0.800358 0.953992
vt 0.798576 0.956016
vt 0.796249 0.957107
vt 0.238441 0.901975
vt 0.856273 0.449476
vt 0.193493 0.694836
vt 0.233566 0.765691
vt 0.034873 0.768367
vt 0.045263 0.768522
vt 0.203995 0.775180
vt 0.202048 0.774153
vt 0.200890 0.772511
vt 0.200699 0.770506
vt 0.201503 0.768442
vt 0.203180 0.766633
vt 0.208038 0.764802
vt 0.210479 0.765059
vt 0.212426 0.766086
vt 0.213775 0.769733
vt 0.212971 0.771797
vt 0.211294 0.773606
vt 0.232833 0.831028
vt 0.230392 0.831284
vt 0.227829 0.830732
vt 0.225534 0.829454
vt 0.223857 0.827645
vt 0.223053 0.825580
vt 0.223245 0.823575
vt 0.226350 0.820906
vt 0.235325 0.824289
vt 0.236129 0.826354
vt 0.235938 0.828359
vt 0.832568 0.819636
vt 0.862010 0.736838
vt 0.892881 0.243366
vt 0.857325 0.646909
vt 0.975734 0.534771
vt 0.977355 0.536713
vt 0.978232 0.539316
vt 0.978232 0.542185
vt 0.977355 0.544883
vt 0.975734 0.546999
vt 0.973616 0.548210
vt 0.969206 0.547350
vt 0.967585 0.545408
vt 0.966708 0.542805
vt 0.967585 0.537238
vt 0.969206 0.535122
vt 0.971324 0.533910
vt 0.867663 0.647354
vt 0.967156 0.433325
vt 0.968777 0.431383
vt 0.970895 0.430399
vt 0.973187 0.430522
vt 0.975305 0.431734
vt 0.976925 0.433850
vt 0.977803 0.436548
vt 0.976925 0.442020
vt 0.975305 0.443962
vt 0.973187 0.444946
vt 0.968777 0.443611
vt 0.967156 0.441495
vt 0.966279 0.438797
vt 0.238642 0.485688
vt 0.681843 0.171684
vt 0.586808 0.000000
vt 0.667957 -0.000000
vt 0.223053 0.485217
vt 0.785809 0.535150
vt 0.788177 0.537943
vt 0.789459 0.541739
vt 0.789459 0.545962
vt 0.788177 0.549968
vt 0.785809 0.553148
vt 0.782714 0.555017
vt 0.776270 0.553928
vt 0.773902 0.551136
vt 0.772620 0.547339
vt 0.773902 0.539110
vt 0.776270 0.535930
vt 0.779365 0.534061
vt 0.771354 0.420078
vt 0.773723 0.417285
vt 0.776817 0.415922
vt 0.780167 0.416196
vt 0.783261 0.418065
vt 0.785630 0.421245
vt 0.786912 0.425251
vt 0.785630 0.433271
vt 0.783261 0.436063
vt 0.780167 0.437426
vt 0.773723 0.435283
vt 0.771354 0.432104
vt 0.770072 0.428097
vt 0.571828 0.738267
vt 0.930100 0.729258
vt 0.569923 0.100806
vt 0.387053 0.681427
vt 0.921903 0.068801
vt 0.330904 0.685589
vt 0.328938 0.684198
vt 0.327925 0.682372
vt 0.328020 0.680389
vt 0.329208 0.678550
vt 0.334002 0.676361
vt 0.336878 0.676344
vt 0.339498 0.677087
vt 0.342477 0.680304
vt 0.342382 0.682288
vt 0.341194 0.684127
vt 0.569892 0.170556
vt 0.567016 0.170540
vt 0.564323 0.169765
vt 0.562223 0.168350
vt 0.561034 0.166511
vt 0.560939 0.164528
vt 0.561952 0.162702
vt 0.575396 0.164612
vt 0.575491 0.166596
vt 0.574479 0.168422
vt 0.843334 0.817678
vt 0.609336 0.662664
vt 0.342477 0.817865
vt 0.468542 0.672292
vt 0.480230 0.669739
vt 0.478892 0.671403
vt 0.466706 0.670900
vt 0.466119 0.667296
vt 0.467457 0.665633
vt 0.469665 0.664408
vt 0.475267 0.663927
vt 0.477808 0.664744
vt 0.479643 0.666136
vt 0.604109 0.733571
vt 0.602771 0.731907
vt 0.602507 0.730057
vt 0.603358 0.728303
vt 0.616882 0.729464
vt 0.617145 0.731314
vt 0.614459 0.734459
vt 0.611919 0.735276
vt 0.609059 0.735394
vt 0.893861 0.151389
vt 0.820298 0.068438
vt 0.830681 0.068575
vt 0.886278 0.643628
vt 0.826310 0.560677
vt 0.625503 0.953865
vt 0.627813 0.955045
vt 0.629581 0.957139
vt 0.630537 0.959828
vt 0.630537 0.962704
vt 0.629581 0.965328
vt 0.627813 0.967300
vt 0.623004 0.968236
vt 0.620694 0.967056
vt 0.618926 0.964962
vt 0.617970 0.959396
vt 0.618926 0.956773
vt 0.620694 0.954800
vt 0.914465 0.956109
vt 0.916775 0.954929
vt 0.919275 0.954843
vt 0.921584 0.955864
vt 0.923352 0.957837
vt 0.924309 0.960461
vt 0.924309 0.963336
vt 0.921584 0.968120
vt 0.919275 0.969300
vt 0.916775 0.969386
vt 0.912697 0.966392
vt 0.911741 0.963768
vt 0.911741 0.960893
vt 0.563394 0.805813
vt 0.327891 0.762900
vt 0.751100 0.659057
vt 0.763339 0.658991
vt 0.352826 0.817845
vt 0.148017 0.634049
vt 0.566302 0.809038
vt 0.566410 0.811087
vt 0.565552 0.813020
vt 0.563857 0.814543
vt 0.561584 0.815424
vt 0.559078 0.815530
vt 0.556722 0.814844
vt 0.553814 0.811618
vt 0.553705 0.809570
vt 0.554564 0.807637
vt 0.558532 0.805232
vt 0.136174 0.680623
vt 0.342477 0.755172
vt 0.342586 0.753123
vt 0.343645 0.751271
vt 0.345494 0.749898
vt 0.347850 0.749212
vt 0.350356 0.749317
vt 0.352629 0.750199
vt 0.355182 0.753655
vt 0.355073 0.755703
vt 0.354014 0.757555
vt 0.347304 0.759510
vt 0.345030 0.758628
vt 0.504258 0.668225
vt 0.488804 0.669592
vt 0.632484 0.455847
vt 0.164490 0.670166
vt 0.625058 0.171320
vt 0.377389 0.442177
vt 0.379622 0.439223
vt 0.382539 0.437645
vt 0.385696 0.437683
vt 0.388613 0.439331
vt 0.390845 0.442339
vt 0.392054 0.446247
vt 0.390845 0.454342
vt 0.388613 0.457296
vt 0.379622 0.457187
vt 0.377390 0.454180
vt 0.376181 0.450271
vt 0.388613 0.460451
vt 0.390845 0.463405
vt 0.392054 0.467285
vt 0.392054 0.471500
vt 0.390845 0.475408
vt 0.388613 0.478416
vt 0.385696 0.480064
vt 0.379622 0.478524
vt 0.377390 0.475570
vt 0.376181 0.471691
vt 0.377390 0.463567
vt 0.379622 0.460560
vt 0.382539 0.458912
vt 0.253054 0.912329
vt 0.261148 0.913215
vt 0.713912 0.740766
vt 0.276306 0.913310
vt 0.152960 0.741077
vt 0.557883 0.158553
vt 0.555699 0.159651
vt 0.553336 0.159651
vt 0.551153 0.158553
vt 0.549481 0.156524
vt 0.548577 0.153873
vt 0.548577 0.151003
vt 0.551153 0.146322
vt 0.553336 0.145223
vt 0.555699 0.145223
vt 0.559554 0.148350
vt 0.560458 0.151002
vt 0.560458 0.153872
vt 0.553336 0.145223
vt 0.551152 0.144124
vt 0.549481 0.142095
vt 0.548577 0.139443
vt 0.548577 0.136573
vt 0.549481 0.133922
vt 0.551152 0.131893
vt 0.555699 0.130795
vt 0.557883 0.131893
vt 0.559554 0.133923
vt 0.560458 0.139444
vt 0.559554 0.142096
vt 0.557883 0.144125
vt 0.692970 0.118894
vt 0.044646 0.847183
vt 0.740139 0.269122
vt 0.521620 0.720550
vt 0.189138 0.847320
vt 0.308294 0.906227
vt 0.687416 0.119820
vt 0.684780 0.118990
vt 0.682786 0.117423
vt 0.681736 0.115358
vt 0.681791 0.113108
vt 0.685015 0.109403
vt 0.687693 0.108511
vt 0.690569 0.108477
vt 0.695200 0.110874
vt 0.696249 0.112939
vt 0.696194 0.115189
vt 0.316396 0.907122
vt 0.515741 0.783199
vt 0.513063 0.782307
vt 0.510991 0.780693
vt 0.509839 0.778601
vt 0.509784 0.776352
vt 0.510834 0.774287
vt 0.512828 0.772720
vt 0.523091 0.774430
vt 0.524298 0.778771
vt 0.523248 0.780836
vt 0.521253 0.782403
vt 0.404638 0.681452
vt 0.552068 0.921952
vt 0.205365 0.682294
vt 0.537816 0.922583
vt 0.910435 0.436838
vt 0.912600 0.436822
vt 0.914600 0.437769
vt 0.916131 0.439535
vt 0.916960 0.441852
vt 0.916960 0.444365
vt 0.916131 0.446694
vt 0.912600 0.449460
vt 0.910435 0.449476
vt 0.908434 0.448528
vt 0.906075 0.444446
vt 0.906075 0.441932
vt 0.906904 0.439604
vt 0.392365 0.681426
vt 0.899550 0.436822
vt 0.901715 0.436838
vt 0.903716 0.437815
vt 0.905247 0.439604
vt 0.906075 0.441932
vt 0.906075 0.444446
vt 0.905247 0.446762
vt 0.901715 0.449476
vt 0.899550 0.449459
vt 0.897550 0.448483
vt 0.895191 0.444365
vt 0.895191 0.441851
vt 0.896019 0.439535
vt 0.845622 0.245493
vt 0.835265 0.245625
vt 0.887124 0.799547
vt 0.839368 0.729200
vt 0.213907 0.757737
vt 0.868734 0.971281
vt 0.866965 0.973321
vt 0.864652 0.974440
vt 0.862149 0.974467
vt 0.859837 0.973398
vt 0.858067 0.971396
vt 0.857109 0.968766
vt 0.858067 0.963257
vt 0.859836 0.961217
vt 0.862149 0.960099
vt 0.866964 0.961140
vt 0.868734 0.963142
vt 0.869692 0.965772
vt 0.481252 0.975346
vt 0.479482 0.973306
vt 0.478524 0.970655
vt 0.478524 0.967797
vt 0.479482 0.965167
vt 0.481252 0.963165
vt 0.483564 0.962096
vt 0.488380 0.963242
vt 0.490150 0.965282
vt 0.491107 0.967933
vt 0.490149 0.973421
vt 0.488380 0.975423
vt 0.486067 0.976491
vt 0.567560 0.171620
vt 0.713814 0.449476
vt 0.560939 0.000543
vt 0.579317 0.000099
vt 0.479096 0.318006
vt 0.479096 0.322327
vt 0.477488 0.326327
vt 0.474517 0.329397
vt 0.470634 0.331069
vt 0.466432 0.331089
vt 0.462549 0.329454
vt 0.457970 0.322428
vt 0.457970 0.318107
vt 0.459578 0.314107
vt 0.466432 0.309365
vt 0.470634 0.309345
vt 0.474516 0.310980
vt 0.722246 0.331611
vt 0.467346 0.162422
vt 0.467346 0.158101
vt 0.468954 0.154116
vt 0.471926 0.151075
vt 0.475808 0.149440
vt 0.480011 0.149460
vt 0.483893 0.151132
vt 0.488473 0.158202
vt 0.488473 0.162523
vt 0.486864 0.166508
vt 0.480011 0.171184
vt 0.475808 0.171164
vt 0.471926 0.169492
vt 0.812481 0.164036
vt 0.100623 0.897453
vt 0.801325 0.737051
vt 0.813159 0.738527
vt 0.973762 0.430399
vt 0.971279 0.430329
vt 0.968985 0.429168
vt 0.967229 0.427092
vt 0.966279 0.424418
vt 0.966279 0.421552
vt 0.967229 0.418931
vt 0.971279 0.415922
vt 0.973762 0.415992
vt 0.976056 0.417153
vt 0.978762 0.421904
vt 0.978762 0.424769
vt 0.977812 0.427390
vt 0.350397 0.897282
vt 0.973440 0.646839
vt 0.970957 0.646909
vt 0.968663 0.645877
vt 0.966907 0.643900
vt 0.965957 0.641279
vt 0.965957 0.638413
vt 0.966907 0.635739
vt 0.970957 0.632502
vt 0.973440 0.632432
vt 0.975734 0.633464
vt 0.978440 0.638062
vt 0.978440 0.640927
vt 0.977489 0.643602
vt 0.152283 0.906219
vt 0.807555 0.449476
vt 0.110804 0.905807
vt 0.440208 0.733827
vt 0.894189 0.446134
vt 0.892339 0.448220
vt 0.889922 0.449394
vt 0.887306 0.449476
vt 0.884888 0.448454
vt 0.883038 0.446483
vt 0.882037 0.443865
vt 0.883038 0.438315
vt 0.884888 0.436229
vt 0.887306 0.435055
vt 0.892339 0.435995
vt 0.894189 0.437966
vt 0.895191 0.440584
vt 0.870521 0.447888
vt 0.868671 0.445801
vt 0.867670 0.443120
vt 0.867670 0.440252
vt 0.868671 0.437633
vt 0.870522 0.435663
vt 0.872939 0.434641
vt 0.877973 0.435896
vt 0.879823 0.437982
vt 0.880824 0.440664
vt 0.879823 0.446151
vt 0.877973 0.448121
vt 0.875555 0.449143
vt 0.800283 0.658991
vt 0.768875 0.315642
vt 0.310377 0.247761
vt 0.809444 0.560677
vt 0.771667 0.323123
vt 0.769795 0.324683
vt 0.767232 0.325572
vt 0.764369 0.325656
vt 0.761641 0.324922
vt 0.759464 0.323482
vt 0.758169 0.321554
vt 0.758849 0.317441
vt 0.760721 0.315882
vt 0.771052 0.317082
vt 0.772347 0.319010
vt 0.247463 0.769355
vt 0.307645 0.195528
vt 0.241212 0.712589
vt 0.239340 0.711029
vt 0.238444 0.709037
vt 0.238660 0.706916
vt 0.239955 0.704988
vt 0.242132 0.703548
vt 0.244860 0.702814
vt 0.250286 0.703788
vt 0.252158 0.705347
vt 0.253054 0.707339
vt 0.251543 0.711388
vt 0.348035 0.679400
vt 0.547752 0.849888
vt 0.914871 0.560972
vt 0.360326 0.688580
vt 0.675821 0.897347
vt 0.365518 0.679441
vt 0.368202 0.680239
vt 0.370286 0.681671
vt 0.371453 0.683521
vt 0.371526 0.685505
vt 0.370493 0.687323
vt 0.368512 0.688697
vt 0.358242 0.687148
vt 0.357002 0.683314
vt 0.358034 0.681496
vt 0.360016 0.680122
vt 0.921903 0.068438
vt 0.353987 0.739915
vt 0.355969 0.741289
vt 0.357002 0.743107
vt 0.356929 0.745091
vt 0.353677 0.748373
vt 0.350994 0.749170
vt 0.348119 0.749212
vt 0.343510 0.747116
vt 0.342477 0.745298
vt 0.342550 0.743314
vt 0.360146 0.551773
vt 0.755238 0.171361
vt 0.662101 0.560677
vt 0.332626 0.569431
vt 0.662101 0.667469
vt 0.553705 0.558891
vt 0.368238 0.553350
vt 0.370984 0.555919
vt 0.372250 0.559211
vt 0.371846 0.562723
vt 0.369832 0.565922
vt 0.362399 0.569552
vt 0.358113 0.569430
vt 0.354307 0.567974
vt 0.350295 0.562114
vt 0.350699 0.558601
vt 0.352713 0.555403
vt 0.336157 0.485709
vt 0.340444 0.485588
vt 0.344559 0.486820
vt 0.347876 0.489218
vt 0.349890 0.492417
vt 0.350295 0.495929
vt 0.349028 0.499220
vt 0.334075 0.502135
vt 0.328744 0.496538
vt 0.328339 0.493026
vt 0.329606 0.489734
vt 0.327925 0.898223
vt 0.088405 0.755010
vt 0.100623 0.754273
vt 0.966964 0.729811
vt 0.813778 0.659619
vt 0.403832 0.445478
vt 0.401175 0.445513
vt 0.398720 0.444448
vt 0.396841 0.442446
vt 0.395824 0.439810
vt 0.395824 0.436943
vt 0.396841 0.434280
vt 0.401175 0.431098
vt 0.403832 0.431063
vt 0.406287 0.432127
vt 0.409183 0.436765
vt 0.409183 0.439633
vt 0.408166 0.442295
vt 0.583158 0.299998
vt 0.580501 0.299963
vt 0.578046 0.298833
vt 0.576167 0.296780
vt 0.575150 0.294118
vt 0.575150 0.291250
vt 0.576167 0.288615
vt 0.580500 0.285548
vt 0.583158 0.285583
vt 0.585613 0.286713
vt 0.588509 0.291428
vt 0.588509 0.294295
vt 0.587492 0.296931
vt 0.536040 0.720550
vt 0.501603 0.740973
vt 0.784810 0.249778
vt 0.962064 0.952713
vt 0.963858 0.954666
vt 0.964828 0.957273
vt 0.964828 0.960138
vt 0.963858 0.962825
vt 0.962064 0.964923
vt 0.959722 0.966115
vt 0.954843 0.965217
vt 0.953049 0.963264
vt 0.952079 0.960657
vt 0.953049 0.955105
vt 0.954843 0.953007
vt 0.957186 0.951815
vt 0.008147 0.901467
vt 0.897199 0.955116
vt 0.898992 0.953163
vt 0.901335 0.952162
vt 0.903871 0.952265
vt 0.906214 0.953457
vt 0.908007 0.955556
vt 0.908978 0.958242
vt 0.908007 0.963714
vt 0.906214 0.965667
vt 0.903871 0.966668
vt 0.898992 0.965374
vt 0.897199 0.963275
vt 0.896229 0.960589
vt 0.868670 0.163334
vt 0.975178 0.799890
vt 0.863170 0.331808
vt 0.968099 0.160009
vt 0.076957 0.768819
vt 0.000000 0.774981
vt 0.000756 0.772931
vt 0.002428 0.771074
vt 0.004762 0.769694
vt 0.007402 0.769000
vt 0.009946 0.769098
vt 0.012007 0.769973
vt 0.013547 0.773424
vt 0.012791 0.775474
vt 0.011119 0.777331
vt 0.003601 0.779307
vt 0.001540 0.778432
vt 0.858236 0.163446
vt 0.078841 0.825140
vt 0.079597 0.827190
vt 0.079322 0.829121
vt 0.078058 0.830640
vt 0.075996 0.831515
vt 0.073452 0.831614
vt 0.070812 0.830920
vt 0.066806 0.827683
vt 0.066050 0.825633
vt 0.066326 0.823701
vt 0.069651 0.821307
vt 0.877984 0.722205
vt 0.867663 0.721530
vt 0.119916 0.432709
vt 0.872900 0.812135
vt 0.014786 0.685671
vt 0.812138 0.965042
vt 0.810492 0.967121
vt 0.808341 0.968285
vt 0.806013 0.968355
vt 0.803862 0.967322
vt 0.802216 0.965342
vt 0.801325 0.962717
vt 0.802216 0.957168
vt 0.803862 0.955089
vt 0.806013 0.953925
vt 0.810492 0.954888
vt 0.812138 0.956868
vt 0.813029 0.959493
vt 0.712612 0.444865
vt 0.710966 0.442785
vt 0.710075 0.440107
vt 0.710075 0.437236
vt 0.710966 0.434611
vt 0.712612 0.432632
vt 0.714763 0.431598
vt 0.719242 0.432832
vt 0.720888 0.434912
vt 0.721779 0.437590
vt 0.720888 0.443086
vt 0.719242 0.445065
vt 0.717091 0.446099
vt 0.610373 0.106116
vt 0.594905 0.105178
vt 0.675652 0.454062
vt 0.605569 0.437727
vt 0.632484 0.563038
vt 0.764100 0.548368
vt 0.761675 0.551477
vt 0.758506 0.553269
vt 0.755077 0.553472
vt 0.751908 0.552054
vt 0.749483 0.549231
vt 0.748171 0.545433
vt 0.749483 0.537286
vt 0.751908 0.534177
vt 0.755077 0.532384
vt 0.761675 0.533600
vt 0.764100 0.536423
vt 0.765412 0.540220
vt 0.749424 0.433996
vt 0.746999 0.430886
vt 0.745687 0.426934
vt 0.745687 0.422739
vt 0.746999 0.418941
vt 0.749424 0.416118
vt 0.752593 0.414700
vt 0.759191 0.416695
vt 0.761616 0.419805
vt 0.762928 0.423757
vt 0.761616 0.431750
vt 0.759191 0.434573
vt 0.756022 0.435991
vt 0.924818 0.799857
vt 0.262705 0.755448
vt 0.856996 0.929539
vt 0.936123 0.160009
vt 0.181373 0.766680
vt 0.267707 0.759930
vt 0.267347 0.761997
vt 0.265928 0.763846
vt 0.263663 0.765195
vt 0.260899 0.765839
vt 0.258056 0.765680
vt 0.255567 0.764742
vt 0.253054 0.761197
vt 0.253413 0.759131
vt 0.254833 0.757282
vt 0.265194 0.756386
vt 0.472868 0.929335
vt 0.178968 0.705214
vt 0.178608 0.703147
vt 0.179364 0.701177
vt 0.181121 0.699603
vt 0.183610 0.698665
vt 0.186453 0.698506
vt 0.189217 0.699150
vt 0.192902 0.702347
vt 0.193261 0.704414
vt 0.192505 0.706385
vt 0.234761 0.756298
vt 0.226587 0.756209
vt 0.310356 0.299702
vt 0.760940 0.815991
vt 0.748950 0.327820
vt 0.307645 0.350145
vt 0.553705 0.815531
vt 0.236682 0.757755
vt 0.237638 0.759641
vt 0.237484 0.761670
vt 0.236243 0.763532
vt 0.234104 0.764944
vt 0.228523 0.765660
vt 0.225930 0.764854
vt 0.224009 0.763398
vt 0.223207 0.759483
vt 0.224448 0.757621
vt 0.746246 0.259868
vt 0.748838 0.259063
vt 0.751709 0.259031
vt 0.754420 0.259778
vt 0.756558 0.261191
vt 0.757799 0.263053
vt 0.757953 0.265081
vt 0.744764 0.267101
vt 0.743523 0.265239
vt 0.743369 0.263211
vt 0.824729 0.246175
vt 0.814354 0.246165
vt 0.355182 0.901131
vt 0.819195 0.414462
vt 0.900426 0.532538
vt 0.858232 0.237799
vt 0.857272 0.240393
vt 0.855499 0.242325
vt 0.853181 0.243302
vt 0.850673 0.243174
vt 0.848355 0.241961
vt 0.846582 0.239848
vt 0.845622 0.234296
vt 0.846582 0.231702
vt 0.848355 0.229770
vt 0.853181 0.228921
vt 0.855499 0.230134
vt 0.857272 0.232247
vt 0.849083 0.408670
vt 0.848123 0.406077
vt 0.848123 0.403216
vt 0.849083 0.400524
vt 0.850857 0.398411
vt 0.853174 0.397199
vt 0.855683 0.397071
vt 0.859774 0.399979
vt 0.860734 0.402573
vt 0.860734 0.405433
vt 0.858000 0.410238
vt 0.855683 0.411451
vt 0.853174 0.411579
vt 0.238372 0.891007
vt 0.757036 0.083014
vt 0.744809 0.083017
vt 0.495899 0.799061
vt 0.684422 0.958853
vt 0.625496 0.754210
vt 0.497010 0.809363
vt 0.494508 0.809480
vt 0.492112 0.808804
vt 0.490187 0.807437
vt 0.489025 0.805589
vt 0.488804 0.803540
vt 0.489557 0.801602
vt 0.493397 0.799178
vt 0.501382 0.802952
vt 0.501603 0.805001
vt 0.500850 0.806939
vt 0.644793 0.808585
vt 0.636587 0.751056
vt 0.634360 0.750163
vt 0.632747 0.748632
vt 0.631994 0.746694
vt 0.632215 0.744645
vt 0.633377 0.742796
vt 0.637698 0.740754
vt 0.640200 0.740871
vt 0.642427 0.741763
vt 0.644793 0.745233
vt 0.644572 0.747282
vt 0.643411 0.749130
vt 0.632484 0.456044
vt 0.104003 0.670248
vt 0.088405 0.670821
vt 0.653971 0.171184
vt 0.111619 0.670821
vt 0.624884 0.433922
vt 0.627043 0.437141
vt 0.628211 0.441206
vt 0.628211 0.445500
vt 0.627043 0.449368
vt 0.624884 0.452221
vt 0.622063 0.453626
vt 0.616188 0.451486
vt 0.614029 0.448268
vt 0.612861 0.444203
vt 0.614029 0.436041
vt 0.616188 0.433187
vt 0.619009 0.431783
vt 0.808053 0.539145
vt 0.810212 0.535927
vt 0.813033 0.534045
vt 0.816086 0.533787
vt 0.818907 0.535192
vt 0.821066 0.538045
vt 0.822235 0.541913
vt 0.821066 0.550272
vt 0.818907 0.553491
vt 0.816086 0.555372
vt 0.810212 0.554226
vt 0.808053 0.551372
vt 0.806884 0.547504
vt 0.656694 0.171184
vt 0.662101 0.823168
vt 0.045318 0.910505
vt 0.579110 0.159854
vt 0.823141 0.819924
vt 0.586488 0.169746
vt 0.583765 0.170556
vt 0.580895 0.170491
vt 0.578315 0.169559
vt 0.576417 0.167903
vt 0.575491 0.165774
vt 0.575678 0.163497
vt 0.584703 0.159109
vt 0.589180 0.161697
vt 0.590106 0.163826
vt 0.589920 0.166103
vt 0.289533 0.911856
vt 0.655428 0.118483
vt 0.654157 0.116405
vt 0.653971 0.114128
vt 0.654897 0.111999
vt 0.656794 0.110343
vt 0.662244 0.109345
vt 0.664967 0.110156
vt 0.667128 0.111720
vt 0.668586 0.116075
vt 0.667660 0.118204
vt 0.665762 0.119861
vt 0.079597 0.768983
vt 0.614640 0.319520
vt 0.034495 0.849493
vt 0.220562 0.909032
vt 0.575150 0.330905
vt 0.013547 0.849830
vt 0.623872 0.323860
vt 0.624207 0.326233
vt 0.623429 0.328482
vt 0.621658 0.330263
vt 0.619163 0.331306
vt 0.616323 0.331452
vt 0.613571 0.330678
vt 0.609930 0.326966
vt 0.609596 0.324593
vt 0.610373 0.322345
vt 0.620231 0.320148
vt 0.560539 0.278849
vt 0.560874 0.276476
vt 0.562270 0.274339
vt 0.564514 0.272764
vt 0.567266 0.271991
vt 0.570106 0.272136
vt 0.572601 0.273179
vt 0.575150 0.277209
vt 0.574815 0.279582
vt 0.573419 0.281719
vt 0.563087 0.282879
vt 0.774004 0.643187
vt 0.761817 0.643035
vt 0.303605 0.921077
vt 0.765351 0.531985
vt 0.747141 0.550302
vt 0.747951 0.552709
vt 0.747951 0.555277
vt 0.747141 0.557615
vt 0.745643 0.559367
vt 0.743685 0.560266
vt 0.741567 0.560176
vt 0.738112 0.557229
vt 0.737301 0.554822
vt 0.737301 0.552254
vt 0.739610 0.548164
vt 0.741567 0.547265
vt 0.743685 0.547355
vt 0.189138 0.921744
vt 0.807555 0.526063
vt 0.808366 0.523656
vt 0.809864 0.521776
vt 0.811821 0.520709
vt 0.813939 0.520619
vt 0.815897 0.521518
vt 0.817395 0.523270
vt 0.818205 0.528176
vt 0.817395 0.530583
vt 0.815897 0.532463
vt 0.811821 0.533620
vt 0.809864 0.532721
vt 0.808366 0.530969
vt 0.887848 0.646909
vt 0.830170 0.531793
vt 0.819747 0.531859
vt 0.896229 0.799585
vt 0.713615 0.962247
vt 0.714572 0.964845
vt 0.714572 0.967694
vt 0.713615 0.970360
vt 0.711846 0.972435
vt 0.709536 0.973606
vt 0.707035 0.973693
vt 0.702956 0.970730
vt 0.701999 0.968131
vt 0.701999 0.965283
vt 0.704724 0.960541
vt 0.707035 0.959371
vt 0.709536 0.959284
vt 0.783058 0.827653
vt 0.952515 0.407063
vt 0.953472 0.404465
vt 0.955240 0.402512
vt 0.957551 0.401502
vt 0.960052 0.401589
vt 0.962363 0.402759
vt 0.964131 0.404835
vt 0.965088 0.410349
vt 0.964131 0.412948
vt 0.962363 0.414901
vt 0.957551 0.415824
vt 0.955240 0.414653
vt 0.953472 0.412577
vt 0.152960 0.490742
vt 0.545418 0.454287
vt 0.440208 0.332363
vt 0.543758 -0.000000
vt 0.515509 0.329564
vt 0.511794 0.325477
vt 0.509784 0.319971
vt 0.509784 0.313884
vt 0.511794 0.308143
vt 0.515509 0.303623
vt 0.520362 0.301010
vt 0.530468 0.302750
vt 0.534183 0.306838
vt 0.536193 0.312344
vt 0.534183 0.324171
vt 0.530468 0.328692
vt 0.525615 0.331304
vt 0.590981 0.330905
vt 0.585728 0.330599
vt 0.580875 0.327986
vt 0.577160 0.323466
vt 0.575150 0.317725
vt 0.575150 0.311638
vt 0.577160 0.306132
vt 0.585728 0.299998
vt 0.590981 0.300304
vt 0.595834 0.302917
vt 0.601559 0.313178
vt 0.601559 0.319265
vt 0.599549 0.324771
vt 0.273784 0.194958
vt 0.344341 0.387685
vt 0.239924 0.387707
vt 0.392365 0.466245
vt 0.396007 0.457435
vt 0.402736 0.450691
vt 0.411528 0.447041
vt 0.421045 0.447040
vt 0.429837 0.450688
vt 0.436566 0.457431
vt 0.440208 0.475777
vt 0.436566 0.484588
vt 0.429837 0.491332
vt 0.411528 0.494983
vt 0.402736 0.491334
vt 0.396007 0.484592
vt 0.310485 0.194407
vt 0.376181 0.466387
vt 0.372540 0.475197
vt 0.365810 0.481939
vt 0.357019 0.485588
vt 0.347502 0.485587
vt 0.338710 0.481937
vt 0.331981 0.475193
vt 0.328339 0.456846
vt 0.331981 0.448036
vt 0.338710 0.441294
vt 0.357019 0.437646
vt 0.365810 0.441296
vt 0.372540 0.448040
vt 0.327665 0.599280
vt 0.264127 0.868381
vt 0.119138 0.755038
vt 0.264127 0.868002
vt 0.000000 0.185114
vt 0.000000 0.173472
vt 0.002267 0.162055
vt 0.006713 0.151300
vt 0.013167 0.141622
vt 0.021383 0.133392
vt 0.031043 0.126927
vt 0.041777 0.122476
vt 0.053171 0.120208
vt 0.064790 0.120212
vt 0.076185 0.122487
vt 0.086918 0.126945
vt 0.096578 0.133416
vt 0.104794 0.141651
vt 0.111248 0.151333
vt 0.117961 0.173510
vt 0.117961 0.185152
vt 0.115694 0.196570
vt 0.111248 0.207324
vt 0.104794 0.217002
vt 0.096578 0.225232
vt 0.086918 0.231697
vt 0.064790 0.238417
vt 0.053171 0.238413
vt 0.041777 0.236138
vt 0.031043 0.231679
vt 0.021383 0.225208
vt 0.013167 0.216973
vt 0.006713 0.207291
vt 0.235658 0.196537
vt 0.231212 0.207295
vt 0.224757 0.216977
vt 0.216542 0.225212
vt 0.206882 0.231683
vt 0.196148 0.236142
vt 0.184753 0.238417
vt 0.173135 0.238420
vt 0.161740 0.236153
vt 0.151007 0.231701
vt 0.141346 0.225236
vt 0.133131 0.217006
vt 0.126676 0.207328
vt 0.122230 0.196574
vt 0.119964 0.185156
vt 0.122230 0.162095
vt 0.126676 0.151337
vt 0.133131 0.141655
vt 0.141346 0.133420
vt 0.151006 0.126949
vt 0.161740 0.122490
vt 0.173135 0.120215
vt 0.196148 0.122479
vt 0.206882 0.126931
vt 0.216542 0.133396
vt 0.224757 0.141626
vt 0.231212 0.151304
vt 0.235658 0.162058
vt 0.237925 0.173476
vt 0.444774 0.309345
vt 0.088405 0.492366
vt 0.527102 0.128569
vt 0.447635 -0.000000
vt 0.119964 0.357145
vt 0.451746 0.114938
vt 0.446087 0.113230
vt 0.441755 0.109844
vt 0.439411 0.105296
vt 0.439411 0.100278
vt 0.441755 0.095554
vt 0.446087 0.091843
vt 0.463532 0.091187
vt 0.467863 0.094573
vt 0.470208 0.104139
vt 0.467863 0.108863
vt 0.463532 0.112574
vt 0.526555 0.171184
vt 0.443226 0.217502
vt 0.438894 0.213791
vt 0.436550 0.209067
vt 0.436550 0.204049
vt 0.438894 0.199501
vt 0.443226 0.196115
vt 0.455011 0.194638
vt 0.460670 0.196771
vt 0.465002 0.200482
vt 0.467346 0.210224
vt 0.465002 0.214772
vt 0.460670 0.218158
vt 0.581047 0.331611
vt 0.141501 0.356528
vt 0.066050 0.599129
vt 0.141501 0.553579
vt 0.687420 0.327954
vt 0.684759 0.325202
vt 0.683318 0.321599
vt 0.683318 0.317694
vt 0.684759 0.314080
vt 0.687420 0.311308
vt 0.690897 0.309800
vt 0.698138 0.311267
vt 0.700800 0.314019
vt 0.702240 0.317622
vt 0.700800 0.325142
vt 0.698138 0.327914
vt 0.694661 0.329422
vt 0.733588 0.449285
vt 0.729824 0.449270
vt 0.726347 0.447763
vt 0.723686 0.444991
vt 0.722246 0.441377
vt 0.722246 0.437471
vt 0.723686 0.433868
vt 0.729824 0.429635
vt 0.733588 0.429649
vt 0.737065 0.431157
vt 0.741167 0.437543
vt 0.741167 0.441448
vt 0.739727 0.445051
vt 0.000000 0.832881
vt 0.974881 0.000045
vt 0.392365 0.900377
vt 0.975245 0.399482
vt 0.841781 0.154653
vt 0.842626 0.152365
vt 0.844189 0.150614
vt 0.846230 0.149668
vt 0.848439 0.149670
vt 0.850480 0.150620
vt 0.852042 0.152373
vt 0.852888 0.157140
vt 0.852042 0.159428
vt 0.850480 0.161179
vt 0.846230 0.162123
vt 0.844189 0.161173
vt 0.842626 0.159420
vt 0.863140 0.442694
vt 0.862294 0.444983
vt 0.860732 0.446737
vt 0.858691 0.447686
vt 0.856482 0.447688
vt 0.854441 0.446742
vt 0.852879 0.444992
vt 0.852033 0.440226
vt 0.852879 0.437936
vt 0.854441 0.436183
vt 0.858691 0.435231
vt 0.860732 0.436178
vt 0.862294 0.437928
vt 0.488804 0.882549
vt 0.980116 0.624121
vt 0.631994 0.809261
vt 0.743604 0.437829
vt 0.745670 0.436853
vt 0.747906 0.436821
vt 0.749972 0.437738
vt 0.751554 0.439464
vt 0.752409 0.441737
vt 0.752409 0.444210
vt 0.749972 0.448277
vt 0.747906 0.449253
vt 0.745670 0.449285
vt 0.742023 0.446641
vt 0.741167 0.444369
vt 0.741167 0.441896
vt 0.980278 0.646909
vt 0.762796 0.439599
vt 0.763652 0.441896
vt 0.763652 0.444369
vt 0.762796 0.446641
vt 0.761215 0.448368
vt 0.759149 0.449285
vt 0.756912 0.449253
vt 0.753265 0.446506
vt 0.752409 0.444210
vt 0.752409 0.441737
vt 0.754846 0.437738
vt 0.756912 0.436821
vt 0.759149 0.436853
vt 0.167925 0.819149
vt 0.938296 0.321618
vt 0.137384 0.763850
vt 0.139759 0.763342
vt 0.142217 0.763484
vt 0.144384 0.764255
vt 0.145931 0.765537
vt 0.146621 0.767136
vt 0.146350 0.768808
vt 0.134682 0.769692
vt 0.133992 0.768093
vt 0.134263 0.766422
vt 0.940919 0.068438
vt 0.178046 0.821316
vt 0.178317 0.822987
vt 0.177627 0.824586
vt 0.176081 0.825869
vt 0.173914 0.826640
vt 0.171456 0.826782
vt 0.167151 0.825192
vt 0.165960 0.823702
vt 0.165689 0.822030
vt 0.867447 0.884440
vt 0.376523 0.813145
vt 0.248380 0.910149
vt 0.701999 0.959284
vt 0.812979 0.258091
vt 0.808706 0.254470
vt 0.809030 0.252817
vt 0.810265 0.251344
vt 0.812224 0.250277
vt 0.814607 0.249778
vt 0.817053 0.249922
vt 0.819188 0.250688
vt 0.821325 0.253543
vt 0.821001 0.255197
vt 0.819766 0.256669
vt 0.810843 0.257325
vt 0.303605 0.920874
vt 0.384233 0.819276
vt 0.382732 0.820548
vt 0.380597 0.821314
vt 0.378151 0.821459
vt 0.375768 0.820959
vt 0.373809 0.819892
vt 0.372574 0.818419
vt 0.372887 0.815183
vt 0.374388 0.813911
vt 0.383310 0.814567
vt 0.384545 0.816040
vt 0.024338 0.700856
vt 0.534189 0.546211
vt 0.772620 0.449866
vt 0.000000 0.602742
vt 0.514550 0.625924
vt 0.529423 0.619493
vt 0.529423 0.616251
vt 0.530918 0.613237
vt 0.541196 0.609575
vt 0.544805 0.610771
vt 0.549062 0.616006
vt 0.549062 0.619248
vt 0.547567 0.622262
vt 0.541196 0.625875
vt 0.537290 0.625924
vt 0.533680 0.624728
vt 0.770072 0.415532
vt 0.527928 0.559106
vt 0.525166 0.561364
vt 0.521557 0.562559
vt 0.511279 0.558898
vt 0.509784 0.555884
vt 0.511279 0.549665
vt 0.514041 0.547406
vt 0.517650 0.546211
vt 0.525166 0.547545
vt 0.527928 0.549872
vt 0.529423 0.552887
vt 0.887848 0.799160
vt 0.973308 0.630304
vt 0.223053 0.831594
vt 0.808706 0.323498
vt 0.809551 0.321202
vt 0.811113 0.319439
vt 0.813153 0.318475
vt 0.815360 0.318458
vt 0.817400 0.319390
vt 0.818962 0.321129
vt 0.819807 0.325888
vt 0.818962 0.328184
vt 0.817400 0.329947
vt 0.813152 0.330928
vt 0.811113 0.329996
vt 0.809551 0.328257
vt 0.972142 0.068438
vt 0.841781 0.157185
vt 0.840936 0.159467
vt 0.839375 0.161207
vt 0.837335 0.162139
vt 0.835127 0.162122
vt 0.833087 0.161158
vt 0.831526 0.159394
vt 0.830681 0.154622
vt 0.831526 0.152339
vt 0.833087 0.150600
vt 0.837335 0.149685
vt 0.839375 0.150649
vt 0.840936 0.152413
vt 0.875822 0.632794
vt 0.646883 0.923401
vt 0.701999 0.813996
vt 0.653904 0.986429
vt 0.628492 0.449635
vt 0.628492 0.447169
vt 0.629361 0.444861
vt 0.630967 0.443063
vt 0.633066 0.442048
vt 0.635337 0.441971
vt 0.637436 0.442844
vt 0.639912 0.446783
vt 0.639912 0.449249
vt 0.639042 0.451557
vt 0.635337 0.454370
vt 0.633066 0.454447
vt 0.630967 0.453574
vt 0.653032 0.452521
vt 0.651426 0.454210
vt 0.649328 0.455083
vt 0.647056 0.455007
vt 0.644957 0.453992
vt 0.643351 0.452194
vt 0.642482 0.449886
vt 0.643351 0.445170
vt 0.644957 0.443480
vt 0.647056 0.442607
vt 0.651426 0.443699
vt 0.653032 0.445497
vt 0.653902 0.447805
vt 0.127464 0.967692
vt 0.606417 0.920614
vt 0.461279 0.943542
vt 0.531312 0.922937
vt 0.469766 0.878058
vt 0.797596 0.869842
vt 0.471275 0.869485
vt 0.473517 0.870095
vt 0.475474 0.871311
vt 0.476847 0.872948
vt 0.477427 0.874757
vt 0.477127 0.876463
vt 0.475992 0.877805
vt 0.467809 0.876842
vt 0.465856 0.873396
vt 0.466156 0.871690
vt 0.467291 0.870348
vt 0.610846 0.920093
vt 0.612643 0.920868
vt 0.613779 0.922210
vt 0.614079 0.923915
vt 0.613498 0.925724
vt 0.612125 0.927362
vt 0.610169 0.928578
vt 0.605741 0.929099
vt 0.603943 0.928324
vt 0.602808 0.926982
vt 0.603088 0.923468
vt 0.604461 0.921831
vt 0.874814 0.068548
vt 0.146231 0.759864
vt 0.875822 0.634594
vt 0.596093 0.869538
vt 0.920088 0.402745
vt 0.921916 0.401706
vt 0.923894 0.401607
vt 0.925722 0.402461
vt 0.927121 0.404139
vt 0.927878 0.406385
vt 0.927878 0.408857
vt 0.925722 0.412999
vt 0.923894 0.414037
vt 0.921916 0.414137
vt 0.918689 0.411605
vt 0.917932 0.409359
vt 0.917932 0.406886
vt 0.585546 0.968171
vt 0.586304 0.970494
vt 0.586304 0.972966
vt 0.585546 0.975212
vt 0.584147 0.976890
vt 0.582320 0.977744
vt 0.580341 0.977645
vt 0.577114 0.974788
vt 0.576357 0.972465
vt 0.576357 0.969993
vt 0.578513 0.966069
vt 0.580341 0.965214
vt 0.582320 0.965314
vt 0.426102 0.582080
vt 0.694424 0.105680
vt 0.684176 0.436397
vt 0.694902 0.171505
vt 0.880048 0.433171
vt 0.877144 0.434617
vt 0.874000 0.434641
vt 0.871096 0.433240
vt 0.868873 0.430627
vt 0.867670 0.427201
vt 0.867670 0.423483
vt 0.871096 0.417392
vt 0.874000 0.415946
vt 0.877144 0.415922
vt 0.882271 0.419935
vt 0.883474 0.423362
vt 0.883474 0.427080
vt 0.859439 0.159218
vt 0.858236 0.155773
vt 0.858236 0.152055
vt 0.859439 0.148628
vt 0.861662 0.146016
vt 0.864566 0.144615
vt 0.867710 0.144639
vt 0.872837 0.148731
vt 0.874040 0.152176
vt 0.874040 0.155894
vt 0.870614 0.161933
vt 0.867710 0.163334
vt 0.864566 0.163310
vt 0.734029 0.747384
vt 0.173842 0.962646
vt 0.813159 0.964876
vt 0.362994 0.817883
vt 0.994383 0.879975
vt 0.361083 0.749212
vt 0.363537 0.749338
vt 0.365682 0.750081
vt 0.367192 0.751327
vt 0.367836 0.752888
vt 0.367518 0.754524
vt 0.366284 0.755988
vt 0.357337 0.756697
vt 0.355182 0.753890
vt 0.355501 0.752253
vt 0.356734 0.750789
vt 0.738871 0.893522
vt 0.737319 0.809279
vt 0.738552 0.810743
vt 0.738871 0.812380
vt 0.738226 0.813940
vt 0.736717 0.815187
vt 0.734572 0.815930
vt 0.729729 0.815546
vt 0.727769 0.814478
vt 0.726535 0.813014
vt 0.726862 0.809817
vt 0.728371 0.808571
vt 0.943679 0.954889
vt 0.915908 0.879898
vt 0.845026 0.800380
vt 0.844451 0.798679
vt 0.844838 0.796940
vt 0.856533 0.796490
vt 0.857109 0.798191
vt 0.856721 0.799929
vt 0.853429 0.802493
vt 0.851026 0.802928
vt 0.848585 0.802680
vt 0.773970 0.794952
vt 0.763727 0.793096
vt 0.763339 0.791357
vt 0.765367 0.788251
vt 0.767474 0.787356
vt 0.769915 0.787108
vt 0.774318 0.788596
vt 0.775610 0.790107
vt 0.775998 0.791846
vt 0.831862 0.249871
vt 0.974529 0.879943
vt 0.835265 0.244341
vt 0.975245 0.412659
vt 0.125452 0.969014
vt 0.127439 0.968014
vt 0.129591 0.967954
vt 0.131578 0.968844
vt 0.133100 0.970550
vt 0.133923 0.972810
vt 0.133923 0.975281
vt 0.131578 0.979376
vt 0.129591 0.980377
vt 0.127439 0.980437
vt 0.123930 0.977841
vt 0.123107 0.975581
vt 0.123107 0.973110
vt 0.362543 0.970537
vt 0.363366 0.972843
vt 0.363366 0.975314
vt 0.362543 0.977574
vt 0.361022 0.979279
vt 0.359034 0.980170
vt 0.356883 0.980110
vt 0.353374 0.977319
vt 0.352550 0.975013
vt 0.352550 0.972542
vt 0.354895 0.968577
vt 0.356883 0.967686
vt 0.359034 0.967746
vt 0.842411 0.330582
vt 0.255106 0.912059
vt 0.452224 0.988121
vt 0.844450 0.736873
vt 0.283710 0.846550
vt 0.200464 0.920875
vt 0.292540 0.907996
vt 0.291586 0.909665
vt 0.289959 0.910984
vt 0.287907 0.911753
vt 0.285743 0.911856
vt 0.283795 0.911275
vt 0.282361 0.910101
vt 0.281794 0.906748
vt 0.282748 0.905079
vt 0.288591 0.902888
vt 0.290539 0.903468
vt 0.291973 0.904643
vt 0.253054 0.850098
vt 0.253757 0.848508
vt 0.255191 0.847334
vt 0.257139 0.846753
vt 0.259303 0.846856
vt 0.261355 0.847625
vt 0.262982 0.848945
vt 0.264072 0.852376
vt 0.263369 0.853966
vt 0.261935 0.855141
vt 0.254144 0.853530
vt 0.392366 0.681427
vt 0.688815 0.558579
vt 0.372251 0.585515
vt 0.928042 0.431679
vt 0.927003 0.428165
vt 0.927003 0.424287
vt 0.928042 0.420633
vt 0.929962 0.417760
vt 0.932471 0.416106
vt 0.935186 0.415922
vt 0.939614 0.419849
vt 0.940653 0.423363
vt 0.940653 0.427241
vt 0.937694 0.433768
vt 0.935186 0.435422
vt 0.932471 0.435606
vt 0.689402 0.560677
vt 0.951142 0.552156
vt 0.948633 0.553471
vt 0.945918 0.553287
vt 0.943410 0.551633
vt 0.941490 0.548760
vt 0.940451 0.545106
vt 0.940451 0.541228
vt 0.943410 0.535102
vt 0.945918 0.533787
vt 0.948633 0.533971
vt 0.953062 0.538498
vt 0.954101 0.542152
vt 0.954101 0.546030
vt 0.713675 0.881911
vt 0.350397 0.897279
vt 0.877984 0.956631
vt 0.590106 0.170168
vt 0.442648 0.816473
vt 0.440850 0.809844
vt 0.442584 0.808558
vt 0.444858 0.807883
vt 0.447326 0.807921
vt 0.449612 0.808667
vt 0.451367 0.810007
vt 0.452326 0.811737
vt 0.451410 0.815295
vt 0.449676 0.816581
vt 0.440892 0.815133
vt 0.439934 0.813402
vt 0.464762 0.865023
vt 0.464747 0.866880
vt 0.463789 0.868610
vt 0.462033 0.869950
vt 0.459747 0.870696
vt 0.457280 0.870734
vt 0.455005 0.870059
vt 0.452340 0.867072
vt 0.452355 0.865215
vt 0.453314 0.863484
vt 0.462097 0.862035
vt 0.620439 0.881495
vt 0.938994 0.798398
vt 0.982422 0.224245
vt 0.716145 0.822401
vt 0.801325 0.883598
vt 0.718407 0.881776
vt 0.716171 0.881035
vt 0.714510 0.879660
vt 0.713675 0.877860
vt 0.713795 0.875909
vt 0.714850 0.874105
vt 0.716681 0.872722
vt 0.723713 0.872706
vt 0.725374 0.874082
vt 0.726089 0.877832
vt 0.725034 0.879636
vt 0.723203 0.881019
vt 0.517558 0.906621
vt 0.620975 0.831173
vt 0.619145 0.829790
vt 0.618089 0.827986
vt 0.617970 0.826035
vt 0.618804 0.824236
vt 0.620466 0.822860
vt 0.625171 0.822125
vt 0.627498 0.822876
vt 0.629328 0.824259
vt 0.630503 0.828014
vt 0.629669 0.829814
vt 0.628007 0.831189
vt 0.840689 0.530212
vt 0.420005 0.968292
vt 0.841186 0.068571
vt 0.321269 0.770250
vt 0.550552 0.170023
vt 0.549271 0.168513
vt 0.548577 0.166503
vt 0.548577 0.164299
vt 0.549271 0.162235
vt 0.550552 0.160628
vt 0.552227 0.159721
vt 0.555715 0.160431
vt 0.556997 0.161941
vt 0.557690 0.163951
vt 0.556997 0.168219
vt 0.555715 0.169826
vt 0.554040 0.170734
vt 0.568063 0.442690
vt 0.566250 0.442621
vt 0.564575 0.441713
vt 0.563294 0.440106
vt 0.562600 0.438043
vt 0.562600 0.435838
vt 0.563294 0.433828
vt 0.566250 0.431538
vt 0.568063 0.431607
vt 0.569738 0.432515
vt 0.571713 0.436185
vt 0.571713 0.438390
vt 0.571019 0.440400
vt 0.946362 0.324346
vt 0.897550 0.160106
vt 0.946393 0.449476
vt 0.900052 0.412592
vt 0.627970 0.970829
vt 0.628794 0.973050
vt 0.628794 0.975494
vt 0.627970 0.977789
vt 0.626448 0.979585
vt 0.624458 0.980609
vt 0.622305 0.980705
vt 0.618794 0.978198
vt 0.617970 0.975976
vt 0.617970 0.973532
vt 0.620316 0.969441
vt 0.622305 0.968417
vt 0.624459 0.968322
vt 0.366542 0.969206
vt 0.368531 0.968359
vt 0.370684 0.968455
vt 0.372674 0.969479
vt 0.374196 0.971275
vt 0.375020 0.973569
vt 0.375020 0.976014
vt 0.372674 0.979896
vt 0.370684 0.980742
vt 0.368531 0.980647
vt 0.365019 0.977827
vt 0.364195 0.975532
vt 0.364195 0.973088
vt 0.045318 0.362809
vt 0.223053 0.356071
vt -0.000000 0.503035
vt 0.510252 0.129146
vt 0.392277 0.024336
vt 0.381558 0.009614
vt 0.384344 0.005167
vt 0.388991 0.001791
vt 0.394792 -0.000000
vt 0.400863 0.000067
vt 0.406282 0.001980
vt 0.410221 0.005451
vt 0.411582 0.014789
vt 0.408796 0.019236
vt 0.404149 0.022612
vt 0.386859 0.022423
vt 0.382919 0.018953
vt 0.409221 0.305685
vt 0.407360 0.310183
vt 0.403420 0.313653
vt 0.398002 0.315567
vt 0.391930 0.315634
vt 0.386129 0.313842
vt 0.381482 0.310467
vt 0.378196 0.301179
vt 0.380058 0.296681
vt 0.383997 0.293211
vt 0.401288 0.293021
vt 0.405935 0.296397
vt 0.024338 0.501237
vt 0.732206 0.268018
vt 0.178608 0.600076
vt 0.665683 0.313990
vt 0.668368 0.311249
vt 0.671876 0.309786
vt 0.675673 0.309823
vt 0.679181 0.311355
vt 0.681866 0.314149
vt 0.683319 0.317779
vt 0.681866 0.325293
vt 0.679181 0.328034
vt 0.675673 0.329497
vt 0.668368 0.327928
vt 0.665683 0.325134
vt 0.664230 0.321505
vt 0.733646 0.000172
vt 0.701309 0.297870
vt 0.701309 0.301784
vt 0.699856 0.305414
vt 0.697171 0.308207
vt 0.693663 0.309739
vt 0.689866 0.309777
vt 0.686358 0.308313
vt 0.682221 0.301971
vt 0.682221 0.298058
vt 0.683674 0.294428
vt 0.689866 0.290102
vt 0.693663 0.290065
vt 0.697171 0.291528
vt 0.045318 0.910406
vt 0.974529 0.880132
vt 0.900426 0.449476
vt 0.660918 0.452736
vt 0.658823 0.451857
vt 0.657219 0.450164
vt 0.656351 0.447916
vt 0.656351 0.445453
vt 0.657219 0.443152
vt 0.658823 0.441362
vt 0.663186 0.440287
vt 0.665281 0.441165
vt 0.666885 0.442858
vt 0.667753 0.447569
vt 0.666885 0.449871
vt 0.665281 0.451661
vt 0.318492 0.981440
vt 0.686410 0.288888
vt 0.684315 0.287882
vt 0.682711 0.286092
vt 0.681843 0.283791
vt 0.681843 0.281328
vt 0.682711 0.279079
vt 0.684315 0.277387
vt 0.688678 0.276577
vt 0.690773 0.277583
vt 0.692377 0.279373
vt 0.693245 0.284137
vt 0.692377 0.286386
vt 0.690773 0.288078
vt 0.109942 0.356524
vt 0.426102 0.984347
vt 0.873811 0.325963
vt 0.024338 0.920397
vt 0.064278 0.978681
vt 0.063459 0.976398
vt 0.063459 0.973925
vt 0.064278 0.971640
vt 0.065793 0.969890
vt 0.067773 0.968941
vt 0.069915 0.968938
vt 0.073409 0.971628
vt 0.074229 0.973911
vt 0.074229 0.976383
vt 0.071894 0.980418
vt 0.069915 0.981367
vt 0.067773 0.981370
vt 0.920176 0.980874
vt 0.918197 0.981818
vt 0.916055 0.981815
vt 0.914075 0.980866
vt 0.912561 0.979116
vt 0.911741 0.976831
vt 0.911741 0.974358
vt 0.914075 0.970329
vt 0.916055 0.969386
vt 0.918197 0.969389
vt 0.921691 0.972088
vt 0.922511 0.974373
vt 0.922511 0.976845
vt 0.938265 0.449476
vt 0.395774 0.824059
vt 0.435719 0.189746
vt 0.439919 0.948589
vt 0.819996 0.005368
vt 0.819717 0.003692
vt 0.820397 0.002104
vt 0.821934 0.000844
vt 0.824093 0.000105
vt 0.826546 0.000000
vt 0.828919 0.000544
vt 0.832048 0.003163
vt 0.832328 0.004839
vt 0.831647 0.006427
vt 0.823125 0.007987
vt 0.020732 0.362528
vt 0.403500 0.830391
vt 0.401568 0.831502
vt 0.399195 0.832046
vt 0.396742 0.831941
vt 0.394583 0.831202
vt 0.393046 0.829942
vt 0.392365 0.828354
vt 0.393842 0.825170
vt 0.404296 0.825619
vt 0.404976 0.827207
vt 0.656021 0.851601
vt 0.995221 0.389860
vt 0.952515 0.331611
vt 0.533436 0.806251
vt 0.995221 0.389825
vt 0.657983 0.852747
vt 0.659219 0.854332
vt 0.659540 0.856116
vt 0.658898 0.857826
vt 0.657390 0.859202
vt 0.652792 0.860198
vt 0.650402 0.859665
vt 0.648440 0.858520
vt 0.646883 0.855151
vt 0.647525 0.853441
vt 0.649033 0.852065
vt 0.857109 0.960071
vt 0.532661 0.797818
vt 0.534805 0.798650
vt 0.536313 0.800027
vt 0.536956 0.801737
vt 0.536634 0.803520
vt 0.535398 0.805105
vt 0.526448 0.805788
vt 0.524940 0.804411
vt 0.524619 0.800918
vt 0.525855 0.799333
vt 0.527817 0.798187
vt 0.424387 0.494983
vt 0.454819 0.642141
vt 0.239924 0.702814
vt 0.212854 0.582726
vt 0.454819 0.642788
vt 0.208587 0.496773
vt 0.212504 0.496754
vt 0.216123 0.497902
vt 0.218893 0.500042
vt 0.220392 0.502848
vt 0.220392 0.505893
vt 0.218893 0.508714
vt 0.208587 0.512083
vt 0.204968 0.510935
vt 0.200699 0.505989
vt 0.200699 0.502943
vt 0.202198 0.500122
vt 0.308295 0.599280
vt 0.430426 0.568995
vt 0.431925 0.571816
vt 0.431925 0.574861
vt 0.430426 0.577667
vt 0.427656 0.579808
vt 0.424037 0.580955
vt 0.416501 0.579753
vt 0.413731 0.577587
vt 0.412232 0.574766
vt 0.413731 0.568914
vt 0.416501 0.566774
vt 0.420120 0.565626
vt 0.066050 0.831813
vt 0.970307 0.243366
vt 0.133992 0.903562
vt 0.970241 0.519225
vt 0.680586 0.979586
vt 0.678591 0.978587
vt 0.677065 0.976800
vt 0.676238 0.974499
vt 0.676238 0.972035
vt 0.677065 0.969781
vt 0.678591 0.968081
vt 0.682744 0.967255
vt 0.684739 0.968255
vt 0.686265 0.970041
vt 0.687091 0.974807
vt 0.686265 0.977061
vt 0.684739 0.978761
vt 0.394042 0.979892
vt 0.392047 0.979005
vt 0.390521 0.977305
vt 0.389695 0.975051
vt 0.389695 0.972586
vt 0.390521 0.970285
vt 0.392047 0.968499
vt 0.396200 0.967438
vt 0.398195 0.968325
vt 0.399721 0.970025
vt 0.400547 0.974743
vt 0.399721 0.977044
vt 0.398195 0.978831
vt 0.499152 0.882328
vt 0.978950 0.132480
vt 0.689402 0.810702
vt 0.697362 0.278172
vt 0.699448 0.277206
vt 0.701706 0.277185
vt 0.703791 0.278112
vt 0.705388 0.279846
vt 0.706252 0.282123
vt 0.706252 0.284596
vt 0.703791 0.288653
vt 0.701706 0.289619
vt 0.699448 0.289640
vt 0.695766 0.286979
vt 0.694902 0.284702
vt 0.694902 0.282229
vt 0.238444 0.922086
vt 0.694661 0.439685
vt 0.695525 0.441978
vt 0.695525 0.444452
vt 0.694661 0.446728
vt 0.693065 0.448462
vt 0.690979 0.449389
vt 0.688722 0.449368
vt 0.685040 0.446639
vt 0.684176 0.444346
vt 0.684176 0.441873
vt 0.686636 0.437862
vt 0.688722 0.436935
vt 0.690979 0.436956
vt 0.943679 0.799855
vt 0.336055 0.964598
vt 0.848922 0.920581
vt 0.943302 0.721366
vt 0.112727 0.755348
vt 0.918375 0.008921
vt 0.913904 0.004950
vt 0.913904 0.003175
vt 0.914754 0.001612
vt 0.916324 0.000497
vt 0.918375 -0.000000
vt 0.920595 0.000197
vt 0.922647 0.001059
vt 0.925067 0.004168
vt 0.925067 0.005943
vt 0.924217 0.007506
vt 0.916324 0.008059
vt 0.854763 0.927048
vt 0.853193 0.928443
vt 0.851142 0.929304
vt 0.848922 0.929502
vt 0.846870 0.929005
vt 0.845300 0.927890
vt 0.844450 0.926326
vt 0.845300 0.922837
vt 0.846870 0.921443
vt 0.853193 0.920880
vt 0.854763 0.921995
vt 0.855613 0.923559
vt 0.297588 0.860535
vt 0.039042 0.768367
vt 0.852896 0.249884
vt 0.896070 0.644239
vt 0.895323 0.641979
vt 0.895323 0.639507
vt 0.896070 0.637200
vt 0.897449 0.635408
vt 0.899251 0.634406
vt 0.901202 0.634345
vt 0.904384 0.636939
vt 0.905130 0.639199
vt 0.905130 0.641671
vt 0.903004 0.645769
vt 0.901202 0.646772
vt 0.899251 0.646833
vt 0.059877 0.687656
vt 0.108304 0.979907
vt 0.106502 0.980796
vt 0.104551 0.980735
vt 0.102749 0.979732
vt 0.101370 0.977941
vt 0.100623 0.975634
vt 0.100623 0.973162
vt 0.102749 0.969197
vt 0.104551 0.968308
vt 0.106502 0.968369
vt 0.109684 0.971163
vt 0.110430 0.973470
vt 0.110430 0.975942
vt 0.701394 0.450026
vt 0.617970 0.670402
vt 0.701981 0.668104
vt 0.656351 0.332404
vt 0.882436 0.537954
vt 0.883614 0.541431
vt 0.883614 0.545182
vt 0.882436 0.548636
vt 0.880258 0.551268
vt 0.877413 0.552676
vt 0.874333 0.552646
vt 0.869309 0.548509
vt 0.868131 0.545032
vt 0.868131 0.541281
vt 0.871487 0.535195
vt 0.874333 0.533787
vt 0.877413 0.533817
vt 0.886830 0.417415
vt 0.889676 0.415952
vt 0.892756 0.415922
vt 0.895601 0.417330
vt 0.897779 0.419962
vt 0.898957 0.423416
vt 0.898957 0.427167
vt 0.895601 0.433318
vt 0.892756 0.434781
vt 0.889676 0.434811
vt 0.884652 0.430772
vt 0.883474 0.427317
vt 0.883474 0.423566
vt 0.751100 0.892228
vt 0.590491 0.798738
vt 0.549062 0.608001
vt 0.726217 0.963735
vt 0.605785 0.742841
vt 0.602507 0.738767
vt 0.603236 0.737286
vt 0.604811 0.736124
vt 0.606993 0.735460
vt 0.609448 0.735394
vt 0.611805 0.735936
vt 0.613703 0.737004
vt 0.615082 0.740010
vt 0.614353 0.741492
vt 0.612778 0.742653
vt 0.603887 0.741774
vt 0.040774 0.501169
vt 0.599560 0.803144
vt 0.598409 0.804575
vt 0.596511 0.805642
vt 0.594155 0.806185
vt 0.591699 0.806118
vt 0.589517 0.805454
vt 0.587942 0.804293
vt 0.587442 0.801236
vt 0.588593 0.799805
vt 0.597484 0.798926
vt 0.599059 0.800087
vt 0.790687 0.799494
vt 0.950684 0.638798
vt 0.469537 0.737078
vt 0.471942 0.736658
vt 0.474385 0.736861
vt 0.476494 0.737658
vt 0.477947 0.738926
vt 0.478524 0.740473
vt 0.478136 0.742063
vt 0.466433 0.742588
vt 0.465856 0.741041
vt 0.466243 0.739450
vt 0.380366 0.880614
vt 0.800937 0.801287
vt 0.801325 0.802877
vt 0.800748 0.804424
vt 0.799295 0.805693
vt 0.797186 0.806489
vt 0.794743 0.806693
vt 0.790337 0.805291
vt 0.789044 0.803900
vt 0.788657 0.802310
vt 0.426102 0.767921
vt 0.646672 0.963205
vt 0.024338 0.849172
vt 0.201526 0.977336
vt 0.200699 0.975063
vt 0.200699 0.972595
vt 0.201526 0.970308
vt 0.203054 0.968549
vt 0.205051 0.967587
vt 0.207212 0.967569
vt 0.210737 0.970228
vt 0.211564 0.972501
vt 0.211564 0.974969
vt 0.209209 0.979015
vt 0.207212 0.979977
vt 0.205051 0.979996
vt 0.586303 0.884339
vt 0.008510 0.979030
vt 0.006513 0.979957
vt 0.004352 0.979939
vt 0.002355 0.978977
vt 0.000827 0.977218
vt 0.000000 0.974931
vt 0.000000 0.972463
vt 0.002355 0.968458
vt 0.004352 0.967530
vt 0.006513 0.967549
vt 0.010038 0.970269
vt 0.010865 0.972556
vt 0.010865 0.975025
vt 0.452271 0.870934
vt 0.013547 0.769000
vt 0.911887 -0.000000
vt 0.726148 0.940191
vt 0.700533 0.115042
vt 0.698546 0.114466
vt 0.697042 0.113292
vt 0.696249 0.111696
vt 0.696289 0.109923
vt 0.697154 0.108242
vt 0.698714 0.106909
vt 0.702897 0.106015
vt 0.704883 0.106591
vt 0.706388 0.107766
vt 0.707141 0.111134
vt 0.706276 0.112815
vt 0.238444 0.850269
vt 0.705164 0.171160
vt 0.907454 0.065032
vt 0.905437 0.064250
vt 0.903877 0.062917
vt 0.903012 0.061237
vt 0.902973 0.059463
vt 0.903766 0.057868
vt 0.905270 0.056693
vt 0.912999 0.058344
vt 0.913904 0.061799
vt 0.913111 0.063394
vt 0.911607 0.064569
vt 0.257671 0.387707
vt 0.133992 0.680564
vt 0.681736 0.108477
vt 0.937389 0.551544
vt 0.934794 0.552971
vt 0.931984 0.552939
vt 0.929389 0.551451
vt 0.927402 0.548734
vt 0.926327 0.545202
vt 0.926327 0.541392
vt 0.929389 0.535215
vt 0.931984 0.533787
vt 0.934794 0.533820
vt 0.939376 0.538025
vt 0.940451 0.541557
vt 0.940451 0.545366
vt 0.200699 0.582726
vt 0.913954 0.431008
vt 0.912879 0.427501
vt 0.912879 0.423692
vt 0.913954 0.420160
vt 0.915941 0.417443
vt 0.918536 0.415955
vt 0.921346 0.415922
vt 0.925928 0.420020
vt 0.927003 0.423527
vt 0.927003 0.427337
vt 0.923941 0.433586
vt 0.921346 0.435074
vt 0.918536 0.435106
vt 0.671281 0.118427
vt 0.499152 0.882489
vt 0.465856 0.988047
vt 0.887124 0.955530
vt 0.669532 0.117122
vt 0.668586 0.115375
vt 0.668586 0.113451
vt 0.669532 0.111645
vt 0.671281 0.110230
vt 0.673566 0.109423
vt 0.678324 0.110009
vt 0.680073 0.111315
vt 0.681019 0.113062
vt 0.680073 0.116791
vt 0.678324 0.118206
vt 0.676039 0.119014
vt 0.844450 0.930356
vt 0.632502 0.170957
vt 0.630028 0.170880
vt 0.627743 0.170073
vt 0.625995 0.168658
vt 0.625048 0.166851
vt 0.625048 0.164928
vt 0.625994 0.163181
vt 0.632502 0.161289
vt 0.634787 0.162096
vt 0.637482 0.165317
vt 0.637482 0.167241
vt 0.636535 0.168988
vt 0.571828 0.884568
vt 0.981569 0.879943
vt 0.689402 0.956329
vt 0.433141 0.985002
vt 0.792875 0.816037
vt 0.788999 0.810156
vt 0.790249 0.808492
vt 0.792215 0.807276
vt 0.794598 0.806693
vt 0.797036 0.806832
vt 0.799157 0.807671
vt 0.800638 0.809084
vt 0.800911 0.812713
vt 0.799662 0.814377
vt 0.797696 0.815593
vt 0.790754 0.815197
vt 0.789273 0.813785
vt 0.478453 0.865323
vt 0.477837 0.867093
vt 0.476356 0.868506
vt 0.474235 0.869346
vt 0.471797 0.869485
vt 0.469414 0.868902
vt 0.467448 0.867686
vt 0.465856 0.864163
vt 0.466472 0.862393
vt 0.467953 0.860980
vt 0.474895 0.860585
vt 0.476861 0.861801
vt 0.988490 0.792264
vt 0.831679 0.560803
vt 0.988342 0.880284
vt 0.509528 0.315908
vt 0.508814 0.317888
vt 0.507494 0.319394
vt 0.505769 0.320197
vt 0.503903 0.320173
vt 0.502178 0.319327
vt 0.500858 0.317787
vt 0.500143 0.313634
vt 0.500858 0.311653
vt 0.502178 0.310147
vt 0.505769 0.309369
vt 0.507494 0.310215
vt 0.508814 0.311755
vt 0.830681 0.149542
vt 0.500143 0.324605
vt 0.500858 0.322607
vt 0.502178 0.321067
vt 0.503903 0.320220
vt 0.505769 0.320197
vt 0.507494 0.320999
vt 0.508814 0.322505
vt 0.509528 0.326639
vt 0.508814 0.328638
vt 0.507494 0.330178
vt 0.503902 0.331048
vt 0.502178 0.330246
vt 0.500858 0.328740
vt 0.910816 0.243366
vt 0.936935 0.412339
vt 0.910830 0.530412
vt 0.110804 0.825079
vt 0.814402 0.969229
vt 0.816377 0.968355
vt 0.818515 0.968430
vt 0.820490 0.969442
vt 0.822001 0.971237
vt 0.822820 0.973542
vt 0.822820 0.976006
vt 0.820490 0.979943
vt 0.818515 0.980817
vt 0.816377 0.980743
vt 0.812890 0.977935
vt 0.812072 0.975630
vt 0.812072 0.973167
vt 0.811254 0.970919
vt 0.812072 0.973166
vt 0.812072 0.975630
vt 0.811254 0.977935
vt 0.809742 0.979730
vt 0.807767 0.980742
vt 0.805630 0.980817
vt 0.802143 0.978254
vt 0.801325 0.976006
vt 0.801325 0.973542
vt 0.803654 0.969442
vt 0.805630 0.968430
vt 0.807767 0.968355
vt 0.385346 0.338851
vt 0.488804 0.332246
vt 0.528091 0.453085
vt 0.024338 0.500534
vt 0.380886 0.335294
vt 0.378376 0.330660
vt 0.378196 0.325656
vt 0.380376 0.321043
vt 0.384582 0.317524
vt 0.390175 0.315634
vt 0.402033 0.317600
vt 0.406493 0.321157
vt 0.409004 0.325791
vt 0.407003 0.335408
vt 0.402797 0.338927
vt 0.397204 0.340817
vt 0.543212 0.173214
vt 0.427328 0.447013
vt 0.421200 0.447040
vt 0.415607 0.445150
vt 0.411401 0.441630
vt 0.409221 0.437017
vt 0.409400 0.432013
vt 0.411911 0.427380
vt 0.428229 0.421856
vt 0.433821 0.423746
vt 0.440208 0.431879
vt 0.440028 0.436883
vt 0.437518 0.441516
vt 0.270720 0.610721
vt 0.737022 0.449767
vt 0.287451 0.513097
vt 0.734538 0.427747
vt 0.647844 0.308267
vt 0.645112 0.305496
vt 0.643633 0.301882
vt 0.643633 0.297975
vt 0.645112 0.294371
vt 0.647845 0.291617
vt 0.651415 0.290134
vt 0.658849 0.291653
vt 0.661581 0.294424
vt 0.663060 0.298038
vt 0.661581 0.305549
vt 0.658849 0.308302
vt 0.655279 0.309786
vt 0.635852 0.309773
vt 0.631988 0.309786
vt 0.628418 0.308302
vt 0.625685 0.305549
vt 0.624207 0.301945
vt 0.624207 0.298038
vt 0.625685 0.294424
vt 0.631988 0.290146
vt 0.635852 0.290134
vt 0.639422 0.291617
vt 0.643633 0.297975
vt 0.643633 0.301882
vt 0.642155 0.305496
vt 0.925067 0.068147
vt 0.631994 0.954230
vt 0.933725 0.000134
vt 0.940919 0.153957
vt 0.940919 0.151487
vt 0.941752 0.149238
vt 0.943292 0.147554
vt 0.945304 0.146690
vt 0.947481 0.146777
vt 0.949493 0.147803
vt 0.951866 0.151927
vt 0.951866 0.154397
vt 0.951033 0.156646
vt 0.947481 0.159194
vt 0.945304 0.159107
vt 0.943292 0.158081
vt 0.488804 0.882549
vt 0.974383 0.148281
vt 0.972844 0.150089
vt 0.970832 0.151116
vt 0.968654 0.151203
vt 0.966643 0.150339
vt 0.965103 0.148654
vt 0.964270 0.146406
vt 0.965103 0.141621
vt 0.966643 0.139812
vt 0.968654 0.138786
vt 0.972844 0.139563
vt 0.974383 0.141247
vt 0.975217 0.143496
vt 0.168414 0.573911
vt 0.524298 0.986494
vt 0.212971 0.757737
vt 0.970450 0.230023
vt 0.972443 0.229154
vt 0.974601 0.229235
vt 0.976594 0.230254
vt 0.978120 0.232056
vt 0.978945 0.234366
vt 0.978945 0.236832
vt 0.976594 0.240767
vt 0.974601 0.241636
vt 0.972443 0.241555
vt 0.968925 0.238735
vt 0.968099 0.236425
vt 0.968099 0.233958
vt 0.245484 0.922328
vt 0.972949 0.968774
vt 0.973775 0.971022
vt 0.973775 0.973488
vt 0.972949 0.975798
vt 0.971423 0.977600
vt 0.969430 0.978619
vt 0.967273 0.978700
vt 0.963754 0.976144
vt 0.962928 0.973896
vt 0.962928 0.971429
vt 0.965279 0.967318
vt 0.967273 0.966299
vt 0.969430 0.966218
vt 0.861953 0.615970
vt 0.307645 0.451628
vt 0.936123 0.160009
vt 0.860946 0.077114
vt 0.461921 0.517336
vt 0.863868 0.617169
vt 0.865038 0.618801
vt 0.865285 0.620618
vt 0.864572 0.622344
vt 0.860829 0.624524
vt 0.858368 0.624646
vt 0.856001 0.624063
vt 0.852916 0.621232
vt 0.852669 0.619415
vt 0.853382 0.617689
vt 0.144118 0.905863
vt 0.862000 0.069369
vt 0.863565 0.070740
vt 0.864278 0.072466
vt 0.864030 0.074283
vt 0.862860 0.075916
vt 0.852374 0.075395
vt 0.851661 0.073669
vt 0.853078 0.070220
vt 0.854993 0.069021
vt 0.857361 0.068438
vt 0.553705 0.961826
vt 0.592009 0.806239
vt 0.430914 0.137786
vt 0.478524 0.892037
vt 0.607303 0.869283
vt 0.587214 0.865655
vt 0.587361 0.863808
vt 0.588440 0.862122
vt 0.597301 0.861009
vt 0.599746 0.864081
vt 0.599598 0.865928
vt 0.598519 0.867614
vt 0.594341 0.869538
vt 0.591878 0.869484
vt 0.589658 0.868726
vt 0.924818 0.998980
vt 0.614233 0.813168
vt 0.612595 0.814512
vt 0.603734 0.813400
vt 0.602655 0.811714
vt 0.603314 0.808140
vt 0.604952 0.806795
vt 0.607171 0.806038
vt 0.611967 0.806640
vt 0.613813 0.807908
vt 0.614892 0.809593
vt 0.223053 0.593852
vt 0.136119 0.492987
vt 0.259862 0.599181
vt 0.066050 0.702147
vt 0.408521 0.582997
vt 0.392366 0.503745
vt 0.392665 0.500752
vt 0.394432 0.498036
vt 0.397396 0.496010
vt 0.401107 0.494983
vt 0.404998 0.495111
vt 0.408479 0.496375
vt 0.412232 0.501397
vt 0.411932 0.504391
vt 0.410165 0.507107
vt 0.399599 0.510032
vt 0.396118 0.508768
vt 0.167608 0.670394
vt 0.138618 0.577402
vt 0.136078 0.579609
vt 0.132597 0.580874
vt 0.128705 0.581002
vt 0.124994 0.579975
vt 0.122030 0.577949
vt 0.120264 0.575233
vt 0.121176 0.569425
vt 0.123716 0.567217
vt 0.127197 0.565953
vt 0.137763 0.568877
vt 0.139530 0.571594
vt 0.308294 0.835063
vt 0.967842 0.066701
vt 0.412232 0.905923
vt 0.805188 0.439655
vt 0.806760 0.437851
vt 0.808813 0.436830
vt 0.811036 0.436749
vt 0.813090 0.437619
vt 0.814662 0.439309
vt 0.815512 0.441560
vt 0.814662 0.446344
vt 0.813090 0.448149
vt 0.811036 0.449169
vt 0.806760 0.448380
vt 0.805188 0.446691
vt 0.804337 0.444439
vt 0.404982 0.763137
vt 0.798087 0.441781
vt 0.798087 0.444251
vt 0.797236 0.446503
vt 0.795664 0.448192
vt 0.793611 0.449062
vt 0.791388 0.448981
vt 0.789334 0.447961
vt 0.786912 0.443843
vt 0.786912 0.441372
vt 0.787762 0.439121
vt 0.791388 0.436561
vt 0.793611 0.436642
vt 0.795664 0.437663
vt 0.874814 0.068438
vt 0.055722 0.980272
vt 0.571828 0.884339
vt 0.975178 0.799906
vt 0.552935 0.971942
vt 0.552105 0.969654
vt 0.552105 0.967182
vt 0.552935 0.964901
vt 0.554467 0.963159
vt 0.556470 0.962221
vt 0.558637 0.962230
vt 0.562172 0.964939
vt 0.563002 0.967226
vt 0.563002 0.969699
vt 0.560640 0.973722
vt 0.558637 0.974659
vt 0.556470 0.974651
vt 0.747405 0.976063
vt 0.745403 0.977017
vt 0.743236 0.977026
vt 0.741233 0.976088
vt 0.739701 0.974346
vt 0.738871 0.972065
vt 0.738871 0.969593
vt 0.741233 0.965551
vt 0.743236 0.964597
vt 0.745403 0.964588
vt 0.748938 0.967268
vt 0.749767 0.969548
vt 0.749767 0.972021
vt 0.146621 0.763495
vt 0.912956 0.737940
vt 0.929357 0.319916
vt 0.503463 0.737498
vt 0.651034 0.914436
vt 0.927996 0.331744
vt 0.910971 0.736860
vt 0.909513 0.735317
vt 0.908804 0.733548
vt 0.908952 0.731821
vt 0.909935 0.730400
vt 0.913699 0.729258
vt 0.915909 0.729713
vt 0.917894 0.730793
vt 0.920060 0.734105
vt 0.919912 0.735832
vt 0.918930 0.737253
vt 0.649680 0.922876
vt 0.648013 0.921976
vt 0.647031 0.920554
vt 0.646883 0.918828
vt 0.647591 0.917058
vt 0.649049 0.915516
vt 0.655341 0.914222
vt 0.657008 0.915122
vt 0.657990 0.916544
vt 0.657429 0.920040
vt 0.655972 0.921582
vt 0.653987 0.922663
vt 0.951083 0.646909
vt 0.929371 0.525100
vt 0.952364 0.240824
vt 0.223470 0.968315
vt 0.225292 0.967469
vt 0.227264 0.967575
vt 0.229086 0.968617
vt 0.230481 0.970438
vt 0.231235 0.972759
vt 0.231235 0.975227
vt 0.229086 0.979137
vt 0.227264 0.979984
vt 0.225292 0.979878
vt 0.222076 0.977015
vt 0.221321 0.974694
vt 0.221321 0.972226
vt 0.930100 0.723012
vt 0.843544 0.970484
vt 0.844299 0.972724
vt 0.844299 0.975192
vt 0.843544 0.977513
vt 0.842150 0.979333
vt 0.840328 0.980376
vt 0.838356 0.980482
vt 0.835140 0.977965
vt 0.834385 0.975725
vt 0.834385 0.973257
vt 0.836534 0.969115
vt 0.838356 0.968073
vt 0.840328 0.967967
vt 0.328339 0.569979
vt 0.283217 0.611510
vt 0.662101 0.667042
vt 0.270720 0.717851
vt 0.856169 0.535023
vt 0.858976 0.533787
vt 0.862014 0.534036
vt 0.864820 0.535731
vt 0.866968 0.538614
vt 0.868131 0.542248
vt 0.868131 0.546078
vt 0.864820 0.552054
vt 0.862014 0.553290
vt 0.858976 0.553042
vt 0.854021 0.548463
vt 0.852858 0.544829
vt 0.852858 0.540999
vt 0.608412 0.282730
vt 0.609574 0.286173
vt 0.609574 0.290003
vt 0.608412 0.293637
vt 0.606264 0.296521
vt 0.603457 0.298216
vt 0.600419 0.298464
vt 0.595464 0.294696
vt 0.594302 0.291252
vt 0.594302 0.287422
vt 0.597613 0.280905
vt 0.600419 0.279210
vt 0.603457 0.278961
vt 0.835267 0.007926
vt 0.461279 0.870734
vt 0.951021 -0.000000
vt 0.048258 0.832933
vt 0.461279 0.991164
vt 0.833452 0.006721
vt 0.832420 0.005145
vt 0.832328 0.003439
vt 0.833189 0.001862
vt 0.834873 0.000655
vt 0.839597 -0.000000
vt 0.841918 0.000652
vt 0.843733 0.001857
vt 0.844858 0.005139
vt 0.843997 0.006716
vt 0.842313 0.007923
vt 0.942384 0.067664
vt 0.050114 0.840858
vt 0.047863 0.840204
vt 0.046179 0.838997
vt 0.045318 0.837421
vt 0.045411 0.835715
vt 0.046443 0.834139
vt 0.055303 0.832937
vt 0.056987 0.834144
vt 0.057756 0.837426
vt 0.056724 0.839002
vt 0.054909 0.840208
vt 0.948985 0.068438
vt 0.573214 0.801853
vt 0.372250 0.958167
vt 0.689633 0.745687
vt 0.689402 0.744096
vt 0.690129 0.742585
vt 0.691705 0.741383
vt 0.693889 0.740674
vt 0.696348 0.740566
vt 0.698709 0.741074
vt 0.701767 0.743550
vt 0.701999 0.745141
vt 0.701271 0.746652
vt 0.583038 0.806847
vt 0.581135 0.807895
vt 0.578774 0.808403
vt 0.576315 0.808294
vt 0.574131 0.807585
vt 0.572555 0.806383
vt 0.571828 0.804872
vt 0.583697 0.802317
vt 0.584425 0.803828
vt 0.950684 0.560677
vt 0.908999 0.331728
vt 0.951083 0.727956
vt 0.900560 0.966742
vt 0.902710 0.966668
vt 0.904697 0.967547
vt 0.906218 0.969244
vt 0.907041 0.971501
vt 0.907041 0.973975
vt 0.906218 0.976289
vt 0.902710 0.979106
vt 0.900560 0.979180
vt 0.898573 0.978302
vt 0.896229 0.974347
vt 0.896229 0.971873
vt 0.897052 0.969559
vt 0.907002 0.727568
vt 0.336394 0.967750
vt 0.337915 0.969552
vt 0.338738 0.971866
vt 0.338738 0.974340
vt 0.337915 0.976597
vt 0.336394 0.978294
vt 0.334407 0.979173
vt 0.330269 0.978084
vt 0.328748 0.976282
vt 0.327925 0.973968
vt 0.328748 0.969237
vt 0.330269 0.967540
vt 0.332256 0.966661
vt 0.253054 0.846753
vt 0.272751 0.846550
vt 0.372089 0.749212
vt 0.178608 0.766680
vt 0.894066 0.065916
vt 0.646594 0.867981
vt 0.270824 0.906844
vt 0.271744 0.905256
vt 0.277528 0.903608
vt 0.279479 0.904378
vt 0.280929 0.905697
vt 0.281555 0.909126
vt 0.280634 0.910714
vt 0.279037 0.911887
vt 0.274851 0.912362
vt 0.272900 0.911592
vt 0.271449 0.910273
vt 0.902973 0.005101
vt 0.902244 0.006768
vt 0.900794 0.008087
vt 0.898842 0.008857
vt 0.893059 0.007209
vt 0.892035 0.003859
vt 0.892764 0.002192
vt 0.894214 0.000873
vt 0.898321 -0.000000
vt 0.900351 0.000579
vt 0.901949 0.001751
vt 0.537816 0.720550
vt 0.676238 0.560677
vt 0.523800 0.625924
vt 0.896914 0.537897
vt 0.898010 0.541416
vt 0.898010 0.545238
vt 0.896914 0.548783
vt 0.894889 0.551511
vt 0.892244 0.553006
vt 0.889380 0.553040
vt 0.884710 0.548930
vt 0.883614 0.545412
vt 0.883614 0.541589
vt 0.886735 0.535316
vt 0.889380 0.533822
vt 0.892244 0.533787
vt 0.675652 0.558579
vt 0.901130 0.535218
vt 0.903776 0.533787
vt 0.906639 0.533822
vt 0.909285 0.535316
vt 0.911309 0.538044
vt 0.912405 0.541589
vt 0.912405 0.545412
vt 0.909285 0.551609
vt 0.906639 0.553040
vt 0.903776 0.553006
vt 0.899106 0.548783
vt 0.898010 0.545238
vt 0.898010 0.541416
vt 0.704151 0.740084
vt 0.987315 0.647903
vt 0.200699 0.830568
vt 0.987152 0.618467
vt 0.869879 0.733674
vt 0.868441 0.731928
vt 0.867663 0.729646
vt 0.867663 0.727177
vt 0.868441 0.724896
vt 0.869879 0.723150
vt 0.871757 0.722205
vt 0.875669 0.723151
vt 0.877107 0.724897
vt 0.877885 0.727178
vt 0.877107 0.731928
vt 0.875669 0.733674
vt 0.873791 0.734619
vt 0.881950 0.645207
vt 0.879916 0.645207
vt 0.878038 0.644262
vt 0.876600 0.642516
vt 0.875822 0.640235
vt 0.875822 0.637766
vt 0.876600 0.635485
vt 0.879916 0.632794
vt 0.881949 0.632794
vt 0.883828 0.633738
vt 0.886044 0.637765
vt 0.886044 0.640235
vt 0.885266 0.642516
vt 0.710541 0.280344
vt 0.951512 0.799731
vt 0.982219 0.860274
vt 0.952079 0.951458
vt 0.708749 0.278967
vt 0.707746 0.277175
vt 0.707685 0.275240
vt 0.708575 0.273457
vt 0.710282 0.272097
vt 0.712545 0.271368
vt 0.717329 0.272131
vt 0.719122 0.273507
vt 0.720125 0.275299
vt 0.719295 0.279017
vt 0.717588 0.280377
vt 0.715325 0.281107
vt 0.982100 0.332552
vt 0.646907 0.171173
vt 0.644432 0.171184
vt 0.642169 0.170455
vt 0.640463 0.169095
vt 0.639572 0.167312
vt 0.639633 0.165377
vt 0.640636 0.163585
vt 0.647213 0.161445
vt 0.649475 0.162175
vt 0.652073 0.165318
vt 0.652012 0.167253
vt 0.651009 0.169045
vt 0.189138 0.766702
vt 0.989109 0.160222
vt 0.837565 0.412229
vt 0.989189 0.861064
vt 0.408091 0.132126
vt 0.409812 0.132967
vt 0.411129 0.134506
vt 0.411842 0.136509
vt 0.411842 0.138672
vt 0.411129 0.140665
vt 0.409812 0.142184
vt 0.406229 0.142985
vt 0.404508 0.142145
vt 0.403191 0.140606
vt 0.402478 0.136440
vt 0.403191 0.134447
vt 0.404508 0.132927
vt 0.408091 0.121226
vt 0.409812 0.122041
vt 0.411129 0.123560
vt 0.411842 0.125553
vt 0.411842 0.127716
vt 0.411129 0.129719
vt 0.409812 0.131258
vt 0.406229 0.132112
vt 0.404508 0.131298
vt 0.403191 0.129778
vt 0.402478 0.125623
vt 0.403191 0.123619
vt 0.404508 0.122080
vt 0.058159 0.683068
vt 0.924844 0.727329
vt 0.480731 0.644095
vt 0.924818 0.799477
vt 0.340395 0.977777
vt 0.339571 0.975497
vt 0.339571 0.973038
vt 0.340395 0.970775
vt 0.341918 0.969053
vt 0.343907 0.968134
vt 0.346061 0.968157
vt 0.349573 0.970874
vt 0.350397 0.973155
vt 0.350397 0.975614
vt 0.348050 0.979599
vt 0.346061 0.980518
vt 0.343907 0.980495
vt 0.832038 0.979366
vt 0.830048 0.980328
vt 0.827895 0.980352
vt 0.825905 0.979432
vt 0.824383 0.977710
vt 0.823559 0.975447
vt 0.823559 0.972988
vt 0.825906 0.968953
vt 0.827895 0.967990
vt 0.830049 0.967967
vt 0.833561 0.970609
vt 0.834385 0.972872
vt 0.834385 0.975330
vt 0.045318 0.602652
vt 0.726709 0.658991
vt -0.000000 0.503680
vt 0.645069 0.317641
vt 0.646528 0.314027
vt 0.649223 0.311269
vt 0.652744 0.309786
vt 0.656555 0.309804
vt 0.660076 0.311321
vt 0.662771 0.314105
vt 0.664230 0.321652
vt 0.662771 0.325265
vt 0.660076 0.328024
vt 0.652744 0.329489
vt 0.649223 0.327972
vt 0.646528 0.325188
vt 0.725984 0.449476
vt 0.682221 0.301839
vt 0.680762 0.305467
vt 0.678067 0.308251
vt 0.674546 0.309768
vt 0.670735 0.309786
vt 0.667214 0.308303
vt 0.664519 0.305544
vt 0.663060 0.298012
vt 0.664519 0.294384
vt 0.667214 0.291600
vt 0.674546 0.290065
vt 0.678067 0.291548
vt 0.680762 0.294306
vt 0.088405 0.895414
vt 0.289533 0.981012
vt 0.100623 0.826532
vt 0.782194 0.980913
vt 0.780220 0.980025
vt 0.778710 0.978324
vt 0.777892 0.976070
vt 0.777892 0.973604
vt 0.778710 0.971303
vt 0.780220 0.969517
vt 0.784330 0.968458
vt 0.786304 0.969346
vt 0.787814 0.971047
vt 0.788631 0.975767
vt 0.787814 0.978068
vt 0.786303 0.979854
vt 0.973464 0.646912
vt 0.115106 0.982576
vt 0.113132 0.981577
vt 0.111622 0.979791
vt 0.110804 0.977490
vt 0.110804 0.975025
vt 0.111622 0.972770
vt 0.113132 0.971069
vt 0.117242 0.970241
vt 0.119216 0.971240
vt 0.120726 0.973026
vt 0.121544 0.977792
vt 0.120726 0.980047
vt 0.119216 0.981748
vt 0.867447 0.884440
vt 0.981465 0.730118
vt 0.801325 0.811054
vt 0.981736 0.062559
vt 0.726846 0.557391
vt 0.725984 0.555084
vt 0.725984 0.552617
vt 0.726846 0.550364
vt 0.728437 0.548669
vt 0.730517 0.547789
vt 0.732768 0.547860
vt 0.736440 0.550664
vt 0.737301 0.552971
vt 0.737301 0.555439
vt 0.734848 0.559387
vt 0.732768 0.560266
vt 0.730517 0.560196
vt 0.704389 0.448332
vt 0.702309 0.449341
vt 0.700058 0.449412
vt 0.697978 0.448532
vt 0.696387 0.446837
vt 0.695525 0.444584
vt 0.695525 0.442116
vt 0.697978 0.438015
vt 0.700058 0.437005
vt 0.702309 0.436935
vt 0.705981 0.439509
vt 0.706842 0.441762
vt 0.706842 0.444230
vt 0.857109 0.890181
vt 0.862230 0.000090
vt 0.020732 0.415111
vt 0.152960 0.814508
vt 0.858175 0.061697
vt 0.857416 0.059978
vt 0.857615 0.058154
vt 0.858742 0.056504
vt 0.869238 0.056889
vt 0.869996 0.058609
vt 0.869797 0.060432
vt 0.866789 0.063308
vt 0.864437 0.063922
vt 0.861975 0.063832
vt 0.849265 0.866760
vt 0.307645 0.450832
vt 0.854671 0.811315
vt 0.845776 0.810347
vt 0.844649 0.808697
vt 0.844450 0.806873
vt 0.846810 0.803800
vt 0.849009 0.803019
vt 0.851472 0.802929
vt 0.855705 0.804768
vt 0.856831 0.806418
vt 0.857030 0.808242
vt 0.545537 0.782799
vt 0.994532 0.788364
vt 0.954142 0.316826
vt 0.517505 0.850322
vt 0.994383 0.940271
vt 0.514985 0.783253
vt 0.517458 0.783233
vt 0.519715 0.783867
vt 0.521413 0.785060
vt 0.522292 0.786629
vt 0.522218 0.788336
vt 0.521204 0.789921
vt 0.512360 0.791200
vt 0.509784 0.788437
vt 0.509857 0.786730
vt 0.510871 0.785146
vt 0.954173 0.449476
vt 0.549237 0.843200
vt 0.550251 0.844784
vt 0.550324 0.846491
vt 0.549445 0.848061
vt 0.547748 0.849254
vt 0.545491 0.849888
vt 0.540704 0.849196
vt 0.538904 0.847975
vt 0.537889 0.846390
vt 0.538695 0.843114
vt 0.540392 0.841921
vt 0.250833 0.583158
vt 0.779728 0.163494
vt 0.253054 0.599302
vt 0.777892 0.745109
vt 0.254576 0.584238
vt 0.257607 0.586381
vt 0.259463 0.589264
vt 0.259862 0.592445
vt 0.258744 0.595442
vt 0.256278 0.597797
vt 0.248953 0.599302
vt 0.245210 0.598223
vt 0.242179 0.596079
vt 0.239924 0.590015
vt 0.241042 0.587019
vt 0.243508 0.584663
vt 0.178608 0.698506
vt 0.321210 0.518064
vt 0.324648 0.519420
vt 0.327114 0.521775
vt 0.328233 0.524772
vt 0.327834 0.527953
vt 0.325977 0.530835
vt 0.322947 0.532979
vt 0.311879 0.532554
vt 0.309413 0.530198
vt 0.308694 0.524020
vt 0.310550 0.521138
vt 0.313580 0.518994
vt 0.212535 0.908604
vt 0.974471 0.796804
vt 0.898293 0.729686
vt 0.402854 0.912567
vt 0.103650 0.354539
vt 0.101538 0.353567
vt 0.099922 0.351801
vt 0.099047 0.349510
vt 0.099047 0.347043
vt 0.099921 0.344776
vt 0.101538 0.343053
vt 0.105936 0.342167
vt 0.108048 0.343139
vt 0.109665 0.344905
vt 0.110540 0.349663
vt 0.109665 0.351930
vt 0.108048 0.353653
vt 0.223192 0.354573
vt 0.221080 0.353657
vt 0.219463 0.351934
vt 0.218588 0.349666
vt 0.218588 0.347200
vt 0.219463 0.344909
vt 0.221080 0.343143
vt 0.225478 0.342141
vt 0.227590 0.343057
vt 0.229206 0.344779
vt 0.230081 0.349514
vt 0.229206 0.351805
vt 0.227590 0.353570
vt 0.871934 0.449476
vt 0.977111 0.514016
vt 0.090782 0.965404
vt 0.092798 0.964543
vt 0.094980 0.964632
vt 0.096996 0.965657
vt 0.098538 0.967462
vt 0.099373 0.969773
vt 0.099373 0.972238
vt 0.096996 0.976162
vt 0.094980 0.977023
vt 0.092798 0.976934
vt 0.089240 0.974103
vt 0.088405 0.971792
vt 0.088405 0.969328
vt 0.977176 0.243585
vt 0.976091 0.719873
vt 0.976926 0.722116
vt 0.976926 0.724581
vt 0.976091 0.726892
vt 0.974548 0.728698
vt 0.972532 0.729723
vt 0.970351 0.729811
vt 0.966792 0.727270
vt 0.965957 0.725027
vt 0.965957 0.722562
vt 0.968335 0.718445
vt 0.970350 0.717420
vt 0.972532 0.717331
vt 0.933925 0.560677
vt 0.771490 0.909853
vt 0.300598 0.869007
vt 0.931943 0.143106
vt 0.984120 0.516618
vt 0.528440 0.914309
vt 0.308124 0.865722
vt 0.307904 0.867387
vt 0.306829 0.868704
vt 0.305063 0.869475
vt 0.298578 0.867840
vt 0.296456 0.864500
vt 0.296676 0.862836
vt 0.297751 0.861518
vt 0.301704 0.860641
vt 0.303982 0.861215
vt 0.306001 0.862383
vt 0.524966 0.917059
vt 0.526420 0.915476
vt 0.532905 0.913841
vt 0.534671 0.914612
vt 0.535746 0.915929
vt 0.535298 0.919351
vt 0.533843 0.920933
vt 0.531823 0.922101
vt 0.527358 0.922569
vt 0.525593 0.921798
vt 0.524518 0.920480
vt 0.596093 0.942433
vt 0.364195 0.818010
vt 0.933698 0.869463
vt 0.901192 0.528647
vt 0.900426 0.526342
vt 0.900426 0.523873
vt 0.901192 0.521615
vt 0.902608 0.519912
vt 0.904459 0.519023
vt 0.906462 0.519083
vt 0.909729 0.521873
vt 0.910495 0.524178
vt 0.910495 0.526647
vt 0.908312 0.530609
vt 0.906462 0.531498
vt 0.904459 0.531437
vt 0.563545 0.894545
vt 0.176301 0.660773
vt 0.174450 0.661774
vt 0.172448 0.661835
vt 0.170597 0.660946
vt 0.169181 0.659242
vt 0.168414 0.656984
vt 0.168414 0.654515
vt 0.170597 0.650421
vt 0.172448 0.649420
vt 0.174450 0.649360
vt 0.177717 0.651952
vt 0.178484 0.654210
vt 0.178484 0.656679
vt 0.045318 0.707499
vt 0.440131 0.684383
vt 0.697235 0.331880
vt 0.133992 0.581852
vt 0.853223 0.430602
vt 0.852033 0.427017
vt 0.852033 0.423213
vt 0.853223 0.419768
vt 0.855423 0.417208
vt 0.858296 0.415922
vt 0.861407 0.416106
vt 0.866480 0.420551
vt 0.867670 0.424136
vt 0.867670 0.427941
vt 0.864280 0.433945
vt 0.861407 0.435231
vt 0.858296 0.435048
vt 0.790140 0.657182
vt 0.787266 0.658807
vt 0.784156 0.658991
vt 0.781282 0.657705
vt 0.779083 0.655145
vt 0.777892 0.651700
vt 0.777892 0.647896
vt 0.781282 0.641491
vt 0.784156 0.639866
vt 0.787266 0.639682
vt 0.792339 0.643528
vt 0.793529 0.646972
vt 0.793529 0.650777
vt 0.088405 0.964543
vt 0.854722 0.220246
vt 0.995240 0.160041
vt 0.563002 0.894545
vt 0.857224 0.340158
vt 0.845622 0.223756
vt 0.846259 0.222056
vt 0.847759 0.220690
vt 0.856679 0.221391
vt 0.858236 0.224748
vt 0.857599 0.226448
vt 0.856098 0.227814
vt 0.851518 0.228793
vt 0.849136 0.228258
vt 0.847179 0.227113
vt 0.994912 0.058309
vt 0.860415 0.337432
vt 0.859181 0.339013
vt 0.850261 0.339714
vt 0.848761 0.338348
vt 0.848446 0.334872
vt 0.849680 0.333292
vt 0.851638 0.332146
vt 0.856465 0.331767
vt 0.858600 0.332590
vt 0.860100 0.333956
vt 0.854254 0.704851
vt 0.174614 0.491732
vt 0.906278 0.874465
vt 0.854346 0.008185
vt 0.506927 0.519581
vt 0.856102 0.706054
vt 0.857180 0.707648
vt 0.857325 0.709393
vt 0.856513 0.711021
vt 0.852643 0.712993
vt 0.850174 0.713036
vt 0.847837 0.712409
vt 0.844911 0.709612
vt 0.844767 0.707868
vt 0.845578 0.706239
vt 0.934749 0.948727
vt 0.854960 0.000751
vt 0.856605 0.002016
vt 0.857416 0.003644
vt 0.857272 0.005388
vt 0.856194 0.006983
vt 0.845670 0.006797
vt 0.844858 0.005169
vt 0.846081 0.001830
vt 0.847929 0.000627
vt 0.850265 -0.000000
vt 0.910816 0.324363
vt 0.952363 0.241259
vt 0.912376 0.068500
vt 0.952079 0.973966
vt 0.952079 0.971505
vt 0.952905 0.969189
vt 0.954431 0.967371
vt 0.956425 0.966328
vt 0.958583 0.966218
vt 0.960576 0.967058
vt 0.962928 0.970952
vt 0.962928 0.973413
vt 0.962102 0.975728
vt 0.958583 0.978590
vt 0.956425 0.978700
vt 0.954431 0.977860
vt 0.952515 0.331611
vt 0.672124 0.975992
vt 0.670598 0.977654
vt 0.668604 0.978494
vt 0.666446 0.978384
vt 0.664452 0.977341
vt 0.662926 0.975523
vt 0.662101 0.973207
vt 0.662926 0.968515
vt 0.664452 0.966853
vt 0.666446 0.966012
vt 0.670598 0.967166
vt 0.672124 0.968984
vt 0.672950 0.971300
vt 0.701903 0.884060
vt 0.837565 0.412788
vt 0.738706 0.951055
vt 0.873924 0.065677
vt 0.872013 0.064898
vt 0.870634 0.063571
vt 0.869996 0.061900
vt 0.870197 0.060138
vt 0.871207 0.058554
vt 0.877088 0.056935
vt 0.878999 0.057715
vt 0.880378 0.059041
vt 0.880814 0.062474
vt 0.879805 0.064058
vt 0.878141 0.065223
vt 0.840689 0.449524
vt 0.885955 0.008971
vt 0.882226 0.007237
vt 0.881217 0.005653
vt 0.881015 0.003892
vt 0.881653 0.002220
vt 0.883032 0.000894
vt 0.887095 -0.000000
vt 0.889160 0.000569
vt 0.890824 0.001734
vt 0.892035 0.005079
vt 0.891397 0.006750
vt 0.890018 0.008077
vt 0.681843 0.276508
vt 0.721354 0.093727
vt 0.684176 0.331611
vt 0.901975 0.417863
vt 0.904534 0.416156
vt 0.907303 0.415922
vt 0.909861 0.417196
vt 0.911820 0.419784
vt 0.912879 0.423292
vt 0.912879 0.427186
vt 0.909861 0.433792
vt 0.907303 0.435499
vt 0.904534 0.435733
vt 0.900017 0.431871
vt 0.898958 0.428363
vt 0.898958 0.424469
vt 0.551963 0.625924
vt 0.925267 0.538646
vt 0.926327 0.542334
vt 0.926327 0.546228
vt 0.925267 0.549736
vt 0.923309 0.552324
vt 0.920751 0.553598
vt 0.917982 0.553364
vt 0.913465 0.548738
vt 0.912405 0.545051
vt 0.912405 0.541157
vt 0.915423 0.535061
vt 0.917981 0.533787
vt 0.920751 0.534021
vt 0.617970 0.953644
vt 0.984186 0.304948
vt 0.381684 0.871375
vt 0.299565 0.711944
vt 0.375403 0.879934
vt 0.373533 0.878604
vt 0.372426 0.876824
vt 0.372251 0.874866
vt 0.373033 0.873029
vt 0.374654 0.871591
vt 0.376868 0.870772
vt 0.383554 0.872706
vt 0.384661 0.874486
vt 0.384055 0.878281
vt 0.382433 0.879719
vt 0.380220 0.880538
vt 0.985990 0.068438
vt 0.724803 0.281210
vt 0.722589 0.280391
vt 0.720968 0.278953
vt 0.720186 0.277115
vt 0.720361 0.275157
vt 0.721468 0.273378
vt 0.725686 0.271368
vt 0.728155 0.271443
vt 0.730368 0.272263
vt 0.732772 0.275538
vt 0.732596 0.277496
vt 0.731489 0.279275
vt 0.152960 0.958794
vt 0.602507 0.990372
vt 0.518102 0.896379
vt 0.947640 0.728417
vt 0.609414 0.929188
vt 0.771658 0.863440
vt 0.510103 0.899991
vt 0.511332 0.898171
vt 0.513284 0.896846
vt 0.520235 0.897309
vt 0.521735 0.898865
vt 0.522055 0.902846
vt 0.520826 0.904666
vt 0.518875 0.905992
vt 0.514056 0.906458
vt 0.511923 0.905528
vt 0.510423 0.903973
vt 0.775930 0.859010
vt 0.775291 0.860954
vt 0.773791 0.862510
vt 0.766839 0.862973
vt 0.764888 0.861648
vt 0.763339 0.857791
vt 0.763979 0.855846
vt 0.765479 0.854291
vt 0.770053 0.853198
vt 0.772430 0.853827
vt 0.774382 0.855153
vt 0.989070 0.393019
vt 0.852669 0.641157
vt 0.988762 0.000192
vt 0.111304 0.346419
vt 0.112593 0.344801
vt 0.114277 0.343884
vt 0.116099 0.343806
vt 0.117783 0.344579
vt 0.119072 0.346086
vt 0.119769 0.348098
vt 0.119072 0.352378
vt 0.117783 0.353996
vt 0.116099 0.354913
vt 0.112593 0.354218
vt 0.111304 0.352711
vt 0.110607 0.350699
vt 0.852896 0.249908
vt 0.239311 0.348493
vt 0.239311 0.350703
vt 0.238613 0.352714
vt 0.237325 0.354221
vt 0.235641 0.354995
vt 0.233818 0.354917
vt 0.232134 0.353999
vt 0.230148 0.350311
vt 0.230148 0.348102
vt 0.230846 0.346090
vt 0.233818 0.343809
vt 0.235641 0.343887
vt 0.237325 0.344805
vt 0.327459 0.834809
vt 0.896229 0.952069
vt 0.411822 0.912567
vt 0.943679 0.799570
vt 0.166512 0.970620
vt 0.168034 0.968940
vt 0.170022 0.968071
vt 0.172173 0.968145
vt 0.174161 0.969153
vt 0.175683 0.970939
vt 0.176506 0.973232
vt 0.175683 0.977918
vt 0.174161 0.979599
vt 0.172173 0.980467
vt 0.168034 0.979386
vt 0.166512 0.977600
vt 0.165689 0.975307
vt 0.830564 0.441864
vt 0.830564 0.444315
vt 0.829741 0.446608
vt 0.828219 0.448394
vt 0.826231 0.449401
vt 0.824079 0.449476
vt 0.822092 0.448607
vt 0.819747 0.444691
vt 0.819747 0.442240
vt 0.820570 0.439947
vt 0.824079 0.437154
vt 0.826231 0.437079
vt 0.828219 0.437948
s 0
usemtl Material.001
f 1/1/1 4/2/1 3/3/1
f 3/4/2 6/5/2 5/6/2
f 5/6/3 8/7/3 7/8/3
f 7/8/4 10/9/4 9/10/4
f 10/11/5 11/12/5 9/13/5
f 12/14/6 13/15/6 11/12/6
f 14/16/7 15/17/7 13/15/7
f 16/18/8 17/19/8 15/17/8
f 18/20/9 19/21/9 17/19/9
f 20/22/10 21/23/10 19/24/10
f 22/25/11 23/26/11 21/23/11
f 24/27/12 25/28/12 23/26/12
f 25/29/13 28/30/13 27/31/13
f 27/31/14 30/32/14 29/33/14
f 22/34/15 14/35/15 6/36/15
f 29/33/16 32/37/16 31/38/16
f 31/38/17 2/39/17 1/1/17
f 15/40/18 23/41/18 31/42/18
f 34/43/19 35/44/19 33/45/19
f 36/46/20 37/47/20 35/44/20
f 38/48/21 39/49/21 37/47/21
f 40/50/22 41/51/22 39/49/22
f 41/52/23 44/53/23 43/54/23
f 43/54/24 46/55/24 45/56/24
f 45/56/25 48/57/25 47/58/25
f 47/58/26 50/59/26 49/60/26
f 49/61/27 52/62/27 51/63/27
f 51/63/28 54/64/28 53/65/28
f 53/65/29 56/66/29 55/67/29
f 55/67/30 58/68/30 57/69/30
f 58/70/31 59/71/31 57/72/31
f 60/73/32 61/74/32 59/71/32
f 54/75/33 46/76/33 38/77/33
f 62/78/34 63/79/34 61/74/34
f 64/80/35 33/81/35 63/79/35
f 47/82/36 55/83/36 63/84/36
f 66/85/37 67/86/37 65/87/37
f 68/88/38 69/89/38 67/90/38
f 70/91/39 71/92/39 69/89/39
f 72/93/40 73/94/40 71/92/40
f 74/95/41 75/96/41 73/94/41
f 76/97/42 77/98/42 75/96/42
f 78/99/43 79/100/43 77/98/43
f 80/101/44 81/102/44 79/100/44
f 81/102/45 84/103/45 83/104/45
f 83/105/46 86/106/46 85/107/46
f 85/107/47 88/108/47 87/109/47
f 87/109/48 90/110/48 89/111/48
f 89/111/49 92/112/49 91/113/49
f 91/113/50 94/114/50 93/115/50
f 93/115/51 96/116/51 95/117/51
f 95/117/52 98/118/52 97/119/52
f 97/119/53 100/120/53 99/121/53
f 99/122/54 102/123/54 101/124/54
f 101/124/55 104/125/55 103/126/55
f 103/126/56 106/127/56 105/128/56
f 105/128/57 108/129/57 107/130/57
f 107/130/58 110/131/58 109/132/58
f 109/132/59 112/133/59 111/134/59
f 111/134/60 114/135/60 113/136/60
f 114/135/61 115/137/61 113/136/61
f 116/138/62 117/139/62 115/140/62
f 118/141/63 119/142/63 117/139/63
f 120/143/64 121/144/64 119/142/64
f 122/145/65 123/146/65 121/144/65
f 124/147/66 125/148/66 123/146/66
f 102/149/33 86/150/33 70/151/33
f 126/152/67 127/153/67 125/148/67
f 128/154/68 65/87/68 127/153/68
f 95/155/36 111/156/36 127/157/36
f 130/158/69 131/159/69 129/160/69
f 131/161/70 134/162/70 133/163/70
f 133/163/71 136/164/71 135/165/71
f 135/165/72 138/166/72 137/167/72
f 137/167/73 140/168/73 139/169/73
f 139/170/74 142/171/74 141/172/74
f 141/172/75 144/173/75 143/174/75
f 143/174/76 146/175/76 145/176/76
f 145/177/77 148/178/77 147/179/77
f 148/180/78 149/181/78 147/182/78
f 150/183/79 151/184/79 149/181/79
f 152/185/80 153/186/80 151/184/80
f 154/187/81 155/188/81 153/186/81
f 156/189/82 157/190/82 155/191/82
f 150/192/83 142/193/83 134/194/83
f 158/195/84 159/196/84 157/190/84
f 160/197/85 129/198/85 159/196/85
f 143/199/86 151/200/86 159/201/86
f 162/202/87 163/203/87 161/204/87
f 164/205/88 165/206/88 163/207/88
f 166/208/89 167/209/89 165/206/89
f 168/210/90 169/211/90 167/209/90
f 169/212/91 172/213/91 171/214/91
f 171/214/92 174/215/92 173/216/92
f 173/216/93 176/217/93 175/218/93
f 175/218/94 178/219/94 177/220/94
f 177/220/95 180/221/95 179/222/95
f 179/223/96 182/224/96 181/225/96
f 181/225/97 184/226/97 183/227/97
f 183/227/98 186/228/98 185/229/98
f 186/230/99 187/231/99 185/232/99
f 188/233/100 189/234/100 187/231/100
f 182/235/101 174/236/101 166/237/101
f 190/238/102 191/239/102 189/234/102
f 192/240/103 161/204/103 191/239/103
f 175/241/104 183/242/104 191/243/104
f 194/244/105 195/245/105 193/246/105
f 196/247/106 197/248/106 195/249/106
f 198/250/107 199/251/107 197/248/107
f 200/252/108 201/253/108 199/251/108
f 202/254/109 203/255/109 201/256/109
f 204/257/110 205/258/110 203/255/110
f 206/259/111 207/260/111 205/258/111
f 208/261/112 209/262/112 207/260/112
f 209/262/113 212/263/113 211/264/113
f 211/265/114 214/266/114 213/267/114
f 213/267/115 216/268/115 215/269/115
f 215/269/116 218/270/116 217/271/116
f 217/272/117 220/273/117 219/274/117
f 219/274/118 222/275/118 221/276/118
f 214/277/119 206/278/119 198/279/119
f 221/276/120 224/280/120 223/281/120
f 223/281/121 194/244/121 193/246/121
f 207/282/122 215/283/122 223/284/122
f 225/285/123 228/286/123 227/287/123
f 227/287/124 230/288/124 229/289/124
f 229/289/125 232/290/125 231/291/125
f 231/291/126 234/292/126 233/293/126
f 233/293/127 236/294/127 235/295/127
f 235/296/128 238/297/128 237/298/128
f 237/298/129 240/299/129 239/300/129
f 239/300/130 242/301/130 241/302/130
f 242/303/131 243/304/131 241/305/131
f 244/306/132 245/307/132 243/304/132
f 246/308/133 247/309/133 245/307/133
f 248/310/134 249/311/134 247/309/134
f 250/312/135 251/313/135 249/311/135
f 252/314/136 253/315/136 251/316/136
f 246/317/137 238/318/137 230/319/137
f 254/320/138 255/321/138 253/315/138
f 256/322/139 225/323/139 255/321/139
f 239/324/140 247/325/140 255/326/140
f 258/327/141 259/328/141 257/329/141
f 260/330/142 261/331/142 259/328/142
f 262/332/143 263/333/143 261/331/143
f 263/333/144 266/334/144 265/335/144
f 265/336/145 268/337/145 267/338/145
f 267/338/146 270/339/146 269/340/146
f 269/340/147 272/341/147 271/342/147
f 271/342/148 274/343/148 273/344/148
f 273/345/149 276/346/149 275/347/149
f 275/347/150 278/348/150 277/349/150
f 277/349/151 280/350/151 279/351/151
f 280/350/152 281/352/152 279/351/152
f 282/353/153 283/354/153 281/355/153
f 284/356/154 285/357/154 283/354/154
f 278/348/155 270/358/155 262/359/155
f 286/360/156 287/361/156 285/357/156
f 288/362/157 257/363/157 287/361/157
f 271/364/158 279/365/158 287/366/158
f 290/367/159 291/368/159 289/369/159
f 292/370/160 293/371/160 291/368/160
f 294/372/161 295/373/161 293/371/161
f 296/374/162 297/375/162 295/373/162
f 298/376/163 299/377/163 297/378/163
f 299/377/164 302/379/164 301/380/164
f 301/381/165 304/382/165 303/383/165
f 303/383/166 306/384/166 305/385/166
f 305/386/167 308/387/167 307/388/167
f 307/388/168 310/389/168 309/390/168
f 309/390/169 312/391/169 311/392/169
f 311/392/170 314/393/170 313/394/170
f 313/395/171 316/396/171 315/397/171
f 316/396/172 317/398/172 315/397/172
f 310/399/173 302/400/173 294/401/173
f 318/402/174 319/403/174 317/404/174
f 320/405/175 289/406/175 319/403/175
f 303/407/176 311/408/176 319/409/176
f 321/410/177 324/411/177 323/412/177
f 323/412/178 326/413/178 325/414/178
f 325/414/179 328/415/179 327/416/179
f 327/416/180 330/417/180 329/418/180
f 329/419/181 332/420/181 331/421/181
f 331/422/182 334/423/182 333/424/182
f 334/423/183 335/425/183 333/424/183
f 336/426/184 337/427/184 335/425/184
f 338/428/185 339/429/185 337/430/185
f 340/431/186 341/432/186 339/429/186
f 342/433/187 343/434/187 341/432/187
f 344/435/188 345/436/188 343/434/188
f 346/437/189 347/438/189 345/439/189
f 348/440/190 349/441/190 347/442/190
f 342/443/191 334/444/191 326/445/191
f 349/441/192 352/446/192 351/447/192
f 351/447/193 322/448/193 321/449/193
f 335/450/194 343/451/194 351/452/194
f 354/453/195 355/454/195 353/455/195
f 355/454/196 358/456/196 357/457/196
f 357/457/197 360/458/197 359/459/197
f 359/459/198 362/460/198 361/461/198
f 361/461/199 364/462/199 363/463/199
f 363/464/200 366/465/200 365/466/200
f 365/466/201 368/467/201 367/468/201
f 367/468/202 370/469/202 369/470/202
f 369/471/203 372/472/203 371/473/203
f 372/472/204 373/474/204 371/473/204
f 374/475/205 375/476/205 373/474/205
f 376/477/206 377/478/206 375/476/206
f 378/479/207 379/480/207 377/478/207
f 380/481/208 381/482/208 379/483/208
f 374/484/209 366/485/209 358/486/209
f 382/487/210 383/488/210 381/482/210
f 384/489/211 353/490/211 383/488/211
f 367/491/212 375/492/212 383/493/212
f 385/494/213 388/495/213 387/496/213
f 388/497/214 389/498/214 387/499/214
f 390/500/215 391/501/215 389/498/215
f 392/502/216 393/503/216 391/501/216
f 394/504/217 395/505/217 393/506/217
f 396/507/218 397/508/218 395/505/218
f 398/509/219 399/510/219 397/508/219
f 400/511/220 401/512/220 399/510/220
f 402/513/221 403/514/221 401/512/221
f 403/515/222 406/516/222 405/517/222
f 405/517/223 408/518/223 407/519/223
f 407/519/224 410/520/224 409/521/224
f 409/522/225 412/523/225 411/524/225
f 411/524/226 414/525/226 413/526/226
f 406/527/227 398/528/227 390/529/227
f 413/526/228 416/530/228 415/531/228
f 415/531/229 386/532/229 385/494/229
f 399/533/230 407/534/230 415/535/230
f 417/536/231 420/537/231 419/538/231
f 419/539/232 422/540/232 421/541/232
f 421/542/233 424/543/233 423/544/233
f 423/544/234 426/545/234 425/546/234
f 426/545/235 427/547/235 425/546/235
f 428/548/236 429/549/236 427/547/236
f 430/550/237 431/551/237 429/552/237
f 432/553/238 433/554/238 431/551/238
f 434/555/239 435/556/239 433/554/239
f 436/557/240 437/558/240 435/559/240
f 438/560/241 439/561/241 437/562/241
f 440/563/242 441/564/242 439/561/242
f 441/564/243 444/565/243 443/566/243
f 443/566/244 446/567/244 445/568/244
f 438/569/245 430/570/245 422/571/245
f 445/572/246 448/573/246 447/574/246
f 447/574/247 418/575/247 417/536/247
f 431/576/248 439/577/248 447/578/248
f 449/579/249 452/580/249 451/581/249
f 451/582/250 454/583/250 453/584/250
f 453/584/251 456/585/251 455/586/251
f 455/586/252 458/587/252 457/588/252
f 457/589/253 460/590/253 459/591/253
f 459/591/254 462/592/254 461/593/254
f 461/593/255 464/594/255 463/595/255
f 464/594/256 465/596/256 463/595/256
f 466/597/257 467/598/257 465/596/257
f 468/599/258 469/600/258 467/601/258
f 470/602/259 471/603/259 469/600/259
f 472/604/260 473/605/260 471/603/260
f 474/606/261 475/607/261 473/608/261
f 476/609/262 477/610/262 475/607/262
f 470/611/263 462/612/263 454/613/263
f 478/614/264 479/615/264 477/610/264
f 479/615/265 450/616/265 449/579/265
f 463/617/266 471/618/266 479/619/266
f 481/620/267 484/621/267 483/622/267
f 483/623/268 486/624/268 485/625/268
f 485/625/269 488/626/269 487/627/269
f 487/627/270 490/628/270 489/629/270
f 489/629/271 492/630/271 491/631/271
f 491/632/272 494/633/272 493/634/272
f 493/634/273 496/635/273 495/636/273
f 495/636/274 498/637/274 497/638/274
f 498/637/275 499/639/275 497/638/275
f 500/640/276 501/641/276 499/642/276
f 502/643/277 503/644/277 501/641/277
f 504/645/278 505/646/278 503/644/278
f 506/647/279 507/648/279 505/646/279
f 508/649/280 509/650/280 507/651/280
f 502/652/281 494/653/281 486/654/281
f 510/655/282 511/656/282 509/650/282
f 512/657/283 481/620/283 511/656/283
f 495/658/284 503/659/284 511/660/284
f 514/661/285 515/662/285 513/663/285
f 516/664/286 517/665/286 515/662/286
f 517/666/287 520/667/287 519/668/287
f 519/668/288 522/669/288 521/670/288
f 521/671/289 524/672/289 523/673/289
f 523/673/290 526/674/290 525/675/290
f 525/675/291 528/676/291 527/677/291
f 527/677/292 530/678/292 529/679/292
f 529/680/293 532/681/293 531/682/293
f 531/682/294 534/683/294 533/684/294
f 534/685/295 535/686/295 533/687/295
f 536/688/296 537/689/296 535/686/296
f 538/690/297 539/691/297 537/692/297
f 540/693/298 541/694/298 539/691/298
f 534/683/299 526/695/299 518/696/299
f 542/697/300 543/698/300 541/694/300
f 544/699/301 513/700/301 543/698/301
f 527/701/302 535/702/302 543/703/302
f 545/704/303 548/705/303 547/706/303
f 547/706/304 550/707/304 549/708/304
f 549/708/305 552/709/305 551/710/305
f 551/710/306 554/711/306 553/712/306
f 553/713/307 556/714/307 555/715/307
f 555/715/308 558/716/308 557/717/308
f 558/716/309 559/718/309 557/717/309
f 560/719/310 561/720/310 559/718/310
f 562/721/311 563/722/311 561/723/311
f 564/724/312 565/725/312 563/722/312
f 566/726/313 567/727/313 565/725/313
f 568/728/314 569/729/314 567/727/314
f 570/730/315 571/731/315 569/732/315
f 572/733/316 573/734/316 571/731/316
f 566/735/317 558/716/317 550/736/317
f 573/734/318 576/737/318 575/738/318
f 575/738/319 546/739/319 545/740/319
f 559/741/320 567/742/320 575/738/320
f 577/743/321 580/744/321 579/745/321
f 579/746/322 582/747/322 581/748/322
f 581/748/323 584/749/323 583/750/323
f 583/750/324 586/751/324 585/752/324
f 585/753/325 588/754/325 587/755/325
f 588/754/326 589/756/326 587/755/326
f 590/757/327 591/758/327 589/756/327
f 592/759/328 593/760/328 591/758/328
f 594/761/329 595/762/329 593/760/329
f 596/763/330 597/764/330 595/765/330
f 598/766/331 599/767/331 597/764/331
f 600/768/332 601/769/332 599/767/332
f 602/770/333 603/771/333 601/772/333
f 603/771/334 606/773/334 605/774/334
f 598/775/335 590/776/335 582/777/335
f 605/774/336 608/778/336 607/779/336
f 607/779/337 578/780/337 577/743/337
f 591/781/338 599/782/338 607/783/338
f 609/784/339 612/785/339 611/786/339
f 612/785/340 613/787/340 611/786/340
f 614/788/341 615/789/341 613/787/341
f 616/790/342 617/791/342 615/792/342
f 618/793/343 619/794/343 617/795/343
f 620/796/344 621/797/344 619/794/344
f 622/798/345 623/799/345 621/800/345
f 624/801/346 625/802/346 623/799/346
f 626/803/347 627/804/347 625/802/347
f 627/804/348 630/805/348 629/806/348
f 629/806/349 632/807/349 631/808/349
f 631/809/350 634/810/350 633/811/350
f 633/812/351 636/813/351 635/814/351
f 635/814/352 638/815/352 637/816/352
f 630/817/353 622/818/353 614/819/353
f 637/820/354 640/821/354 639/822/354
f 639/822/355 610/823/355 609/784/355
f 623/824/356 631/825/356 639/826/356
f 642/827/357 643/828/357 641/829/357
f 644/830/358 645/831/358 643/828/358
f 645/831/359 648/832/359 647/833/359
f 647/833/360 650/834/360 649/835/360
f 649/836/361 652/837/361 651/838/361
f 651/838/362 654/839/362 653/840/362
f 653/840/363 656/841/363 655/842/363
f 655/842/364 658/843/364 657/844/364
f 657/845/365 660/846/365 659/847/365
f 659/847/366 662/848/366 661/849/366
f 662/848/367 663/850/367 661/849/367
f 664/851/368 665/852/368 663/850/368
f 666/853/369 667/854/369 665/855/369
f 668/856/370 669/857/370 667/854/370
f 662/858/371 654/859/371 646/860/371
f 670/861/372 671/862/372 669/857/372
f 672/863/373 641/864/373 671/862/373
f 655/865/374 663/866/374 671/867/374
f 674/868/375 675/869/375 673/870/375
f 676/871/376 677/872/376 675/873/376
f 678/874/377 679/875/377 677/872/377
f 680/876/378 681/877/378 679/878/378
f 681/877/379 684/879/379 683/880/379
f 683/881/380 686/882/380 685/883/380
f 685/883/381 688/884/381 687/885/381
f 687/885/382 690/886/382 689/887/382
f 689/887/383 692/888/383 691/889/383
f 691/890/384 694/891/384 693/892/384
f 693/892/385 696/893/385 695/894/385
f 695/895/386 698/896/386 697/897/386
f 698/896/387 699/898/387 697/897/387
f 700/899/388 701/900/388 699/901/388
f 694/902/389 686/903/389 678/904/389
f 702/905/390 703/906/390 701/900/390
f 704/907/391 673/870/391 703/906/391
f 687/908/392 695/909/392 703/910/392
f 706/911/393 707/912/393 705/913/393
f 707/914/394 710/915/394 709/916/394
f 709/916/395 712/917/395 711/918/395
f 711/918/396 714/919/396 713/920/396
f 713/920/397 716/921/397 715/922/397
f 715/923/398 718/924/398 717/925/398
f 717/925/399 720/926/399 719/927/399
f 719/927/400 722/928/400 721/929/400
f 721/930/401 724/931/401 723/932/401
f 724/933/402 725/934/402 723/935/402
f 726/936/403 727/937/403 725/934/403
f 728/938/404 729/939/404 727/937/404
f 730/940/405 731/941/405 729/939/405
f 732/942/406 733/943/406 731/944/406
f 726/945/407 718/946/407 710/947/407
f 734/948/408 735/949/408 733/943/408
f 736/950/409 705/951/409 735/949/409
f 719/952/410 727/953/410 735/954/410
f 738/955/411 739/956/411 737/957/411
f 740/958/412 741/959/412 739/956/412
f 741/959/413 744/960/413 743/961/413
f 743/962/414 746/963/414 745/964/414
f 745/964/415 748/965/415 747/966/415
f 747/966/416 750/967/416 749/968/416
f 749/969/417 752/970/417 751/971/417
f 751/971/418 754/972/418 753/973/418
f 753/973/419 756/974/419 755/975/419
f 755/975/420 758/976/420 757/977/420
f 758/976/421 759/978/421 757/977/421
f 760/979/422 761/980/422 759/981/422
f 762/982/423 763/983/423 761/980/423
f 764/984/424 765/985/424 763/983/424
f 758/986/425 750/987/425 742/988/425
f 766/989/426 767/990/426 765/991/426
f 768/992/427 737/957/427 767/990/427
f 751/993/428 759/994/428 767/995/428
f 769/996/429 772/997/429 771/998/429
f 771/999/430 774/1000/430 773/1001/430
f 774/1000/431 775/1002/431 773/1001/431
f 776/1003/432 777/1004/432 775/1002/432
f 778/1005/433 779/1006/433 777/1004/433
f 780/1007/434 781/1008/434 779/1009/434
f 782/1010/435 783/1011/435 781/1008/435
f 784/1012/436 785/1013/436 783/1011/436
f 786/1014/437 787/1015/437 785/1013/437
f 788/1016/438 789/1017/438 787/1018/438
f 789/1017/439 792/1019/439 791/1020/439
f 791/1020/440 794/1021/440 793/1022/440
f 793/1022/441 796/1023/441 795/1024/441
f 795/1025/442 798/1026/442 797/1027/442
f 790/1028/443 782/1029/443 774/1030/443
f 797/1027/444 800/1031/444 799/1032/444
f 799/1032/445 770/1033/445 769/996/445
f 783/1034/446 791/1035/446 799/1036/446
f 802/1037/447 803/1038/447 801/1039/447
f 804/1040/448 805/1041/448 803/1042/448
f 806/1043/449 807/1044/449 805/1041/449
f 808/1045/450 809/1046/450 807/1044/450
f 809/1047/451 812/1048/451 811/1049/451
f 811/1050/452 814/1051/452 813/1052/452
f 813/1052/453 816/1053/453 815/1054/453
f 815/1054/454 818/1055/454 817/1056/454
f 817/1056/455 820/1057/455 819/1058/455
f 819/1059/456 822/1060/456 821/1061/456
f 821/1061/457 824/1062/457 823/1063/457
f 823/1063/458 826/1064/458 825/1065/458
f 826/1066/459 827/1067/459 825/1068/459
f 828/1069/460 829/1070/460 827/1071/460
f 822/1072/461 814/1073/461 806/1074/461
f 830/1075/462 831/1076/462 829/1070/462
f 832/1077/463 801/1039/463 831/1076/463
f 815/1078/464 823/1079/464 831/1080/464
f 834/1081/465 835/1082/465 833/1083/465
f 836/1084/466 837/1085/466 835/1082/466
f 838/1086/467 839/1087/467 837/1085/467
f 840/1088/468 841/1089/468 839/1087/468
f 842/1090/469 843/1091/469 841/1089/469
f 844/1092/470 845/1093/470 843/1094/470
f 845/1093/471 848/1095/471 847/1096/471
f 847/1096/472 850/1097/472 849/1098/472
f 849/1099/473 852/1100/473 851/1101/473
f 851/1101/474 854/1102/474 853/1103/474
f 853/1103/475 856/1104/475 855/1105/475
f 855/1105/476 858/1106/476 857/1107/476
f 857/1107/477 860/1108/477 859/1109/477
f 859/1110/478 862/1111/478 861/1112/478
f 854/1113/479 846/1114/479 838/1115/479
f 862/1111/480 863/1116/480 861/1112/480
f 864/1117/481 833/1118/481 863/1116/481
f 847/1119/482 855/1120/482 863/1121/482
f 865/1122/483 868/1123/483 867/1124/483
f 867/1124/484 870/1125/484 869/1126/484
f 869/1126/485 872/1127/485 871/1128/485
f 871/1128/486 874/1129/486 873/1130/486
f 873/1130/487 876/1131/487 875/1132/487
f 876/1133/488 877/1134/488 875/1135/488
f 878/1136/489 879/1137/489 877/1134/489
f 880/1138/490 881/1139/490 879/1137/490
f 882/1140/491 883/1141/491 881/1142/491
f 884/1143/492 885/1144/492 883/1141/492
f 886/1145/493 887/1146/493 885/1144/493
f 888/1147/494 889/1148/494 887/1146/494
f 890/1149/495 891/1150/495 889/1148/495
f 891/1151/496 894/1152/496 893/1153/496
f 886/1154/497 878/1155/497 870/1156/497
f 893/1153/498 896/1157/498 895/1158/498
f 895/1158/499 866/1159/499 865/1160/499
f 879/1161/500 887/1162/500 895/1163/500
f 898/1164/501 899/1165/501 897/1166/501
f 900/1167/502 901/1168/502 899/1169/502
f 902/1170/503 903/1171/503 901/1168/503
f 903/1171/504 906/1172/504 905/1173/504
f 905/1174/505 908/1175/505 907/1176/505
f 907/1176/506 910/1177/506 909/1178/506
f 909/1178/507 912/1179/507 911/1180/507
f 911/1180/508 914/1181/508 913/1182/508
f 913/1182/509 916/1183/509 915/1184/509
f 915/1185/510 918/1186/510 917/1187/510
f 917/1187/511 920/1188/511 919/1189/511
f 920/1188/512 921/1190/512 919/1189/512
f 922/1191/513 923/1192/513 921/1193/513
f 924/1194/514 925/1195/514 923/1192/514
f 918/1196/515 910/1197/515 902/1198/515
f 926/1199/516 927/1200/516 925/1195/516
f 928/1201/517 897/1166/517 927/1200/517
f 911/1202/518 919/1203/518 927/1204/518
f 930/1205/519 931/1206/519 929/1207/519
f 932/1208/520 933/1209/520 931/1206/520
f 934/1210/521 935/1211/521 933/1209/521
f 936/1212/522 937/1213/522 935/1211/522
f 938/1214/523 939/1215/523 937/1216/523
f 939/1215/524 942/1217/524 941/1218/524
f 941/1218/525 944/1219/525 943/1220/525
f 943/1221/526 946/1222/526 945/1223/526
f 945/1224/527 948/1225/527 947/1226/527
f 947/1226/528 950/1227/528 949/1228/528
f 949/1228/529 952/1229/529 951/1230/529
f 951/1230/530 954/1231/530 953/1232/530
f 953/1233/531 956/1234/531 955/1235/531
f 956/1234/532 957/1236/532 955/1235/532
f 950/1237/533 942/1238/533 934/1239/533
f 958/1240/534 959/1241/534 957/1236/534
f 960/1242/535 929/1243/535 959/1244/535
f 943/1220/536 951/1245/536 959/1246/536
f 962/1247/537 963/1248/537 961/1249/537
f 964/1250/538 965/1251/538 963/1248/538
f 966/1252/539 967/1253/539 965/1254/539
f 968/1255/540 969/1256/540 967/1253/540
f 970/1257/541 971/1258/541 969/1259/541
f 972/1260/542 973/1261/542 971/1258/542
f 974/1262/543 975/1263/543 973/1261/543
f 976/1264/544 977/1265/544 975/1263/544
f 977/1266/545 980/1267/545 979/1268/545
f 979/1268/546 982/1269/546 981/1270/546
f 981/1271/547 984/1272/547 983/1273/547
f 983/1273/548 986/1274/548 985/1275/548
f 985/1276/549 988/1277/549 987/1278/549
f 987/1278/550 990/1279/550 989/1280/550
f 982/1281/551 974/1282/551 966/1283/551
f 989/1280/552 992/1284/552 991/1285/552
f 991/1285/553 962/1286/553 961/1287/553
f 975/1288/554 983/1289/554 991/1290/554
f 994/1291/555 995/1292/555 993/1293/555
f 996/1294/556 997/1295/556 995/1296/556
f 997/1295/557 1000/1297/557 999/1298/557
f 999/1298/558 1002/1299/558 1001/1300/558
f 1001/1301/559 1004/1302/559 1003/1303/559
f 1003/1303/560 1006/1304/560 1005/1305/560
f 1005/1305/561 1008/1306/561 1007/1307/561
f 1007/1307/562 1010/1308/562 1009/1309/562
f 1009/1310/563 1012/1311/563 1011/1312/563
f 1011/1313/564 1014/1314/564 1013/1315/564
f 1014/1314/565 1015/1316/565 1013/1315/565
f 1016/1317/566 1017/1318/566 1015/1316/566
f 1018/1319/567 1019/1320/567 1017/1321/567
f 1020/1322/568 1021/1323/568 1019/1320/568
f 1014/1324/569 1006/1325/569 998/1326/569
f 1022/1327/570 1023/1328/570 1021/1323/570
f 1024/1329/571 993/1330/571 1023/1328/571
f 1007/1331/572 1015/1332/572 1023/1333/572
f 1026/1334/573 1027/1335/573 1025/1336/573
f 1028/1337/574 1029/1338/574 1027/1339/574
f 1030/1340/575 1031/1341/575 1029/1338/575
f 1032/1342/576 1033/1343/576 1031/1341/576
f 1033/1344/577 1036/1345/577 1035/1346/577
f 1035/1346/578 1038/1347/578 1037/1348/578
f 1037/1348/579 1040/1349/579 1039/1350/579
f 1039/1350/580 1042/1351/580 1041/1352/580
f 1041/1352/581 1044/1353/581 1043/1354/581
f 1043/1355/582 1046/1356/582 1045/1357/582
f 1045/1357/583 1048/1358/583 1047/1359/583
f 1047/1359/584 1050/1360/584 1049/1361/584
f 1050/1362/585 1051/1363/585 1049/1364/585
f 1052/1365/586 1053/1366/586 1051/1363/586
f 1046/1367/587 1038/1368/587 1030/1369/587
f 1054/1370/588 1055/1371/588 1053/1366/588
f 1056/1372/589 1025/1336/589 1055/1371/589
f 1039/1373/590 1047/1374/590 1055/1375/590
f 1057/1376/591 1060/1377/591 1059/1378/591
f 1059/1378/592 1062/1379/592 1061/1380/592
f 1061/1380/593 1064/1381/593 1063/1382/593
f 1063/1382/594 1066/1383/594 1065/1384/594
f 1065/1384/595 1068/1385/595 1067/1386/595
f 1067/1387/596 1070/1388/596 1069/1389/596
f 1069/1389/597 1072/1390/597 1071/1391/597
f 1071/1391/598 1074/1392/598 1073/1393/598
f 1074/1394/599 1075/1395/599 1073/1396/599
f 1076/1397/600 1077/1398/600 1075/1395/600
f 1078/1399/601 1079/1400/601 1077/1398/601
f 1080/1401/602 1081/1402/602 1079/1400/602
f 1082/1403/603 1083/1404/603 1081/1402/603
f 1084/1405/604 1085/1406/604 1083/1407/604
f 1078/1408/605 1070/1409/605 1062/1410/605
f 1086/1411/606 1087/1412/606 1085/1406/606
f 1088/1413/607 1057/1414/607 1087/1412/607
f 1071/1415/608 1079/1416/608 1087/1417/608
f 1090/1418/609 1091/1419/609 1089/1420/609
f 1091/1419/610 1094/1421/610 1093/1422/610
f 1093/1423/611 1096/1424/611 1095/1425/611
f 1095/1425/612 1098/1426/612 1097/1427/612
f 1097/1427/613 1100/1428/613 1099/1429/613
f 1099/1430/614 1102/1431/614 1101/1432/614
f 1101/1433/615 1104/1434/615 1103/1435/615
f 1103/1435/616 1106/1436/616 1105/1437/616
f 1105/1437/617 1108/1438/617 1107/1439/617
f 1108/1438/618 1109/1440/618 1107/1439/618
f 1110/1441/619 1111/1442/619 1109/1443/619
f 1112/1444/620 1113/1445/620 1111/1442/620
f 1114/1446/621 1115/1447/621 1113/1445/621
f 1116/1448/622 1117/1449/622 1115/1450/622
f 1110/1451/623 1102/1452/623 1094/1453/623
f 1118/1454/624 1119/1455/624 1117/1456/624
f 1120/1457/625 1089/1420/625 1119/1455/625
f 1103/1458/626 1111/1459/626 1119/1460/626
f 1122/1461/627 1123/1462/627 1121/1463/627
f 1124/1464/628 1125/1465/628 1123/1462/628
f 1126/1466/629 1127/1467/629 1125/1465/629
f 1127/1467/630 1130/1468/630 1129/1469/630
f 1129/1469/631 1132/1470/631 1131/1471/631
f 1131/1472/632 1134/1473/632 1133/1474/632
f 1133/1474/633 1136/1475/633 1135/1476/633
f 1135/1476/634 1138/1477/634 1137/1478/634
f 1137/1479/635 1140/1480/635 1139/1481/635
f 1139/1481/636 1142/1482/636 1141/1483/636
f 1141/1483/637 1144/1484/637 1143/1485/637
f 1144/1484/638 1145/1486/638 1143/1485/638
f 1146/1487/639 1147/1488/639 1145/1486/639
f 1148/1489/640 1149/1490/640 1147/1491/640
f 1142/1492/641 1134/1493/641 1126/1494/641
f 1150/1495/642 1151/1496/642 1149/1490/642
f 1152/1497/643 1121/1498/643 1151/1496/643
f 1135/1499/644 1143/1500/644 1151/1501/644
f 1154/1502/645 1155/1503/645 1153/1504/645
f 1156/1505/646 1157/1506/646 1155/1507/646
f 1158/1508/647 1159/1509/647 1157/1506/647
f 1160/1510/648 1161/1511/648 1159/1509/648
f 1161/1511/649 1164/1512/649 1163/1513/649
f 1163/1514/650 1166/1515/650 1165/1516/650
f 1165/1516/651 1168/1517/651 1167/1518/651
f 1167/1518/652 1170/1519/652 1169/1520/652
f 1169/1520/653 1172/1521/653 1171/1522/653
f 1171/1523/654 1174/1524/654 1173/1525/654
f 1173/1525/655 1176/1526/655 1175/1527/655
f 1175/1527/656 1178/1528/656 1177/1529/656
f 1178/1528/657 1179/1530/657 1177/1529/657
f 1180/1531/658 1181/1532/658 1179/1533/658
f 1174/1534/659 1166/1535/659 1158/1536/659
f 1182/1537/660 1183/1538/660 1181/1532/660
f 1184/1539/661 1153/1504/661 1183/1538/661
f 1167/1540/662 1175/1541/662 1183/1542/662
f 1186/1543/663 1187/1544/663 1185/1545/663
f 1188/1546/664 1189/1547/664 1187/1544/664
f 1190/1548/665 1191/1549/665 1189/1547/665
f 1192/1550/666 1193/1551/666 1191/1549/666
f 1194/1552/667 1195/1553/667 1193/1554/667
f 1195/1553/668 1198/1555/668 1197/1556/668
f 1197/1557/669 1200/1558/669 1199/1559/669
f 1199/1559/670 1202/1560/670 1201/1561/670
f 1201/1562/671 1204/1563/671 1203/1564/671
f 1203/1564/672 1206/1565/672 1205/1566/672
f 1205/1566/673 1208/1567/673 1207/1568/673
f 1207/1568/674 1210/1569/674 1209/1570/674
f 1209/1571/675 1212/1572/675 1211/1573/675
f 1212/1572/676 1213/1574/676 1211/1573/676
f 1206/1575/677 1198/1576/677 1190/1577/677
f 1214/1578/678 1215/1579/678 1213/1580/678
f 1216/1581/679 1185/1582/679 1215/1579/679
f 1199/1583/680 1207/1584/680 1215/1585/680
f 1218/1586/681 1219/1587/681 1217/1588/681
f 1220/1589/682 1221/1590/682 1219/1587/682
f 1221/1590/683 1224/1591/683 1223/1592/683
f 1223/1592/684 1226/1593/684 1225/1594/684
f 1225/1595/685 1228/1596/685 1227/1597/685
f 1227/1597/686 1230/1598/686 1229/1599/686
f 1229/1599/687 1232/1600/687 1231/1601/687
f 1231/1601/688 1234/1602/688 1233/1603/688
f 1233/1604/689 1236/1605/689 1235/1606/689
f 1235/1606/690 1238/1607/690 1237/1608/690
f 1238/1607/691 1239/1609/691 1237/1608/691
f 1240/1610/692 1241/1611/692 1239/1609/692
f 1242/1612/693 1243/1613/693 1241/1614/693
f 1244/1615/694 1245/1616/694 1243/1613/694
f 1238/1607/695 1230/1617/695 1222/1618/695
f 1246/1619/696 1247/1620/696 1245/1616/696
f 1248/1621/697 1217/1622/697 1247/1620/697
f 1231/1623/698 1239/1624/698 1247/1625/698
f 1249/1626/699 1252/1627/699 1251/1628/699
f 1251/1628/700 1254/1629/700 1253/1630/700
f 1254/1629/701 1255/1631/701 1253/1630/701
f 1256/1632/702 1257/1633/702 1255/1631/702
f 1258/1634/703 1259/1635/703 1257/1633/703
f 1260/1636/704 1261/1637/704 1259/1638/704
f 1262/1639/705 1263/1640/705 1261/1637/705
f 1264/1641/706 1265/1642/706 1263/1640/706
f 1266/1643/707 1267/1644/707 1265/1645/707
f 1268/1646/708 1269/1647/708 1267/1644/708
f 1269/1647/709 1272/1648/709 1271/1649/709
f 1271/1649/710 1274/1650/710 1273/1651/710
f 1273/1651/711 1276/1652/711 1275/1653/711
f 1275/1654/712 1278/1655/712 1277/1656/712
f 1270/1657/713 1262/1658/713 1254/1659/713
f 1277/1656/714 1280/1660/714 1279/1661/714
f 1279/1661/715 1250/1662/715 1249/1663/715
f 1263/1664/716 1271/1665/716 1279/1666/716
f 1281/1667/717 1284/1668/717 1283/1669/717
f 1283/1669/718 1286/1670/718 1285/1671/718
f 1285/1672/719 1288/1673/719 1287/1674/719
f 1287/1674/720 1290/1675/720 1289/1676/720
f 1290/1675/721 1291/1677/721 1289/1676/721
f 1292/1678/722 1293/1679/722 1291/1677/722
f 1294/1680/723 1295/1681/723 1293/1679/723
f 1296/1682/724 1297/1683/724 1295/1684/724
f 1298/1685/725 1299/1686/725 1297/1687/725
f 1300/1688/726 1301/1689/726 1299/1686/726
f 1302/1690/727 1303/1691/727 1301/1692/727
f 1304/1693/728 1305/1694/728 1303/1691/728
f 1305/1694/729 1308/1695/729 1307/1696/729
f 1307/1696/730 1310/1697/730 1309/1698/730
f 1302/1699/731 1294/1700/731 1286/1701/731
f 1309/1698/732 1312/1702/732 1311/1703/732
f 1311/1704/733 1282/1705/733 1281/1706/733
f 1295/1684/734 1303/1707/734 1311/1708/734
f 1314/1709/735 1315/1710/735 1313/1711/735
f 1316/1712/736 1317/1713/736 1315/1710/736
f 1318/1714/737 1319/1715/737 1317/1713/737
f 1320/1716/738 1321/1717/738 1319/1715/738
f 1322/1718/739 1323/1719/739 1321/1720/739
f 1323/1719/740 1326/1721/740 1325/1722/740
f 1325/1722/741 1328/1723/741 1327/1724/741
f 1327/1724/742 1330/1725/742 1329/1726/742
f 1329/1727/743 1332/1728/743 1331/1729/743
f 1331/1729/744 1334/1730/744 1333/1731/744
f 1333/1731/745 1336/1732/745 1335/1733/745
f 1335/1733/746 1338/1734/746 1337/1735/746
f 1337/1736/747 1340/1737/747 1339/1738/747
f 1340/1737/748 1341/1739/748 1339/1738/748
f 1334/1740/749 1326/1741/749 1318/1742/749
f 1342/1743/750 1343/1744/750 1341/1739/750
f 1344/1745/751 1313/1746/751 1343/1744/751
f 1327/1747/752 1335/1748/752 1343/1749/752
f 1346/1750/753 1347/1751/753 1345/1752/753
f 1348/1753/754 1349/1754/754 1347/1755/754
f 1350/1756/755 1351/1757/755 1349/1754/755
f 1352/1758/756 1353/1759/756 1351/1757/756
f 1354/1760/757 1355/1761/757 1353/1759/757
f 1356/1762/758 1357/1763/758 1355/1764/758
f 1358/1765/759 1359/1766/759 1357/1763/759
f 1359/1766/760 1362/1767/760 1361/1768/760
f 1361/1769/761 1364/1770/761 1363/1771/761
f 1363/1772/762 1366/1773/762 1365/1774/762
f 1365/1774/763 1368/1775/763 1367/1776/763
f 1367/1776/764 1370/1777/764 1369/1778/764
f 1369/1778/765 1372/1779/765 1371/1780/765
f 1371/1781/766 1374/1782/766 1373/1783/766
f 1366/1784/767 1358/1785/767 1350/1786/767
f 1373/1783/768 1376/1787/768 1375/1788/768
f 1376/1787/769 1345/1789/769 1375/1788/769
f 1359/1790/770 1367/1791/770 1375/1792/770
f 1378/1793/771 1379/1794/771 1377/1795/771
f 1380/1796/772 1381/1797/772 1379/1798/772
f 1382/1799/773 1383/1800/773 1381/1797/773
f 1384/1801/774 1385/1802/774 1383/1800/774
f 1385/1803/775 1388/1804/775 1387/1805/775
f 1387/1806/776 1390/1807/776 1389/1808/776
f 1389/1808/777 1392/1809/777 1391/1810/777
f 1391/1810/778 1394/1811/778 1393/1812/778
f 1393/1812/779 1396/1813/779 1395/1814/779
f 1395/1815/780 1398/1816/780 1397/1817/780
f 1397/1817/781 1400/1818/781 1399/1819/781
f 1399/1819/782 1402/1820/782 1401/1821/782
f 1402/1822/783 1403/1823/783 1401/1824/783
f 1404/1825/784 1405/1826/784 1403/1827/784
f 1398/1828/785 1390/1829/785 1382/1830/785
f 1406/1831/786 1407/1832/786 1405/1826/786
f 1408/1833/787 1377/1795/787 1407/1832/787
f 1391/1834/788 1399/1835/788 1407/1836/788
f 1409/1837/789 1412/1838/789 1411/1839/789
f 1411/1839/790 1414/1840/790 1413/1841/790
f 1413/1842/791 1416/1843/791 1415/1844/791
f 1415/1844/792 1418/1845/792 1417/1846/792
f 1417/1846/793 1420/1847/793 1419/1848/793
f 1420/1847/794 1421/1849/794 1419/1848/794
f 1422/1850/795 1423/1851/795 1421/1849/795
f 1424/1852/796 1425/1853/796 1423/1854/796
f 1426/1855/797 1427/1856/797 1425/1853/797
f 1428/1857/798 1429/1858/798 1427/1856/798
f 1430/1859/799 1431/1860/799 1429/1861/799
f 1432/1862/800 1433/1863/800 1431/1860/800
f 1434/1864/801 1435/1865/801 1433/1863/801
f 1435/1865/802 1438/1866/802 1437/1867/802
f 1430/1868/803 1422/1869/803 1414/1870/803
f 1437/1867/804 1440/1871/804 1439/1872/804
f 1439/1873/805 1410/1874/805 1409/1837/805
f 1423/1875/806 1431/1876/806 1439/1877/806
f 1442/1878/807 1443/1879/807 1441/1880/807
f 1444/1881/808 1445/1882/808 1443/1883/808
f 1446/1884/809 1447/1885/809 1445/1882/809
f 1448/1886/810 1449/1887/810 1447/1885/810
f 1449/1887/811 1452/1888/811 1451/1889/811
f 1451/1890/812 1454/1891/812 1453/1892/812
f 1453/1892/813 1456/1893/813 1455/1894/813
f 1455/1894/814 1458/1895/814 1457/1896/814
f 1457/1896/815 1460/1897/815 1459/1898/815
f 1459/1899/816 1462/1900/816 1461/1901/816
f 1461/1901/817 1464/1902/817 1463/1903/817
f 1463/1903/818 1466/1904/818 1465/1905/818
f 1466/1904/819 1467/1906/819 1465/1905/819
f 1468/1907/820 1469/1908/820 1467/1909/820
f 1462/1910/821 1454/1911/821 1446/1912/821
f 1470/1913/822 1471/1914/822 1469/1908/822
f 1472/1915/823 1441/1880/823 1471/1914/823
f 1455/1916/824 1463/1917/824 1471/1918/824
f 1474/1919/825 1475/1920/825 1473/1921/825
f 1476/1922/826 1477/1923/826 1475/1924/826
f 1478/1925/827 1479/1926/827 1477/1923/827
f 1480/1927/828 1481/1928/828 1479/1926/828
f 1482/1929/829 1483/1930/829 1481/1928/829
f 1484/1931/830 1485/1932/830 1483/1933/830
f 1486/1934/831 1487/1935/831 1485/1932/831
f 1487/1935/832 1490/1936/832 1489/1937/832
f 1489/1938/833 1492/1939/833 1491/1940/833
f 1491/1941/834 1494/1942/834 1493/1943/834
f 1493/1943/835 1496/1944/835 1495/1945/835
f 1495/1945/836 1498/1946/836 1497/1947/836
f 1497/1947/837 1500/1948/837 1499/1949/837
f 1499/1950/838 1502/1951/838 1501/1952/838
f 1494/1953/839 1486/1954/839 1478/1955/839
f 1501/1952/840 1504/1956/840 1503/1957/840
f 1504/1956/841 1473/1958/841 1503/1957/841
f 1487/1959/842 1495/1960/842 1503/1961/842
f 1505/1962/843 1508/1963/843 1507/1964/843
f 1508/1965/844 1509/1966/844 1507/1967/844
f 1510/1968/845 1511/1969/845 1509/1966/845
f 1512/1970/846 1513/1971/846 1511/1969/846
f 1514/1972/847 1515/1973/847 1513/1974/847
f 1516/1975/848 1517/1976/848 1515/1973/848
f 1518/1977/849 1519/1978/849 1517/1976/849
f 1520/1979/850 1521/1980/850 1519/1978/850
f 1522/1981/851 1523/1982/851 1521/1980/851
f 1523/1983/852 1526/1984/852 1525/1985/852
f 1525/1985/853 1528/1986/853 1527/1987/853
f 1527/1987/854 1530/1988/854 1529/1989/854
f 1529/1990/855 1532/1991/855 1531/1992/855
f 1531/1992/856 1534/1993/856 1533/1994/856
f 1526/1995/857 1518/1996/857 1510/1997/857
f 1533/1994/858 1536/1998/858 1535/1999/858
f 1535/1999/859 1506/2000/859 1505/1962/859
f 1519/2001/860 1527/2002/860 1535/2003/860
f 1538/2004/861 1539/2005/861 1537/2006/861
f 1540/2007/862 1541/2008/862 1539/2005/862
f 1541/2008/863 1544/2009/863 1543/2010/863
f 1543/2010/864 1546/2011/864 1545/2012/864
f 1545/2013/865 1548/2014/865 1547/2015/865
f 1547/2015/866 1550/2016/866 1549/2017/866
f 1549/2017/867 1552/2018/867 1551/2019/867
f 1551/2019/868 1554/2020/868 1553/2021/868
f 1553/2022/869 1556/2023/869 1555/2024/869
f 1555/2024/870 1558/2025/870 1557/2026/870
f 1558/2025/871 1559/2027/871 1557/2026/871
f 1560/2028/872 1561/2029/872 1559/2027/872
f 1562/2030/873 1563/2031/873 1561/2032/873
f 1564/2033/874 1565/2034/874 1563/2031/874
f 1558/2035/875 1550/2036/875 1542/2037/875
f 1566/2038/876 1567/2039/876 1565/2034/876
f 1568/2040/877 1537/2041/877 1567/2039/877
f 1551/2042/878 1559/2043/878 1567/2044/878
f 1570/2045/879 1571/2046/879 1569/2047/879
f 1572/2048/880 1573/2049/880 1571/2046/880
f 1574/2050/881 1575/2051/881 1573/2049/881
f 1576/2052/882 1577/2053/882 1575/2051/882
f 1578/2054/883 1579/2055/883 1577/2053/883
f 1579/2056/884 1582/2057/884 1581/2058/884
f 1581/2058/885 1584/2059/885 1583/2060/885
f 1583/2060/886 1586/2061/886 1585/2062/886
f 1585/2063/887 1588/2064/887 1587/2065/887
f 1587/2065/888 1590/2066/888 1589/2067/888
f 1589/2067/889 1592/2068/889 1591/2069/889
f 1591/2069/890 1594/2070/890 1593/2071/890
f 1593/2071/891 1596/2072/891 1595/2073/891
f 1596/2074/892 1597/2075/892 1595/2076/892
f 1590/2077/893 1582/2078/893 1574/2079/893
f 1598/2080/894 1599/2081/894 1597/2075/894
f 1600/2082/895 1569/2083/895 1599/2081/895
f 1583/2084/896 1591/2085/896 1599/2086/896
f 1601/2087/897 1604/2088/897 1603/2089/897
f 1603/2089/898 1606/2090/898 1605/2091/898
f 1606/2090/899 1607/2092/899 1605/2091/899
f 1608/2093/900 1609/2094/900 1607/2095/900
f 1610/2096/901 1611/2097/901 1609/2098/901
f 1612/2099/902 1613/2100/902 1611/2097/902
f 1614/2101/903 1615/2102/903 1613/2100/903
f 1616/2103/904 1617/2104/904 1615/2102/904
f 1618/2105/905 1619/2106/905 1617/2107/905
f 1620/2108/906 1621/2109/906 1619/2106/906
f 1621/2109/907 1624/2110/907 1623/2111/907
f 1623/2112/908 1626/2113/908 1625/2114/908
f 1625/2115/909 1628/2116/909 1627/2117/909
f 1627/2117/910 1630/2118/910 1629/2119/910
f 1622/2120/911 1614/2121/911 1606/2090/911
f 1629/2119/912 1632/2122/912 1631/2123/912
f 1631/2123/913 1602/2124/913 1601/2125/913
f 1615/2126/914 1623/2111/914 1631/2127/914
f 1633/2128/915 1636/2129/915 1635/2130/915
f 1635/2130/916 1638/2131/916 1637/2132/916
f 1637/2132/917 1640/2133/917 1639/2134/917
f 1639/2134/918 1642/2135/918 1641/2136/918
f 1641/2137/919 1644/2138/919 1643/2139/919
f 1643/2139/920 1646/2140/920 1645/2141/920
f 1646/2142/921 1647/2143/921 1645/2144/921
f 1648/2145/922 1649/2146/922 1647/2143/922
f 1650/2147/923 1651/2148/923 1649/2149/923
f 1652/2150/924 1653/2151/924 1651/2148/924
f 1654/2152/925 1655/2153/925 1653/2151/925
f 1656/2154/926 1657/2155/926 1655/2153/926
f 1658/2156/927 1659/2157/927 1657/2158/927
f 1660/2159/928 1661/2160/928 1659/2157/928
f 1654/2161/929 1646/2140/929 1638/2162/929
f 1661/2163/930 1664/2164/930 1663/2165/930
f 1663/2165/931 1634/2166/931 1633/2167/931
f 1647/2168/932 1655/2169/932 1663/2170/932
f 1666/2171/933 1667/2172/933 1665/2173/933
f 1668/2174/934 1669/2175/934 1667/2172/934
f 1670/2176/935 1671/2177/935 1669/2175/935
f 1672/2178/936 1673/2179/936 1671/2177/936
f 1674/2180/937 1675/2181/937 1673/2182/937
f 1675/2183/938 1678/2184/938 1677/2185/938
f 1677/2185/939 1680/2186/939 1679/2187/939
f 1679/2187/940 1682/2188/940 1681/2189/940
f 1681/2190/941 1684/2191/941 1683/2192/941
f 1683/2192/942 1686/2193/942 1685/2194/942
f 1685/2194/943 1688/2195/943 1687/2196/943
f 1687/2196/944 1690/2197/944 1689/2198/944
f 1689/2199/945 1692/2200/945 1691/2201/945
f 1692/2202/946 1693/2203/946 1691/2204/946
f 1686/2205/947 1678/2206/947 1670/2207/947
f 1694/2208/948 1695/2209/948 1693/2203/948
f 1696/2210/949 1665/2211/949 1695/2209/949
f 1679/2212/950 1687/2213/950 1695/2214/950
f 1698/2215/951 1699/2216/951 1697/2217/951
f 1700/2218/952 1701/2219/952 1699/2216/952
f 1702/2220/953 1703/2221/953 1701/2219/953
f 1704/2222/954 1705/2223/954 1703/2221/954
f 1706/2224/955 1707/2225/955 1705/2223/955
f 1708/2226/956 1709/2227/956 1707/2228/956
f 1710/2229/957 1711/2230/957 1709/2227/957
f 1711/2230/958 1714/2231/958 1713/2232/958
f 1713/2233/959 1716/2234/959 1715/2235/959
f 1715/2235/960 1718/2236/960 1717/2237/960
f 1717/2237/961 1720/2238/961 1719/2239/961
f 1719/2239/962 1722/2240/962 1721/2241/962
f 1721/2241/963 1724/2242/963 1723/2243/963
f 1723/2244/964 1726/2245/964 1725/2246/964
f 1718/2247/965 1710/2248/965 1702/2249/965
f 1725/2246/966 1728/2250/966 1727/2251/966
f 1728/2250/967 1697/2252/967 1727/2251/967
f 1711/2253/968 1719/2254/968 1727/2255/968
f 1730/2256/969 1731/2257/969 1729/2258/969
f 1732/2259/970 1733/2260/970 1731/2261/970
f 1734/2262/971 1735/2263/971 1733/2260/971
f 1735/2263/972 1738/2264/972 1737/2265/972
f 1737/2266/973 1740/2267/973 1739/2268/973
f 1739/2268/974 1742/2269/974 1741/2270/974
f 1741/2270/975 1744/2271/975 1743/2272/975
f 1743/2272/976 1746/2273/976 1745/2274/976
f 1745/2274/977 1748/2275/977 1747/2276/977
f 1747/2277/978 1750/2278/978 1749/2279/978
f 1749/2279/979 1752/2280/979 1751/2281/979
f 1752/2280/980 1753/2282/980 1751/2281/980
f 1754/2283/981 1755/2284/981 1753/2285/981
f 1756/2286/982 1757/2287/982 1755/2284/982
f 1750/2288/983 1742/2289/983 1734/2290/983
f 1758/2291/984 1759/2292/984 1757/2287/984
f 1760/2293/985 1729/2258/985 1759/2292/985
f 1743/2294/986 1751/2295/986 1759/2296/986
f 1762/2297/987 1763/2298/987 1761/2299/987
f 1764/2300/988 1765/2301/988 1763/2302/988
f 1766/2303/989 1767/2304/989 1765/2305/989
f 1768/2306/990 1769/2307/990 1767/2304/990
f 1769/2307/991 1772/2308/991 1771/2309/991
f 1771/2309/992 1774/2310/992 1773/2311/992
f 1773/2312/993 1776/2313/993 1775/2314/993
f 1775/2314/994 1778/2315/994 1777/2316/994
f 1777/2316/995 1780/2317/995 1779/2318/995
f 1779/2319/996 1782/2320/996 1781/2321/996
f 1781/2322/997 1784/2323/997 1783/2324/997
f 1783/2324/998 1786/2325/998 1785/2326/998
f 1786/2325/999 1787/2327/999 1785/2326/999
f 1788/2328/1000 1789/2329/1000 1787/2327/1000
f 1782/2330/1001 1774/2331/1001 1766/2332/1001
f 1790/2333/1002 1791/2334/1002 1789/2335/1002
f 1792/2336/1003 1761/2299/1003 1791/2334/1003
f 1775/2337/1004 1783/2338/1004 1791/2339/1004
f 1794/2340/1005 1795/2341/1005 1793/2342/1005
f 1796/2343/1006 1797/2344/1006 1795/2341/1006
f 1798/2345/1007 1799/2346/1007 1797/2344/1007
f 1800/2347/1008 1801/2348/1008 1799/2346/1008
f 1802/2349/1009 1803/2350/1009 1801/2351/1009
f 1804/2352/1010 1805/2353/1010 1803/2350/1010
f 1805/2353/1011 1808/2354/1011 1807/2355/1011
f 1807/2355/1012 1810/2356/1012 1809/2357/1012
f 1809/2358/1013 1812/2359/1013 1811/2360/1013
f 1811/2360/1014 1814/2361/1014 1813/2362/1014
f 1813/2362/1015 1816/2363/1015 1815/2364/1015
f 1815/2364/1016 1818/2365/1016 1817/2366/1016
f 1817/2367/1017 1820/2368/1017 1819/2369/1017
f 1819/2369/1018 1822/2370/1018 1821/2371/1018
f 1814/2372/1019 1806/2373/1019 1798/2374/1019
f 1822/2370/1020 1823/2375/1020 1821/2371/1020
f 1824/2376/1021 1793/2377/1021 1823/2375/1021
f 1807/2378/1022 1815/2379/1022 1823/2380/1022
f 1826/2381/1023 1827/2382/1023 1825/2383/1023
f 1828/2384/1024 1829/2385/1024 1827/2386/1024
f 1830/2387/1025 1831/2388/1025 1829/2385/1025
f 1832/2389/1026 1833/2390/1026 1831/2388/1026
f 1834/2391/1027 1835/2392/1027 1833/2390/1027
f 1836/2393/1028 1837/2394/1028 1835/2395/1028
f 1838/2396/1029 1839/2397/1029 1837/2394/1029
f 1839/2397/1030 1842/2398/1030 1841/2399/1030
f 1841/2399/1031 1844/2400/1031 1843/2401/1031
f 1843/2402/1032 1846/2403/1032 1845/2404/1032
f 1845/2404/1033 1848/2405/1033 1847/2406/1033
f 1847/2406/1034 1850/2407/1034 1849/2408/1034
f 1849/2408/1035 1852/2409/1035 1851/2410/1035
f 1851/2411/1036 1854/2412/1036 1853/2413/1036
f 1846/2414/1037 1838/2415/1037 1830/2416/1037
f 1853/2413/1038 1856/2417/1038 1855/2418/1038
f 1856/2417/1039 1825/2383/1039 1855/2418/1039
f 1839/2419/1040 1847/2420/1040 1855/2421/1040
f 1858/2422/1041 1859/2423/1041 1857/2424/1041
f 1860/2425/1042 1861/2426/1042 1859/2423/1042
f 1862/2427/1043 1863/2428/1043 1861/2429/1043
f 1864/2430/1044 1865/2431/1044 1863/2428/1044
f 1866/2432/1045 1867/2433/1045 1865/2434/1045
f 1868/2435/1046 1869/2436/1046 1867/2433/1046
f 1870/2437/1047 1871/2438/1047 1869/2436/1047
f 1872/2439/1048 1873/2440/1048 1871/2438/1048
f 1873/2441/1049 1876/2442/1049 1875/2443/1049
f 1875/2443/1050 1878/2444/1050 1877/2445/1050
f 1877/2446/1051 1880/2447/1051 1879/2448/1051
f 1879/2448/1052 1882/2449/1052 1881/2450/1052
f 1881/2451/1053 1884/2452/1053 1883/2453/1053
f 1883/2453/1054 1886/2454/1054 1885/2455/1054
f 1878/2456/1055 1870/2457/1055 1862/2458/1055
f 1885/2455/1056 1888/2459/1056 1887/2460/1056
f 1887/2460/1057 1858/2461/1057 1857/2462/1057
f 1871/2463/1058 1879/2464/1058 1887/2465/1058
f 1890/2466/1059 1891/2467/1059 1889/2468/1059
f 1892/2469/1060 1893/2470/1060 1891/2467/1060
f 1894/2471/1061 1895/2472/1061 1893/2470/1061
f 1896/2473/1062 1897/2474/1062 1895/2472/1062
f 1898/2475/1063 1899/2476/1063 1897/2477/1063
f 1899/2476/1064 1902/2478/1064 1901/2479/1064
f 1901/2479/1065 1904/2480/1065 1903/2481/1065
f 1903/2481/1066 1906/2482/1066 1905/2483/1066
f 1905/2484/1067 1908/2485/1067 1907/2486/1067
f 1907/2486/1068 1910/2487/1068 1909/2488/1068
f 1909/2488/1069 1912/2489/1069 1911/2490/1069
f 1911/2490/1070 1914/2491/1070 1913/2492/1070
f 1913/2493/1071 1916/2494/1071 1915/2495/1071
f 1916/2494/1072 1917/2496/1072 1915/2495/1072
f 1910/2497/1073 1902/2498/1073 1894/2499/1073
f 1918/2500/1074 1919/2501/1074 1917/2496/1074
f 1920/2502/1075 1889/2503/1075 1919/2501/1075
f 1903/2481/1076 1911/2504/1076 1919/2505/1076
f 1921/2506/1077 1924/2507/1077 1923/2508/1077
f 1923/2508/1078 1926/2509/1078 1925/2510/1078
f 1925/2510/1079 1928/2511/1079 1927/2512/1079
f 1927/2512/1080 1930/2513/1080 1929/2514/1080
f 1929/2515/1081 1932/2516/1081 1931/2517/1081
f 1931/2517/1082 1934/2518/1082 1933/2519/1082
f 1934/2518/1083 1935/2520/1083 1933/2519/1083
f 1936/2521/1084 1937/2522/1084 1935/2520/1084
f 1938/2523/1085 1939/2524/1085 1937/2525/1085
f 1940/2526/1086 1941/2527/1086 1939/2524/1086
f 1942/2528/1087 1943/2529/1087 1941/2527/1087
f 1944/2530/1088 1945/2531/1088 1943/2529/1088
f 1946/2532/1089 1947/2533/1089 1945/2534/1089
f 1948/2535/1090 1949/2536/1090 1947/2533/1090
f 1942/2537/1091 1934/2538/1091 1926/2539/1091
f 1949/2536/1092 1952/2540/1092 1951/2541/1092
f 1951/2541/1093 1922/2542/1093 1921/2543/1093
f 1935/2544/1094 1943/2545/1094 1951/2546/1094
f 1953/2547/1095 1956/2548/1095 1955/2549/1095
f 1955/2549/1096 1958/2550/1096 1957/2551/1096
f 1957/2551/1097 1960/2552/1097 1959/2553/1097
f 1959/2554/1098 1962/2555/1098 1961/2556/1098
f 1961/2557/1099 1964/2558/1099 1963/2559/1099
f 1963/2559/1100 1966/2560/1100 1965/2561/1100
f 1965/2562/1101 1968/2563/1101 1967/2564/1101
f 1968/2563/1102 1969/2565/1102 1967/2564/1102
f 1970/2566/1103 1971/2567/1103 1969/2565/1103
f 1972/2568/1104 1973/2569/1104 1971/2567/1104
f 1974/2570/1105 1975/2571/1105 1973/2569/1105
f 1976/2572/1106 1977/2573/1106 1975/2574/1106
f 1978/2575/1107 1979/2576/1107 1977/2577/1107
f 1980/2578/1108 1981/2579/1108 1979/2576/1108
f 1974/2580/1109 1966/2581/1109 1958/2582/1109
f 1982/2583/1110 1983/2584/1110 1981/2585/1110
f 1983/2584/1111 1954/2586/1111 1953/2547/1111
f 1967/2587/1112 1975/2574/1112 1983/2588/1112
f 1985/2589/1113 1988/2590/1113 1987/2591/1113
f 1988/2590/1114 1989/2592/1114 1987/2591/1114
f 1990/2593/1115 1991/2594/1115 1989/2592/1115
f 1992/2595/1116 1993/2596/1116 1991/2594/1116
f 1994/2597/1117 1995/2598/1117 1993/2599/1117
f 1996/2600/1118 1997/2601/1118 1995/2598/1118
f 1998/2602/1119 1999/2603/1119 1997/2601/1119
f 2000/2604/1120 2001/2605/1120 1999/2603/1120
f 2002/2606/1121 2003/2607/1121 2001/2608/1121
f 2003/2607/1122 2006/2609/1122 2005/2610/1122
f 2005/2610/1123 2008/2611/1123 2007/2612/1123
f 2007/2612/1124 2010/2613/1124 2009/2614/1124
f 2009/2615/1125 2012/2616/1125 2011/2617/1125
f 2011/2617/1126 2014/2618/1126 2013/2619/1126
f 2006/2620/1127 1998/2621/1127 1990/2622/1127
f 2013/2619/1128 2016/2623/1128 2015/2624/1128
f 2015/2624/1129 1986/2625/1129 1985/2626/1129
f 1999/2627/1130 2007/2628/1130 2015/2629/1130
f 2017/2630/1131 2020/2631/1131 2019/2632/1131
f 2019/2633/1132 2022/2634/1132 2021/2635/1132
f 2021/2635/1133 2024/2636/1133 2023/2637/1133
f 2024/2636/1134 2025/2638/1134 2023/2637/1134
f 2026/2639/1135 2027/2640/1135 2025/2641/1135
f 2028/2642/1136 2029/2643/1136 2027/2640/1136
f 2030/2644/1137 2031/2645/1137 2029/2643/1137
f 2032/2646/1138 2033/2647/1138 2031/2645/1138
f 2034/2648/1139 2035/2649/1139 2033/2647/1139
f 2036/2650/1140 2037/2651/1140 2035/2652/1140
f 2038/2653/1141 2039/2654/1141 2037/2651/1141
f 2039/2654/1142 2042/2655/1142 2041/2656/1142
f 2041/2657/1143 2044/2658/1143 2043/2659/1143
f 2043/2659/1144 2046/2660/1144 2045/2661/1144
f 2038/2662/1145 2030/2663/1145 2022/2664/1145
f 2045/2661/1146 2048/2665/1146 2047/2666/1146
f 2047/2666/1147 2018/2667/1147 2017/2630/1147
f 2031/2668/1148 2039/2669/1148 2047/2670/1148
f 2050/2671/1149 2051/2672/1149 2049/2673/1149
f 2052/2674/1150 2053/2675/1150 2051/2676/1150
f 2054/2677/1151 2055/2678/1151 2053/2675/1151
f 2056/2679/1152 2057/2680/1152 2055/2678/1152
f 2058/2681/1153 2059/2682/1153 2057/2680/1153
f 2060/2683/1154 2061/2684/1154 2059/2685/1154
f 2062/2686/1155 2063/2687/1155 2061/2684/1155
f 2063/2687/1156 2066/2688/1156 2065/2689/1156
f 2065/2690/1157 2068/2691/1157 2067/2692/1157
f 2067/2693/1158 2070/2694/1158 2069/2695/1158
f 2069/2695/1159 2072/2696/1159 2071/2697/1159
f 2071/2697/1160 2074/2698/1160 2073/2699/1160
f 2073/2699/1161 2076/2700/1161 2075/2701/1161
f 2075/2702/1162 2078/2703/1162 2077/2704/1162
f 2070/2705/1163 2062/2706/1163 2054/2707/1163
f 2077/2704/1164 2080/2708/1164 2079/2709/1164
f 2080/2708/1165 2049/2710/1165 2079/2709/1165
f 2063/2711/1166 2071/2712/1166 2079/2713/1166
f 2082/2714/1167 2083/2715/1167 2081/2716/1167
f 2084/2717/1168 2085/2718/1168 2083/2715/1168
f 2086/2719/1169 2087/2720/1169 2085/2718/1169
f 2088/2721/1170 2089/2722/1170 2087/2723/1170
f 2090/2724/1171 2091/2725/1171 2089/2722/1171
f 2092/2726/1172 2093/2727/1172 2091/2725/1172
f 2094/2728/1173 2095/2729/1173 2093/2730/1173
f 2096/2731/1174 2097/2732/1174 2095/2729/1174
f 2097/2732/1175 2100/2733/1175 2099/2734/1175
f 2099/2734/1176 2102/2735/1176 2101/2736/1176
f 2101/2736/1177 2104/2737/1177 2103/2738/1177
f 2103/2739/1178 2106/2740/1178 2105/2741/1178
f 2105/2741/1179 2108/2742/1179 2107/2743/1179
f 2107/2743/1180 2110/2744/1180 2109/2745/1180
f 2102/2746/1181 2094/2747/1181 2086/2748/1181
f 2109/2749/1182 2112/2750/1182 2111/2751/1182
f 2111/2751/1183 2082/2714/1183 2081/2716/1183
f 2095/2752/1184 2103/2753/1184 2111/2754/1184
f 2113/2755/1185 2116/2756/1185 2115/2757/1185
f 2115/2758/1186 2118/2759/1186 2117/2760/1186
f 2117/2760/1187 2120/2761/1187 2119/2762/1187
f 2120/2761/1188 2121/2763/1188 2119/2762/1188
f 2122/2764/1189 2123/2765/1189 2121/2763/1189
f 2124/2766/1190 2125/2767/1190 2123/2768/1190
f 2126/2769/1191 2127/2770/1191 2125/2767/1191
f 2128/2771/1192 2129/2772/1192 2127/2770/1192
f 2130/2773/1193 2131/2774/1193 2129/2772/1193
f 2132/2775/1194 2133/2776/1194 2131/2777/1194
f 2134/2778/1195 2135/2779/1195 2133/2776/1195
f 2135/2779/1196 2138/2780/1196 2137/2781/1196
f 2137/2781/1197 2140/2782/1197 2139/2783/1197
f 2139/2784/1198 2142/2785/1198 2141/2786/1198
f 2134/2787/1199 2126/2788/1199 2118/2789/1199
f 2141/2786/1200 2144/2790/1200 2143/2791/1200
f 2143/2791/1201 2114/2792/1201 2113/2755/1201
f 2127/2793/1202 2135/2794/1202 2143/2795/1202
f 2146/2796/1203 2147/2797/1203 2145/2798/1203
f 2148/2799/1204 2149/2800/1204 2147/2797/1204
f 2149/2800/1205 2152/2801/1205 2151/2802/1205
f 2151/2802/1206 2154/2803/1206 2153/2804/1206
f 2153/2804/1207 2156/2805/1207 2155/2806/1207
f 2155/2807/1208 2158/2808/1208 2157/2809/1208
f 2157/2809/1209 2160/2810/1209 2159/2811/1209
f 2159/2811/1210 2162/2812/1210 2161/2813/1210
f 2161/2814/1211 2164/2815/1211 2163/2816/1211
f 2163/2816/1212 2166/2817/1212 2165/2818/1212
f 2166/2817/1213 2167/2819/1213 2165/2818/1213
f 2168/2820/1214 2169/2821/1214 2167/2819/1214
f 2170/2822/1215 2171/2823/1215 2169/2821/1215
f 2172/2824/1216 2173/2825/1216 2171/2826/1216
f 2166/2827/1217 2158/2828/1217 2150/2829/1217
f 2174/2830/1218 2175/2831/1218 2173/2825/1218
f 2176/2832/1219 2145/2833/1219 2175/2831/1219
f 2159/2834/1220 2167/2835/1220 2175/2836/1220
f 2178/2837/1221 2179/2838/1221 2177/2839/1221
f 2180/2840/1222 2181/2841/1222 2179/2838/1222
f 2182/2842/1223 2183/2843/1223 2181/2841/1223
f 2184/2844/1224 2185/2845/1224 2183/2843/1224
f 2185/2845/1225 2188/2846/1225 2187/2847/1225
f 2187/2848/1226 2190/2849/1226 2189/2850/1226
f 2189/2850/1227 2192/2851/1227 2191/2852/1227
f 2191/2852/1228 2194/2853/1228 2193/2854/1228
f 2193/2855/1229 2196/2856/1229 2195/2857/1229
f 2195/2857/1230 2198/2858/1230 2197/2859/1230
f 2197/2859/1231 2200/2860/1231 2199/2861/1231
f 2199/2861/1232 2202/2862/1232 2201/2863/1232
f 2202/2862/1233 2203/2864/1233 2201/2863/1233
f 2204/2865/1234 2205/2866/1234 2203/2867/1234
f 2198/2868/1235 2190/2869/1235 2182/2870/1235
f 2206/2871/1236 2207/2872/1236 2205/2866/1236
f 2208/2873/1237 2177/2874/1237 2207/2872/1237
f 2191/2875/1238 2199/2876/1238 2207/2877/1238
f 2209/2878/1239 2212/2879/1239 2211/2880/1239
f 2212/2881/1240 2213/2882/1240 2211/2883/1240
f 2214/2884/1241 2215/2885/1241 2213/2882/1241
f 2216/2886/1242 2217/2887/1242 2215/2885/1242
f 2218/2888/1243 2219/2889/1243 2217/2890/1243
f 2220/2891/1244 2221/2892/1244 2219/2889/1244
f 2222/2893/1245 2223/2894/1245 2221/2892/1245
f 2224/2895/1246 2225/2896/1246 2223/2894/1246
f 2226/2897/1247 2227/2898/1247 2225/2896/1247
f 2227/2899/1248 2230/2900/1248 2229/2901/1248
f 2229/2901/1249 2232/2902/1249 2231/2903/1249
f 2231/2903/1250 2234/2904/1250 2233/2905/1250
f 2233/2906/1251 2236/2907/1251 2235/2908/1251
f 2235/2908/1252 2238/2909/1252 2237/2910/1252
f 2230/2911/1253 2222/2912/1253 2214/2913/1253
f 2237/2910/1254 2240/2914/1254 2239/2915/1254
f 2239/2915/1255 2210/2916/1255 2209/2878/1255
f 2223/2917/1256 2231/2918/1256 2239/2919/1256
f 2241/2920/1257 2244/2921/1257 2243/2922/1257
f 2243/2922/1258 2246/2923/1258 2245/2924/1258
f 2245/2924/1259 2248/2925/1259 2247/2926/1259
f 2247/2926/1260 2250/2927/1260 2249/2928/1260
f 2249/2928/1261 2252/2929/1261 2251/2930/1261
f 2251/2931/1262 2254/2932/1262 2253/2933/1262
f 2253/2933/1263 2256/2934/1263 2255/2935/1263
f 2256/2936/1264 2257/2937/1264 2255/2938/1264
f 2258/2939/1265 2259/2940/1265 2257/2941/1265
f 2260/2942/1266 2261/2943/1266 2259/2940/1266
f 2262/2944/1267 2263/2945/1267 2261/2943/1267
f 2264/2946/1268 2265/2947/1268 2263/2945/1268
f 2266/2948/1269 2267/2949/1269 2265/2947/1269
f 2268/2950/1270 2269/2951/1270 2267/2952/1270
f 2262/2953/1271 2254/2932/1271 2246/2954/1271
f 2270/2955/1272 2271/2956/1272 2269/2951/1272
f 2271/2957/1273 2242/2958/1273 2241/2959/1273
f 2255/2960/1274 2263/2961/1274 2271/2956/1274
f 2274/2962/1275 2275/2963/1275 2273/2964/1275
f 2276/2965/1276 2277/2966/1276 2275/2963/1276
f 2277/2967/1277 2280/2968/1277 2279/2969/1277
f 2279/2969/1278 2282/2970/1278 2281/2971/1278
f 2281/2972/1279 2284/2973/1279 2283/2974/1279
f 2283/2974/1280 2286/2975/1280 2285/2976/1280
f 2285/2976/1281 2288/2977/1281 2287/2978/1281
f 2287/2978/1282 2290/2979/1282 2289/2980/1282
f 2289/2981/1283 2292/2982/1283 2291/2983/1283
f 2291/2983/1284 2294/2984/1284 2293/2985/1284
f 2294/2986/1285 2295/2987/1285 2293/2988/1285
f 2296/2989/1286 2297/2990/1286 2295/2987/1286
f 2298/2991/1287 2299/2992/1287 2297/2993/1287
f 2300/2994/1288 2301/2995/1288 2299/2992/1288
f 2294/2984/1289 2286/2996/1289 2278/2997/1289
f 2302/2998/1290 2303/2999/1290 2301/2995/1290
f 2304/3000/1291 2273/3001/1291 2303/2999/1291
f 2287/3002/1292 2295/3003/1292 2303/3004/1292
f 2306/3005/1293 2307/3006/1293 2305/3007/1293
f 2308/3008/1294 2309/3009/1294 2307/3010/1294
f 2310/3011/1295 2311/3012/1295 2309/3009/1295
f 2312/3013/1296 2313/3014/1296 2311/3012/1296
f 2314/3015/1297 2315/3016/1297 2313/3017/1297
f 2316/3018/1298 2317/3019/1298 2315/3016/1298
f 2318/3020/1299 2319/3021/1299 2317/3019/1299
f 2320/3022/1300 2321/3023/1300 2319/3021/1300
f 2321/3024/1301 2324/3025/1301 2323/3026/1301
f 2323/3027/1302 2326/3028/1302 2325/3029/1302
f 2325/3029/1303 2328/3030/1303 2327/3031/1303
f 2327/3031/1304 2330/3032/1304 2329/3033/1304
f 2329/3034/1305 2332/3035/1305 2331/3036/1305
f 2331/3036/1306 2334/3037/1306 2333/3038/1306
f 2326/3039/1307 2318/3040/1307 2310/3041/1307
f 2333/3038/1308 2336/3042/1308 2335/3043/1308
f 2335/3043/1309 2306/3044/1309 2305/3045/1309
f 2319/3046/1310 2327/3047/1310 2335/3048/1310
f 2337/3049/1311 2340/3050/1311 2339/3051/1311
f 2339/3052/1312 2342/3053/1312 2341/3054/1312
f 2341/3054/1313 2344/3055/1313 2343/3056/1313
f 2343/3056/1314 2346/3057/1314 2345/3058/1314
f 2345/3059/1315 2348/3060/1315 2347/3061/1315
f 2348/3060/1316 2349/3062/1316 2347/3061/1316
f 2350/3063/1317 2351/3064/1317 2349/3062/1317
f 2352/3065/1318 2353/3066/1318 2351/3064/1318
f 2354/3067/1319 2355/3068/1319 2353/3066/1319
f 2356/3069/1320 2357/3070/1320 2355/3071/1320
f 2358/3072/1321 2359/3073/1321 2357/3070/1321
f 2360/3074/1322 2361/3075/1322 2359/3073/1322
f 2362/3076/1323 2363/3077/1323 2361/3078/1323
f 2363/3077/1324 2366/3079/1324 2365/3080/1324
f 2358/3081/1325 2350/3082/1325 2342/3083/1325
f 2365/3080/1326 2368/3084/1326 2367/3085/1326
f 2367/3085/1327 2338/3086/1327 2337/3049/1327
f 2351/3087/1328 2359/3088/1328 2367/3089/1328
f 2370/3090/1329 2371/3091/1329 2369/3092/1329
f 2372/3093/1330 2373/3094/1330 2371/3091/1330
f 2374/3095/1331 2375/3096/1331 2373/3094/1331
f 2376/3097/1332 2377/3098/1332 2375/3096/1332
f 2378/3099/1333 2379/3100/1333 2377/3098/1333
f 2379/3101/1334 2382/3102/1334 2381/3103/1334
f 2381/3103/1335 2384/3104/1335 2383/3105/1335
f 2383/3105/1336 2386/3106/1336 2385/3107/1336
f 2385/3108/1337 2388/3109/1337 2387/3110/1337
f 2387/3110/1338 2390/3111/1338 2389/3112/1338
f 2389/3112/1339 2392/3113/1339 2391/3114/1339
f 2391/3114/1340 2394/3115/1340 2393/3116/1340
f 2393/3116/1341 2396/3117/1341 2395/3118/1341
f 2396/3119/1342 2397/3120/1342 2395/3121/1342
f 2390/3122/1343 2382/3123/1343 2374/3124/1343
f 2398/3125/1344 2399/3126/1344 2397/3120/1344
f 2400/3127/1345 2369/3128/1345 2399/3126/1345
f 2383/3129/1346 2391/3130/1346 2399/3131/1346
f 2402/3132/1347 2403/3133/1347 2401/3134/1347
f 2404/3135/1348 2405/3136/1348 2403/3133/1348
f 2406/3137/1349 2407/3138/1349 2405/3139/1349
f 2408/3140/1350 2409/3141/1350 2407/3138/1350
f 2410/3142/1351 2411/3143/1351 2409/3141/1351
f 2412/3144/1352 2413/3145/1352 2411/3146/1352
f 2414/3147/1353 2415/3148/1353 2413/3149/1353
f 2415/3148/1354 2418/3150/1354 2417/3151/1354
f 2417/3151/1355 2420/3152/1355 2419/3153/1355
f 2419/3153/1356 2422/3154/1356 2421/3155/1356
f 2421/3156/1357 2424/3157/1357 2423/3158/1357
f 2423/3158/1358 2426/3159/1358 2425/3160/1358
f 2425/3160/1359 2428/3161/1359 2427/3162/1359
f 2427/3163/1360 2430/3164/1360 2429/3165/1360
f 2422/3166/1361 2414/3167/1361 2406/3168/1361
f 2429/3169/1362 2432/3170/1362 2431/3171/1362
f 2432/3170/1363 2401/3134/1363 2431/3171/1363
f 2415/3172/1364 2423/3173/1364 2431/3174/1364
f 2433/3175/1365 2436/3176/1365 2435/3177/1365
f 2435/3177/1366 2438/3178/1366 2437/3179/1366
f 2438/3178/1367 2439/3180/1367 2437/3179/1367
f 2440/3181/1368 2441/3182/1368 2439/3180/1368
f 2442/3183/1369 2443/3184/1369 2441/3185/1369
f 2444/3186/1370 2445/3187/1370 2443/3184/1370
f 2446/3188/1371 2447/3189/1371 2445/3187/1371
f 2448/3190/1372 2449/3191/1372 2447/3189/1372
f 2450/3192/1373 2451/3193/1373 2449/3194/1373
f 2452/3195/1374 2453/3196/1374 2451/3193/1374
f 2453/3196/1375 2456/3197/1375 2455/3198/1375
f 2455/3198/1376 2458/3199/1376 2457/3200/1376
f 2457/3201/1377 2460/3202/1377 2459/3203/1377
f 2459/3203/1378 2462/3204/1378 2461/3205/1378
f 2454/3206/1379 2446/3207/1379 2438/3208/1379
f 2461/3205/1380 2464/3209/1380 2463/3210/1380
f 2463/3210/1381 2434/3211/1381 2433/3212/1381
f 2447/3213/1382 2455/3214/1382 2463/3215/1382
f 2465/3216/1383 2468/3217/1383 2467/3218/1383
f 2467/3219/1384 2470/3220/1384 2469/3221/1384
f 2469/3221/1385 2472/3222/1385 2471/3223/1385
f 2472/3222/1386 2473/3224/1386 2471/3223/1386
f 2474/3225/1387 2475/3226/1387 2473/3224/1387
f 2476/3227/1388 2477/3228/1388 2475/3229/1388
f 2478/3230/1389 2479/3231/1389 2477/3228/1389
f 2480/3232/1390 2481/3233/1390 2479/3231/1390
f 2482/3234/1391 2483/3235/1391 2481/3233/1391
f 2484/3236/1392 2485/3237/1392 2483/3238/1392
f 2486/3239/1393 2487/3240/1393 2485/3237/1393
f 2487/3240/1394 2490/3241/1394 2489/3242/1394
f 2489/3242/1395 2492/3243/1395 2491/3244/1395
f 2491/3245/1396 2494/3246/1396 2493/3247/1396
f 2486/3248/1397 2478/3249/1397 2470/3250/1397
f 2493/3247/1398 2496/3251/1398 2495/3252/1398
f 2495/3252/1399 2466/3253/1399 2465/3216/1399
f 2479/3254/1400 2487/3255/1400 2495/3256/1400
f 2497/3257/1401 2500/3258/1401 2499/3259/1401
f 2499/3259/1402 2502/3260/1402 2501/3261/1402
f 2501/3261/1403 2504/3262/1403 2503/3263/1403
f 2503/3263/1404 2506/3264/1404 2505/3265/1404
f 2505/3266/1405 2508/3267/1405 2507/3268/1405
f 2508/3267/1406 2509/3269/1406 2507/3268/1406
f 2510/3270/1407 2511/3271/1407 2509/3272/1407
f 2512/3273/1408 2513/3274/1408 2511/3271/1408
f 2514/3275/1409 2515/3276/1409 2513/3277/1409
f 2516/3278/1410 2517/3279/1410 2515/3276/1410
f 2518/3280/1411 2519/3281/1411 2517/3279/1411
f 2520/3282/1412 2521/3283/1412 2519/3281/1412
f 2522/3284/1413 2523/3285/1413 2521/3286/1413
f 2523/3285/1414 2526/3287/1414 2525/3288/1414
f 2518/3289/1415 2510/3290/1415 2502/3291/1415
f 2525/3292/1416 2528/3293/1416 2527/3294/1416
f 2527/3294/1417 2498/3295/1417 2497/3296/1417
f 2511/3297/1418 2519/3298/1418 2527/3299/1418
f 2529/3300/1419 2532/3301/1419 2531/3302/1419
f 2532/3301/1420 2533/3303/1420 2531/3302/1420
f 2534/3304/1421 2535/3305/1421 2533/3303/1421
f 2536/3306/1422 2537/3307/1422 2535/3308/1422
f 2538/3309/1423 2539/3310/1423 2537/3311/1423
f 2540/3312/1424 2541/3313/1424 2539/3310/1424
f 2542/3314/1425 2543/3315/1425 2541/3313/1425
f 2544/3316/1426 2545/3317/1426 2543/3315/1426
f 2546/3318/1427 2547/3319/1427 2545/3320/1427
f 2547/3319/1428 2550/3321/1428 2549/3322/1428
f 2549/3322/1429 2552/3323/1429 2551/3324/1429
f 2551/3325/1430 2554/3326/1430 2553/3327/1430
f 2553/3328/1431 2556/3329/1431 2555/3330/1431
f 2555/3330/1432 2558/3331/1432 2557/3332/1432
f 2550/3333/1433 2542/3334/1433 2534/3304/1433
f 2557/3332/1434 2560/3335/1434 2559/3336/1434
f 2559/3336/1435 2530/3337/1435 2529/3338/1435
f 2543/3339/1436 2551/3324/1436 2559/3340/1436
f 2561/3341/1437 2564/3342/1437 2563/3343/1437
f 2563/3343/1438 2566/3344/1438 2565/3345/1438
f 2565/3345/1439 2568/3346/1439 2567/3347/1439
f 2568/3346/1440 2569/3348/1440 2567/3347/1440
f 2570/3349/1441 2571/3350/1441 2569/3351/1441
f 2572/3352/1442 2573/3353/1442 2571/3350/1442
f 2574/3354/1443 2575/3355/1443 2573/3353/1443
f 2576/3356/1444 2577/3357/1444 2575/3355/1444
f 2578/3358/1445 2579/3359/1445 2577/3360/1445
f 2580/3361/1446 2581/3362/1446 2579/3359/1446
f 2582/3363/1447 2583/3364/1447 2581/3362/1447
f 2583/3364/1448 2586/3365/1448 2585/3366/1448
f 2585/3367/1449 2588/3368/1449 2587/3369/1449
f 2587/3369/1450 2590/3370/1450 2589/3371/1450
f 2582/3372/1451 2574/3373/1451 2566/3374/1451
f 2589/3371/1452 2592/3375/1452 2591/3376/1452
f 2591/3376/1453 2562/3377/1453 2561/3378/1453
f 2575/3379/1454 2583/3380/1454 2591/3381/1454
f 2593/3382/1455 2596/3383/1455 2595/3384/1455
f 2595/3384/1456 2598/3385/1456 2597/3386/1456
f 2597/3387/1457 2600/3388/1457 2599/3389/1457
f 2599/3389/1458 2602/3390/1458 2601/3391/1458
f 2602/3390/1459 2603/3392/1459 2601/3391/1459
f 2604/3393/1460 2605/3394/1460 2603/3392/1460
f 2606/3395/1461 2607/3396/1461 2605/3394/1461
f 2608/3397/1462 2609/3398/1462 2607/3399/1462
f 2610/3400/1463 2611/3401/1463 2609/3402/1463
f 2612/3403/1464 2613/3404/1464 2611/3401/1464
f 2614/3405/1465 2615/3406/1465 2613/3407/1465
f 2616/3408/1466 2617/3409/1466 2615/3406/1466
f 2617/3409/1467 2620/3410/1467 2619/3411/1467
f 2619/3411/1468 2622/3412/1468 2621/3413/1468
f 2614/3414/1469 2606/3415/1469 2598/3416/1469
f 2621/3413/1470 2624/3417/1470 2623/3418/1470
f 2623/3419/1471 2594/3420/1471 2593/3421/1471
f 2607/3422/1472 2615/3423/1472 2623/3419/1472
f 2625/3424/1473 2628/3425/1473 2627/3426/1473
f 2627/3426/1474 2630/3427/1474 2629/3428/1474
f 2629/3428/1475 2632/3429/1475 2631/3430/1475
f 2631/3430/1476 2634/3431/1476 2633/3432/1476
f 2633/3433/1477 2636/3434/1477 2635/3435/1477
f 2635/3435/1478 2638/3436/1478 2637/3437/1478
f 2638/3436/1479 2639/3438/1479 2637/3437/1479
f 2640/3439/1480 2641/3440/1480 2639/3438/1480
f 2642/3441/1481 2643/3442/1481 2641/3443/1481
f 2644/3444/1482 2645/3445/1482 2643/3442/1482
f 2646/3446/1483 2647/3447/1483 2645/3445/1483
f 2648/3448/1484 2649/3449/1484 2647/3447/1484
f 2650/3450/1485 2651/3451/1485 2649/3452/1485
f 2652/3453/1486 2653/3454/1486 2651/3451/1486
f 2646/3455/1487 2638/3456/1487 2630/3457/1487
f 2653/3454/1488 2656/3458/1488 2655/3459/1488
f 2655/3459/1489 2626/3460/1489 2625/3461/1489
f 2639/3462/1490 2647/3463/1490 2655/3464/1490
f 2657/3465/1491 2660/3466/1491 2659/3467/1491
f 2659/3468/1492 2662/3469/1492 2661/3470/1492
f 2661/3470/1493 2664/3471/1493 2663/3472/1493
f 2663/3472/1494 2666/3473/1494 2665/3474/1494
f 2665/3474/1495 2668/3475/1495 2667/3476/1495
f 2667/3477/1496 2670/3478/1496 2669/3479/1496
f 2669/3479/1497 2672/3480/1497 2671/3481/1497
f 2671/3481/1498 2674/3482/1498 2673/3483/1498
f 2674/3484/1499 2675/3485/1499 2673/3486/1499
f 2676/3487/1500 2677/3488/1500 2675/3489/1500
f 2678/3490/1501 2679/3491/1501 2677/3488/1501
f 2680/3492/1502 2681/3493/1502 2679/3491/1502
f 2682/3494/1503 2683/3495/1503 2681/3493/1503
f 2684/3496/1504 2685/3497/1504 2683/3498/1504
f 2678/3499/1505 2670/3500/1505 2662/3501/1505
f 2686/3502/1506 2687/3503/1506 2685/3497/1506
f 2688/3504/1507 2657/3505/1507 2687/3503/1507
f 2671/3506/1508 2679/3507/1508 2687/3508/1508
f 2689/3509/1509 2692/3510/1509 2691/3511/1509
f 2691/3512/1510 2694/3513/1510 2693/3514/1510
f 2693/3514/1511 2696/3515/1511 2695/3516/1511
f 2695/3516/1512 2698/3517/1512 2697/3518/1512
f 2698/3519/1513 2699/3520/1513 2697/3521/1513
f 2700/3522/1514 2701/3523/1514 2699/3524/1514
f 2702/3525/1515 2703/3526/1515 2701/3523/1515
f 2704/3527/1516 2705/3528/1516 2703/3526/1516
f 2706/3529/1517 2707/3530/1517 2705/3528/1517
f 2708/3531/1518 2709/3532/1518 2707/3533/1518
f 2710/3534/1519 2711/3535/1519 2709/3532/1519
f 2712/3536/1520 2713/3537/1520 2711/3535/1520
f 2713/3538/1521 2716/3539/1521 2715/3540/1521
f 2715/3541/1522 2718/3542/1522 2717/3543/1522
f 2710/3544/1523 2702/3545/1523 2694/3546/1523
f 2717/3543/1524 2720/3547/1524 2719/3548/1524
f 2719/3548/1525 2690/3549/1525 2689/3509/1525
f 2703/3550/1526 2711/3551/1526 2719/3552/1526
f 2721/3553/1527 2724/3554/1527 2723/3555/1527
f 2723/3555/1528 2726/3556/1528 2725/3557/1528
f 2725/3558/1529 2728/3559/1529 2727/3560/1529
f 2727/3560/1530 2730/3561/1530 2729/3562/1530
f 2729/3562/1531 2732/3563/1531 2731/3564/1531
f 2732/3563/1532 2733/3565/1532 2731/3564/1532
f 2734/3566/1533 2735/3567/1533 2733/3565/1533
f 2736/3568/1534 2737/3569/1534 2735/3570/1534
f 2738/3571/1535 2739/3572/1535 2737/3569/1535
f 2740/3573/1536 2741/3574/1536 2739/3572/1536
f 2742/3575/1537 2743/3576/1537 2741/3577/1537
f 2744/3578/1538 2745/3579/1538 2743/3576/1538
f 2746/3580/1539 2747/3581/1539 2745/3579/1539
f 2747/3581/1540 2750/3582/1540 2749/3583/1540
f 2742/3584/1541 2734/3585/1541 2726/3586/1541
f 2749/3583/1542 2752/3587/1542 2751/3588/1542
f 2751/3589/1543 2722/3590/1543 2721/3553/1543
f 2735/3591/1544 2743/3592/1544 2751/3593/1544
s 1
f 2753/3594/1545 2756/3595/1546 2755/3596/1547
f 2755/3597/1547 2758/3598/1548 2757/3599/1549
f 2757/3599/1549 2760/3600/1550 2759/3601/1551
f 2759/3601/1551 2762/3602/1552 2761/3603/1553
f 2761/3603/1553 2764/3604/1554 2763/3605/1555
f 2763/3606/1555 2766/3607/1556 2765/3608/1557
f 2765/3608/1557 2768/3609/1558 2767/3610/1559
f 2768/3609/1558 2769/3611/1560 2767/3610/1559
f 2770/3612/1561 2771/3613/1562 2769/3611/1560
f 2772/3614/1563 2773/3615/1564 2771/3616/1562
f 2774/3617/1565 2775/3618/1566 2773/3615/1564
f 2776/3619/1567 2777/3620/1568 2775/3618/1566
f 2778/3621/1569 2779/3622/1570 2777/3620/1568
f 2780/3623/1571 2781/3624/1572 2779/3625/1570
f 2774/3626/1565 2766/3627/1556 2758/3628/1548
f 2782/3629/1573 2783/3630/1574 2781/3624/1572
f 2783/3630/1574 2754/3631/1575 2753/3594/1545
f 2767/3632/1559 2775/3633/1566 2783/3634/1574
s 0
f 2785/3635/9 2788/3636/9 2786/3637/9
f 2787/3638/10 2790/3639/10 2788/3640/10
f 2789/3641/11 2792/3642/11 2790/3639/11
f 2791/3643/12 2794/3644/12 2792/3642/12
f 2795/3645/13 2794/3646/13 2793/3647/13
f 2797/3648/14 2796/3649/14 2795/3645/14
f 2799/3650/16 2798/3651/16 2797/3648/16
f 2801/3652/17 2800/3653/17 2799/3650/17
f 2803/3654/1 2802/3655/1 2801/3652/1
f 2805/3656/2 2804/3657/2 2803/3658/2
f 2807/3659/3 2806/3660/3 2805/3656/3
f 2809/3661/4 2808/3662/4 2807/3659/4
f 2809/3663/5 2812/3664/5 2810/3665/5
f 2811/3666/6 2814/3667/6 2812/3664/6
f 2802/3668/18 2810/3669/18 2786/3670/18
f 2813/3671/7 2816/3672/7 2814/3667/7
f 2815/3673/8 2786/3637/8 2816/3672/8
f 2803/3674/15 2795/3675/15 2787/3676/15
f 2819/3677/27 2818/3678/27 2817/1936/27
f 2821/3679/28 2820/3680/28 2819/3677/28
f 2823/3681/29 2822/3682/29 2821/3679/29
f 2825/3683/30 2824/3684/30 2823/3681/30
f 2825/3685/31 2828/3686/31 2826/3687/31
f 2827/3688/32 2830/3689/32 2828/3686/32
f 2829/3690/34 2832/3691/34 2830/3689/34
f 2831/3692/35 2834/3693/35 2832/3691/35
f 2833/3694/19 2836/3695/19 2834/3696/19
f 2835/3697/20 2838/3698/20 2836/3695/20
f 2837/3699/21 2840/3700/21 2838/3698/21
f 2839/3701/22 2842/3702/22 2840/3700/22
f 2843/3703/23 2842/3704/23 2841/3705/23
f 2845/3706/24 2844/3707/24 2843/3703/24
f 2834/3708/36 2842/3709/36 2818/3710/36
f 2847/3711/25 2846/3712/25 2845/3706/25
f 2817/3713/26 2848/3714/26 2847/3711/26
f 2835/3715/33 2827/3716/33 2819/3717/33
f 2851/3718/53 2850/3719/53 2849/3720/53
f 2853/3721/54 2852/3722/54 2851/3723/54
f 2855/3724/55 2854/3725/55 2853/3721/55
f 2857/3726/56 2856/3727/56 2855/3724/56
f 2859/3728/57 2858/3729/57 2857/3726/57
f 2861/3730/58 2860/3731/58 2859/3728/58
f 2863/3732/59 2862/3733/59 2861/3730/59
f 2865/3734/60 2864/3735/60 2863/3732/60
f 2865/3734/61 2868/3736/61 2866/3737/61
f 2867/3738/62 2870/3739/62 2868/3740/62
f 2869/3741/1576 2872/3742/1576 2870/3739/1576
f 2871/3743/64 2874/3744/64 2872/3742/64
f 2873/3745/65 2876/3746/65 2874/3744/65
f 2875/3747/66 2878/3748/66 2876/3746/66
f 2877/3749/67 2880/3750/67 2878/3748/67
f 2879/3751/68 2882/3752/68 2880/3750/68
f 2881/3753/37 2884/3754/37 2882/3752/37
f 2883/3755/38 2886/3756/38 2884/3757/38
f 2885/3758/39 2888/3759/39 2886/3756/39
f 2887/3760/40 2890/3761/40 2888/3759/40
f 2889/3762/41 2892/3763/41 2890/3761/41
f 2891/3764/42 2894/3765/42 2892/3763/42
f 2893/3766/43 2896/3767/43 2894/3765/43
f 2895/3768/44 2898/3769/44 2896/3767/44
f 2899/3770/1577 2898/3769/1577 2897/3771/1577
f 2901/3772/1578 2900/3773/1578 2899/3774/1578
f 2903/3775/1579 2902/3776/1579 2901/3772/1579
f 2905/3777/48 2904/3778/48 2903/3775/48
f 2907/3779/49 2906/3780/49 2905/3777/49
f 2909/3781/50 2908/3782/50 2907/3779/50
f 2882/3783/36 2898/3784/36 2850/3785/36
f 2911/3786/51 2910/3787/51 2909/3781/51
f 2849/3720/52 2912/3788/52 2911/3786/52
f 2883/3789/33 2867/3790/33 2851/3791/33
f 2915/3792/77 2914/3793/77 2913/3794/77
f 2915/3795/78 2918/3796/78 2916/3797/78
f 2917/3798/79 2920/3799/79 2918/3796/79
f 2919/3800/80 2922/3801/80 2920/3799/80
f 2921/3802/81 2924/3803/81 2922/3801/81
f 2923/3804/82 2926/3805/82 2924/3806/82
f 2925/3807/84 2928/3808/84 2926/3805/84
f 2927/3809/85 2930/3810/85 2928/3808/85
f 2929/3811/69 2932/3812/69 2930/3813/69
f 2933/3814/70 2932/3815/70 2931/3816/70
f 2935/3817/71 2934/3818/71 2933/3814/71
f 2937/3819/72 2936/3820/72 2935/3817/72
f 2939/3821/73 2938/3822/73 2937/3819/73
f 2941/3823/74 2940/3824/74 2939/3825/74
f 2930/3813/86 2938/3826/86 2914/3827/86
f 2943/3828/75 2942/3829/75 2941/3823/75
f 2913/3830/76 2944/3831/76 2943/3828/76
f 2931/3832/83 2923/3833/83 2915/3792/83
f 2947/3834/95 2946/3835/95 2945/3836/95
f 2949/3837/96 2948/3838/96 2947/3839/96
f 2951/3840/97 2950/3841/97 2949/3837/97
f 2953/3842/98 2952/3843/98 2951/3840/98
f 2953/3844/99 2956/3845/99 2954/3846/99
f 2955/3847/100 2958/3848/100 2956/3845/100
f 2957/3849/102 2960/3850/102 2958/3848/102
f 2959/3851/103 2962/3852/103 2960/3850/103
f 2961/3853/87 2964/3854/87 2962/3852/87
f 2963/3855/88 2966/3856/88 2964/3857/88
f 2965/3858/89 2968/3859/89 2966/3856/89
f 2967/3860/90 2970/3861/90 2968/3859/90
f 2971/3862/91 2970/3863/91 2969/3864/91
f 2973/3865/92 2972/3866/92 2971/3862/92
f 2962/3867/104 2970/3868/104 2946/3869/104
f 2975/3870/93 2974/3871/93 2973/3865/93
f 2945/3836/94 2976/3872/94 2975/3870/94
f 2963/3873/101 2955/3874/101 2947/3875/101
f 2979/3876/1580 2978/3877/1580 2977/3878/1580
f 2981/3879/114 2980/3880/114 2979/3881/114
f 2983/3882/115 2982/3883/115 2981/3879/115
f 2985/3884/116 2984/3885/116 2983/3882/116
f 2987/3886/1581 2986/3887/1581 2985/3888/1581
f 2989/3889/118 2988/3890/118 2987/3886/118
f 2991/3891/120 2990/3892/120 2989/3889/120
f 2993/3893/121 2992/3894/121 2991/3891/121
f 2993/3893/1582 2996/3895/1582 2994/3896/1582
f 2995/3897/106 2998/3898/106 2996/3899/106
f 2997/3900/107 3000/3901/107 2998/3898/107
f 2999/3902/108 3002/3903/108 3000/3901/108
f 3001/3904/109 3004/3905/109 3002/3906/109
f 3003/3907/110 3006/3908/110 3004/3905/110
f 2994/3909/122 3002/3910/122 2978/3911/122
f 3005/3912/1583 3008/3913/1583 3006/3908/1583
f 3007/3914/112 2978/3877/112 3008/3913/112
f 2995/3915/119 2987/3916/119 2979/3917/119
f 3009/3918/1584 3012/3919/1584 3010/3920/1584
f 3011/3921/132 3014/3922/132 3012/3919/132
f 3013/3923/133 3016/3924/133 3014/3922/133
f 3015/3925/134 3018/3926/134 3016/3924/134
f 3017/3927/135 3020/3928/135 3018/3926/135
f 3019/3929/136 3022/3930/136 3020/3931/136
f 3021/3932/1585 3024/3933/1585 3022/3930/1585
f 3023/3934/139 3026/3935/139 3024/3933/139
f 3027/3936/123 3026/3937/123 3025/3938/123
f 3029/3939/124 3028/3940/124 3027/3936/124
f 3031/3941/125 3030/3942/125 3029/3939/125
f 3033/3943/126 3032/3944/126 3031/3941/126
f 3035/3945/127 3034/3946/127 3033/3943/127
f 3037/3947/128 3036/3948/128 3035/3949/128
f 3026/3950/140 3034/3951/140 3010/3952/140
f 3039/3953/1586 3038/3954/1586 3037/3947/1586
f 3009/3955/130 3040/3956/130 3039/3953/130
f 3027/3957/137 3019/3958/137 3011/3959/137
f 3043/3960/149 3042/3961/149 3041/3962/149
f 3045/3963/150 3044/3964/150 3043/3960/150
f 3047/3965/151 3046/3966/151 3045/3963/151
f 3047/3965/152 3050/3967/152 3048/3968/152
f 3049/3969/153 3052/3970/153 3050/3971/153
f 3051/3972/154 3054/3973/154 3052/3970/154
f 3053/3974/156 3056/3975/156 3054/3973/156
f 3055/3976/1587 3058/3977/1587 3056/3975/1587
f 3057/3978/141 3060/3979/141 3058/3980/141
f 3059/3981/142 3062/3982/142 3060/3979/142
f 3061/3983/143 3064/3984/143 3062/3982/143
f 3065/3985/144 3064/3984/144 3063/3986/144
f 3067/3987/145 3066/3988/145 3065/3989/145
f 3069/3990/146 3068/3991/146 3067/3987/146
f 3058/3980/1588 3066/3992/1588 3042/3993/1588
f 3071/3994/147 3070/3995/147 3069/3990/147
f 3041/3996/1589 3072/3997/1589 3071/3994/1589
f 3059/3998/155 3051/3999/155 3043/3960/155
f 3075/4000/167 3074/4001/167 3073/4002/167
f 3077/4003/1590 3076/4004/1590 3075/4000/1590
f 3079/4005/169 3078/4006/169 3077/4003/169
f 3081/4007/170 3080/4008/170 3079/4005/170
f 3083/4009/1591 3082/4010/1591 3081/4011/1591
f 3083/4009/172 3086/4012/172 3084/4013/172
f 3085/4014/174 3088/4015/174 3086/4016/174
f 3087/4017/175 3090/4018/175 3088/4015/175
f 3089/4019/159 3092/4020/159 3090/4021/159
f 3091/4022/160 3094/4023/160 3092/4020/160
f 3093/4024/161 3096/4025/161 3094/4023/161
f 3095/4026/162 3098/4027/162 3096/4025/162
f 3097/4028/1592 3100/4029/1592 3098/4030/1592
f 3101/4031/164 3100/4029/164 3099/4032/164
f 3090/4033/176 3098/4030/176 3074/4034/176
f 3103/4035/165 3102/4036/165 3101/4037/165
f 3073/4038/166 3104/4039/166 3103/4035/166
f 3091/4040/173 3083/4009/173 3075/4041/173
f 3105/4042/185 3108/4043/185 3106/4044/185
f 3107/4045/186 3110/4046/186 3108/4043/186
f 3109/4047/187 3112/4048/187 3110/4046/187
f 3111/4049/188 3114/4050/188 3112/4048/188
f 3113/4051/189 3116/4052/189 3114/4053/189
f 3115/4054/190 3118/4055/190 3116/4056/190
f 3119/4057/192 3118/4055/192 3117/4058/192
f 3121/4059/193 3120/4060/193 3119/4057/193
f 3123/4061/177 3122/4062/177 3121/4063/177
f 3125/4064/178 3124/4065/178 3123/4061/178
f 3127/4066/179 3126/4067/179 3125/4064/179
f 3129/4068/180 3128/4069/180 3127/4066/180
f 3131/4070/181 3130/4071/181 3129/4072/181
f 3133/4073/182 3132/4074/182 3131/4075/182
f 3122/4076/194 3130/4077/194 3106/4078/194
f 3133/4073/183 3136/4079/183 3134/4080/183
f 3135/4081/184 3106/4082/184 3136/4079/184
f 3123/4083/191 3115/4084/191 3107/4085/191
f 3139/4086/203 3138/4087/203 3137/4088/203
f 3139/4086/204 3142/4089/204 3140/4090/204
f 3141/4091/205 3144/4092/205 3142/4089/205
f 3143/4093/206 3146/4094/206 3144/4092/206
f 3145/4095/207 3148/4096/207 3146/4094/207
f 3147/4097/208 3150/4098/208 3148/4099/208
f 3149/4100/210 3152/4101/210 3150/4098/210
f 3151/4102/211 3154/4103/211 3152/4101/211
f 3153/4104/195 3156/4105/195 3154/4106/195
f 3157/4107/196 3156/4105/196 3155/4108/196
f 3159/4109/197 3158/4110/197 3157/4107/197
f 3161/4111/198 3160/4112/198 3159/4109/198
f 3163/4113/1593 3162/4114/1593 3161/4111/1593
f 3165/4115/200 3164/4116/200 3163/4117/200
f 3154/4118/212 3162/4119/212 3138/4120/212
f 3167/4121/201 3166/4122/201 3165/4115/201
f 3137/4123/202 3168/4124/202 3167/4121/202
f 3155/4125/209 3147/4126/209 3139/4127/209
f 3169/4128/221 3172/4129/221 3170/4130/221
f 3173/4131/222 3172/4132/222 3171/4133/222
f 3175/4134/223 3174/4135/223 3173/4131/223
f 3177/4136/224 3176/4137/224 3175/4134/224
f 3179/4138/1594 3178/4139/1594 3177/4140/1594
f 3181/4141/226 3180/4142/226 3179/4138/226
f 3183/4143/228 3182/4144/228 3181/4141/228
f 3185/4145/229 3184/4146/229 3183/4143/229
f 3187/4147/213 3186/4148/213 3185/4145/213
f 3187/4149/214 3190/4150/214 3188/4151/214
f 3189/4152/215 3192/4153/215 3190/4150/215
f 3191/4154/216 3194/4155/216 3192/4153/216
f 3193/4156/1595 3196/4157/1595 3194/4158/1595
f 3195/4159/218 3198/4160/218 3196/4157/218
f 3186/4161/230 3194/4162/230 3170/4163/230
f 3197/4164/219 3200/4165/219 3198/4160/219
f 3199/4166/220 3170/4130/220 3200/4165/220
f 3187/4167/227 3179/4168/227 3171/4169/227
f 3201/4170/239 3204/4171/239 3202/4172/239
f 3203/4173/1596 3206/4174/1596 3204/4175/1596
f 3205/4176/241 3208/4177/241 3206/4178/241
f 3207/4179/242 3210/4180/242 3208/4177/242
f 3211/4181/243 3210/4180/243 3209/4182/243
f 3213/4183/244 3212/4184/244 3211/4181/244
f 3215/4185/246 3214/4186/246 3213/4187/246
f 3217/4188/247 3216/4189/247 3215/4185/247
f 3219/4190/1597 3218/4191/1597 3217/4188/1597
f 3221/4192/232 3220/4193/232 3219/4194/232
f 3223/4195/233 3222/4196/233 3221/4197/233
f 3225/4198/234 3224/4199/234 3223/4195/234
f 3225/4198/235 3228/4200/235 3226/4201/235
f 3227/4202/1598 3230/4203/1598 3228/4200/1598
f 3218/4204/248 3226/4205/248 3202/4206/248
f 3229/4207/237 3232/4208/237 3230/4209/237
f 3231/4210/238 3202/4172/238 3232/4208/238
f 3219/4211/245 3211/4212/245 3203/4173/245
f 3233/4213/257 3236/4214/257 3234/4215/257
f 3235/4216/258 3238/4217/258 3236/4218/258
f 3237/4219/259 3240/4220/259 3238/4217/259
f 3239/4221/260 3242/4222/260 3240/4220/260
f 3241/4223/261 3244/4224/261 3242/4225/261
f 3243/4226/262 3246/4227/262 3244/4224/262
f 3245/4228/264 3248/4229/264 3246/4227/264
f 3249/4230/265 3248/4229/265 3247/4231/265
f 3251/4232/249 3250/4233/249 3249/4230/249
f 3253/4234/250 3252/4235/250 3251/4236/250
f 3255/4237/251 3254/4238/251 3253/4234/251
f 3257/4239/1599 3256/4240/1599 3255/4237/1599
f 3259/4241/253 3258/4242/253 3257/4243/253
f 3261/4244/254 3260/4245/254 3259/4241/254
f 3250/4246/1600 3258/4247/1600 3234/4248/1600
f 3263/4249/255 3262/4250/255 3261/4244/255
f 3263/4249/256 3234/4215/256 3264/4251/256
f 3251/4252/1601 3243/4253/1601 3235/4254/1601
f 3265/4255/275 3268/4256/275 3266/4257/275
f 3267/4258/276 3270/4259/276 3268/4260/276
f 3269/4261/277 3272/4262/277 3270/4259/277
f 3271/4263/278 3274/4264/278 3272/4262/278
f 3273/4265/279 3276/4266/279 3274/4264/279
f 3275/4267/280 3278/4268/280 3276/4269/280
f 3277/4270/1602 3280/4271/1602 3278/4268/1602
f 3279/4272/283 3282/4273/283 3280/4271/283
f 3283/4274/267 3282/4273/267 3281/4275/267
f 3285/4276/268 3284/4277/268 3283/4278/268
f 3287/4279/269 3286/4280/269 3285/4276/269
f 3289/4281/270 3288/4282/270 3287/4279/270
f 3291/4283/271 3290/4284/271 3289/4281/271
f 3293/4285/272 3292/4286/272 3291/4287/272
f 3282/4288/284 3290/4289/284 3266/4290/284
f 3295/4291/1603 3294/4292/1603 3293/4285/1603
f 3265/4255/274 3296/4293/274 3295/4291/274
f 3283/4294/281 3275/4295/281 3267/4296/281
f 3299/4297/293 3298/4298/293 3297/4299/293
f 3301/4300/294 3300/4301/294 3299/4297/294
f 3301/4302/295 3304/4303/295 3302/4304/295
f 3303/4305/296 3306/4306/296 3304/4303/296
f 3305/4307/297 3308/4308/297 3306/4309/297
f 3307/4310/298 3310/4311/298 3308/4308/298
f 3309/4312/300 3312/4313/300 3310/4311/300
f 3311/4314/301 3314/4315/301 3312/4313/301
f 3313/4316/1604 3316/4317/1604 3314/4318/1604
f 3315/4319/286 3318/4320/286 3316/4317/286
f 3319/4321/287 3318/4322/287 3317/4323/287
f 3321/4324/1605 3320/4325/1605 3319/4321/1605
f 3323/4326/289 3322/4327/289 3321/4328/289
f 3325/4329/290 3324/4330/290 3323/4326/290
f 3314/4318/302 3322/4331/302 3298/4332/302
f 3327/4333/291 3326/4334/291 3325/4329/291
f 3297/4335/292 3328/4336/292 3327/4333/292
f 3315/4337/299 3307/4338/299 3299/4297/299
f 3329/4339/311 3332/4340/311 3330/4341/311
f 3331/4342/312 3334/4343/312 3332/4340/312
f 3333/4344/313 3336/4345/313 3334/4343/313
f 3335/4346/314 3338/4347/314 3336/4345/314
f 3337/4348/315 3340/4349/315 3338/4350/315
f 3339/4351/316 3342/4352/316 3340/4349/316
f 3343/4353/318 3342/4352/318 3341/4354/318
f 3345/4355/319 3344/4356/319 3343/4353/319
f 3347/4357/303 3346/4358/303 3345/4359/303
f 3349/4360/304 3348/4361/304 3347/4357/304
f 3351/4362/305 3350/4363/305 3349/4360/305
f 3353/4364/306 3352/4365/306 3351/4362/306
f 3355/4366/307 3354/4367/307 3353/4368/307
f 3357/4369/308 3356/4370/308 3355/4366/308
f 3346/4371/320 3354/4372/320 3330/4373/320
f 3357/4369/309 3360/4374/309 3358/4375/309
f 3359/4376/310 3330/4377/310 3360/4374/310
f 3347/4378/317 3339/4379/317 3331/4380/317
f 3361/4381/329 3364/4382/329 3362/4383/329
f 3363/4384/330 3366/4385/330 3364/4386/330
f 3365/4387/331 3368/4388/331 3366/4385/331
f 3367/4389/332 3370/4390/332 3368/4388/332
f 3369/4391/333 3372/4392/333 3370/4393/333
f 3373/4394/1606 3372/4392/1606 3371/4395/1606
f 3375/4396/336 3374/4397/336 3373/4394/336
f 3377/4398/337 3376/4399/337 3375/4396/337
f 3379/4400/321 3378/4401/321 3377/4398/321
f 3381/4402/322 3380/4403/322 3379/4404/322
f 3383/4405/323 3382/4406/323 3381/4402/323
f 3385/4407/324 3384/4408/324 3383/4405/324
f 3387/4409/325 3386/4410/325 3385/4411/325
f 3387/4409/326 3390/4412/326 3388/4413/326
f 3378/4414/338 3386/4415/338 3362/4416/338
f 3389/4417/327 3392/4418/327 3390/4412/327
f 3391/4419/328 3362/4383/328 3392/4418/328
f 3379/4420/335 3371/4421/335 3363/4422/335
f 3393/4423/347 3396/4424/347 3394/4425/347
f 3397/4426/348 3396/4424/348 3395/4427/348
f 3399/4428/349 3398/4429/349 3397/4426/349
f 3401/4430/350 3400/4431/350 3399/4432/350
f 3403/4433/351 3402/4434/351 3401/4435/351
f 3405/4436/352 3404/4437/352 3403/4433/352
f 3407/4438/354 3406/4439/354 3405/4440/354
f 3409/4441/355 3408/4442/355 3407/4438/355
f 3411/4443/339 3410/4444/339 3409/4441/339
f 3411/4443/340 3414/4445/340 3412/4446/340
f 3413/4447/341 3416/4448/341 3414/4445/341
f 3415/4449/342 3418/4450/342 3416/4451/342
f 3417/4452/343 3420/4453/343 3418/4454/343
f 3419/4455/344 3422/4456/344 3420/4453/344
f 3410/4457/356 3418/4450/356 3394/4458/356
f 3421/4459/345 3424/4460/345 3422/4461/345
f 3423/4462/346 3394/4425/346 3424/4460/346
f 3411/4463/1607 3403/4464/1607 3395/4465/1607
f 3427/4466/365 3426/4467/365 3425/4468/365
f 3429/4469/366 3428/4470/366 3427/4466/366
f 3429/4469/367 3432/4471/367 3430/4472/367
f 3431/4473/1608 3434/4474/1608 3432/4471/1608
f 3433/4475/369 3436/4476/369 3434/4477/369
f 3435/4478/370 3438/4479/370 3436/4476/370
f 3437/4480/372 3440/4481/372 3438/4479/372
f 3439/4482/373 3442/4483/373 3440/4481/373
f 3441/4484/357 3444/4485/357 3442/4486/357
f 3443/4487/358 3446/4488/358 3444/4485/358
f 3447/4489/359 3446/4488/359 3445/4490/359
f 3449/4491/1609 3448/4492/1609 3447/4489/1609
f 3451/4493/361 3450/4494/361 3449/4495/361
f 3453/4496/362 3452/4497/362 3451/4493/362
f 3442/4498/374 3450/4499/374 3426/4500/374
f 3455/4501/363 3454/4502/363 3453/4496/363
f 3425/4503/364 3456/4504/364 3455/4501/364
f 3443/4505/371 3435/4506/371 3427/4507/371
f 3459/4508/383 3458/4509/383 3457/4510/383
f 3461/4511/1610 3460/4512/1610 3459/4513/1610
f 3463/4514/1611 3462/4515/1611 3461/4511/1611
f 3465/4516/386 3464/4517/386 3463/4518/386
f 3465/4516/387 3468/4519/387 3466/4520/387
f 3467/4521/388 3470/4522/388 3468/4523/388
f 3469/4524/390 3472/4525/390 3470/4522/390
f 3471/4526/391 3474/4527/391 3472/4525/391
f 3473/4528/375 3476/4529/375 3474/4527/375
f 3475/4530/1612 3478/4531/1612 3476/4532/1612
f 3477/4533/1613 3480/4534/1613 3478/4531/1613
f 3479/4535/1614 3482/4536/1614 3480/4537/1614
f 3483/4538/379 3482/4536/379 3481/4539/379
f 3485/4540/380 3484/4541/380 3483/4542/380
f 3474/4543/392 3482/4536/392 3458/4544/392
f 3487/4545/381 3486/4546/381 3485/4540/381
f 3457/4510/382 3488/4547/382 3487/4545/382
f 3475/4548/389 3467/4549/389 3459/4550/389
f 3491/4551/401 3490/4552/401 3489/4553/401
f 3491/4554/402 3494/4555/402 3492/4556/402
f 3493/4557/403 3496/4558/403 3494/4555/403
f 3495/4559/404 3498/4560/404 3496/4558/404
f 3497/4561/405 3500/4562/405 3498/4560/405
f 3499/4563/406 3502/4564/406 3500/4565/406
f 3501/4566/408 3504/4567/408 3502/4564/408
f 3503/4568/409 3506/4569/409 3504/4567/409
f 3505/4570/393 3508/4571/393 3506/4572/393
f 3509/4573/394 3508/4574/394 3507/4575/394
f 3511/4576/395 3510/4577/395 3509/4573/395
f 3513/4578/1615 3512/4579/1615 3511/4576/1615
f 3515/4580/397 3514/4581/397 3513/4578/397
f 3517/4582/398 3516/4583/398 3515/4584/398
f 3506/4572/410 3514/4585/410 3490/4586/410
f 3519/4587/399 3518/4588/399 3517/4582/399
f 3489/4589/400 3520/4590/400 3519/4587/400
f 3507/4591/407 3499/4592/407 3491/4551/407
f 3523/4593/419 3522/4594/419 3521/4595/419
f 3525/4596/420 3524/4597/420 3523/4593/420
f 3525/4596/421 3528/4598/421 3526/4599/421
f 3527/4600/422 3530/4601/422 3528/4602/422
f 3529/4603/423 3532/4604/423 3530/4601/423
f 3531/4605/424 3534/4606/424 3532/4604/424
f 3533/4607/426 3536/4608/426 3534/4609/426
f 3535/4610/427 3538/4611/427 3536/4608/427
f 3537/4612/411 3540/4613/411 3538/4611/411
f 3539/4614/412 3542/4615/412 3540/4613/412
f 3543/4616/413 3542/4615/413 3541/4617/413
f 3545/4618/414 3544/4619/414 3543/4620/414
f 3547/4621/415 3546/4622/415 3545/4618/415
f 3549/4623/416 3548/4624/416 3547/4621/416
f 3538/4625/428 3546/4626/428 3522/4627/428
f 3551/4628/417 3550/4629/417 3549/4630/417
f 3521/4595/418 3552/4631/418 3551/4628/418
f 3539/4632/425 3531/4633/425 3523/4634/425
f 3553/4635/437 3556/4636/437 3554/4637/437
f 3555/4638/438 3558/4639/438 3556/4640/438
f 3559/4641/439 3558/4639/439 3557/4642/439
f 3561/4643/440 3560/4644/440 3559/4641/440
f 3563/4645/441 3562/4646/441 3561/4643/441
f 3565/4647/1616 3564/4648/1616 3563/4649/1616
f 3567/4650/444 3566/4651/444 3565/4647/444
f 3569/4652/445 3568/4653/445 3567/4650/445
f 3571/4654/429 3570/4655/429 3569/4652/429
f 3573/4656/430 3572/4657/430 3571/4658/430
f 3573/4656/431 3576/4659/431 3574/4660/431
f 3575/4661/432 3578/4662/432 3576/4659/432
f 3577/4663/433 3580/4664/433 3578/4662/433
f 3579/4665/434 3582/4666/434 3580/4667/434
f 3570/4668/446 3578/4669/446 3554/4670/446
f 3581/4671/435 3584/4672/435 3582/4666/435
f 3583/4673/436 3554/4637/436 3584/4672/436
f 3571/4674/443 3563/4675/443 3555/4676/443
f 3587/4677/455 3586/4678/455 3585/4679/455
f 3589/4680/456 3588/4681/456 3587/4682/456
f 3591/4683/457 3590/4684/457 3589/4680/457
f 3593/4685/458 3592/4686/458 3591/4683/458
f 3593/4687/459 3596/4688/459 3594/4689/459
f 3595/4690/460 3598/4691/460 3596/4692/460
f 3597/4693/462 3600/4694/462 3598/4691/462
f 3599/4695/463 3602/4696/463 3600/4694/463
f 3601/4697/447 3604/4698/447 3602/4696/447
f 3603/4699/448 3606/4700/448 3604/4701/448
f 3605/4702/449 3608/4703/449 3606/4700/449
f 3607/4704/450 3610/4705/450 3608/4703/450
f 3611/4706/451 3610/4707/451 3609/4708/451
f 3613/4709/452 3612/4710/452 3611/4711/452
f 3602/4712/464 3610/4707/464 3586/4713/464
f 3615/4714/453 3614/4715/453 3613/4709/453
f 3585/4679/454 3616/4716/454 3615/4714/454
f 3603/4717/461 3595/4718/461 3587/4719/461
f 3619/4720/473 3618/4721/473 3617/4722/473
f 3621/4723/474 3620/4724/474 3619/4720/474
f 3623/4725/475 3622/4726/475 3621/4723/475
f 3625/4727/476 3624/4728/476 3623/4725/476
f 3627/4729/477 3626/4730/477 3625/4727/477
f 3629/4731/1617 3628/4732/1617 3627/4733/1617
f 3629/4731/1618 3632/4734/1618 3630/4735/1618
f 3631/4736/481 3634/4737/481 3632/4734/481
f 3633/4738/465 3636/4739/465 3634/4740/465
f 3635/4741/466 3638/4742/466 3636/4739/466
f 3637/4743/467 3640/4744/467 3638/4742/467
f 3639/4745/468 3642/4746/468 3640/4744/468
f 3641/4747/469 3644/4748/469 3642/4746/469
f 3643/4749/470 3646/4750/470 3644/4751/470
f 3634/4752/1619 3642/4753/1619 3618/4754/1619
f 3647/4755/1620 3646/4750/1620 3645/4756/1620
f 3617/4757/472 3648/4758/472 3647/4755/472
f 3635/4759/1621 3627/4760/1621 3619/4761/1621
f 3649/4762/491 3652/4763/491 3650/4764/491
f 3651/4765/492 3654/4766/492 3652/4763/492
f 3653/4767/493 3656/4768/493 3654/4766/493
f 3655/4769/494 3658/4770/494 3656/4768/494
f 3657/4771/495 3660/4772/495 3658/4770/495
f 3661/4773/496 3660/4774/496 3659/4775/496
f 3663/4776/498 3662/4777/498 3661/4773/498
f 3665/4778/499 3664/4779/499 3663/4776/499
f 3667/4780/483 3666/4781/483 3665/4782/483
f 3669/4783/484 3668/4784/484 3667/4780/484
f 3671/4785/485 3670/4786/485 3669/4783/485
f 3673/4787/486 3672/4788/486 3671/4785/486
f 3675/4789/487 3674/4790/487 3673/4787/487
f 3675/4791/488 3678/4792/488 3676/4793/488
f 3666/4794/500 3674/4795/500 3650/4796/500
f 3677/4797/1622 3680/4798/1622 3678/4792/1622
f 3679/4799/490 3650/4800/490 3680/4798/490
f 3667/4801/1623 3659/4802/1623 3651/4803/1623
f 3683/4804/509 3682/4805/509 3681/4806/509
f 3685/4807/510 3684/4808/510 3683/4809/510
f 3687/4810/511 3686/4811/511 3685/4807/511
f 3687/4810/512 3690/4812/512 3688/4813/512
f 3689/4814/513 3692/4815/513 3690/4816/513
f 3691/4817/514 3694/4818/514 3692/4815/514
f 3693/4819/516 3696/4820/516 3694/4818/516
f 3695/4821/517 3698/4822/517 3696/4820/517
f 3697/4823/501 3700/4824/501 3698/4822/501
f 3699/4825/502 3702/4826/502 3700/4827/502
f 3701/4828/503 3704/4829/503 3702/4826/503
f 3705/4830/504 3704/4829/504 3703/4831/504
f 3707/4832/505 3706/4833/505 3705/4834/505
f 3709/4835/1624 3708/4836/1624 3707/4832/1624
f 3698/4837/518 3706/4838/518 3682/4839/518
f 3711/4840/507 3710/4841/507 3709/4835/507
f 3681/4806/508 3712/4842/508 3711/4840/508
f 3699/4843/515 3691/4844/515 3683/4845/515
f 3715/4846/1625 3714/4847/1625 3713/4848/1625
f 3717/4849/528 3716/4850/528 3715/4846/528
f 3719/4851/529 3718/4852/529 3717/4849/529
f 3721/4853/530 3720/4854/530 3719/4851/530
f 3723/4855/531 3722/4856/531 3721/4857/531
f 3723/4855/532 3726/4858/532 3724/4859/532
f 3725/4860/534 3728/4861/534 3726/4858/534
f 3727/4862/535 3730/4863/535 3728/4864/535
f 3729/4865/519 3732/4866/519 3730/4867/519
f 3731/4868/520 3734/4869/520 3732/4866/520
f 3733/4870/521 3736/4871/521 3734/4869/521
f 3735/4872/522 3738/4873/522 3736/4871/522
f 3737/4874/523 3740/4875/523 3738/4876/523
f 3741/4877/524 3740/4875/524 3739/4878/524
f 3730/4879/536 3738/4876/536 3714/4880/536
f 3743/4881/525 3742/4882/525 3741/4877/525
f 3713/4883/526 3744/4884/526 3743/4885/526
f 3731/4886/533 3723/4855/533 3715/4887/533
f 3747/4888/545 3746/4889/545 3745/4890/545
f 3749/4891/1626 3748/4892/1626 3747/4888/1626
f 3751/4893/547 3750/4894/547 3749/4895/547
f 3753/4896/548 3752/4897/548 3751/4893/548
f 3755/4898/549 3754/4899/549 3753/4900/549
f 3757/4901/550 3756/4902/550 3755/4898/550
f 3759/4903/552 3758/4904/552 3757/4901/552
f 3761/4905/1627 3760/4906/1627 3759/4903/1627
f 3761/4907/537 3764/4908/537 3762/4909/537
f 3763/4910/538 3766/4911/538 3764/4908/538
f 3765/4912/539 3768/4913/539 3766/4914/539
f 3767/4915/540 3770/4916/540 3768/4913/540
f 3769/4917/541 3772/4918/541 3770/4919/541
f 3771/4920/542 3774/4921/542 3772/4918/542
f 3762/4922/554 3770/4923/554 3746/4889/554
f 3773/4924/543 3776/4925/543 3774/4921/543
f 3775/4926/544 3746/4927/544 3776/4925/544
f 3763/4910/551 3755/4928/551 3747/4929/551
f 3779/4930/563 3778/4931/563 3777/4932/563
f 3781/4933/564 3780/4934/564 3779/4935/564
f 3781/4933/565 3784/4936/565 3782/4937/565
f 3783/4938/566 3786/4939/566 3784/4936/566
f 3785/4940/567 3788/4941/567 3786/4942/567
f 3787/4943/568 3790/4944/568 3788/4941/568
f 3789/4945/570 3792/4946/570 3790/4944/570
f 3791/4947/571 3794/4948/571 3792/4946/571
f 3793/4949/555 3796/4950/555 3794/4951/555
f 3795/4952/556 3798/4953/556 3796/4954/556
f 3799/4955/557 3798/4953/557 3797/4956/557
f 3801/4957/558 3800/4958/558 3799/4955/558
f 3803/4959/559 3802/4960/559 3801/4961/559
f 3805/4962/560 3804/4963/560 3803/4959/560
f 3794/4951/572 3802/4964/572 3778/4965/572
f 3807/4966/561 3806/4967/561 3805/4962/561
f 3777/4968/562 3808/4969/562 3807/4966/562
f 3795/4970/569 3787/4971/569 3779/4930/569
f 3811/4972/581 3810/4973/581 3809/4974/581
f 3813/4975/582 3812/4976/582 3811/4977/582
f 3815/4978/583 3814/4979/583 3813/4975/583
f 3817/4980/584 3816/4981/584 3815/4978/584
f 3817/4982/585 3820/4983/585 3818/4984/585
f 3819/4985/586 3822/4986/586 3820/4983/586
f 3821/4987/588 3824/4988/588 3822/4986/588
f 3823/4989/589 3826/4990/589 3824/4988/589
f 3825/4991/573 3828/4992/573 3826/4990/573
f 3827/4993/574 3830/4994/574 3828/4995/574
f 3829/4996/575 3832/4997/575 3830/4994/575
f 3831/4998/576 3834/4999/576 3832/4997/576
f 3835/5000/577 3834/5001/577 3833/5002/577
f 3837/5003/578 3836/5004/578 3835/5000/578
f 3826/5005/590 3834/5006/590 3810/5007/590
f 3839/5008/579 3838/5009/579 3837/5003/579
f 3809/4974/580 3840/5010/580 3839/5008/580
f 3827/5011/587 3819/5012/587 3811/5013/587
f 3841/5014/599 3844/5015/599 3842/5016/599
f 3843/5017/600 3846/5018/600 3844/5015/600
f 3845/5019/1628 3848/5020/1628 3846/5018/1628
f 3847/5021/602 3850/5022/602 3848/5020/602
f 3849/5023/603 3852/5024/603 3850/5022/603
f 3851/5025/1629 3854/5026/1629 3852/5027/1629
f 3853/5028/1630 3856/5029/1630 3854/5026/1630
f 3855/5030/607 3858/5031/607 3856/5029/607
f 3859/5032/591 3858/5033/591 3857/5034/591
f 3861/5035/592 3860/5036/592 3859/5032/592
f 3863/5037/1631 3862/5038/1631 3861/5035/1631
f 3865/5039/1632 3864/5040/1632 3863/5037/1632
f 3867/5041/595 3866/5042/595 3865/5039/595
f 3869/5043/596 3868/5044/596 3867/5045/596
f 3858/5046/608 3866/5047/608 3842/5048/608
f 3871/5049/597 3870/5050/597 3869/5043/597
f 3841/5051/598 3872/5052/598 3871/5049/598
f 3859/5053/605 3851/5054/605 3843/5055/605
f 3875/5056/1633 3874/5057/1633 3873/5058/1633
f 3875/5056/618 3878/5059/618 3876/5060/618
f 3877/5061/619 3880/5062/619 3878/5063/619
f 3879/5064/620 3882/5065/620 3880/5062/620
f 3881/5066/621 3884/5067/621 3882/5065/621
f 3883/5068/622 3886/5069/622 3884/5070/622
f 3885/5071/624 3888/5072/624 3886/5073/624
f 3887/5074/1634 3890/5075/1634 3888/5072/1634
f 3889/5076/1635 3892/5077/1635 3890/5075/1635
f 3893/5078/610 3892/5077/610 3891/5079/610
f 3895/5080/611 3894/5081/611 3893/5082/611
f 3897/5083/1636 3896/5084/1636 3895/5080/1636
f 3899/5085/1637 3898/5086/1637 3897/5083/1637
f 3901/5087/614 3900/5088/614 3899/5089/614
f 3890/5090/626 3898/5091/626 3874/5092/626
f 3903/5093/615 3902/5094/615 3901/5095/615
f 3873/5058/1638 3904/5096/1638 3903/5093/1638
f 3891/5097/623 3883/5068/623 3875/5098/623
f 3907/5099/635 3906/5100/635 3905/5101/635
f 3909/5102/636 3908/5103/636 3907/5099/636
f 3911/5104/637 3910/5105/637 3909/5102/637
f 3911/5104/638 3914/5106/638 3912/5107/638
f 3913/5108/639 3916/5109/639 3914/5106/639
f 3915/5110/640 3918/5111/640 3916/5112/640
f 3917/5113/642 3920/5114/642 3918/5111/642
f 3919/5115/643 3922/5116/643 3920/5114/643
f 3921/5117/627 3924/5118/627 3922/5119/627
f 3923/5120/628 3926/5121/628 3924/5118/628
f 3925/5122/629 3928/5123/629 3926/5121/629
f 3929/5124/630 3928/5123/630 3927/5125/630
f 3931/5126/631 3930/5127/631 3929/5124/631
f 3933/5128/632 3932/5129/632 3931/5130/632
f 3922/5131/644 3930/5132/644 3906/5133/644
f 3935/5134/633 3934/5135/633 3933/5128/633
f 3905/5136/634 3936/5137/634 3935/5134/634
f 3923/5138/641 3915/5139/641 3907/5140/641
f 3939/5141/653 3938/5142/653 3937/5143/653
f 3941/5144/1639 3940/5145/1639 3939/5146/1639
f 3943/5147/655 3942/5148/655 3941/5144/655
f 3945/5149/656 3944/5150/656 3943/5147/656
f 3945/5149/657 3948/5151/657 3946/5152/657
f 3947/5153/658 3950/5154/658 3948/5155/658
f 3949/5156/660 3952/5157/660 3950/5154/660
f 3951/5158/661 3954/5159/661 3952/5157/661
f 3953/5160/645 3956/5161/645 3954/5159/645
f 3955/5162/646 3958/5163/646 3956/5164/646
f 3957/5165/647 3960/5166/647 3958/5163/647
f 3959/5167/648 3962/5168/648 3960/5166/648
f 3963/5169/649 3962/5168/649 3961/5170/649
f 3965/5171/650 3964/5172/650 3963/5173/650
f 3954/5174/662 3962/5175/662 3938/5176/662
f 3967/5177/651 3966/5178/651 3965/5171/651
f 3937/5143/652 3968/5179/652 3967/5177/652
f 3955/5180/659 3947/5181/659 3939/5182/659
f 3971/5183/671 3970/5184/671 3969/5185/671
f 3973/5186/1640 3972/5187/1640 3971/5183/1640
f 3975/5188/1641 3974/5189/1641 3973/5186/1641
f 3977/5190/1642 3976/5191/1642 3975/5188/1642
f 3979/5192/675 3978/5193/675 3977/5194/675
f 3979/5192/676 3982/5195/676 3980/5196/676
f 3981/5197/678 3984/5198/678 3982/5199/678
f 3983/5200/679 3986/5201/679 3984/5198/679
f 3985/5202/663 3988/5203/663 3986/5204/663
f 3987/5205/664 3990/5206/664 3988/5203/664
f 3989/5207/665 3992/5208/665 3990/5206/665
f 3991/5209/666 3994/5210/666 3992/5208/666
f 3993/5211/1643 3996/5212/1643 3994/5213/1643
f 3997/5214/668 3996/5212/668 3995/5215/668
f 3986/5216/680 3994/5213/680 3970/5217/680
f 3999/5218/669 3998/5219/669 3997/5220/669
f 3969/5221/670 4000/5222/670 3999/5218/670
f 3987/5223/677 3979/5192/677 3971/5224/677
f 4003/5225/689 4002/5226/689 4001/5227/689
f 4005/5228/1644 4004/5229/1644 4003/5225/1644
f 4005/5228/691 4008/5230/691 4006/5231/691
f 4007/5232/1645 4010/5233/1645 4008/5230/1645
f 4009/5234/693 4012/5235/693 4010/5236/693
f 4011/5237/694 4014/5238/694 4012/5235/694
f 4013/5239/696 4016/5240/696 4014/5238/696
f 4015/5241/1646 4018/5242/1646 4016/5240/1646
f 4017/5243/1647 4020/5244/1647 4018/5245/1647
f 4019/5246/682 4022/5247/682 4020/5244/682
f 4023/5248/683 4022/5247/683 4021/5249/683
f 4025/5250/684 4024/5251/684 4023/5248/684
f 4027/5252/685 4026/5253/685 4025/5254/685
f 4029/5255/686 4028/5256/686 4027/5252/686
f 4018/5245/698 4026/5257/698 4002/5258/698
f 4031/5259/687 4030/5260/687 4029/5255/687
f 4001/5261/1648 4032/5262/1648 4031/5259/1648
f 4019/5263/695 4011/5264/695 4003/5225/695
f 4033/5265/707 4036/5266/707 4034/5267/707
f 4035/5268/708 4038/5269/708 4036/5266/708
f 4039/5270/709 4038/5269/709 4037/5271/709
f 4041/5272/710 4040/5273/710 4039/5270/710
f 4043/5274/711 4042/5275/711 4041/5272/711
f 4045/5276/712 4044/5277/712 4043/5278/712
f 4047/5279/714 4046/5280/714 4045/5276/714
f 4049/5281/1649 4048/5282/1649 4047/5279/1649
f 4051/5283/699 4050/5284/699 4049/5285/699
f 4053/5286/700 4052/5287/700 4051/5283/700
f 4053/5286/701 4056/5288/701 4054/5289/701
f 4055/5290/702 4058/5291/702 4056/5288/702
f 4057/5292/703 4060/5293/703 4058/5291/703
f 4059/5294/704 4062/5295/704 4060/5296/704
f 4050/5297/716 4058/5298/716 4034/5299/716
f 4061/5300/705 4064/5301/705 4062/5295/705
f 4063/5302/1650 4034/5303/1650 4064/5301/1650
f 4051/5304/713 4043/5305/713 4035/5306/713
f 4065/5307/725 4068/5308/725 4066/5309/725
f 4067/5310/726 4070/5311/726 4068/5308/726
f 4069/5312/727 4072/5313/727 4070/5314/727
f 4071/5315/728 4074/5316/728 4072/5313/728
f 4075/5317/729 4074/5316/729 4073/5318/729
f 4077/5319/730 4076/5320/730 4075/5317/730
f 4079/5321/732 4078/5322/732 4077/5319/732
f 4081/5323/733 4080/5324/733 4079/5325/733
f 4083/5326/717 4082/5327/717 4081/5328/717
f 4085/5329/718 4084/5330/718 4083/5326/718
f 4087/5331/719 4086/5332/719 4085/5333/719
f 4089/5334/720 4088/5335/720 4087/5331/720
f 4089/5334/721 4092/5336/721 4090/5337/721
f 4091/5338/722 4094/5339/722 4092/5336/722
f 4082/5340/734 4090/5341/734 4066/5342/734
f 4093/5343/723 4096/5344/723 4094/5339/723
f 4095/5345/724 4066/5342/724 4096/5346/724
f 4083/5347/731 4075/5348/731 4067/5349/731
f 4099/5350/743 4098/5351/743 4097/5352/743
f 4101/5353/744 4100/5354/744 4099/5350/744
f 4103/5355/745 4102/5356/745 4101/5353/745
f 4105/5357/746 4104/5358/746 4103/5355/746
f 4107/5359/747 4106/5360/747 4105/5361/747
f 4107/5359/748 4110/5362/748 4108/5363/748
f 4109/5364/1651 4112/5365/1651 4110/5362/1651
f 4111/5366/751 4114/5367/751 4112/5365/751
f 4113/5368/735 4116/5369/735 4114/5370/735
f 4115/5371/736 4118/5372/736 4116/5369/736
f 4117/5373/737 4120/5374/737 4118/5372/737
f 4119/5375/738 4122/5376/738 4120/5374/738
f 4121/5377/739 4124/5378/739 4122/5379/739
f 4125/5380/740 4124/5378/740 4123/5381/740
f 4114/5382/752 4122/5383/752 4098/5384/752
f 4127/5385/1652 4126/5386/1652 4125/5380/1652
f 4097/5387/742 4128/5388/742 4127/5385/742
f 4115/5389/749 4107/5390/749 4099/5391/749
f 4131/5392/761 4130/5393/761 4129/5394/761
f 4133/5395/762 4132/5396/762 4131/5397/762
f 4135/5398/763 4134/5399/763 4133/5395/763
f 4137/5400/764 4136/5401/764 4135/5398/764
f 4139/5402/765 4138/5403/765 4137/5400/765
f 4141/5404/766 4140/5405/766 4139/5406/766
f 4143/5407/768 4142/5408/768 4141/5404/768
f 4143/5407/769 4146/5409/769 4144/5410/769
f 4145/5411/1653 4148/5412/1653 4146/5413/1653
f 4147/5414/754 4150/5415/754 4148/5416/754
f 4149/5417/755 4152/5418/755 4150/5415/755
f 4151/5419/756 4154/5420/756 4152/5418/756
f 4153/5421/757 4156/5422/757 4154/5420/757
f 4155/5423/758 4158/5424/758 4156/5425/758
f 4146/5426/770 4154/5427/770 4130/5393/770
f 4157/5428/759 4160/5429/759 4158/5424/759
f 4129/5430/760 4160/5429/760 4159/5431/760
f 4147/5432/767 4139/5433/767 4131/5434/767
f 4163/5435/779 4162/5436/779 4161/5437/779
f 4165/5438/780 4164/5439/780 4163/5440/780
f 4167/5441/1654 4166/5442/1654 4165/5438/1654
f 4169/5443/782 4168/5444/782 4167/5441/782
f 4169/5445/783 4172/5446/783 4170/5447/783
f 4171/5448/784 4174/5449/784 4172/5450/784
f 4173/5451/786 4176/5452/786 4174/5449/786
f 4175/5453/787 4178/5454/787 4176/5452/787
f 4177/5455/771 4180/5456/771 4178/5454/771
f 4179/5457/772 4182/5458/772 4180/5459/772
f 4181/5460/1655 4184/5461/1655 4182/5458/1655
f 4183/5462/774 4186/5463/774 4184/5461/774
f 4187/5464/775 4186/5465/775 4185/5466/775
f 4189/5467/776 4188/5468/776 4187/5469/776
f 4178/5470/788 4186/5465/788 4162/5471/788
f 4191/5472/1656 4190/5473/1656 4189/5467/1656
f 4161/5437/778 4192/5474/778 4191/5472/778
f 4179/5475/785 4171/5476/785 4163/5477/785
f 4193/5478/797 4196/5479/797 4194/5480/797
f 4195/5481/798 4198/5482/798 4196/5479/798
f 4197/5483/799 4200/5484/799 4198/5485/799
f 4199/5486/800 4202/5487/800 4200/5484/800
f 4201/5488/801 4204/5489/801 4202/5487/801
f 4205/5490/802 4204/5489/802 4203/5491/802
f 4207/5492/804 4206/5493/804 4205/5490/804
f 4209/5494/805 4208/5495/805 4207/5496/805
f 4211/5497/789 4210/5498/789 4209/5494/789
f 4213/5499/790 4212/5500/790 4211/5497/790
f 4215/5501/791 4214/5502/791 4213/5503/791
f 4217/5504/792 4216/5505/792 4215/5501/792
f 4219/5506/793 4218/5507/793 4217/5504/793
f 4219/5506/794 4222/5508/794 4220/5509/794
f 4210/5510/806 4218/5511/806 4194/5512/806
f 4221/5513/795 4224/5514/795 4222/5508/795
f 4223/5515/796 4194/5480/796 4224/5516/796
f 4211/5517/803 4203/5518/803 4195/5519/803
f 4227/5520/815 4226/5521/815 4225/5522/815
f 4229/5523/816 4228/5524/816 4227/5525/816
f 4231/5526/817 4230/5527/817 4229/5523/817
f 4233/5528/818 4232/5529/818 4231/5526/818
f 4233/5528/819 4236/5530/819 4234/5531/819
f 4235/5532/820 4238/5533/820 4236/5534/820
f 4237/5535/1657 4240/5536/1657 4238/5533/1657
f 4239/5537/1658 4242/5538/1658 4240/5536/1658
f 4241/5539/807 4244/5540/807 4242/5538/807
f 4243/5541/808 4246/5542/808 4244/5543/808
f 4245/5544/809 4248/5545/809 4246/5542/809
f 4247/5546/810 4250/5547/810 4248/5545/810
f 4251/5548/811 4250/5547/811 4249/5549/811
f 4253/5550/812 4252/5551/812 4251/5552/812
f 4242/5553/824 4250/5554/824 4226/5555/824
f 4255/5556/813 4254/5557/813 4253/5550/813
f 4225/5522/814 4256/5558/814 4255/5556/814
f 4243/5559/821 4235/5560/821 4227/5561/821
f 4259/5562/833 4258/5563/833 4257/5564/833
f 4261/5565/834 4260/5566/834 4259/5567/834
f 4263/5568/835 4262/5569/835 4261/5565/835
f 4265/5570/836 4264/5571/836 4263/5568/836
f 4267/5572/837 4266/5573/837 4265/5570/837
f 4269/5574/838 4268/5575/838 4267/5576/838
f 4271/5577/840 4270/5578/840 4269/5574/840
f 4271/5577/841 4274/5579/841 4272/5580/841
f 4273/5581/825 4276/5582/825 4274/5583/825
f 4275/5584/826 4278/5585/826 4276/5586/826
f 4277/5587/827 4280/5588/827 4278/5585/827
f 4279/5589/828 4282/5590/828 4280/5588/828
f 4281/5591/829 4284/5592/829 4282/5590/829
f 4283/5593/1659 4286/5594/1659 4284/5595/1659
f 4274/5596/842 4282/5597/842 4258/5563/842
f 4285/5598/831 4288/5599/831 4286/5594/831
f 4257/5600/832 4288/5599/832 4287/5601/832
f 4275/5602/839 4267/5603/839 4259/5604/839
f 4289/5605/851 4292/5606/851 4290/5607/851
f 4293/5608/852 4292/5609/852 4291/5610/852
f 4295/5611/853 4294/5612/853 4293/5608/853
f 4297/5613/854 4296/5614/854 4295/5611/854
f 4299/5615/855 4298/5616/855 4297/5617/855
f 4301/5618/856 4300/5619/856 4299/5615/856
f 4303/5620/1660 4302/5621/1660 4301/5618/1660
f 4305/5622/859 4304/5623/859 4303/5620/859
f 4307/5624/843 4306/5625/843 4305/5622/843
f 4307/5626/844 4310/5627/844 4308/5628/844
f 4309/5629/845 4312/5630/845 4310/5627/845
f 4311/5631/846 4314/5632/846 4312/5630/846
f 4313/5633/847 4316/5634/847 4314/5635/847
f 4315/5636/848 4318/5637/848 4316/5634/848
f 4306/5638/860 4314/5639/860 4290/5640/860
f 4317/5641/849 4320/5642/849 4318/5637/849
f 4319/5643/850 4290/5607/850 4320/5642/850
f 4307/5644/857 4299/5645/857 4291/5646/857
f 4323/5647/869 4322/5648/869 4321/5649/869
f 4325/5650/870 4324/5651/870 4323/5647/870
f 4325/5650/871 4328/5652/871 4326/5653/871
f 4327/5654/872 4330/5655/872 4328/5652/872
f 4329/5656/873 4332/5657/873 4330/5658/873
f 4331/5659/874 4334/5660/874 4332/5657/874
f 4333/5661/1661 4336/5662/1661 4334/5660/1661
f 4335/5663/877 4338/5664/877 4336/5662/877
f 4337/5665/861 4340/5666/861 4338/5667/861
f 4339/5668/862 4342/5669/862 4340/5666/862
f 4343/5670/863 4342/5669/863 4341/5671/863
f 4345/5672/864 4344/5673/864 4343/5670/864
f 4347/5674/865 4346/5675/865 4345/5676/865
f 4349/5677/866 4348/5678/866 4347/5674/866
f 4338/5679/878 4346/5680/878 4322/5681/878
f 4351/5682/1662 4350/5683/1662 4349/5677/1662
f 4321/5684/868 4352/5685/868 4351/5682/868
f 4339/5686/875 4331/5687/875 4323/5688/875
f 4355/5689/1663 4354/5690/1663 4353/5691/1663
f 4357/5692/888 4356/5693/888 4355/5689/888
f 4359/5694/889 4358/5695/889 4357/5692/889
f 4361/5696/890 4360/5697/890 4359/5694/890
f 4363/5698/891 4362/5699/891 4361/5696/891
f 4363/5700/892 4366/5701/892 4364/5702/892
f 4365/5703/1664 4368/5704/1664 4366/5701/1664
f 4367/5705/895 4370/5706/895 4368/5704/895
f 4369/5707/1665 4372/5708/1665 4370/5709/1665
f 4371/5710/880 4374/5711/880 4372/5708/880
f 4373/5712/881 4376/5713/881 4374/5711/881
f 4375/5714/882 4378/5715/882 4376/5713/882
f 4377/5716/883 4380/5717/883 4378/5715/883
f 4381/5718/884 4380/5719/884 4379/5720/884
f 4370/5721/896 4378/5722/896 4354/5723/896
f 4383/5724/885 4382/5725/885 4381/5718/885
f 4353/5726/886 4384/5727/886 4383/5724/886
f 4371/5728/893 4363/5729/893 4355/5730/893
f 4385/5731/1666 4388/5732/1666 4386/5733/1666
f 4387/5734/906 4390/5735/906 4388/5732/906
f 4391/5736/1667 4390/5735/1667 4389/5737/1667
f 4393/5738/1668 4392/5739/1668 4391/5740/1668
f 4395/5741/909 4394/5742/909 4393/5743/909
f 4397/5744/910 4396/5745/910 4395/5741/910
f 4399/5746/912 4398/5747/912 4397/5744/912
f 4401/5748/913 4400/5749/913 4399/5746/913
f 4403/5750/897 4402/5751/897 4401/5752/897
f 4405/5753/898 4404/5754/898 4403/5750/898
f 4405/5753/899 4408/5755/899 4406/5756/899
f 4407/5757/1669 4410/5758/1669 4408/5759/1669
f 4409/5760/901 4412/5761/901 4410/5762/901
f 4411/5763/902 4414/5764/902 4412/5761/902
f 4402/5765/914 4410/5766/914 4386/5733/914
f 4413/5767/903 4416/5768/903 4414/5764/903
f 4415/5769/904 4386/5770/904 4416/5768/904
f 4403/5750/1670 4395/5771/1670 4387/5772/1670
f 4417/5773/923 4420/5774/923 4418/5775/923
f 4419/5776/924 4422/5777/924 4420/5774/924
f 4421/5778/925 4424/5779/925 4422/5777/925
f 4423/5780/1671 4426/5781/1671 4424/5779/1671
f 4425/5782/1672 4428/5783/1672 4426/5784/1672
f 4427/5785/928 4430/5786/928 4428/5783/928
f 4431/5787/930 4430/5788/930 4429/5789/930
f 4433/5790/931 4432/5791/931 4431/5787/931
f 4435/5792/915 4434/5793/915 4433/5794/915
f 4437/5795/916 4436/5796/916 4435/5792/916
f 4439/5797/1673 4438/5798/1673 4437/5795/1673
f 4441/5799/918 4440/5800/918 4439/5797/918
f 4443/5801/919 4442/5802/919 4441/5803/919
f 4445/5804/1674 4444/5805/1674 4443/5801/1674
f 4434/5806/932 4442/5807/932 4418/5808/932
f 4445/5809/921 4448/5810/921 4446/5811/921
f 4447/5812/922 4418/5813/922 4448/5810/922
f 4435/5814/929 4427/5815/929 4419/5816/929
f 4451/5817/941 4450/5818/941 4449/5819/941
f 4453/5820/942 4452/5821/942 4451/5817/942
f 4455/5822/943 4454/5823/943 4453/5820/943
f 4457/5824/1675 4456/5825/1675 4455/5822/1675
f 4459/5826/1676 4458/5827/1676 4457/5828/1676
f 4459/5829/946 4462/5830/946 4460/5831/946
f 4461/5832/1677 4464/5833/1677 4462/5830/1677
f 4463/5834/1678 4466/5835/1678 4464/5833/1678
f 4465/5836/933 4468/5837/933 4466/5838/933
f 4467/5839/934 4470/5840/934 4468/5837/934
f 4469/5841/935 4472/5842/935 4470/5840/935
f 4471/5843/936 4474/5844/936 4472/5842/936
f 4473/5845/937 4476/5846/937 4474/5847/937
f 4477/5848/938 4476/5849/938 4475/5850/938
f 4466/5851/950 4474/5847/950 4450/5852/950
f 4479/5853/939 4478/5854/939 4477/5848/939
f 4449/5855/940 4480/5856/940 4479/5853/940
f 4467/5857/947 4459/5826/947 4451/5858/947
f 4483/5859/959 4482/5860/959 4481/5861/959
f 4485/5862/960 4484/5863/960 4483/5859/960
f 4487/5864/961 4486/5865/961 4485/5862/961
f 4489/5866/962 4488/5867/962 4487/5864/962
f 4491/5868/1679 4490/5869/1679 4489/5866/1679
f 4493/5870/964 4492/5871/964 4491/5872/964
f 4495/5873/966 4494/5874/966 4493/5870/966
f 4495/5873/967 4498/5875/967 4496/5876/967
f 4497/5877/951 4500/5878/951 4498/5879/951
f 4499/5880/952 4502/5881/952 4500/5878/952
f 4501/5882/953 4504/5883/953 4502/5881/953
f 4503/5884/954 4506/5885/954 4504/5883/954
f 4505/5886/1680 4508/5887/1680 4506/5885/1680
f 4507/5888/956 4510/5889/956 4508/5890/956
f 4498/5891/968 4506/5892/968 4482/5893/968
f 4509/5894/957 4512/5895/957 4510/5889/957
f 4481/5896/958 4512/5895/958 4511/5897/958
f 4499/5898/965 4491/5899/965 4483/5900/965
f 4515/5901/977 4514/5902/977 4513/5903/977
f 4517/5904/978 4516/5905/978 4515/5906/978
f 4519/5907/979 4518/5908/979 4517/5904/979
f 4519/5907/980 4522/5909/980 4520/5910/980
f 4521/5911/981 4524/5912/981 4522/5913/981
f 4523/5914/982 4526/5915/982 4524/5912/982
f 4525/5916/984 4528/5917/984 4526/5915/984
f 4527/5918/985 4530/5919/985 4528/5917/985
f 4529/5920/969 4532/5921/969 4530/5919/969
f 4531/5922/970 4534/5923/970 4532/5924/970
f 4533/5925/971 4536/5926/971 4534/5923/971
f 4537/5927/1681 4536/5926/1681 4535/5928/1681
f 4539/5929/973 4538/5930/973 4537/5931/973
f 4541/5932/974 4540/5933/974 4539/5929/974
f 4530/5934/986 4538/5935/986 4514/5936/986
f 4543/5937/975 4542/5938/975 4541/5932/975
f 4513/5903/976 4544/5939/976 4543/5937/976
f 4531/5940/983 4523/5941/983 4515/5942/983
f 4547/5943/995 4546/5944/995 4545/5945/995
f 4549/5946/996 4548/5947/996 4547/5948/996
f 4551/5949/997 4550/5950/997 4549/5951/997
f 4553/5952/1682 4552/5953/1682 4551/5949/1682
f 4553/5952/999 4556/5954/999 4554/5955/999
f 4555/5956/1000 4558/5957/1000 4556/5954/1000
f 4557/5958/1002 4560/5959/1002 4558/5960/1002
f 4559/5961/1003 4562/5962/1003 4560/5959/1003
f 4561/5963/987 4564/5964/987 4562/5962/987
f 4563/5965/988 4566/5966/988 4564/5967/988
f 4565/5968/989 4568/5969/989 4566/5970/989
f 4567/5971/990 4570/5972/990 4568/5969/990
f 4571/5973/991 4570/5972/991 4569/5974/991
f 4573/5975/992 4572/5976/992 4571/5973/992
f 4562/5977/1004 4570/5978/1004 4546/5979/1004
f 4575/5980/1683 4574/5981/1683 4573/5982/1683
f 4545/5945/994 4576/5983/994 4575/5980/994
f 4563/5965/1001 4555/5984/1001 4547/5985/1001
f 4579/5986/1684 4578/5987/1684 4577/5988/1684
f 4581/5989/1014 4580/5990/1014 4579/5986/1014
f 4583/5991/1015 4582/5992/1015 4581/5989/1015
f 4585/5993/1016 4584/5994/1016 4583/5991/1016
f 4587/5995/1685 4586/5996/1685 4585/5997/1685
f 4589/5998/1686 4588/5999/1686 4587/5995/1686
f 4589/5998/1020 4592/6000/1020 4590/6001/1020
f 4591/6002/1687 4594/6003/1687 4592/6000/1687
f 4593/6004/1005 4596/6005/1005 4594/6006/1005
f 4595/6007/1006 4598/6008/1006 4596/6005/1006
f 4597/6009/1007 4600/6010/1007 4598/6008/1007
f 4599/6011/1008 4602/6012/1008 4600/6010/1008
f 4601/6013/1688 4604/6014/1688 4602/6015/1688
f 4603/6016/1689 4606/6017/1689 4604/6014/1689
f 4594/6018/1690 4602/6019/1690 4578/6020/1690
f 4607/6021/1011 4606/6017/1011 4605/6022/1011
f 4577/6023/1012 4608/6024/1012 4607/6021/1012
f 4595/6025/1019 4587/6026/1019 4579/6027/1019
f 4611/6028/1031 4610/6029/1031 4609/6030/1031
f 4613/6031/1032 4612/6032/1032 4611/6033/1032
f 4615/6034/1033 4614/6035/1033 4613/6031/1033
f 4617/6036/1034 4616/6037/1034 4615/6034/1034
f 4619/6038/1035 4618/6039/1035 4617/6036/1035
f 4621/6040/1691 4620/6041/1691 4619/6042/1691
f 4623/6043/1038 4622/6044/1038 4621/6040/1038
f 4623/6043/1039 4626/6045/1039 4624/6046/1039
f 4625/6047/1023 4628/6048/1023 4626/6045/1023
f 4627/6049/1024 4630/6050/1024 4628/6051/1024
f 4629/6052/1025 4632/6053/1025 4630/6050/1025
f 4631/6054/1026 4634/6055/1026 4632/6053/1026
f 4633/6056/1027 4636/6057/1027 4634/6055/1027
f 4635/6058/1692 4638/6059/1692 4636/6060/1692
f 4626/6061/1040 4634/6062/1040 4610/6063/1040
f 4637/6064/1029 4640/6065/1029 4638/6059/1029
f 4609/6030/1030 4640/6065/1030 4639/6066/1030
f 4627/6067/1037 4619/6068/1037 4611/6069/1037
f 4643/6070/1049 4642/6071/1049 4641/6072/1049
f 4645/6073/1050 4644/6074/1050 4643/6070/1050
f 4647/6075/1051 4646/6076/1051 4645/6077/1051
f 4649/6078/1052 4648/6079/1052 4647/6075/1052
f 4651/6080/1053 4650/6081/1053 4649/6082/1053
f 4653/6083/1054 4652/6084/1054 4651/6080/1054
f 4655/6085/1693 4654/6086/1693 4653/6083/1693
f 4657/6087/1057 4656/6088/1057 4655/6085/1057
f 4657/6089/1041 4660/6090/1041 4658/6091/1041
f 4659/6092/1042 4662/6093/1042 4660/6090/1042
f 4661/6094/1043 4664/6095/1043 4662/6096/1043
f 4663/6097/1044 4666/6098/1044 4664/6095/1044
f 4665/6099/1045 4668/6100/1045 4666/6101/1045
f 4667/6102/1046 4670/6103/1046 4668/6100/1046
f 4658/6104/1058 4666/6105/1058 4642/6071/1058
f 4669/6106/1047 4672/6107/1047 4670/6103/1047
f 4671/6108/1048 4642/6109/1048 4672/6107/1048
f 4659/6092/1055 4651/6110/1055 4643/6111/1055
f 4675/6112/1067 4674/6113/1067 4673/6114/1067
f 4677/6115/1068 4676/6116/1068 4675/6112/1068
f 4679/6117/1694 4678/6118/1694 4677/6115/1694
f 4681/6119/1070 4680/6120/1070 4679/6117/1070
f 4683/6121/1695 4682/6122/1695 4681/6123/1695
f 4683/6121/1072 4686/6124/1072 4684/6125/1072
f 4685/6126/1074 4688/6127/1074 4686/6124/1074
f 4687/6128/1075 4690/6129/1075 4688/6127/1075
f 4689/6130/1059 4692/6131/1059 4690/6132/1059
f 4691/6133/1060 4694/6134/1060 4692/6131/1060
f 4693/6135/1696 4696/6136/1696 4694/6134/1696
f 4695/6137/1062 4698/6138/1062 4696/6136/1062
f 4697/6139/1063 4700/6140/1063 4698/6141/1063
f 4701/6142/1064 4700/6140/1064 4699/6143/1064
f 4690/6144/1076 4698/6141/1076 4674/6145/1076
f 4703/6146/1065 4702/6147/1065 4701/6142/1065
f 4673/6148/1697 4704/6149/1697 4703/6146/1697
f 4691/6150/1073 4683/6121/1073 4675/6151/1073
f 4705/6152/1085 4708/6153/1085 4706/6154/1085
f 4707/6155/1086 4710/6156/1086 4708/6153/1086
f 4709/6157/1087 4712/6158/1087 4710/6156/1087
f 4711/6159/1088 4714/6160/1088 4712/6158/1088
f 4713/6161/1089 4716/6162/1089 4714/6163/1089
f 4715/6164/1090 4718/6165/1090 4716/6162/1090
f 4719/6166/1698 4718/6165/1698 4717/6167/1698
f 4721/6168/1093 4720/6169/1093 4719/6166/1093
f 4723/6170/1077 4722/6171/1077 4721/6172/1077
f 4725/6173/1078 4724/6174/1078 4723/6170/1078
f 4727/6175/1079 4726/6176/1079 4725/6173/1079
f 4729/6177/1080 4728/6178/1080 4727/6175/1080
f 4731/6179/1081 4730/6180/1081 4729/6181/1081
f 4733/6182/1082 4732/6183/1082 4731/6179/1082
f 4722/6184/1094 4730/6185/1094 4706/6186/1094
f 4733/6182/1083 4736/6187/1083 4734/6188/1083
f 4735/6189/1084 4706/6190/1084 4736/6187/1084
f 4723/6191/1091 4715/6192/1091 4707/6193/1091
f 4737/6194/1103 4740/6195/1103 4738/6196/1103
f 4739/6197/1104 4742/6198/1104 4740/6195/1104
f 4741/6199/1105 4744/6200/1105 4742/6198/1105
f 4743/6201/1106 4746/6202/1106 4744/6203/1106
f 4745/6204/1107 4748/6205/1107 4746/6206/1107
f 4747/6207/1108 4750/6208/1108 4748/6205/1108
f 4749/6209/1110 4752/6210/1110 4750/6211/1110
f 4753/6212/1111 4752/6210/1111 4751/6213/1111
f 4755/6214/1095 4754/6215/1095 4753/6212/1095
f 4757/6216/1096 4756/6217/1096 4755/6214/1096
f 4759/6218/1097 4758/6219/1097 4757/6216/1097
f 4761/6220/1098 4760/6221/1098 4759/6222/1098
f 4763/6223/1099 4762/6224/1099 4761/6225/1099
f 4765/6226/1100 4764/6227/1100 4763/6223/1100
f 4754/6228/1112 4762/6229/1112 4738/6230/1112
f 4767/6231/1101 4766/6232/1101 4765/6233/1101
f 4767/6231/1102 4738/6196/1102 4768/6234/1102
f 4755/6235/1109 4747/6236/1109 4739/6237/1109
f 4769/6238/1121 4772/6239/1121 4770/6240/1121
f 4773/6241/1122 4772/6239/1122 4771/6242/1122
f 4775/6243/1123 4774/6244/1123 4773/6241/1123
f 4777/6245/1124 4776/6246/1124 4775/6243/1124
f 4779/6247/1125 4778/6248/1125 4777/6249/1125
f 4781/6250/1126 4780/6251/1126 4779/6247/1126
f 4783/6252/1128 4782/6253/1128 4781/6250/1128
f 4785/6254/1129 4784/6255/1129 4783/6252/1129
f 4787/6256/1113 4786/6257/1113 4785/6258/1113
f 4787/6256/1114 4790/6259/1114 4788/6260/1114
f 4789/6261/1115 4792/6262/1115 4790/6259/1115
f 4791/6263/1116 4794/6264/1116 4792/6262/1116
f 4793/6265/1117 4796/6266/1117 4794/6267/1117
f 4795/6268/1118 4798/6269/1118 4796/6266/1118
f 4786/6270/1130 4794/6271/1130 4770/6272/1130
f 4797/6273/1119 4800/6274/1119 4798/6269/1119
f 4799/6275/1120 4770/6276/1120 4800/6274/1120
f 4787/6277/1127 4779/6278/1127 4771/6279/1127
f 4801/6280/1139 4804/6281/1139 4802/6282/1139
f 4803/6283/1140 4806/6284/1140 4804/6285/1140
f 4805/6286/1141 4808/6287/1141 4806/6284/1141
f 4809/6288/1142 4808/6287/1142 4807/6289/1142
f 4811/6290/1699 4810/6291/1699 4809/6292/1699
f 4813/6293/1144 4812/6294/1144 4811/6290/1144
f 4815/6295/1146 4814/6296/1146 4813/6293/1146
f 4817/6297/1147 4816/6298/1147 4815/6295/1147
f 4819/6299/1131 4818/6300/1131 4817/6297/1131
f 4821/6301/1132 4820/6302/1132 4819/6303/1132
f 4823/6304/1133 4822/6305/1133 4821/6301/1133
f 4823/6304/1134 4826/6306/1134 4824/6307/1134
f 4825/6308/1135 4828/6309/1135 4826/6310/1135
f 4827/6311/1136 4830/6312/1136 4828/6309/1136
f 4818/6313/1148 4826/6314/1148 4802/6315/1148
f 4829/6316/1137 4832/6317/1137 4830/6312/1137
f 4831/6318/1700 4802/6282/1700 4832/6317/1700
f 4819/6319/1145 4811/6320/1145 4803/6321/1145
f 4835/6322/1157 4834/6323/1157 4833/6324/1157
f 4837/6325/1701 4836/6326/1701 4835/6327/1701
f 4839/6328/1159 4838/6329/1159 4837/6325/1159
f 4841/6330/1160 4840/6331/1160 4839/6328/1160
f 4843/6332/1161 4842/6333/1161 4841/6330/1161
f 4845/6334/1702 4844/6335/1702 4843/6336/1702
f 4847/6337/1164 4846/6338/1164 4845/6334/1164
f 4847/6337/1165 4850/6339/1165 4848/6340/1165
f 4849/6341/1149 4852/6342/1149 4850/6343/1149
f 4851/6344/1150 4854/6345/1150 4852/6346/1150
f 4853/6347/1151 4856/6348/1151 4854/6345/1151
f 4855/6349/1152 4858/6350/1152 4856/6348/1152
f 4857/6351/1153 4860/6352/1153 4858/6350/1153
f 4859/6353/1154 4862/6354/1154 4860/6355/1154
f 4850/6356/1166 4858/6357/1166 4834/6323/1166
f 4861/6358/1155 4864/6359/1155 4862/6354/1155
f 4833/6360/1156 4864/6359/1156 4863/6361/1156
f 4851/6362/1163 4843/6363/1163 4835/6364/1163
f 4867/6365/1703 4866/6366/1703 4865/6367/1703
f 4869/6368/1176 4868/6369/1176 4867/6365/1176
f 4871/6370/1177 4870/6371/1177 4869/6368/1177
f 4873/6372/1178 4872/6373/1178 4871/6374/1178
f 4875/6375/1179 4874/6376/1179 4873/6372/1179
f 4877/6377/1180 4876/6378/1180 4875/6375/1180
f 4879/6379/1182 4878/6380/1182 4877/6381/1182
f 4881/6382/1704 4880/6383/1704 4879/6379/1704
f 4881/6382/1167 4884/6384/1167 4882/6385/1167
f 4883/6386/1168 4886/6387/1168 4884/6384/1168
f 4885/6388/1169 4888/6389/1169 4886/6387/1169
f 4887/6390/1170 4890/6391/1170 4888/6392/1170
f 4889/6393/1171 4892/6394/1171 4890/6391/1171
f 4891/6395/1172 4894/6396/1172 4892/6394/1172
f 4882/6397/1184 4890/6398/1184 4866/6399/1184
f 4893/6400/1705 4896/6401/1705 4894/6402/1705
f 4895/6403/1174 4866/6366/1174 4896/6401/1174
f 4883/6404/1181 4875/6405/1181 4867/6406/1181
f 4897/6407/1193 4900/6408/1193 4898/6409/1193
f 4899/6410/1194 4902/6411/1194 4900/6412/1194
f 4901/6413/1195 4904/6414/1195 4902/6411/1195
f 4905/6415/1706 4904/6414/1706 4903/6416/1706
f 4907/6417/1197 4906/6418/1197 4905/6415/1197
f 4909/6419/1198 4908/6420/1198 4907/6421/1198
f 4911/6422/1200 4910/6423/1200 4909/6419/1200
f 4913/6424/1201 4912/6425/1201 4911/6422/1201
f 4915/6426/1185 4914/6427/1185 4913/6424/1185
f 4917/6428/1186 4916/6429/1186 4915/6430/1186
f 4919/6431/1187 4918/6432/1187 4917/6428/1187
f 4919/6431/1707 4922/6433/1707 4920/6434/1707
f 4921/6435/1189 4924/6436/1189 4922/6433/1189
f 4923/6437/1190 4926/6438/1190 4924/6439/1190
f 4914/6440/1202 4922/6441/1202 4898/6442/1202
f 4925/6443/1191 4928/6444/1191 4926/6438/1191
f 4927/6445/1192 4898/6409/1192 4928/6444/1192
f 4915/6446/1199 4907/6447/1199 4899/6448/1199
f 4931/6449/1211 4930/6450/1211 4929/6451/1211
f 4933/6452/1212 4932/6453/1212 4931/6449/1212
f 4933/6452/1213 4936/6454/1213 4934/6455/1213
f 4935/6456/1214 4938/6457/1214 4936/6454/1214
f 4937/6458/1215 4940/6459/1215 4938/6457/1215
f 4939/6460/1216 4942/6461/1216 4940/6462/1216
f 4941/6463/1218 4944/6464/1218 4942/6461/1218
f 4943/6465/1219 4946/6466/1219 4944/6464/1219
f 4945/6467/1203 4948/6468/1203 4946/6469/1203
f 4947/6470/1204 4950/6471/1204 4948/6468/1204
f 4951/6472/1205 4950/6471/1205 4949/6473/1205
f 4953/6474/1708 4952/6475/1708 4951/6472/1708
f 4955/6476/1709 4954/6477/1709 4953/6474/1709
f 4957/6478/1208 4956/6479/1208 4955/6480/1208
f 4946/6481/1220 4954/6482/1220 4930/6483/1220
f 4959/6484/1209 4958/6485/1209 4957/6478/1209
f 4929/6486/1210 4960/6487/1210 4959/6484/1210
f 4947/6488/1217 4939/6489/1217 4931/6490/1217
f 4963/6491/1229 4962/6492/1229 4961/6493/1229
f 4965/6494/1230 4964/6495/1230 4963/6491/1230
f 4967/6496/1231 4966/6497/1231 4965/6494/1231
f 4969/6498/1232 4968/6499/1232 4967/6496/1232
f 4969/6498/1233 4972/6500/1233 4970/6501/1233
f 4971/6502/1234 4974/6503/1234 4972/6504/1234
f 4973/6505/1236 4976/6506/1236 4974/6503/1236
f 4975/6507/1237 4978/6508/1237 4976/6506/1237
f 4977/6509/1221 4980/6510/1221 4978/6511/1221
f 4979/6512/1222 4982/6513/1222 4980/6510/1222
f 4981/6514/1223 4984/6515/1223 4982/6513/1223
f 4983/6516/1224 4986/6517/1224 4984/6515/1224
f 4987/6518/1225 4986/6517/1225 4985/6519/1225
f 4989/6520/1226 4988/6521/1226 4987/6522/1226
f 4978/6523/1238 4986/6524/1238 4962/6525/1238
f 4991/6526/1227 4990/6527/1227 4989/6520/1227
f 4961/6528/1228 4992/6529/1228 4991/6526/1228
f 4979/6530/1235 4971/6531/1235 4963/6532/1235
f 4993/6533/1247 4996/6534/1247 4994/6535/1247
f 4997/6536/1248 4996/6537/1248 4995/6538/1248
f 4999/6539/1249 4998/6540/1249 4997/6536/1249
f 5001/6541/1250 5000/6542/1250 4999/6539/1250
f 5003/6543/1251 5002/6544/1251 5001/6545/1251
f 5005/6546/1252 5004/6547/1252 5003/6543/1252
f 5007/6548/1254 5006/6549/1254 5005/6546/1254
f 5009/6550/1255 5008/6551/1255 5007/6548/1255
f 5011/6552/1239 5010/6553/1239 5009/6550/1239
f 5011/6554/1240 5014/6555/1240 5012/6556/1240
f 5013/6557/1241 5016/6558/1241 5014/6555/1241
f 5015/6559/1242 5018/6560/1242 5016/6558/1242
f 5017/6561/1243 5020/6562/1243 5018/6563/1243
f 5019/6564/1244 5022/6565/1244 5020/6562/1244
f 5010/6566/1256 5018/6567/1256 4994/6568/1256
f 5021/6569/1245 5024/6570/1245 5022/6565/1245
f 5023/6571/1246 4994/6535/1246 5024/6570/1246
f 5011/6572/1253 5003/6573/1253 4995/6574/1253
f 5025/6575/1265 5028/6576/1265 5026/6577/1265
f 5027/6578/1266 5030/6579/1266 5028/6576/1266
f 5029/6580/1267 5032/6581/1267 5030/6579/1267
f 5031/6582/1268 5034/6583/1268 5032/6581/1268
f 5033/6584/1269 5036/6585/1269 5034/6583/1269
f 5035/6586/1270 5038/6587/1270 5036/6588/1270
f 5037/6589/1272 5040/6590/1272 5038/6587/1272
f 5041/6591/1273 5040/6592/1273 5039/6593/1273
f 5043/6594/1257 5042/6595/1257 5041/6596/1257
f 5045/6597/1258 5044/6598/1258 5043/6594/1258
f 5047/6599/1259 5046/6600/1259 5045/6597/1259
f 5049/6601/1260 5048/6602/1260 5047/6599/1260
f 5051/6603/1261 5050/6604/1261 5049/6601/1261
f 5053/6605/1710 5052/6606/1710 5051/6607/1710
f 5042/6608/1274 5050/6609/1274 5026/6610/1274
f 5055/6611/1711 5054/6612/1711 5053/6605/1711
f 5055/6613/1264 5026/6614/1264 5056/6615/1264
f 5043/6616/1271 5035/6617/1271 5027/6618/1271
f 5059/6619/1283 5058/6620/1283 5057/6621/1283
f 5061/6622/1284 5060/6623/1284 5059/6619/1284
f 5061/6624/1285 5064/6625/1285 5062/6626/1285
f 5063/6627/1286 5066/6628/1286 5064/6625/1286
f 5065/6629/1287 5068/6630/1287 5066/6631/1287
f 5067/6632/1288 5070/6633/1288 5068/6630/1288
f 5069/6634/1290 5072/6635/1290 5070/6633/1290
f 5071/6636/1291 5074/6637/1291 5072/6635/1291
f 5073/6638/1275 5076/6639/1275 5074/6640/1275
f 5075/6641/1276 5078/6642/1276 5076/6639/1276
f 5079/6643/1277 5078/6644/1277 5077/6645/1277
f 5081/6646/1278 5080/6647/1278 5079/6643/1278
f 5083/6648/1279 5082/6649/1279 5081/6650/1279
f 5085/6651/1280 5084/6652/1280 5083/6648/1280
f 5074/6640/1292 5082/6653/1292 5058/6654/1292
f 5087/6655/1281 5086/6656/1281 5085/6651/1281
f 5057/6657/1712 5088/6658/1712 5087/6655/1712
f 5075/6659/1289 5067/6660/1289 5059/6619/1289
f 5091/6661/1301 5090/6662/1301 5089/6663/1301
f 5093/6664/1302 5092/6665/1302 5091/6666/1302
f 5095/6667/1303 5094/6668/1303 5093/6664/1303
f 5097/6669/1304 5096/6670/1304 5095/6667/1304
f 5099/6671/1305 5098/6672/1305 5097/6673/1305
f 5101/6674/1306 5100/6675/1306 5099/6671/1306
f 5103/6676/1713 5102/6677/1713 5101/6674/1713
f 5105/6678/1309 5104/6679/1309 5103/6676/1309
f 5105/6680/1293 5108/6681/1293 5106/6682/1293
f 5107/6683/1294 5110/6684/1294 5108/6685/1294
f 5109/6686/1295 5112/6687/1295 5110/6684/1295
f 5111/6688/1296 5114/6689/1296 5112/6687/1296
f 5113/6690/1297 5116/6691/1297 5114/6692/1297
f 5115/6693/1298 5118/6694/1298 5116/6691/1298
f 5106/6695/1310 5114/6696/1310 5090/6662/1310
f 5117/6697/1714 5120/6698/1714 5118/6694/1714
f 5119/6699/1300 5090/6700/1300 5120/6698/1300
f 5107/6701/1715 5099/6702/1715 5091/6703/1715
f 5121/6704/1319 5124/6705/1319 5122/6706/1319
f 5123/6707/1320 5126/6708/1320 5124/6709/1320
f 5125/6710/1321 5128/6711/1321 5126/6708/1321
f 5127/6712/1322 5130/6713/1322 5128/6711/1322
f 5129/6714/1323 5132/6715/1323 5130/6716/1323
f 5133/6717/1324 5132/6715/1324 5131/6718/1324
f 5135/6719/1326 5134/6720/1326 5133/6717/1326
f 5137/6721/1327 5136/6722/1327 5135/6719/1327
f 5139/6723/1311 5138/6724/1311 5137/6721/1311
f 5141/6725/1312 5140/6726/1312 5139/6727/1312
f 5143/6728/1313 5142/6729/1313 5141/6725/1313
f 5145/6730/1314 5144/6731/1314 5143/6728/1314
f 5147/6732/1315 5146/6733/1315 5145/6734/1315
f 5147/6732/1316 5150/6735/1316 5148/6736/1316
f 5138/6737/1328 5146/6738/1328 5122/6739/1328
f 5149/6740/1317 5152/6741/1317 5150/6735/1317
f 5151/6742/1318 5122/6706/1318 5152/6741/1318
f 5139/6743/1325 5131/6744/1325 5123/6745/1325
f 5155/6746/1337 5154/6747/1337 5153/6748/1337
f 5157/6749/1338 5156/6750/1338 5155/6746/1338
f 5159/6751/1716 5158/6752/1716 5157/6749/1716
f 5161/6753/1717 5160/6754/1717 5159/6751/1717
f 5163/6755/1341 5162/6756/1341 5161/6753/1341
f 5163/6757/1342 5166/6758/1342 5164/6759/1342
f 5165/6760/1344 5168/6761/1344 5166/6758/1344
f 5167/6762/1345 5170/6763/1345 5168/6761/1345
f 5169/6764/1329 5172/6765/1329 5170/6766/1329
f 5171/6767/1330 5174/6768/1330 5172/6765/1330
f 5173/6769/1718 5176/6770/1718 5174/6768/1718
f 5175/6771/1332 5178/6772/1332 5176/6770/1332
f 5177/6773/1719 5180/6774/1719 5178/6772/1719
f 5181/6775/1334 5180/6776/1334 5179/6777/1334
f 5170/6778/1346 5178/6779/1346 5154/6780/1346
f 5183/6781/1335 5182/6782/1335 5181/6775/1335
f 5153/6783/1720 5184/6784/1720 5183/6781/1720
f 5171/6785/1343 5163/6786/1343 5155/6787/1343
f 5187/6788/1355 5186/6789/1355 5185/6790/1355
f 5189/6791/1721 5188/6792/1721 5187/6788/1721
f 5191/6793/1357 5190/6794/1357 5189/6795/1357
f 5193/6796/1358 5192/6797/1358 5191/6793/1358
f 5195/6798/1359 5194/6799/1359 5193/6796/1359
f 5197/6800/1360 5196/6801/1360 5195/6802/1360
f 5199/6803/1362 5198/6804/1362 5197/6805/1362
f 5199/6803/1363 5202/6806/1363 5200/6807/1363
f 5201/6808/1347 5204/6809/1347 5202/6806/1347
f 5203/6810/1722 5206/6811/1722 5204/6809/1722
f 5205/6812/1349 5208/6813/1349 5206/6814/1349
f 5207/6815/1350 5210/6816/1350 5208/6813/1350
f 5209/6817/1351 5212/6818/1351 5210/6816/1351
f 5211/6819/1352 5214/6820/1352 5212/6821/1352
f 5202/6822/1364 5210/6823/1364 5186/6824/1364
f 5213/6825/1353 5216/6826/1353 5214/6827/1353
f 5185/6790/1354 5216/6826/1354 5215/6828/1354
f 5203/6829/1361 5195/6830/1361 5187/6831/1361
f 5217/6832/1373 5220/6833/1373 5218/6834/1373
f 5219/6835/1374 5222/6836/1374 5220/6833/1374
f 5223/6837/1375 5222/6836/1375 5221/6838/1375
f 5225/6839/1376 5224/6840/1376 5223/6837/1376
f 5227/6841/1377 5226/6842/1377 5225/6843/1377
f 5229/6844/1378 5228/6845/1378 5227/6841/1378
f 5231/6846/1380 5230/6847/1380 5229/6844/1380
f 5233/6848/1381 5232/6849/1381 5231/6846/1381
f 5235/6850/1723 5234/6851/1723 5233/6852/1723
f 5237/6853/1366 5236/6854/1366 5235/6850/1366
f 5237/6853/1367 5240/6855/1367 5238/6856/1367
f 5239/6857/1368 5242/6858/1368 5240/6855/1368
f 5241/6859/1369 5244/6860/1369 5242/6861/1369
f 5243/6862/1370 5246/6863/1370 5244/6860/1370
f 5234/6864/1382 5242/6865/1382 5218/6866/1382
f 5245/6867/1371 5248/6868/1371 5246/6863/1371
f 5247/6869/1372 5218/6870/1372 5248/6868/1372
f 5235/6871/1379 5227/6872/1379 5219/6873/1379
f 5249/6874/1391 5252/6875/1391 5250/6876/1391
f 5251/6877/1392 5254/6878/1392 5252/6879/1392
f 5253/6880/1393 5256/6881/1393 5254/6878/1393
f 5257/6882/1394 5256/6881/1394 5255/6883/1394
f 5259/6884/1395 5258/6885/1395 5257/6882/1395
f 5261/6886/1396 5260/6887/1396 5259/6888/1396
f 5263/6889/1398 5262/6890/1398 5261/6886/1398
f 5265/6891/1399 5264/6892/1399 5263/6889/1399
f 5267/6893/1383 5266/6894/1383 5265/6891/1383
f 5269/6895/1724 5268/6896/1724 5267/6897/1724
f 5271/6898/1385 5270/6899/1385 5269/6895/1385
f 5271/6898/1386 5274/6900/1386 5272/6901/1386
f 5273/6902/1387 5276/6903/1387 5274/6900/1387
f 5275/6904/1388 5278/6905/1388 5276/6906/1388
f 5266/6907/1400 5274/6908/1400 5250/6909/1400
f 5277/6910/1389 5280/6911/1389 5278/6905/1389
f 5279/6912/1390 5250/6876/1390 5280/6911/1390
f 5267/6913/1397 5259/6914/1397 5251/6915/1397
f 5281/6916/1409 5284/6917/1409 5282/6918/1409
f 5283/6919/1410 5286/6920/1410 5284/6917/1410
f 5285/6921/1411 5288/6922/1411 5286/6920/1411
f 5287/6923/1412 5290/6924/1412 5288/6922/1412
f 5289/6925/1413 5292/6926/1413 5290/6927/1413
f 5293/6928/1414 5292/6926/1414 5291/6929/1414
f 5295/6930/1416 5294/6931/1416 5293/6932/1416
f 5297/6933/1417 5296/6934/1417 5295/6930/1417
f 5299/6935/1401 5298/6936/1401 5297/6937/1401
f 5301/6938/1402 5300/6939/1402 5299/6935/1402
f 5303/6940/1403 5302/6941/1403 5301/6938/1403
f 5305/6942/1404 5304/6943/1404 5303/6940/1404
f 5307/6944/1405 5306/6945/1405 5305/6946/1405
f 5307/6944/1725 5310/6947/1725 5308/6948/1725
f 5298/6949/1418 5306/6950/1418 5282/6951/1418
f 5309/6952/1407 5312/6953/1407 5310/6954/1407
f 5311/6955/1408 5282/6956/1408 5312/6953/1408
f 5299/6957/1415 5291/6958/1415 5283/6959/1415
f 5313/6960/1427 5316/6961/1427 5314/6962/1427
f 5317/6963/1428 5316/6961/1428 5315/6964/1428
f 5319/6965/1726 5318/6966/1726 5317/6963/1726
f 5321/6967/1430 5320/6968/1430 5319/6969/1430
f 5323/6970/1431 5322/6971/1431 5321/6972/1431
f 5325/6973/1432 5324/6974/1432 5323/6970/1432
f 5327/6975/1434 5326/6976/1434 5325/6973/1434
f 5329/6977/1435 5328/6978/1435 5327/6975/1435
f 5331/6979/1419 5330/6980/1419 5329/6981/1419
f 5331/6979/1420 5334/6982/1420 5332/6983/1420
f 5333/6984/1421 5336/6985/1421 5334/6982/1421
f 5335/6986/1422 5338/6987/1422 5336/6988/1422
f 5337/6989/1423 5340/6990/1423 5338/6991/1423
f 5339/6992/1424 5342/6993/1424 5340/6990/1424
f 5330/6994/1436 5338/6995/1436 5314/6962/1436
f 5341/6996/1425 5344/6997/1425 5342/6993/1425
f 5343/6998/1426 5314/6999/1426 5344/6997/1426
f 5331/6979/1433 5323/7000/1433 5315/7001/1433
f 5345/7002/1445 5348/7003/1445 5346/7004/1445
f 5347/7005/1446 5350/7006/1446 5348/7003/1446
f 5349/7007/1447 5352/7008/1447 5350/7006/1447
f 5353/7009/1448 5352/7008/1448 5351/7010/1448
f 5355/7011/1449 5354/7012/1449 5353/7013/1449
f 5357/7014/1450 5356/7015/1450 5355/7011/1450
f 5359/7016/1452 5358/7017/1452 5357/7014/1452
f 5361/7018/1453 5360/7019/1453 5359/7016/1453
f 5363/7020/1437 5362/7021/1437 5361/7022/1437
f 5365/7023/1438 5364/7024/1438 5363/7020/1438
f 5367/7025/1439 5366/7026/1439 5365/7023/1439
f 5367/7025/1440 5370/7027/1440 5368/7028/1440
f 5369/7029/1441 5372/7030/1441 5370/7031/1441
f 5371/7032/1442 5374/7033/1442 5372/7030/1442
f 5362/7034/1454 5370/7035/1454 5346/7036/1454
f 5373/7037/1443 5376/7038/1443 5374/7033/1443
f 5375/7039/1444 5346/7040/1444 5376/7038/1444
f 5363/7041/1451 5355/7042/1451 5347/7043/1451
f 5377/7044/1463 5380/7045/1463 5378/7046/1463
f 5379/7047/1464 5382/7048/1464 5380/7045/1464
f 5381/7049/1465 5384/7050/1465 5382/7051/1465
f 5383/7052/1466 5386/7053/1466 5384/7050/1466
f 5387/7054/1467 5386/7053/1467 5385/7055/1467
f 5389/7056/1468 5388/7057/1468 5387/7054/1468
f 5391/7058/1470 5390/7059/1470 5389/7056/1470
f 5393/7060/1471 5392/7061/1471 5391/7062/1471
f 5395/7063/1455 5394/7064/1455 5393/7065/1455
f 5397/7066/1456 5396/7067/1456 5395/7063/1456
f 5399/7068/1457 5398/7069/1457 5397/7070/1457
f 5401/7071/1458 5400/7072/1458 5399/7068/1458
f 5401/7071/1459 5404/7073/1459 5402/7074/1459
f 5403/7075/1460 5406/7076/1460 5404/7073/1460
f 5394/7077/1472 5402/7078/1472 5378/7079/1472
f 5405/7080/1461 5408/7081/1461 5406/7076/1461
f 5407/7082/1462 5378/7083/1462 5408/7084/1462
f 5395/7085/1469 5387/7086/1469 5379/7087/1469
f 5409/7088/1481 5412/7089/1481 5410/7090/1481
f 5411/7091/1482 5414/7092/1482 5412/7089/1482
f 5413/7093/1727 5416/7094/1727 5414/7092/1727
f 5415/7095/1484 5418/7096/1484 5416/7094/1484
f 5417/7097/1485 5420/7098/1485 5418/7099/1485
f 5419/7100/1486 5422/7101/1486 5420/7098/1486
f 5423/7102/1488 5422/7101/1488 5421/7103/1488
f 5425/7104/1489 5424/7105/1489 5423/7102/1489
f 5427/7106/1473 5426/7107/1473 5425/7108/1473
f 5429/7109/1474 5428/7110/1474 5427/7106/1474
f 5431/7111/1475 5430/7112/1475 5429/7109/1475
f 5433/7113/1476 5432/7114/1476 5431/7111/1476
f 5435/7115/1477 5434/7116/1477 5433/7117/1477
f 5437/7118/1478 5436/7119/1478 5435/7115/1478
f 5426/7120/1490 5434/7121/1490 5410/7122/1490
f 5437/7118/1479 5440/7123/1479 5438/7124/1479
f 5439/7125/1480 5410/7126/1480 5440/7123/1480
f 5427/7127/1487 5419/7128/1487 5411/7129/1487
f 5441/7130/1499 5444/7131/1499 5442/7132/1499
f 5443/7133/1500 5446/7134/1500 5444/7135/1500
f 5445/7136/1501 5448/7137/1501 5446/7134/1501
f 5447/7138/1502 5450/7139/1502 5448/7137/1502
f 5449/7140/1503 5452/7141/1503 5450/7139/1503
f 5451/7142/1504 5454/7143/1504 5452/7144/1504
f 5453/7145/1506 5456/7146/1506 5454/7143/1506
f 5455/7147/1507 5458/7148/1507 5456/7146/1507
f 5459/7149/1491 5458/7150/1491 5457/7151/1491
f 5461/7152/1492 5460/7153/1492 5459/7154/1492
f 5463/7155/1493 5462/7156/1493 5461/7152/1493
f 5465/7157/1494 5464/7158/1494 5463/7155/1494
f 5467/7159/1495 5466/7160/1495 5465/7157/1495
f 5469/7161/1728 5468/7162/1728 5467/7163/1728
f 5458/7150/1508 5466/7164/1508 5442/7165/1508
f 5471/7166/1497 5470/7167/1497 5469/7161/1497
f 5441/7168/1498 5472/7169/1498 5471/7166/1498
f 5459/7170/1505 5451/7171/1505 5443/7172/1505
f 5473/7173/1517 5476/7174/1517 5474/7175/1517
f 5475/7176/1518 5478/7177/1518 5476/7178/1518
f 5477/7179/1519 5480/7180/1519 5478/7177/1519
f 5479/7181/1520 5482/7182/1520 5480/7180/1520
f 5483/7183/1521 5482/7184/1521 5481/7185/1521
f 5485/7186/1729 5484/7187/1729 5483/7188/1729
f 5487/7189/1524 5486/7190/1524 5485/7186/1524
f 5489/7191/1730 5488/7192/1730 5487/7189/1730
f 5491/7193/1509 5490/7194/1509 5489/7191/1509
f 5493/7195/1510 5492/7196/1510 5491/7197/1510
f 5495/7198/1511 5494/7199/1511 5493/7195/1511
f 5497/7200/1512 5496/7201/1512 5495/7198/1512
f 5497/7202/1513 5500/7203/1513 5498/7204/1513
f 5499/7205/1731 5502/7206/1731 5500/7207/1731
f 5490/7208/1526 5498/7209/1526 5474/7210/1526
f 5501/7211/1515 5504/7212/1515 5502/7206/1515
f 5503/7213/1732 5474/7175/1732 5504/7212/1732
f 5491/7214/1523 5483/7215/1523 5475/7216/1523
f 5505/7217/1535 5508/7218/1535 5506/7219/1535
f 5507/7220/1536 5510/7221/1536 5508/7218/1536
f 5509/7222/1537 5512/7223/1537 5510/7224/1537
f 5511/7225/1538 5514/7226/1538 5512/7223/1538
f 5513/7227/1539 5516/7228/1539 5514/7226/1539
f 5517/7229/1733 5516/7228/1733 5515/7230/1733
f 5519/7231/1542 5518/7232/1542 5517/7229/1542
f 5521/7233/1543 5520/7234/1543 5519/7235/1543
f 5523/7236/1527 5522/7237/1527 5521/7233/1527
f 5525/7238/1528 5524/7239/1528 5523/7236/1528
f 5527/7240/1529 5526/7241/1529 5525/7242/1529
f 5529/7243/1530 5528/7244/1530 5527/7240/1530
f 5531/7245/1531 5530/7246/1531 5529/7243/1531
f 5531/7245/1532 5534/7247/1532 5532/7248/1532
f 5522/7249/1544 5530/7250/1544 5506/7251/1544
f 5533/7252/1533 5536/7253/1533 5534/7247/1533
f 5535/7254/1534 5506/7219/1534 5536/7255/1534
f 5523/7256/1734 5515/7257/1734 5507/7258/1734
s 1
f 5537/7259/1561 5540/7260/1562 5538/7261/1560
f 5539/7262/1563 5542/7263/1735 5540/7264/1562
f 5541/7265/1565 5544/7266/1736 5542/7263/1735
f 5543/7267/1737 5546/7268/1568 5544/7266/1736
f 5545/7269/1569 5548/7270/1738 5546/7268/1568
f 5547/7271/1739 5550/7272/1740 5548/7273/1738
f 5549/7274/1741 5552/7275/1574 5550/7272/1740
f 5553/7276/1742 5552/7275/1574 5551/7277/1743
f 5555/7278/1546 5554/7279/1545 5553/7276/1742
f 5557/7280/1744 5556/7281/1745 5555/7282/1546
f 5559/7283/1746 5558/7284/1747 5557/7280/1744
f 5561/7285/1552 5560/7286/1551 5559/7283/1746
f 5563/7287/1554 5562/7288/1553 5561/7285/1552
f 5565/7289/1748 5564/7290/1749 5563/7291/1554
f 5554/7292/1545 5562/7293/1553 5538/7294/1560
f 5567/7295/1558 5566/7296/1557 5565/7289/1748
f 5567/7295/1558 5538/7261/1560 5568/7297/1559
f 5555/7298/1546 5547/7299/1739 5539/7300/1563
s 0
f 1/1/1 2/39/1 4/2/1
f 3/4/2 4/7301/2 6/5/2
f 5/6/3 6/5/3 8/7/3
f 7/8/4 8/7/4 10/9/4
f 10/11/5 12/14/5 11/12/5
f 12/14/6 14/16/6 13/15/6
f 14/16/7 16/18/7 15/17/7
f 16/18/8 18/20/8 17/19/8
f 18/20/9 20/7302/9 19/21/9
f 20/22/10 22/25/10 21/23/10
f 22/25/11 24/27/11 23/26/11
f 24/27/12 26/7303/12 25/28/12
f 25/29/13 26/7304/13 28/30/13
f 27/31/14 28/30/14 30/32/14
f 6/36/15 4/7305/15 2/7306/15
f 2/7306/15 32/7307/15 30/7308/15
f 30/7308/15 28/7309/15 26/7310/15
f 26/7310/15 24/7311/15 22/34/15
f 22/34/15 20/7312/15 18/7313/15
f 18/7313/15 16/7314/15 14/35/15
f 14/35/15 12/7315/15 10/7316/15
f 10/7316/15 8/7317/15 6/36/15
f 6/36/15 2/7306/15 30/7308/15
f 30/7308/15 26/7310/15 22/34/15
f 22/34/15 18/7313/15 14/35/15
f 14/35/15 10/7316/15 6/36/15
f 6/36/15 30/7308/15 22/34/15
f 29/33/16 30/32/16 32/37/16
f 31/38/17 32/37/17 2/39/17
f 31/42/18 1/7318/18 3/7319/18
f 3/7319/18 5/7320/18 7/7321/18
f 7/7321/18 9/7322/18 11/7323/18
f 11/7323/18 13/7324/18 15/40/18
f 15/40/18 17/7325/18 19/7326/18
f 19/7326/18 21/7327/18 23/41/18
f 23/41/18 25/7328/18 27/7329/18
f 27/7329/18 29/7330/18 31/42/18
f 31/42/18 3/7319/18 7/7321/18
f 7/7321/18 11/7323/18 15/40/18
f 15/40/18 19/7326/18 23/41/18
f 23/41/18 27/7329/18 31/42/18
f 31/42/18 7/7321/18 15/40/18
f 34/43/19 36/46/19 35/44/19
f 36/46/20 38/48/20 37/47/20
f 38/48/21 40/50/21 39/49/21
f 40/50/22 42/7331/22 41/51/22
f 41/52/23 42/7332/23 44/53/23
f 43/54/24 44/53/24 46/55/24
f 45/56/25 46/55/25 48/57/25
f 47/58/26 48/57/26 50/59/26
f 49/61/27 50/7333/27 52/62/27
f 51/63/28 52/62/28 54/64/28
f 53/65/29 54/64/29 56/66/29
f 55/67/30 56/66/30 58/68/30
f 58/70/31 60/73/31 59/71/31
f 60/73/32 62/78/32 61/74/32
f 38/77/33 36/7334/33 34/7335/33
f 34/7335/33 64/7336/33 62/7337/33
f 62/7337/33 60/7338/33 58/7339/33
f 58/7339/33 56/7340/33 54/75/33
f 54/75/33 52/7341/33 50/7342/33
f 50/7342/33 48/7343/33 46/76/33
f 46/76/33 44/7344/33 42/7345/33
f 42/7345/33 40/7346/33 38/77/33
f 38/77/33 34/7335/33 62/7337/33
f 62/7337/33 58/7339/33 54/75/33
f 54/75/33 50/7342/33 46/76/33
f 46/76/33 42/7345/33 38/77/33
f 38/77/33 62/7337/33 54/75/33
f 62/78/34 64/80/34 63/79/34
f 64/80/35 34/7347/35 33/81/35
f 63/84/36 33/7348/36 35/7349/36
f 35/7349/36 37/7350/36 39/7351/36
f 39/7351/36 41/7352/36 43/7353/36
f 43/7353/36 45/7354/36 47/82/36
f 47/82/36 49/7355/36 51/7356/36
f 51/7356/1750 53/7357/1750 55/83/1750
f 55/83/36 57/7358/36 59/7359/36
f 59/7359/36 61/7360/36 63/84/36
f 63/84/36 35/7349/36 39/7351/36
f 39/7351/36 43/7353/36 47/82/36
f 47/82/36 51/7356/36 55/83/36
f 55/83/36 59/7359/36 63/84/36
f 63/84/36 39/7351/36 47/82/36
f 66/85/37 68/7361/37 67/86/37
f 68/88/38 70/91/38 69/89/38
f 70/91/39 72/93/39 71/92/39
f 72/93/40 74/95/40 73/94/40
f 74/95/41 76/97/41 75/96/41
f 76/97/42 78/99/42 77/98/42
f 78/99/43 80/101/43 79/100/43
f 80/101/44 82/7362/44 81/102/44
f 81/102/45 82/7362/45 84/103/45
f 83/105/46 84/7363/46 86/106/46
f 85/107/1579 86/106/1579 88/108/1579
f 87/109/48 88/108/48 90/110/48
f 89/111/49 90/110/49 92/112/49
f 91/113/50 92/112/50 94/114/50
f 93/115/51 94/114/51 96/116/51
f 95/117/52 96/116/52 98/118/52
f 97/119/53 98/118/53 100/120/53
f 99/122/54 100/7364/54 102/123/54
f 101/124/55 102/123/55 104/125/55
f 103/126/56 104/125/56 106/127/56
f 105/128/57 106/127/57 108/129/57
f 107/130/58 108/129/58 110/131/58
f 109/132/59 110/131/59 112/133/59
f 111/134/60 112/133/60 114/135/60
f 114/135/61 116/7365/61 115/137/61
f 116/138/62 118/141/62 117/139/62
f 118/141/63 120/143/63 119/142/63
f 120/143/64 122/145/64 121/144/64
f 122/145/65 124/147/65 123/146/65
f 124/147/66 126/152/66 125/148/66
f 70/151/1751 68/7366/1751 66/7367/1751
f 66/7367/1752 128/7368/1752 126/7369/1752
f 126/7369/33 124/7370/33 122/7371/33
f 122/7371/1753 120/7372/1753 118/7373/1753
f 118/7373/33 116/7374/33 114/7375/33
f 114/7375/33 112/7376/33 110/7377/33
f 110/7377/33 108/7378/33 106/7379/33
f 106/7379/33 104/7380/33 102/149/33
f 102/149/33 100/7381/33 98/7382/33
f 98/7382/33 96/7383/33 94/7384/33
f 94/7384/33 92/7385/33 90/7386/33
f 90/7386/33 88/7387/33 86/150/33
f 86/150/1751 84/7388/1751 82/7389/1751
f 82/7389/33 80/7390/33 78/7391/33
f 78/7391/33 76/7392/33 74/7393/33
f 74/7393/1751 72/7394/1751 70/151/1751
f 70/151/33 66/7367/33 126/7369/33
f 126/7369/33 122/7371/33 118/7373/33
f 118/7373/33 114/7375/33 110/7377/33
f 110/7377/33 106/7379/33 102/149/33
f 102/149/33 98/7382/33 94/7384/33
f 94/7384/33 90/7386/33 86/150/33
f 86/150/33 82/7389/33 78/7391/33
f 78/7391/33 74/7393/33 70/151/33
f 70/151/33 126/7369/33 118/7373/33
f 118/7373/33 110/7377/33 102/149/33
f 102/149/33 94/7384/33 86/150/33
f 86/150/33 78/7391/33 70/151/33
f 70/151/33 118/7373/33 102/149/33
f 126/152/67 128/154/67 127/153/67
f 128/154/68 66/85/68 65/87/68
f 127/157/1750 65/7395/1750 67/7396/1750
f 67/7396/36 69/7397/36 71/7398/36
f 71/7398/36 73/7399/36 75/7400/36
f 75/7400/36 77/7401/36 79/7402/36
f 79/7402/1750 81/7403/1750 83/7404/1750
f 83/7404/1754 85/7405/1754 87/7406/1754
f 87/7406/36 89/7407/36 91/7408/36
f 91/7408/1755 93/7409/1755 95/155/1755
f 95/155/36 97/7410/36 99/7411/36
f 99/7411/36 101/7412/36 103/7413/36
f 103/7413/1750 105/7414/1750 107/7415/1750
f 107/7415/36 109/7416/36 111/156/36
f 111/156/36 113/7417/36 115/7418/36
f 115/7418/36 117/7419/36 119/7420/36
f 119/7420/1754 121/7421/1754 123/7422/1754
f 123/7422/1750 125/7423/1750 127/157/1750
f 127/157/36 67/7396/36 71/7398/36
f 71/7398/36 75/7400/36 79/7402/36
f 79/7402/36 83/7404/36 87/7406/36
f 87/7406/36 91/7408/36 95/155/36
f 95/155/36 99/7411/36 103/7413/36
f 103/7413/36 107/7415/36 111/156/36
f 111/156/36 115/7418/36 119/7420/36
f 119/7420/36 123/7422/36 127/157/36
f 127/157/36 71/7398/36 79/7402/36
f 79/7402/36 87/7406/36 95/155/36
f 95/155/36 103/7413/36 111/156/36
f 111/156/36 119/7420/36 127/157/36
f 127/157/36 79/7402/36 95/155/36
f 130/158/69 132/7424/69 131/159/69
f 131/161/70 132/7425/70 134/162/70
f 133/163/71 134/162/71 136/164/71
f 135/165/72 136/164/72 138/166/72
f 137/167/73 138/166/73 140/168/73
f 139/170/74 140/7426/74 142/171/74
f 141/172/75 142/171/75 144/173/75
f 143/174/76 144/173/76 146/175/76
f 145/177/77 146/7427/77 148/178/77
f 148/180/78 150/183/78 149/181/78
f 150/183/79 152/185/79 151/184/79
f 152/185/80 154/187/80 153/186/80
f 154/187/81 156/7428/81 155/188/81
f 156/189/82 158/195/82 157/190/82
f 134/194/83 132/7429/83 130/7430/83
f 130/7430/83 160/7431/83 158/7432/83
f 158/7432/83 156/7433/83 154/7434/83
f 154/7434/83 152/7435/83 150/192/83
f 150/192/83 148/178/83 146/7427/83
f 146/7427/83 144/7436/83 142/193/83
f 142/193/83 140/7437/83 138/7438/83
f 138/7438/83 136/7439/83 134/194/83
f 134/194/83 130/7430/83 158/7432/83
f 158/7432/83 154/7434/83 150/192/83
f 150/192/83 146/7427/83 142/193/83
f 142/193/83 138/7438/83 134/194/83
f 134/194/83 158/7432/83 150/192/83
f 158/195/84 160/197/84 159/196/84
f 160/197/85 130/7440/85 129/198/85
f 159/201/86 129/160/86 131/159/86
f 131/159/86 133/7441/86 135/7442/86
f 135/7442/86 137/7443/86 139/7444/86
f 139/7444/86 141/7445/86 143/199/86
f 143/199/86 145/7446/86 147/7447/86
f 147/7447/86 149/7448/86 151/200/86
f 151/200/86 153/7449/86 155/7450/86
f 155/7450/86 157/7451/86 159/201/86
f 159/201/86 131/159/86 135/7442/86
f 135/7442/86 139/7444/86 143/199/86
f 143/199/86 147/7447/86 151/200/86
f 151/200/86 155/7450/86 159/201/86
f 159/201/86 135/7442/86 143/199/86
f 162/202/87 164/7452/87 163/203/87
f 164/205/88 166/208/88 165/206/88
f 166/208/89 168/210/89 167/209/89
f 168/210/90 170/7453/90 169/211/90
f 169/212/91 170/7454/91 172/213/91
f 171/214/92 172/213/92 174/215/92
f 173/216/93 174/215/93 176/217/93
f 175/218/94 176/217/94 178/219/94
f 177/220/95 178/219/95 180/221/95
f 179/223/96 180/7455/96 182/224/96
f 181/225/97 182/224/97 184/226/97
f 183/227/98 184/226/98 186/228/98
f 186/230/99 188/233/99 187/231/99
f 188/233/100 190/238/100 189/234/100
f 166/237/1756 164/7456/1756 162/7457/1756
f 162/7457/1756 192/7458/1756 190/7459/1756
f 190/7459/101 188/7460/101 186/7461/101
f 186/7461/101 184/7462/101 182/235/101
f 182/235/101 180/7463/101 178/7464/101
f 178/7464/1756 176/7465/1756 174/236/1756
f 174/236/101 172/7466/101 170/7467/101
f 170/7467/101 168/7468/101 166/237/101
f 166/237/101 162/7457/101 190/7459/101
f 190/7459/101 186/7461/101 182/235/101
f 182/235/101 178/7464/101 174/236/101
f 174/236/101 170/7467/101 166/237/101
f 166/237/101 190/7459/101 182/235/101
f 190/238/102 192/240/102 191/239/102
f 192/240/103 162/202/103 161/204/103
f 191/243/104 161/7469/104 163/7470/104
f 163/7470/104 165/7471/104 167/7472/104
f 167/7472/104 169/7473/104 171/7474/104
f 171/7474/104 173/7475/104 175/241/104
f 175/241/104 177/7476/104 179/7477/104
f 179/7477/104 181/7478/104 183/242/104
f 183/242/104 185/7479/104 187/7480/104
f 187/7480/104 189/7481/104 191/243/104
f 191/243/104 163/7470/104 167/7472/104
f 167/7472/104 171/7474/104 175/241/104
f 175/241/104 179/7477/104 183/242/104
f 183/242/104 187/7480/104 191/243/104
f 191/243/104 167/7472/104 175/241/104
f 194/244/1582 196/7482/1582 195/245/1582
f 196/247/106 198/250/106 197/248/106
f 198/250/107 200/252/107 199/251/107
f 200/252/108 202/7483/108 201/253/108
f 202/254/1757 204/257/1757 203/255/1757
f 204/257/110 206/259/110 205/258/110
f 206/259/1583 208/261/1583 207/260/1583
f 208/261/112 210/7484/112 209/262/112
f 209/262/113 210/7484/113 212/263/113
f 211/265/114 212/7485/114 214/266/114
f 213/267/115 214/266/115 216/268/115
f 215/269/116 216/268/116 218/270/116
f 217/272/1581 218/7486/1581 220/273/1581
f 219/274/118 220/273/118 222/275/118
f 198/279/1758 196/7487/1758 194/7488/1758
f 194/7488/119 224/7489/119 222/7490/119
f 222/7490/1758 220/7491/1758 218/7492/1758
f 218/7492/1759 216/7493/1759 214/277/1759
f 214/277/1759 212/7494/1759 210/7495/1759
f 210/7495/1760 208/7496/1760 206/278/1760
f 206/278/1758 204/7497/1758 202/7498/1758
f 202/7498/119 200/7499/119 198/279/119
f 198/279/119 194/7488/119 222/7490/119
f 222/7490/119 218/7492/119 214/277/119
f 214/277/119 210/7495/119 206/278/119
f 206/278/119 202/7498/119 198/279/119
f 198/279/119 222/7490/119 214/277/119
f 221/276/120 222/275/120 224/280/120
f 223/281/121 224/280/121 194/244/121
f 223/284/1761 193/7500/1761 195/7501/1761
f 195/7501/122 197/7502/122 199/7503/122
f 199/7503/122 201/7504/122 203/7505/122
f 203/7505/122 205/7506/122 207/282/122
f 207/282/1762 209/7507/1762 211/7508/1762
f 211/7508/122 213/7509/122 215/283/122
f 215/283/1763 217/7510/1763 219/7511/1763
f 219/7511/1761 221/7512/1761 223/284/1761
f 223/284/122 195/7501/122 199/7503/122
f 199/7503/122 203/7505/122 207/282/122
f 207/282/122 211/7508/122 215/283/122
f 215/283/122 219/7511/122 223/284/122
f 223/284/122 199/7503/122 207/282/122
f 225/285/123 226/7513/123 228/286/123
f 227/287/124 228/286/124 230/288/124
f 229/289/125 230/288/125 232/290/125
f 231/291/126 232/290/126 234/292/126
f 233/293/1764 234/292/1764 236/294/1764
f 235/296/128 236/7514/128 238/297/128
f 237/298/1586 238/297/1586 240/299/1586
f 239/300/130 240/299/130 242/301/130
f 242/303/1584 244/306/1584 243/304/1584
f 244/306/132 246/308/132 245/307/132
f 246/308/133 248/310/133 247/309/133
f 248/310/134 250/312/134 249/311/134
f 250/312/135 252/7515/135 251/313/135
f 252/314/136 254/320/136 253/315/136
f 230/319/137 228/7516/137 226/7517/137
f 226/7517/137 256/7518/137 254/7519/137
f 254/7519/1765 252/7520/1765 250/7521/1765
f 250/7521/137 248/7522/137 246/317/137
f 246/317/137 244/7523/137 242/7524/137
f 242/7524/137 240/7525/137 238/318/137
f 238/318/137 236/7526/137 234/7527/137
f 234/7527/1766 232/7528/1766 230/319/1766
f 230/319/137 226/7517/137 254/7519/137
f 254/7519/137 250/7521/137 246/317/137
f 246/317/137 242/7524/137 238/318/137
f 238/318/137 234/7527/137 230/319/137
f 230/319/137 254/7519/137 246/317/137
f 254/320/1585 256/322/1585 255/321/1585
f 256/322/139 226/7529/139 225/323/139
f 255/326/140 225/7530/140 227/7531/140
f 227/7531/1767 229/7532/1767 231/7533/1767
f 231/7533/140 233/7534/140 235/7535/140
f 235/7535/140 237/7536/140 239/324/140
f 239/324/1767 241/7537/1767 243/7538/1767
f 243/7538/1767 245/7539/1767 247/325/1767
f 247/325/140 249/7540/140 251/7541/140
f 251/7541/1767 253/7542/1767 255/326/1767
f 255/326/140 227/7531/140 231/7533/140
f 231/7533/140 235/7535/140 239/324/140
f 239/324/140 243/7538/140 247/325/140
f 247/325/1767 251/7541/1767 255/326/1767
f 255/326/140 231/7533/140 239/324/140
f 258/327/1768 260/330/1768 259/328/1768
f 260/330/142 262/332/142 261/331/142
f 262/332/143 264/7543/143 263/333/143
f 263/333/144 264/7543/144 266/334/144
f 265/336/145 266/7544/145 268/337/145
f 267/338/146 268/337/146 270/339/146
f 269/340/1769 270/339/1769 272/341/1769
f 271/342/148 272/341/148 274/343/148
f 273/345/149 274/7545/149 276/346/149
f 275/347/150 276/346/150 278/348/150
f 277/349/1770 278/348/1770 280/350/1770
f 280/350/152 282/7546/152 281/352/152
f 282/353/153 284/356/153 283/354/153
f 284/356/154 286/360/154 285/357/154
f 262/359/1771 260/7547/1771 258/7548/1771
f 258/7548/155 288/7549/155 286/7550/155
f 286/7550/155 284/7551/155 282/7546/155
f 282/7546/1772 280/350/1772 278/348/1772
f 278/348/1773 276/346/1773 274/7545/1773
f 274/7545/1771 272/7552/1771 270/358/1771
f 270/358/1771 268/7553/1771 266/7554/1771
f 266/7554/1774 264/7555/1774 262/359/1774
f 262/359/155 258/7548/155 286/7550/155
f 286/7550/1771 282/7546/1771 278/348/1771
f 278/348/155 274/7545/155 270/358/155
f 270/358/155 266/7554/155 262/359/155
f 262/359/155 286/7550/155 278/348/155
f 286/360/156 288/362/156 287/361/156
f 288/362/157 258/3378/157 257/363/157
f 287/366/1588 257/329/1588 259/328/1588
f 259/328/158 261/331/158 263/333/158
f 263/333/1775 265/335/1775 267/7556/1775
f 267/7556/158 269/7557/158 271/364/158
f 271/364/158 273/7558/158 275/7559/158
f 275/7559/1588 277/7560/1588 279/365/1588
f 279/365/158 281/7561/158 283/7562/158
f 283/7562/1588 285/7563/1588 287/366/1588
f 287/366/158 259/328/158 263/333/158
f 263/333/1588 267/7556/1588 271/364/1588
f 271/364/1588 275/7559/1588 279/365/1588
f 279/365/158 283/7562/158 287/366/158
f 287/366/158 263/333/158 271/364/158
f 290/367/159 292/370/159 291/368/159
f 292/370/160 294/372/160 293/371/160
f 294/372/161 296/374/161 295/373/161
f 296/374/162 298/7564/162 297/375/162
f 298/376/163 300/7565/163 299/377/163
f 299/377/164 300/7565/164 302/379/164
f 301/381/165 302/7566/165 304/382/165
f 303/383/166 304/382/166 306/384/166
f 305/386/167 306/7567/167 308/387/167
f 307/388/168 308/387/168 310/389/168
f 309/390/169 310/389/169 312/391/169
f 311/392/170 312/391/170 314/393/170
f 313/395/1591 314/7568/1591 316/396/1591
f 316/396/172 318/7569/172 317/398/172
f 294/401/173 292/7570/173 290/7571/173
f 290/7571/173 320/7572/173 318/7569/173
f 318/7569/173 316/396/173 314/7568/173
f 314/7568/1776 312/7573/1776 310/399/1776
f 310/399/173 308/7574/173 306/7575/173
f 306/7575/173 304/7576/173 302/400/173
f 302/400/1776 300/7577/1776 298/7578/1776
f 298/7578/1776 296/7579/1776 294/401/1776
f 294/401/173 290/7571/173 318/7569/173
f 318/7569/1776 314/7568/1776 310/399/1776
f 310/399/173 306/7575/173 302/400/173
f 302/400/173 298/7578/173 294/401/173
f 294/401/173 318/7569/173 310/399/173
f 318/402/174 320/405/174 319/403/174
f 320/405/175 290/7580/175 289/406/175
f 319/409/1777 289/7581/1777 291/7582/1777
f 291/7582/176 293/7583/176 295/7584/176
f 295/7584/1777 297/378/1777 299/377/1777
f 299/377/176 301/380/176 303/407/176
f 303/407/1777 305/7585/1777 307/7586/1777
f 307/7586/176 309/7587/176 311/408/176
f 311/408/176 313/7588/176 315/7589/176
f 315/7589/176 317/7590/176 319/409/176
f 319/409/176 291/7582/176 295/7584/176
f 295/7584/176 299/377/176 303/407/176
f 303/407/1777 307/7586/1777 311/408/1777
f 311/408/176 315/7589/176 319/409/176
f 319/409/176 295/7584/176 303/407/176
f 321/410/177 322/7591/177 324/411/177
f 323/412/178 324/411/178 326/413/178
f 325/414/179 326/413/179 328/415/179
f 327/416/180 328/415/180 330/417/180
f 329/419/181 330/7592/181 332/420/181
f 331/422/182 332/7593/182 334/423/182
f 334/423/183 336/426/183 335/425/183
f 336/426/184 338/7594/184 337/427/184
f 338/428/185 340/431/185 339/429/185
f 340/431/186 342/433/186 341/432/186
f 342/433/187 344/435/187 343/434/187
f 344/435/1778 346/7595/1778 345/436/1778
f 346/437/189 348/7596/189 347/438/189
f 348/440/190 350/7597/190 349/441/190
f 326/445/191 324/7598/191 322/7599/191
f 322/7599/191 352/7600/191 350/7601/191
f 350/7601/191 348/7602/191 346/7603/191
f 346/7603/191 344/7604/191 342/443/191
f 342/443/191 340/7605/191 338/7606/191
f 338/7606/191 336/7607/191 334/444/191
f 334/444/191 332/420/191 330/7592/191
f 330/7592/191 328/7608/191 326/445/191
f 326/445/191 322/7599/191 350/7601/191
f 350/7601/191 346/7603/191 342/443/191
f 342/443/191 338/7606/191 334/444/191
f 334/444/191 330/7592/191 326/445/191
f 326/445/191 350/7601/191 342/443/191
f 349/441/192 350/7597/192 352/446/192
f 351/447/193 352/446/193 322/448/193
f 351/452/194 321/7609/194 323/7610/194
f 323/7610/194 325/7611/194 327/7612/194
f 327/7612/194 329/7613/194 331/7614/194
f 331/7614/194 333/7615/194 335/450/194
f 335/450/194 337/7616/194 339/7617/194
f 339/7617/194 341/7618/194 343/451/194
f 343/451/194 345/439/194 347/438/194
f 347/438/194 349/7619/194 351/452/194
f 351/452/194 323/7610/194 327/7612/194
f 327/7612/194 331/7614/194 335/450/194
f 335/450/194 339/7617/194 343/451/194
f 343/451/194 347/438/194 351/452/194
f 351/452/194 327/7612/194 335/450/194
f 354/453/195 356/7620/195 355/454/195
f 355/454/196 356/7620/196 358/456/196
f 357/457/197 358/456/197 360/458/197
f 359/459/198 360/458/198 362/460/198
f 361/461/1593 362/460/1593 364/462/1593
f 363/464/200 364/7621/200 366/465/200
f 365/466/201 366/465/201 368/467/201
f 367/468/202 368/467/202 370/469/202
f 369/471/203 370/7622/203 372/472/203
f 372/472/204 374/475/204 373/474/204
f 374/475/205 376/477/205 375/476/205
f 376/477/206 378/479/206 377/478/206
f 378/479/207 380/7623/207 379/480/207
f 380/481/208 382/487/208 381/482/208
f 358/486/209 356/7624/209 354/7625/209
f 354/7625/209 384/7626/209 382/7627/209
f 382/7627/209 380/7628/209 378/7629/209
f 378/7629/1779 376/7630/1779 374/484/1779
f 374/484/209 372/7631/209 370/7632/209
f 370/7632/209 368/7633/209 366/485/209
f 366/485/209 364/7634/209 362/7635/209
f 362/7635/1779 360/7636/1779 358/486/1779
f 358/486/209 354/7625/209 382/7627/209
f 382/7627/209 378/7629/209 374/484/209
f 374/484/209 370/7632/209 366/485/209
f 366/485/209 362/7635/209 358/486/209
f 358/486/209 382/7627/209 374/484/209
f 382/487/210 384/489/210 383/488/210
f 384/489/211 354/7637/211 353/490/211
f 383/493/212 353/7638/212 355/7639/212
f 355/7639/212 357/7640/212 359/7641/212
f 359/7641/212 361/7642/212 363/7643/212
f 363/7643/212 365/7644/212 367/491/212
f 367/491/212 369/7645/212 371/7646/212
f 371/7646/1780 373/7647/1780 375/492/1780
f 375/492/1781 377/7648/1781 379/7649/1781
f 379/7649/212 381/7650/212 383/493/212
f 383/493/212 355/7639/212 359/7641/212
f 359/7641/212 363/7643/212 367/491/212
f 367/491/212 371/7646/212 375/492/212
f 375/492/212 379/7649/212 383/493/212
f 383/493/212 359/7641/212 367/491/212
f 385/494/213 386/532/213 388/495/213
f 388/497/214 390/500/214 389/498/214
f 390/500/215 392/502/215 391/501/215
f 392/502/216 394/7651/216 393/503/216
f 394/504/1595 396/507/1595 395/505/1595
f 396/507/218 398/509/218 397/508/218
f 398/509/219 400/511/219 399/510/219
f 400/511/220 402/513/220 401/512/220
f 402/513/221 404/7652/221 403/514/221
f 403/515/222 404/7653/222 406/516/222
f 405/517/223 406/516/223 408/518/223
f 407/519/224 408/518/224 410/520/224
f 409/522/225 410/7654/225 412/523/225
f 411/524/226 412/523/226 414/525/226
f 390/529/1782 388/7655/1782 386/7656/1782
f 386/7656/227 416/7657/227 414/7658/227
f 414/7658/1783 412/7659/1783 410/7660/1783
f 410/7660/1784 408/7661/1784 406/527/1784
f 406/527/1784 404/7662/1784 402/7663/1784
f 402/7663/227 400/7664/227 398/528/227
f 398/528/1785 396/7665/1785 394/7666/1785
f 394/7666/227 392/7667/227 390/529/227
f 390/529/227 386/7656/227 414/7658/227
f 414/7658/227 410/7660/227 406/527/227
f 406/527/227 402/7663/227 398/528/227
f 398/528/227 394/7666/227 390/529/227
f 390/529/227 414/7658/227 406/527/227
f 413/526/228 414/525/228 416/530/228
f 415/531/229 416/530/229 386/532/229
f 415/535/230 385/7668/230 387/7669/230
f 387/7669/230 389/7670/230 391/7671/230
f 391/7671/230 393/7672/230 395/7673/230
f 395/7673/230 397/7674/230 399/533/230
f 399/533/230 401/7675/230 403/7676/230
f 403/7676/230 405/7677/230 407/534/230
f 407/534/1786 409/7678/1786 411/7679/1786
f 411/7679/1786 413/7680/1786 415/535/1786
f 415/535/230 387/7669/230 391/7671/230
f 391/7671/230 395/7673/230 399/533/230
f 399/533/230 403/7676/230 407/534/230
f 407/534/230 411/7679/230 415/535/230
f 415/535/230 391/7671/230 399/533/230
f 417/536/231 418/575/231 420/537/231
f 419/539/232 420/7681/232 422/540/232
f 421/542/1787 422/7682/1787 424/543/1787
f 423/544/1788 424/543/1788 426/545/1788
f 426/545/235 428/548/235 427/547/235
f 428/548/1598 430/7683/1598 429/549/1598
f 430/550/237 432/553/237 431/551/237
f 432/553/238 434/555/238 433/554/238
f 434/555/1789 436/7684/1789 435/556/1789
f 436/557/240 438/569/240 437/558/240
f 438/560/241 440/563/241 439/561/241
f 440/563/242 442/7685/242 441/564/242
f 441/564/243 442/7685/243 444/565/243
f 443/566/244 444/565/244 446/567/244
f 422/571/1790 420/7686/1790 418/7687/1790
f 418/7687/245 448/7688/245 446/7689/245
f 446/7689/1791 444/7690/1791 442/7691/1791
f 442/7691/1792 440/7692/1792 438/569/1792
f 438/569/1790 436/557/1790 434/7693/1790
f 434/7693/245 432/7694/245 430/570/245
f 430/570/245 428/7695/245 426/7696/245
f 426/7696/245 424/7697/245 422/571/245
f 422/571/245 418/7687/245 446/7689/245
f 446/7689/245 442/7691/245 438/569/245
f 438/569/245 434/7693/245 430/570/245
f 430/570/245 426/7696/245 422/571/245
f 422/571/245 446/7689/245 438/569/245
f 445/572/246 446/7698/246 448/573/246
f 447/574/247 448/573/247 418/575/247
f 447/578/248 417/7699/248 419/539/248
f 419/539/1793 421/541/1793 423/7700/1793
f 423/7700/248 425/7701/248 427/7702/248
f 427/7702/248 429/7703/248 431/576/248
f 431/576/248 433/7704/248 435/7705/248
f 435/7705/1793 437/7706/1793 439/577/1793
f 439/577/248 441/7707/248 443/7708/248
f 443/7708/248 445/7709/248 447/578/248
f 447/578/248 419/539/248 423/7700/248
f 423/7700/248 427/7702/248 431/576/248
f 431/576/248 435/7705/248 439/577/248
f 439/577/248 443/7708/248 447/578/248
f 447/578/248 423/7700/248 431/576/248
f 449/579/249 450/616/249 452/580/249
f 451/582/250 452/7710/250 454/583/250
f 453/584/251 454/583/251 456/585/251
f 455/586/1599 456/585/1599 458/587/1599
f 457/589/253 458/7711/253 460/590/253
f 459/591/254 460/590/254 462/592/254
f 461/593/255 462/592/255 464/594/255
f 464/594/256 466/597/256 465/596/256
f 466/597/257 468/7712/257 467/598/257
f 468/599/258 470/602/258 469/600/258
f 470/602/259 472/604/259 471/603/259
f 472/604/1794 474/7713/1794 473/605/1794
f 474/606/261 476/609/261 475/607/261
f 476/609/262 478/614/262 477/610/262
f 454/613/263 452/7714/263 450/7715/263
f 450/7715/1795 480/7716/1795 478/7717/1795
f 478/7717/1601 476/7718/1601 474/7719/1601
f 474/7719/1795 472/7720/1795 470/611/1795
f 470/611/1795 468/7721/1795 466/7722/1795
f 466/7722/1601 464/7723/1601 462/612/1601
f 462/612/1601 460/7724/1601 458/7725/1601
f 458/7725/263 456/7726/263 454/613/263
f 454/613/263 450/7715/263 478/7717/263
f 478/7717/1601 474/7719/1601 470/611/1601
f 470/611/263 466/7722/263 462/612/263
f 462/612/263 458/7725/263 454/613/263
f 454/613/1601 478/7717/1601 470/611/1601
f 478/614/264 480/7727/264 479/615/264
f 479/615/265 480/7727/265 450/616/265
f 479/619/266 449/7728/266 451/7729/266
f 451/7729/266 453/7730/266 455/7731/266
f 455/7731/1796 457/7732/1796 459/7733/1796
f 459/7733/1796 461/7734/1796 463/617/1796
f 463/617/266 465/7735/266 467/7736/266
f 467/7736/266 469/7737/266 471/618/266
f 471/618/266 473/7738/266 475/7739/266
f 475/7739/1600 477/7740/1600 479/619/1600
f 479/619/1600 451/7729/1600 455/7731/1600
f 455/7731/266 459/7733/266 463/617/266
f 463/617/1600 467/7736/1600 471/618/1600
f 471/618/1600 475/7739/1600 479/619/1600
f 479/619/266 455/7731/266 463/617/266
f 481/620/267 482/7741/267 484/621/267
f 483/623/268 484/7742/268 486/624/268
f 485/625/269 486/624/269 488/626/269
f 487/627/270 488/626/270 490/628/270
f 489/629/271 490/628/271 492/630/271
f 491/632/272 492/7743/272 494/633/272
f 493/634/273 494/633/273 496/635/273
f 495/636/274 496/635/274 498/637/274
f 498/637/275 500/7744/275 499/639/275
f 500/640/276 502/643/276 501/641/276
f 502/643/277 504/645/277 503/644/277
f 504/645/278 506/647/278 505/646/278
f 506/647/279 508/7745/279 507/648/279
f 508/649/280 510/655/280 509/650/280
f 486/654/281 484/7746/281 482/7747/281
f 482/7747/1797 512/7748/1797 510/7749/1797
f 510/7749/1797 508/7750/1797 506/7751/1797
f 506/7751/281 504/7752/281 502/652/281
f 502/652/1797 500/7753/1797 498/7754/1797
f 498/7754/281 496/7755/281 494/653/281
f 494/653/1798 492/7756/1798 490/7757/1798
f 490/7757/281 488/7758/281 486/654/281
f 486/654/281 482/7747/281 510/7749/281
f 510/7749/281 506/7751/281 502/652/281
f 502/652/281 498/7754/281 494/653/281
f 494/653/281 490/7757/281 486/654/281
f 486/654/281 510/7749/281 502/652/281
f 510/655/1602 512/657/1602 511/656/1602
f 512/657/283 482/7741/283 481/620/283
f 511/660/284 481/7759/284 483/7760/284
f 483/7760/1799 485/7761/1799 487/7762/1799
f 487/7762/284 489/7763/284 491/7764/284
f 491/7764/284 493/7765/284 495/658/284
f 495/658/284 497/7766/284 499/7767/284
f 499/7767/284 501/7768/284 503/659/284
f 503/659/284 505/7769/284 507/7770/284
f 507/7770/1800 509/7771/1800 511/660/1800
f 511/660/284 483/7760/284 487/7762/284
f 487/7762/284 491/7764/284 495/658/284
f 495/658/284 499/7767/284 503/659/284
f 503/659/284 507/7770/284 511/660/284
f 511/660/284 487/7762/284 495/658/284
f 514/661/1604 516/664/1604 515/662/1604
f 516/664/286 518/7772/286 517/665/286
f 517/666/287 518/7773/287 520/667/287
f 519/668/1605 520/667/1605 522/669/1605
f 521/671/289 522/7774/289 524/672/289
f 523/673/290 524/672/290 526/674/290
f 525/675/291 526/674/291 528/676/291
f 527/677/292 528/676/292 530/678/292
f 529/680/293 530/7775/293 532/681/293
f 531/682/294 532/681/294 534/683/294
f 534/685/295 536/688/295 535/686/295
f 536/688/1801 538/7776/1801 537/689/1801
f 538/690/297 540/693/297 539/691/297
f 540/693/298 542/697/298 541/694/298
f 518/696/299 516/7777/299 514/7778/299
f 514/7778/299 544/7779/299 542/7780/299
f 542/7780/1802 540/7781/1802 538/7782/1802
f 538/7782/1803 536/7783/1803 534/683/1803
f 534/683/299 532/681/299 530/7775/299
f 530/7775/299 528/7784/299 526/695/299
f 526/695/1804 524/7785/1804 522/7786/1804
f 522/7786/299 520/7787/299 518/696/299
f 518/696/299 514/7778/299 542/7780/299
f 542/7780/299 538/7782/299 534/683/299
f 534/683/299 530/7775/299 526/695/299
f 526/695/299 522/7786/299 518/696/299
f 518/696/299 542/7780/299 534/683/299
f 542/697/300 544/699/300 543/698/300
f 544/699/301 514/7788/301 513/700/301
f 543/703/302 513/663/302 515/662/302
f 515/662/302 517/665/302 519/7789/302
f 519/7789/1805 521/7790/1805 523/7791/1805
f 523/7791/302 525/7792/302 527/701/302
f 527/701/302 529/7793/302 531/7794/302
f 531/7794/1805 533/7795/1805 535/702/1805
f 535/702/302 537/7796/302 539/7797/302
f 539/7797/302 541/7798/302 543/703/302
f 543/703/302 515/662/302 519/7789/302
f 519/7789/302 523/7791/302 527/701/302
f 527/701/302 531/7794/302 535/702/302
f 535/702/302 539/7797/302 543/703/302
f 543/703/302 519/7789/302 527/701/302
f 545/704/303 546/7799/303 548/705/303
f 547/706/304 548/705/304 550/707/304
f 549/708/305 550/707/305 552/709/305
f 551/710/306 552/709/306 554/711/306
f 553/713/307 554/7800/307 556/714/307
f 555/715/308 556/714/308 558/716/308
f 558/716/1806 560/719/1806 559/718/1806
f 560/719/1807 562/7801/1807 561/720/1807
f 562/721/311 564/724/311 563/722/311
f 564/724/312 566/726/312 565/725/312
f 566/726/313 568/728/313 567/727/313
f 568/728/314 570/7802/314 569/729/314
f 570/730/315 572/733/315 571/731/315
f 572/733/316 574/7803/316 573/734/316
f 550/736/317 548/7804/317 546/7805/317
f 546/7805/317 576/7806/317 574/7807/317
f 574/7807/317 572/7808/317 570/7809/317
f 570/7809/1808 568/7810/1808 566/735/1808
f 566/735/1808 564/7811/1808 562/7801/1808
f 562/7801/1809 560/719/1809 558/716/1809
f 558/716/1808 556/714/1808 554/7800/1808
f 554/7800/1810 552/7812/1810 550/736/1810
f 550/736/1808 546/7805/1808 574/7807/1808
f 574/7807/317 570/7809/317 566/735/317
f 566/735/317 562/7801/317 558/716/317
f 558/716/317 554/7800/317 550/736/317
f 550/736/317 574/7807/317 566/735/317
f 573/734/318 574/7803/318 576/737/318
f 575/738/319 576/737/319 546/739/319
f 575/738/320 545/740/320 547/7813/320
f 547/7813/320 549/7814/320 551/7815/320
f 551/7815/320 553/7816/320 555/7817/320
f 555/7817/320 557/7818/320 559/741/320
f 559/741/1811 561/7819/1811 563/7820/1811
f 563/7820/320 565/7821/320 567/742/320
f 567/742/320 569/732/320 571/731/320
f 571/731/320 573/734/320 575/738/320
f 575/738/1811 547/7813/1811 551/7815/1811
f 551/7815/320 555/7817/320 559/741/320
f 559/741/320 563/7820/320 567/742/320
f 567/742/320 571/731/320 575/738/320
f 575/738/320 551/7815/320 559/741/320
f 577/743/321 578/780/321 580/744/321
f 579/746/322 580/7822/322 582/747/322
f 581/748/323 582/747/323 584/749/323
f 583/750/324 584/749/324 586/751/324
f 585/753/325 586/7823/325 588/754/325
f 588/754/326 590/757/326 589/756/326
f 590/757/327 592/759/327 591/758/327
f 592/759/328 594/761/328 593/760/328
f 594/761/329 596/7824/329 595/762/329
f 596/763/330 598/766/330 597/764/330
f 598/766/331 600/768/331 599/767/331
f 600/768/332 602/7825/332 601/769/332
f 602/770/333 604/7826/333 603/771/333
f 603/771/1606 604/7826/1606 606/773/1606
f 582/777/335 580/7827/335 578/7828/335
f 578/7828/335 608/7829/335 606/7830/335
f 606/7830/335 604/7831/335 602/7832/335
f 602/7832/335 600/7833/335 598/775/335
f 598/775/335 596/7834/335 594/7835/335
f 594/7835/335 592/7836/335 590/776/335
f 590/776/335 588/7837/335 586/7838/335
f 586/7838/1812 584/7839/1812 582/777/1812
f 582/777/335 578/7828/335 606/7830/335
f 606/7830/335 602/7832/335 598/775/335
f 598/775/335 594/7835/335 590/776/335
f 590/776/335 586/7838/335 582/777/335
f 582/777/335 606/7830/335 598/775/335
f 605/774/336 606/773/336 608/778/336
f 607/779/337 608/778/337 578/780/337
f 607/783/1813 577/7840/1813 579/7841/1813
f 579/7841/338 581/7842/338 583/7843/338
f 583/7843/338 585/7844/338 587/7845/338
f 587/7845/338 589/7846/338 591/781/338
f 591/781/338 593/7847/338 595/7848/338
f 595/7848/338 597/7849/338 599/782/338
f 599/782/1813 601/7850/1813 603/7851/1813
f 603/7851/338 605/7852/338 607/783/338
f 607/783/338 579/7841/338 583/7843/338
f 583/7843/338 587/7845/338 591/781/338
f 591/781/338 595/7848/338 599/782/338
f 599/782/338 603/7851/338 607/783/338
f 607/783/338 583/7843/338 591/781/338
f 609/784/339 610/823/339 612/785/339
f 612/785/340 614/788/340 613/787/340
f 614/788/341 616/7853/341 615/789/341
f 616/790/342 618/7854/342 617/791/342
f 618/793/343 620/796/343 619/794/343
f 620/796/344 622/7855/344 621/797/344
f 622/798/345 624/801/345 623/799/345
f 624/801/346 626/803/346 625/802/346
f 626/803/347 628/7856/347 627/804/347
f 627/804/348 628/7856/348 630/805/348
f 629/806/349 630/805/349 632/807/349
f 631/809/350 632/7857/350 634/810/350
f 633/812/351 634/7858/351 636/813/351
f 635/814/352 636/813/352 638/815/352
f 614/819/1607 612/7859/1607 610/7860/1607
f 610/7860/1607 640/7861/1607 638/7862/1607
f 638/7862/1814 636/7863/1814 634/810/1814
f 634/810/1607 632/7857/1607 630/817/1607
f 630/817/1815 628/7864/1815 626/7865/1815
f 626/7865/1816 624/7866/1816 622/818/1816
f 622/818/1814 620/7867/1814 618/7868/1814
f 618/7868/353 616/7869/353 614/819/353
f 614/819/353 610/7860/353 638/7862/353
f 638/7862/353 634/810/353 630/817/353
f 630/817/1607 626/7865/1607 622/818/1607
f 622/818/1607 618/7868/1607 614/819/1607
f 614/819/1607 638/7862/1607 630/817/1607
f 637/820/354 638/7870/354 640/821/354
f 639/822/355 640/821/355 610/823/355
f 639/826/356 609/7871/356 611/7872/356
f 611/7872/1817 613/7873/1817 615/792/1817
f 615/792/356 617/791/356 619/7874/356
f 619/7874/356 621/7875/356 623/824/356
f 623/824/356 625/7876/356 627/7877/356
f 627/7877/1818 629/7878/1818 631/825/1818
f 631/825/356 633/7879/356 635/7880/356
f 635/7880/356 637/7881/356 639/826/356
f 639/826/356 611/7872/356 615/792/356
f 615/792/1817 619/7874/1817 623/824/1817
f 623/824/356 627/7877/356 631/825/356
f 631/825/1817 635/7880/1817 639/826/1817
f 639/826/1817 615/792/1817 623/824/1817
f 642/827/357 644/830/357 643/828/357
f 644/830/358 646/7882/358 645/831/358
f 645/831/359 646/7882/359 648/832/359
f 647/833/1609 648/832/1609 650/834/1609
f 649/836/361 650/7883/361 652/837/361
f 651/838/362 652/837/362 654/839/362
f 653/840/363 654/839/363 656/841/363
f 655/842/364 656/841/364 658/843/364
f 657/845/365 658/7884/365 660/846/365
f 659/847/366 660/846/366 662/848/366
f 662/848/367 664/851/367 663/850/367
f 664/851/368 666/7885/368 665/852/368
f 666/853/369 668/856/369 667/854/369
f 668/856/370 670/861/370 669/857/370
f 646/860/371 644/7886/371 642/7887/371
f 642/7887/371 672/7888/371 670/7889/371
f 670/7889/371 668/7890/371 666/7891/371
f 666/7891/371 664/7892/371 662/858/371
f 662/858/1819 660/7893/1819 658/7894/1819
f 658/7894/1820 656/7895/1820 654/859/1820
f 654/859/371 652/7896/371 650/7897/371
f 650/7897/371 648/7898/371 646/860/371
f 646/860/371 642/7887/371 670/7889/371
f 670/7889/371 666/7891/371 662/858/371
f 662/858/371 658/7894/371 654/859/371
f 654/859/371 650/7897/371 646/860/371
f 646/860/371 670/7889/371 662/858/371
f 670/861/372 672/863/372 671/862/372
f 672/863/373 642/7899/373 641/864/373
f 671/867/374 641/7900/374 643/7901/374
f 643/7901/1821 645/7902/1821 647/7903/1821
f 647/7903/374 649/7904/374 651/7905/374
f 651/7905/374 653/7906/374 655/865/374
f 655/865/374 657/7907/374 659/7908/374
f 659/7908/374 661/7909/374 663/866/374
f 663/866/374 665/7910/374 667/7911/374
f 667/7911/374 669/7912/374 671/867/374
f 671/867/374 643/7901/374 647/7903/374
f 647/7903/374 651/7905/374 655/865/374
f 655/865/374 659/7908/374 663/866/374
f 663/866/374 667/7911/374 671/867/374
f 671/867/374 647/7903/374 655/865/374
f 674/868/375 676/7913/375 675/869/375
f 676/871/376 678/874/376 677/872/376
f 678/874/377 680/7914/377 679/875/377
f 680/876/378 682/7915/378 681/877/378
f 681/877/379 682/7915/379 684/879/379
f 683/881/380 684/7916/380 686/882/380
f 685/883/381 686/882/381 688/884/381
f 687/885/382 688/884/382 690/886/382
f 689/887/383 690/886/383 692/888/383
f 691/890/1610 692/7917/1610 694/891/1610
f 693/892/1611 694/891/1611 696/893/1611
f 695/895/386 696/7918/386 698/896/386
f 698/896/387 700/7919/387 699/898/387
f 700/899/388 702/905/388 701/900/388
f 678/904/389 676/7920/389 674/7921/389
f 674/7921/1822 704/7922/1822 702/7923/1822
f 702/7923/389 700/7919/389 698/896/389
f 698/896/389 696/7918/389 694/902/389
f 694/902/389 692/7924/389 690/7925/389
f 690/7925/1822 688/7926/1822 686/903/1822
f 686/903/389 684/7927/389 682/7928/389
f 682/7928/389 680/7929/389 678/904/389
f 678/904/389 674/7921/389 702/7923/389
f 702/7923/389 698/896/389 694/902/389
f 694/902/389 690/7925/389 686/903/389
f 686/903/389 682/7928/389 678/904/389
f 678/904/389 702/7923/389 694/902/389
f 702/905/390 704/907/390 703/906/390
f 704/907/391 674/868/391 673/870/391
f 703/910/392 673/7930/392 675/7931/392
f 675/7931/1823 677/7932/1823 679/878/1823
f 679/878/392 681/877/392 683/880/392
f 683/880/392 685/7933/392 687/908/392
f 687/908/392 689/7934/392 691/7935/392
f 691/7935/392 693/7936/392 695/909/392
f 695/909/392 697/7937/392 699/7938/392
f 699/7938/392 701/7939/392 703/910/392
f 703/910/392 675/7931/392 679/878/392
f 679/878/392 683/880/392 687/908/392
f 687/908/392 691/7935/392 695/909/392
f 695/909/392 699/7938/392 703/910/392
f 703/910/392 679/878/392 687/908/392
f 706/911/1824 708/7940/1824 707/912/1824
f 707/914/394 708/7941/394 710/915/394
f 709/916/395 710/915/395 712/917/395
f 711/918/1615 712/917/1615 714/919/1615
f 713/920/397 714/919/397 716/921/397
f 715/923/398 716/7942/398 718/924/398
f 717/925/399 718/924/399 720/926/399
f 719/927/400 720/926/400 722/928/400
f 721/930/401 722/7943/401 724/931/401
f 724/933/402 726/936/402 725/934/402
f 726/936/403 728/938/403 727/937/403
f 728/938/404 730/940/404 729/939/404
f 730/940/405 732/7944/405 731/941/405
f 732/942/406 734/948/406 733/943/406
f 710/947/1825 708/7945/1825 706/7946/1825
f 706/7946/1825 736/7947/1825 734/7948/1825
f 734/7948/1826 732/7949/1826 730/7950/1826
f 730/7950/407 728/7951/407 726/945/407
f 726/945/1827 724/931/1827 722/7943/1827
f 722/7943/407 720/7952/407 718/946/407
f 718/946/1827 716/7953/1827 714/7954/1827
f 714/7954/1827 712/7955/1827 710/947/1827
f 710/947/407 706/7946/407 734/7948/407
f 734/7948/407 730/7950/407 726/945/407
f 726/945/407 722/7943/407 718/946/407
f 718/946/1827 714/7954/1827 710/947/1827
f 710/947/407 734/7948/407 726/945/407
f 734/948/408 736/950/408 735/949/408
f 736/950/409 706/7956/409 705/951/409
f 735/954/410 705/913/410 707/912/410
f 707/912/410 709/7957/410 711/7958/410
f 711/7958/410 713/7959/410 715/7960/410
f 715/7960/410 717/7961/410 719/952/410
f 719/952/1828 721/7962/1828 723/7963/1828
f 723/7963/410 725/7964/410 727/953/410
f 727/953/410 729/7965/410 731/7966/410
f 731/7966/410 733/7967/410 735/954/410
f 735/954/410 707/912/410 711/7958/410
f 711/7958/410 715/7960/410 719/952/410
f 719/952/410 723/7963/410 727/953/410
f 727/953/410 731/7966/410 735/954/410
f 735/954/410 711/7958/410 719/952/410
f 738/955/411 740/958/411 739/956/411
f 740/958/412 742/7968/412 741/959/412
f 741/959/413 742/7968/413 744/960/413
f 743/962/414 744/7969/414 746/963/414
f 745/964/415 746/963/415 748/965/415
f 747/966/416 748/965/416 750/967/416
f 749/969/417 750/7970/417 752/970/417
f 751/971/418 752/970/418 754/972/418
f 753/973/419 754/972/419 756/974/419
f 755/975/420 756/974/420 758/976/420
f 758/976/421 760/7971/421 759/978/421
f 760/979/1829 762/982/1829 761/980/1829
f 762/982/1830 764/984/1830 763/983/1830
f 764/984/424 766/7972/424 765/985/424
f 742/988/1831 740/7973/1831 738/7974/1831
f 738/7974/1832 768/7975/1832 766/7976/1832
f 766/7976/425 764/7977/425 762/7978/425
f 762/7978/1833 760/7979/1833 758/986/1833
f 758/986/1834 756/7980/1834 754/7981/1834
f 754/7981/425 752/7982/425 750/987/425
f 750/987/425 748/7983/425 746/7984/425
f 746/7984/1831 744/7985/1831 742/988/1831
f 742/988/425 738/7974/425 766/7976/425
f 766/7976/425 762/7978/425 758/986/425
f 758/986/425 754/7981/425 750/987/425
f 750/987/425 746/7984/425 742/988/425
f 742/988/425 766/7976/425 758/986/425
f 766/989/426 768/992/426 767/990/426
f 768/992/427 738/955/427 737/957/427
f 767/995/428 737/7986/428 739/7987/428
f 739/7987/428 741/7988/428 743/7989/428
f 743/7989/428 745/7990/428 747/7991/428
f 747/7991/428 749/7992/428 751/993/428
f 751/993/428 753/7993/428 755/7994/428
f 755/7994/428 757/7995/428 759/994/428
f 759/994/1835 761/7996/1835 763/7997/1835
f 763/7997/1836 765/7998/1836 767/995/1836
f 767/995/428 739/7987/428 743/7989/428
f 743/7989/428 747/7991/428 751/993/428
f 751/993/428 755/7994/428 759/994/428
f 759/994/428 763/7997/428 767/995/428
f 767/995/428 743/7989/428 751/993/428
f 769/996/429 770/1033/429 772/997/429
f 771/999/430 772/7999/430 774/1000/430
f 774/1000/431 776/1003/431 775/1002/431
f 776/1003/432 778/1005/432 777/1004/432
f 778/1005/433 780/8000/433 779/1006/433
f 780/1007/434 782/1010/434 781/1008/434
f 782/1010/435 784/1012/435 783/1011/435
f 784/1012/436 786/1014/436 785/1013/436
f 786/1014/437 788/8001/437 787/1015/437
f 788/1016/438 790/8002/438 789/1017/438
f 789/1017/439 790/8002/439 792/1019/439
f 791/1020/1837 792/1019/1837 794/1021/1837
f 793/1022/441 794/1021/441 796/1023/441
f 795/1025/1616 796/8003/1616 798/1026/1616
f 774/1030/443 772/8004/443 770/8005/443
f 770/8005/443 800/8006/443 798/8007/443
f 798/8007/443 796/8008/443 794/8009/443
f 794/8009/443 792/8010/443 790/1028/443
f 790/1028/1838 788/8011/1838 786/8012/1838
f 786/8012/443 784/8013/443 782/1029/443
f 782/1029/443 780/8014/443 778/8015/443
f 778/8015/443 776/8016/443 774/1030/443
f 774/1030/443 770/8005/443 798/8007/443
f 798/8007/443 794/8009/443 790/1028/443
f 790/1028/443 786/8012/443 782/1029/443
f 782/1029/443 778/8015/443 774/1030/443
f 774/1030/443 798/8007/443 790/1028/443
f 797/1027/444 798/1026/444 800/1031/444
f 799/1032/445 800/1031/445 770/1033/445
f 799/1036/446 769/8017/446 771/8018/446
f 771/8018/1839 773/8019/1839 775/8020/1839
f 775/8020/446 777/8021/446 779/8022/446
f 779/8022/1840 781/8023/1840 783/1034/1840
f 783/1034/446 785/8024/446 787/8025/446
f 787/8025/446 789/8026/446 791/1035/446
f 791/1035/446 793/8027/446 795/8028/446
f 795/8028/446 797/8029/446 799/1036/446
f 799/1036/446 771/8018/446 775/8020/446
f 775/8020/1840 779/8022/1840 783/1034/1840
f 783/1034/446 787/8025/446 791/1035/446
f 791/1035/446 795/8028/446 799/1036/446
f 799/1036/446 775/8020/446 783/1034/446
f 802/1037/447 804/8030/447 803/1038/447
f 804/1040/448 806/1043/448 805/1041/448
f 806/1043/449 808/1045/449 807/1044/449
f 808/1045/450 810/8031/450 809/1046/450
f 809/1047/451 810/8032/451 812/1048/451
f 811/1050/452 812/8033/452 814/1051/452
f 813/1052/453 814/1051/453 816/1053/453
f 815/1054/454 816/1053/454 818/1055/454
f 817/1056/455 818/1055/455 820/1057/455
f 819/1059/456 820/8034/456 822/1060/456
f 821/1061/457 822/1060/457 824/1062/457
f 823/1063/458 824/1062/458 826/1064/458
f 826/1066/459 828/8035/459 827/1067/459
f 828/1069/460 830/1075/460 829/1070/460
f 806/1074/461 804/8036/461 802/8037/461
f 802/8037/461 832/8038/461 830/8039/461
f 830/8039/461 828/8035/461 826/1066/461
f 826/1066/461 824/8040/461 822/1072/461
f 822/1072/461 820/8041/461 818/8042/461
f 818/8042/461 816/8043/461 814/1073/461
f 814/1073/461 812/8044/461 810/8045/461
f 810/8045/461 808/8046/461 806/1074/461
f 806/1074/461 802/8037/461 830/8039/461
f 830/8039/461 826/1066/461 822/1072/461
f 822/1072/461 818/8042/461 814/1073/461
f 814/1073/461 810/8045/461 806/1074/461
f 806/1074/461 830/8039/461 822/1072/461
f 830/1075/462 832/1077/462 831/1076/462
f 832/1077/463 802/1037/463 801/1039/463
f 831/1080/464 801/8047/464 803/8048/464
f 803/8048/464 805/8049/464 807/8050/464
f 807/8050/464 809/1047/464 811/1049/464
f 811/1049/464 813/8051/464 815/1078/464
f 815/1078/464 817/8052/464 819/8053/464
f 819/8053/464 821/8054/464 823/1079/464
f 823/1079/464 825/8055/464 827/8056/464
f 827/8056/464 829/8057/464 831/1080/464
f 831/1080/464 803/8048/464 807/8050/464
f 807/8050/464 811/1049/464 815/1078/464
f 815/1078/464 819/8053/464 823/1079/464
f 823/1079/464 827/8056/464 831/1080/464
f 831/1080/464 807/8050/464 815/1078/464
f 834/1081/465 836/1084/465 835/1082/465
f 836/1084/466 838/1086/466 837/1085/466
f 838/1086/467 840/1088/467 839/1087/467
f 840/1088/468 842/1090/468 841/1089/468
f 842/1090/469 844/8058/469 843/1091/469
f 844/1092/1841 846/8059/1841 845/1093/1841
f 845/1093/1620 846/8059/1620 848/1095/1620
f 847/1096/472 848/1095/472 850/1097/472
f 849/1099/473 850/8060/473 852/1100/473
f 851/1101/474 852/1100/474 854/1102/474
f 853/1103/475 854/1102/475 856/1104/475
f 855/1105/476 856/1104/476 858/1106/476
f 857/1107/477 858/1106/477 860/1108/477
f 859/1110/1617 860/8061/1617 862/1111/1617
f 838/1115/1621 836/8062/1621 834/8063/1621
f 834/8063/1621 864/8064/1621 862/8065/1621
f 862/8065/479 860/8066/479 858/8067/479
f 858/8067/479 856/8068/479 854/1113/479
f 854/1113/1621 852/8069/1621 850/8070/1621
f 850/8070/479 848/8071/479 846/1114/479
f 846/1114/479 844/8072/479 842/8073/479
f 842/8073/479 840/8074/479 838/1115/479
f 838/1115/479 834/8063/479 862/8065/479
f 862/8065/1621 858/8067/1621 854/1113/1621
f 854/1113/479 850/8070/479 846/1114/479
f 846/1114/1621 842/8073/1621 838/1115/1621
f 838/1115/479 862/8065/479 854/1113/479
f 862/1111/480 864/1117/480 863/1116/480
f 864/1117/481 834/8075/481 833/1118/481
f 863/1121/482 833/8076/482 835/8077/482
f 835/8077/482 837/8078/482 839/8079/482
f 839/8079/1619 841/8080/1619 843/8081/1619
f 843/8081/482 845/8082/482 847/1119/482
f 847/1119/482 849/8083/482 851/8084/482
f 851/8084/482 853/8085/482 855/1120/482
f 855/1120/482 857/8086/482 859/8087/482
f 859/8087/1619 861/8088/1619 863/1121/1619
f 863/1121/1619 835/8077/1619 839/8079/1619
f 839/8079/482 843/8081/482 847/1119/482
f 847/1119/482 851/8084/482 855/1120/482
f 855/1120/1619 859/8087/1619 863/1121/1619
f 863/1121/482 839/8079/482 847/1119/482
f 865/1122/483 866/8089/483 868/1123/483
f 867/1124/484 868/1123/484 870/1125/484
f 869/1126/485 870/1125/485 872/1127/485
f 871/1128/1842 872/1127/1842 874/1129/1842
f 873/1130/487 874/1129/487 876/1131/487
f 876/1133/488 878/1136/488 877/1134/488
f 878/1136/1622 880/1138/1622 879/1137/1622
f 880/1138/490 882/8090/490 881/1139/490
f 882/1140/491 884/1143/491 883/1141/491
f 884/1143/492 886/1145/492 885/1144/492
f 886/1145/493 888/1147/493 887/1146/493
f 888/1147/494 890/1149/494 889/1148/494
f 890/1149/495 892/8091/495 891/1150/495
f 891/1151/496 892/8092/496 894/1152/496
f 870/1156/497 868/8093/497 866/8094/497
f 866/8094/1623 896/8095/1623 894/8096/1623
f 894/8096/497 892/8097/497 890/8098/497
f 890/8098/1623 888/8099/1623 886/1154/1623
f 886/1154/497 884/8100/497 882/8101/497
f 882/8101/497 880/8102/497 878/1155/497
f 878/1155/497 876/8103/497 874/8104/497
f 874/8104/497 872/8105/497 870/1156/497
f 870/1156/1623 866/8094/1623 894/8096/1623
f 894/8096/497 890/8098/497 886/1154/497
f 886/1154/497 882/8101/497 878/1155/497
f 878/1155/497 874/8104/497 870/1156/497
f 870/1156/497 894/8096/497 886/1154/497
f 893/1153/498 894/1152/498 896/1157/498
f 895/1158/499 896/1157/499 866/1159/499
f 895/1163/1843 865/8106/1843 867/8107/1843
f 867/8107/500 869/8108/500 871/8109/500
f 871/8109/1844 873/8110/1844 875/8111/1844
f 875/8111/1845 877/8112/1845 879/1161/1845
f 879/1161/500 881/8113/500 883/8114/500
f 883/8114/1846 885/8115/1846 887/1162/1846
f 887/1162/500 889/8116/500 891/8117/500
f 891/8117/1844 893/8118/1844 895/1163/1844
f 895/1163/500 867/8107/500 871/8109/500
f 871/8109/500 875/8111/500 879/1161/500
f 879/1161/500 883/8114/500 887/1162/500
f 887/1162/500 891/8117/500 895/1163/500
f 895/1163/500 871/8109/500 879/1161/500
f 898/1164/501 900/8119/501 899/1165/501
f 900/1167/502 902/1170/502 901/1168/502
f 902/1170/503 904/8120/503 903/1171/503
f 903/1171/504 904/8120/504 906/1172/504
f 905/1174/505 906/8121/505 908/1175/505
f 907/1176/506 908/1175/506 910/1177/506
f 909/1178/507 910/1177/507 912/1179/507
f 911/1180/508 912/1179/508 914/1181/508
f 913/1182/509 914/1181/509 916/1183/509
f 915/1185/510 916/8122/510 918/1186/510
f 917/1187/511 918/1186/511 920/1188/511
f 920/1188/512 922/8123/512 921/1190/512
f 922/1191/513 924/1194/513 923/1192/513
f 924/1194/514 926/1199/514 925/1195/514
f 902/1198/515 900/8124/515 898/8125/515
f 898/8125/515 928/8126/515 926/8127/515
f 926/8127/515 924/8128/515 922/8129/515
f 922/8129/1847 920/8130/1847 918/1196/1847
f 918/1196/1847 916/8131/1847 914/8132/1847
f 914/8132/1847 912/8133/1847 910/1197/1847
f 910/1197/1848 908/8134/1848 906/8135/1848
f 906/8135/1849 904/8136/1849 902/1198/1849
f 902/1198/1847 898/8125/1847 926/8127/1847
f 926/8127/1848 922/8129/1848 918/1196/1848
f 918/1196/1847 914/8132/1847 910/1197/1847
f 910/1197/1847 906/8135/1847 902/1198/1847
f 902/1198/515 926/8127/515 918/1196/515
f 926/1199/516 928/1201/516 927/1200/516
f 928/1201/517 898/1164/517 897/1166/517
f 927/1204/1850 897/8137/1850 899/8138/1850
f 899/8138/518 901/8139/518 903/8140/518
f 903/8140/518 905/8141/518 907/8142/518
f 907/8142/1850 909/8143/1850 911/1202/1850
f 911/1202/1850 913/8144/1850 915/8145/1850
f 915/8145/1851 917/8146/1851 919/1203/1851
f 919/1203/518 921/8147/518 923/8148/518
f 923/8148/518 925/8149/518 927/1204/518
f 927/1204/1852 899/8138/1852 903/8140/1852
f 903/8140/1851 907/8142/1851 911/1202/1851
f 911/1202/1852 915/8145/1852 919/1203/1852
f 919/1203/1850 923/8148/1850 927/1204/1850
f 927/1204/518 903/8140/518 911/1202/518
f 930/1205/519 932/1208/519 931/1206/519
f 932/1208/520 934/1210/520 933/1209/520
f 934/1210/521 936/1212/521 935/1211/521
f 936/1212/522 938/8150/522 937/1213/522
f 938/1214/1853 940/8151/1853 939/1215/1853
f 939/1215/524 940/8151/524 942/1217/524
f 941/1218/525 942/1217/525 944/1219/525
f 943/1221/526 944/8152/526 946/1222/526
f 945/1224/527 946/8153/527 948/1225/527
f 947/1226/528 948/1225/528 950/1227/528
f 949/1228/529 950/1227/529 952/1229/529
f 951/1230/530 952/1229/530 954/1231/530
f 953/1233/531 954/8154/531 956/1234/531
f 956/1234/532 958/1240/532 957/1236/532
f 934/1239/1854 932/8155/1854 930/8156/1854
f 930/8156/1854 960/8157/1854 958/1240/1854
f 958/1240/533 956/1234/533 954/8154/533
f 954/8154/1855 952/8158/1855 950/1237/1855
f 950/1237/533 948/8159/533 946/8160/533
f 946/8160/533 944/8161/533 942/1238/533
f 942/1238/533 940/8162/533 938/8163/533
f 938/8163/1855 936/8164/1855 934/1239/1855
f 934/1239/533 930/8156/533 958/1240/533
f 958/1240/533 954/8154/533 950/1237/533
f 950/1237/533 946/8160/533 942/1238/533
f 942/1238/533 938/8163/533 934/1239/533
f 934/1239/533 958/1240/533 950/1237/533
f 958/1240/534 960/8157/534 959/1241/534
f 960/1242/535 930/8165/535 929/1243/535
f 959/1246/536 929/8166/536 931/8167/536
f 931/8167/536 933/8168/536 935/8169/536
f 935/8169/536 937/1216/536 939/1215/536
f 939/1215/1856 941/1218/1856 943/1220/1856
f 943/1220/536 945/8170/536 947/8171/536
f 947/8171/536 949/8172/536 951/1245/536
f 951/1245/1856 953/8173/1856 955/8174/1856
f 955/8174/536 957/8175/536 959/1246/536
f 959/1246/536 931/8167/536 935/8169/536
f 935/8169/536 939/1215/536 943/1220/536
f 943/1220/536 947/8171/536 951/1245/536
f 951/1245/536 955/8174/536 959/1246/536
f 959/1246/536 935/8169/536 943/1220/536
f 962/1247/537 964/1250/537 963/1248/537
f 964/1250/1857 966/1283/1857 965/1251/1857
f 966/1252/539 968/1255/539 967/1253/539
f 968/1255/540 970/8176/540 969/1256/540
f 970/1257/541 972/1260/541 971/1258/541
f 972/1260/542 974/1262/542 973/1261/542
f 974/1262/543 976/1264/543 975/1263/543
f 976/1264/544 978/8177/544 977/1265/544
f 977/1266/545 978/8178/545 980/1267/545
f 979/1268/546 980/1267/546 982/1269/546
f 981/1271/547 982/8179/547 984/1272/547
f 983/1273/548 984/1272/548 986/1274/548
f 985/1276/549 986/8180/549 988/1277/549
f 987/1278/550 988/1277/550 990/1279/550
f 966/1283/551 964/1250/551 962/1247/551
f 962/1247/1858 992/8181/1858 990/8182/1858
f 990/8182/551 988/8183/551 986/8184/551
f 986/8184/1859 984/8185/1859 982/1281/1859
f 982/1281/551 980/8186/551 978/8187/551
f 978/8187/551 976/8188/551 974/1282/551
f 974/1282/1859 972/8189/1859 970/8190/1859
f 970/8190/551 968/8191/551 966/1283/551
f 966/1283/551 962/1247/551 990/8182/551
f 990/8182/551 986/8184/551 982/1281/551
f 982/1281/551 978/8187/551 974/1282/551
f 974/1282/551 970/8190/551 966/1283/551
f 966/1283/551 990/8182/551 982/1281/551
f 989/1280/552 990/1279/552 992/1284/552
f 991/1285/1627 992/1284/1627 962/1286/1627
f 991/1290/1860 961/8192/1860 963/8193/1860
f 963/8193/1861 965/8194/1861 967/8195/1861
f 967/8195/554 969/8196/554 971/8197/554
f 971/8197/554 973/8198/554 975/1288/554
f 975/1288/554 977/1266/554 979/1268/554
f 979/1268/1860 981/1270/1860 983/1289/1860
f 983/1289/554 985/8199/554 987/8200/554
f 987/8200/554 989/8201/554 991/1290/554
f 991/1290/554 963/8193/554 967/8195/554
f 967/8195/554 971/8197/554 975/1288/554
f 975/1288/554 979/1268/554 983/1289/554
f 983/1289/554 987/8200/554 991/1290/554
f 991/1290/554 967/8195/554 975/1288/554
f 994/1291/555 996/8202/555 995/1292/555
f 996/1294/556 998/8203/556 997/1295/556
f 997/1295/557 998/8203/557 1000/1297/557
f 999/1298/558 1000/1297/558 1002/1299/558
f 1001/1301/559 1002/8204/559 1004/1302/559
f 1003/1303/560 1004/1302/560 1006/1304/560
f 1005/1305/561 1006/1304/561 1008/1306/561
f 1007/1307/562 1008/1306/562 1010/1308/562
f 1009/1310/563 1010/8205/563 1012/1311/563
f 1011/1313/564 1012/8206/564 1014/1314/564
f 1014/1314/565 1016/1317/565 1015/1316/565
f 1016/1317/566 1018/8207/566 1017/1318/566
f 1018/1319/567 1020/1322/567 1019/1320/567
f 1020/1322/568 1022/1327/568 1021/1323/568
f 998/1326/569 996/8208/569 994/8209/569
f 994/8209/1862 1024/8210/1862 1022/8211/1862
f 1022/8211/569 1020/8212/569 1018/8213/569
f 1018/8213/1863 1016/8214/1863 1014/1324/1863
f 1014/1324/1863 1012/1311/1863 1010/8205/1863
f 1010/8205/1862 1008/8215/1862 1006/1325/1862
f 1006/1325/569 1004/8216/569 1002/8217/569
f 1002/8217/569 1000/8218/569 998/1326/569
f 998/1326/569 994/8209/569 1022/8211/569
f 1022/8211/569 1018/8213/569 1014/1324/569
f 1014/1324/569 1010/8205/569 1006/1325/569
f 1006/1325/569 1002/8217/569 998/1326/569
f 998/1326/569 1022/8211/569 1014/1324/569
f 1022/1327/570 1024/1329/570 1023/1328/570
f 1024/1329/571 994/8219/571 993/1330/571
f 1023/1333/572 993/1293/572 995/1292/572
f 995/1292/572 997/8220/572 999/8221/572
f 999/8221/572 1001/8222/572 1003/8223/572
f 1003/8223/572 1005/8224/572 1007/1331/572
f 1007/1331/572 1009/8225/572 1011/8226/572
f 1011/8226/572 1013/8227/572 1015/1332/572
f 1015/1332/1864 1017/8228/1864 1019/8229/1864
f 1019/8229/572 1021/8230/572 1023/1333/572
f 1023/1333/572 995/1292/572 999/8221/572
f 999/8221/572 1003/8223/572 1007/1331/572
f 1007/1331/572 1011/8226/572 1015/1332/572
f 1015/1332/572 1019/8229/572 1023/1333/572
f 1023/1333/572 999/8221/572 1007/1331/572
f 1026/1334/573 1028/8231/573 1027/1335/573
f 1028/1337/574 1030/1340/574 1029/1338/574
f 1030/1340/575 1032/1342/575 1031/1341/575
f 1032/1342/576 1034/8232/576 1033/1343/576
f 1033/1344/577 1034/8233/577 1036/1345/577
f 1035/1346/578 1036/1345/578 1038/1347/578
f 1037/1348/579 1038/1347/579 1040/1349/579
f 1039/1350/580 1040/1349/580 1042/1351/580
f 1041/1352/581 1042/1351/581 1044/1353/581
f 1043/1355/582 1044/8234/582 1046/1356/582
f 1045/1357/583 1046/1356/583 1048/1358/583
f 1047/1359/584 1048/1358/584 1050/1360/584
f 1050/1362/585 1052/1365/585 1051/1363/585
f 1052/1365/586 1054/1370/586 1053/1366/586
f 1030/1369/1865 1028/8235/1865 1026/8236/1865
f 1026/8236/1865 1056/8237/1865 1054/8238/1865
f 1054/8238/1866 1052/8239/1866 1050/8240/1866
f 1050/8240/587 1048/8241/587 1046/1367/587
f 1046/1367/587 1044/8242/587 1042/8243/587
f 1042/8243/1866 1040/8244/1866 1038/1368/1866
f 1038/1368/587 1036/8245/587 1034/8246/587
f 1034/8246/1865 1032/8247/1865 1030/1369/1865
f 1030/1369/587 1026/8236/587 1054/8238/587
f 1054/8238/587 1050/8240/587 1046/1367/587
f 1046/1367/587 1042/8243/587 1038/1368/587
f 1038/1368/587 1034/8246/587 1030/1369/587
f 1030/1369/587 1054/8238/587 1046/1367/587
f 1054/1370/588 1056/1372/588 1055/1371/588
f 1056/1372/589 1026/1334/589 1025/1336/589
f 1055/1375/590 1025/8248/590 1027/8249/590
f 1027/8249/590 1029/8250/590 1031/8251/590
f 1031/8251/590 1033/8252/590 1035/8253/590
f 1035/8253/590 1037/8254/590 1039/1373/590
f 1039/1373/1867 1041/8255/1867 1043/8256/1867
f 1043/8256/590 1045/8257/590 1047/1374/590
f 1047/1374/1868 1049/8258/1868 1051/8259/1868
f 1051/8259/590 1053/8260/590 1055/1375/590
f 1055/1375/590 1027/8249/590 1031/8251/590
f 1031/8251/590 1035/8253/590 1039/1373/590
f 1039/1373/590 1043/8256/590 1047/1374/590
f 1047/1374/590 1051/8259/590 1055/1375/590
f 1055/1375/590 1031/8251/590 1039/1373/590
f 1057/1376/591 1058/8261/591 1060/1377/591
f 1059/1378/1869 1060/1377/1869 1062/1379/1869
f 1061/1380/1870 1062/1379/1870 1064/1381/1870
f 1063/1382/1632 1064/1381/1632 1066/1383/1632
f 1065/1384/595 1066/1383/595 1068/1385/595
f 1067/1387/1871 1068/8262/1871 1070/1388/1871
f 1069/1389/1872 1070/1388/1872 1072/1390/1872
f 1071/1391/598 1072/1390/598 1074/1392/598
f 1074/1394/599 1076/1397/599 1075/1395/599
f 1076/1397/600 1078/1399/600 1077/1398/600
f 1078/1399/1628 1080/1401/1628 1079/1400/1628
f 1080/1401/602 1082/1403/602 1081/1402/602
f 1082/1403/603 1084/8263/603 1083/1404/603
f 1084/1405/604 1086/1411/604 1085/1406/604
f 1062/1410/1873 1060/8264/1873 1058/8265/1873
f 1058/8265/605 1088/8266/605 1086/8267/605
f 1086/8267/605 1084/8268/605 1082/8269/605
f 1082/8269/1874 1080/8270/1874 1078/1408/1874
f 1078/1408/1875 1076/8271/1875 1074/8272/1875
f 1074/8272/605 1072/8273/605 1070/1409/605
f 1070/1409/605 1068/8274/605 1066/8275/605
f 1066/8275/605 1064/8276/605 1062/1410/605
f 1062/1410/605 1058/8265/605 1086/8267/605
f 1086/8267/605 1082/8269/605 1078/1408/605
f 1078/1408/605 1074/8272/605 1070/1409/605
f 1070/1409/605 1066/8275/605 1062/1410/605
f 1062/1410/605 1086/8267/605 1078/1408/605
f 1086/1411/1630 1088/1413/1630 1087/1412/1630
f 1088/1413/607 1058/8277/607 1057/1414/607
f 1087/1417/608 1057/8278/608 1059/8279/608
f 1059/8279/608 1061/8280/608 1063/8281/608
f 1063/8281/608 1065/8282/608 1067/8283/608
f 1067/8283/608 1069/8284/608 1071/1415/608
f 1071/1415/608 1073/8285/608 1075/8286/608
f 1075/8286/608 1077/8287/608 1079/1416/608
f 1079/1416/608 1081/8288/608 1083/8289/608
f 1083/8289/1876 1085/8290/1876 1087/1417/1876
f 1087/1417/608 1059/8279/608 1063/8281/608
f 1063/8281/608 1067/8283/608 1071/1415/608
f 1071/1415/608 1075/8286/608 1079/1416/608
f 1079/1416/608 1083/8289/608 1087/1417/608
f 1087/1417/608 1063/8281/608 1071/1415/608
f 1090/1418/609 1092/8291/609 1091/1419/609
f 1091/1419/610 1092/8291/610 1094/1421/610
f 1093/1423/611 1094/8292/611 1096/1424/611
f 1095/1425/612 1096/1424/612 1098/1426/612
f 1097/1427/613 1098/1426/613 1100/1428/613
f 1099/1430/614 1100/8293/614 1102/1431/614
f 1101/1433/615 1102/8294/615 1104/1434/615
f 1103/1435/1638 1104/1434/1638 1106/1436/1638
f 1105/1437/1633 1106/1436/1633 1108/1438/1633
f 1108/1438/618 1110/8295/618 1109/1440/618
f 1110/1441/619 1112/1444/619 1111/1442/619
f 1112/1444/1877 1114/1446/1877 1113/1445/1877
f 1114/1446/1878 1116/8296/1878 1115/1447/1878
f 1116/1448/622 1118/8297/622 1117/1449/622
f 1094/1453/1879 1092/8298/1879 1090/8299/1879
f 1090/8299/1880 1120/8300/1880 1118/8297/1880
f 1118/8297/1880 1116/1448/1880 1114/8301/1880
f 1114/8301/1880 1112/8302/1880 1110/1451/1880
f 1110/1451/1881 1108/8303/1881 1106/8304/1881
f 1106/8304/623 1104/8305/623 1102/1452/623
f 1102/1452/623 1100/8306/623 1098/8307/623
f 1098/8307/1881 1096/8308/1881 1094/1453/1881
f 1094/1453/623 1090/8299/623 1118/8297/623
f 1118/8297/623 1114/8301/623 1110/1451/623
f 1110/1451/1880 1106/8304/1880 1102/1452/1880
f 1102/1452/623 1098/8307/623 1094/1453/623
f 1094/1453/623 1118/8297/623 1110/1451/623
f 1118/1454/624 1120/1457/624 1119/1455/624
f 1120/1457/625 1090/1418/625 1089/1420/625
f 1119/1460/1882 1089/8309/1882 1091/8310/1882
f 1091/8310/1883 1093/8311/1883 1095/8312/1883
f 1095/8312/1884 1097/8313/1884 1099/1430/1884
f 1099/1430/626 1101/1432/626 1103/1458/626
f 1103/1458/1884 1105/8314/1884 1107/8315/1884
f 1107/8315/1884 1109/8316/1884 1111/1459/1884
f 1111/1459/626 1113/8317/626 1115/8318/626
f 1115/8318/1882 1117/8319/1882 1119/1460/1882
f 1119/1460/1884 1091/8310/1884 1095/8312/1884
f 1095/8312/626 1099/1430/626 1103/1458/626
f 1103/1458/626 1107/8315/626 1111/1459/626
f 1111/1459/626 1115/8318/626 1119/1460/626
f 1119/1460/626 1095/8312/626 1103/1458/626
f 1122/1461/627 1124/1464/627 1123/1462/627
f 1124/1464/628 1126/1466/628 1125/1465/628
f 1126/1466/629 1128/8320/629 1127/1467/629
f 1127/1467/630 1128/8320/630 1130/1468/630
f 1129/1469/631 1130/1468/631 1132/1470/631
f 1131/1472/632 1132/8321/632 1134/1473/632
f 1133/1474/633 1134/1473/633 1136/1475/633
f 1135/1476/634 1136/1475/634 1138/1477/634
f 1137/1479/635 1138/8322/635 1140/1480/635
f 1139/1481/636 1140/1480/636 1142/1482/636
f 1141/1483/637 1142/1482/637 1144/1484/637
f 1144/1484/638 1146/1487/638 1145/1486/638
f 1146/1487/639 1148/8323/639 1147/1488/639
f 1148/1489/640 1150/1495/640 1149/1490/640
f 1126/1494/641 1124/8324/641 1122/8325/641
f 1122/8325/1885 1152/8326/1885 1150/8327/1885
f 1150/8327/641 1148/8328/641 1146/8329/641
f 1146/8329/1886 1144/8330/1886 1142/1492/1886
f 1142/1492/641 1140/8331/641 1138/8332/641
f 1138/8332/1887 1136/8333/1887 1134/1493/1887
f 1134/1493/641 1132/8334/641 1130/8335/641
f 1130/8335/1886 1128/8336/1886 1126/1494/1886
f 1126/1494/641 1122/8325/641 1150/8327/641
f 1150/8327/1886 1146/8329/1886 1142/1492/1886
f 1142/1492/641 1138/8332/641 1134/1493/641
f 1134/1493/641 1130/8335/641 1126/1494/641
f 1126/1494/1886 1150/8327/1886 1142/1492/1886
f 1150/1495/642 1152/1497/642 1151/1496/642
f 1152/1497/643 1122/8337/643 1121/1498/643
f 1151/1501/1888 1121/8338/1888 1123/8339/1888
f 1123/8339/644 1125/8340/644 1127/8341/644
f 1127/8341/1889 1129/8342/1889 1131/8343/1889
f 1131/8343/644 1133/8344/644 1135/1499/644
f 1135/1499/1890 1137/8345/1890 1139/8346/1890
f 1139/8346/644 1141/8347/644 1143/1500/644
f 1143/1500/1891 1145/8348/1891 1147/8349/1891
f 1147/8349/1888 1149/8350/1888 1151/1501/1888
f 1151/1501/644 1123/8339/644 1127/8341/644
f 1127/8341/644 1131/8343/644 1135/1499/644
f 1135/1499/644 1139/8346/644 1143/1500/644
f 1143/1500/644 1147/8349/644 1151/1501/644
f 1151/1501/644 1127/8341/644 1135/1499/644
f 1154/1502/645 1156/8351/645 1155/1503/645
f 1156/1505/646 1158/1508/646 1157/1506/646
f 1158/1508/647 1160/1510/647 1159/1509/647
f 1160/1510/648 1162/8352/648 1161/1511/648
f 1161/1511/649 1162/8352/649 1164/1512/649
f 1163/1514/650 1164/8353/650 1166/1515/650
f 1165/1516/651 1166/1515/651 1168/1517/651
f 1167/1518/652 1168/1517/652 1170/1519/652
f 1169/1520/653 1170/1519/653 1172/1521/653
f 1171/1523/654 1172/8354/654 1174/1524/654
f 1173/1525/655 1174/1524/655 1176/1526/655
f 1175/1527/656 1176/1526/656 1178/1528/656
f 1178/1528/657 1180/8355/657 1179/1530/657
f 1180/1531/658 1182/1537/658 1181/1532/658
f 1158/1536/659 1156/8356/659 1154/8357/659
f 1154/8357/659 1184/8358/659 1182/8359/659
f 1182/8359/659 1180/8360/659 1178/8361/659
f 1178/8361/1892 1176/8362/1892 1174/1534/1892
f 1174/1534/659 1172/8363/659 1170/8364/659
f 1170/8364/1892 1168/8365/1892 1166/1535/1892
f 1166/1535/1892 1164/8366/1892 1162/8367/1892
f 1162/8367/1892 1160/8368/1892 1158/1536/1892
f 1158/1536/1892 1154/8357/1892 1182/8359/1892
f 1182/8359/659 1178/8361/659 1174/1534/659
f 1174/1534/1892 1170/8364/1892 1166/1535/1892
f 1166/1535/659 1162/8367/659 1158/1536/659
f 1158/1536/659 1182/8359/659 1174/1534/659
f 1182/1537/660 1184/1539/660 1183/1538/660
f 1184/1539/661 1154/1502/661 1153/1504/661
f 1183/1542/1893 1153/8369/1893 1155/8370/1893
f 1155/8370/662 1157/8371/662 1159/8372/662
f 1159/8372/662 1161/8373/662 1163/8374/662
f 1163/8374/662 1165/8375/662 1167/1540/662
f 1167/1540/1893 1169/8376/1893 1171/8377/1893
f 1171/8377/1893 1173/8378/1893 1175/1541/1893
f 1175/1541/662 1177/8379/662 1179/8380/662
f 1179/8380/1894 1181/8381/1894 1183/1542/1894
f 1183/1542/662 1155/8370/662 1159/8372/662
f 1159/8372/662 1163/8374/662 1167/1540/662
f 1167/1540/662 1171/8377/662 1175/1541/662
f 1175/1541/662 1179/8380/662 1183/1542/662
f 1183/1542/662 1159/8372/662 1167/1540/662
f 1186/1543/663 1188/1546/663 1187/1544/663
f 1188/1546/664 1190/1548/664 1189/1547/664
f 1190/1548/1895 1192/1550/1895 1191/1549/1895
f 1192/1550/1896 1194/8382/1896 1193/1551/1896
f 1194/1552/1643 1196/8383/1643 1195/1553/1643
f 1195/1553/668 1196/8383/668 1198/1555/668
f 1197/1557/669 1198/8384/669 1200/1558/669
f 1199/1559/670 1200/1558/670 1202/1560/670
f 1201/1562/671 1202/8385/671 1204/1563/671
f 1203/1564/1640 1204/1563/1640 1206/1565/1640
f 1205/1566/1641 1206/1565/1641 1208/1567/1641
f 1207/1568/674 1208/1567/674 1210/1569/674
f 1209/1571/675 1210/8386/675 1212/1572/675
f 1212/1572/676 1214/8387/676 1213/1574/676
f 1190/1577/1897 1188/8388/1897 1186/8389/1897
f 1186/8389/1897 1216/8390/1897 1214/8387/1897
f 1214/8387/1898 1212/1572/1898 1210/8386/1898
f 1210/8386/677 1208/8391/677 1206/1575/677
f 1206/1575/1898 1204/8392/1898 1202/8393/1898
f 1202/8393/1897 1200/8394/1897 1198/1576/1897
f 1198/1576/1897 1196/8395/1897 1194/8396/1897
f 1194/8396/1898 1192/8397/1898 1190/1577/1898
f 1190/1577/677 1186/8389/677 1214/8387/677
f 1214/8387/677 1210/8386/677 1206/1575/677
f 1206/1575/677 1202/8393/677 1198/1576/677
f 1198/1576/677 1194/8396/677 1190/1577/677
f 1190/1577/677 1214/8387/677 1206/1575/677
f 1214/1578/678 1216/1581/678 1215/1579/678
f 1216/1581/679 1186/8398/679 1185/1582/679
f 1215/1585/1899 1185/8399/1899 1187/8400/1899
f 1187/8400/1899 1189/8401/1899 1191/8402/1899
f 1191/8402/1900 1193/1554/1900 1195/1553/1900
f 1195/1553/680 1197/1556/680 1199/1583/680
f 1199/1583/1901 1201/8403/1901 1203/8404/1901
f 1203/8404/1899 1205/8405/1899 1207/1584/1899
f 1207/1584/680 1209/8406/680 1211/8407/680
f 1211/8407/1902 1213/8408/1902 1215/1585/1902
f 1215/1585/680 1187/8400/680 1191/8402/680
f 1191/8402/680 1195/1553/680 1199/1583/680
f 1199/1583/680 1203/8404/680 1207/1584/680
f 1207/1584/680 1211/8407/680 1215/1585/680
f 1215/1585/680 1191/8402/680 1199/1583/680
f 1218/1586/681 1220/1589/681 1219/1587/681
f 1220/1589/682 1222/8409/682 1221/1590/682
f 1221/1590/683 1222/8409/683 1224/1591/683
f 1223/1592/1903 1224/1591/1903 1226/1593/1903
f 1225/1595/685 1226/8410/685 1228/1596/685
f 1227/1597/686 1228/1596/686 1230/1598/686
f 1229/1599/687 1230/1598/687 1232/1600/687
f 1231/1601/1648 1232/1600/1648 1234/1602/1648
f 1233/1604/1904 1234/8411/1904 1236/1605/1904
f 1235/1606/1644 1236/1605/1644 1238/1607/1644
f 1238/1607/691 1240/1610/691 1239/1609/691
f 1240/1610/692 1242/8412/692 1241/1611/692
f 1242/1612/693 1244/1615/693 1243/1613/693
f 1244/1615/694 1246/1619/694 1245/1616/694
f 1222/1618/695 1220/8413/695 1218/8414/695
f 1218/8414/695 1248/8415/695 1246/8416/695
f 1246/8416/695 1244/8417/695 1242/8412/695
f 1242/8412/695 1240/1610/695 1238/1607/695
f 1238/1607/695 1236/1605/695 1234/8411/695
f 1234/8411/1905 1232/8418/1905 1230/1617/1905
f 1230/1617/695 1228/8419/695 1226/8420/695
f 1226/8420/1906 1224/8421/1906 1222/1618/1906
f 1222/1618/695 1218/8414/695 1246/8416/695
f 1246/8416/695 1242/8412/695 1238/1607/695
f 1238/1607/695 1234/8411/695 1230/1617/695
f 1230/1617/695 1226/8420/695 1222/1618/695
f 1222/1618/695 1246/8416/695 1238/1607/695
f 1246/1619/696 1248/1621/696 1247/1620/696
f 1248/1621/697 1218/8422/697 1217/1622/697
f 1247/1625/698 1217/1588/698 1219/1587/698
f 1219/1587/698 1221/1590/698 1223/1592/698
f 1223/1592/698 1225/1594/698 1227/8423/698
f 1227/8423/1907 1229/8424/1907 1231/1623/1907
f 1231/1623/698 1233/8425/698 1235/8426/698
f 1235/8426/698 1237/8427/698 1239/1624/698
f 1239/1624/698 1241/8428/698 1243/8429/698
f 1243/8429/698 1245/8430/698 1247/1625/698
f 1247/1625/698 1219/1587/698 1223/1592/698
f 1223/1592/698 1227/8423/698 1231/1623/698
f 1231/1623/698 1235/8426/698 1239/1624/698
f 1239/1624/698 1243/8429/698 1247/1625/698
f 1247/1625/698 1223/1592/698 1231/1623/698
f 1249/1626/699 1250/8431/699 1252/1627/699
f 1251/1628/700 1252/1627/700 1254/1629/700
f 1254/1629/701 1256/1632/701 1255/1631/701
f 1256/1632/702 1258/1634/702 1257/1633/702
f 1258/1634/703 1260/8432/703 1259/1635/703
f 1260/1636/704 1262/1639/704 1261/1637/704
f 1262/1639/705 1264/1641/705 1263/1640/705
f 1264/1641/706 1266/8433/706 1265/1642/706
f 1266/1643/707 1268/1646/707 1267/1644/707
f 1268/1646/708 1270/8434/708 1269/1647/708
f 1269/1647/709 1270/8434/709 1272/1648/709
f 1271/1649/710 1272/1648/710 1274/1650/710
f 1273/1651/711 1274/1650/711 1276/1652/711
f 1275/1654/712 1276/8435/712 1278/1655/712
f 1254/1659/1908 1252/8436/1908 1250/8437/1908
f 1250/8437/713 1280/8438/713 1278/8439/713
f 1278/8439/1909 1276/8440/1909 1274/8441/1909
f 1274/8441/1908 1272/8442/1908 1270/1657/1908
f 1270/1657/713 1268/8443/713 1266/8444/713
f 1266/8444/1910 1264/8445/1910 1262/1658/1910
f 1262/1658/1911 1260/8446/1911 1258/8447/1911
f 1258/8447/713 1256/8448/713 1254/1659/713
f 1254/1659/713 1250/8437/713 1278/8439/713
f 1278/8439/713 1274/8441/713 1270/1657/713
f 1270/1657/713 1266/8444/713 1262/1658/713
f 1262/1658/713 1258/8447/713 1254/1659/713
f 1254/1659/713 1278/8439/713 1270/1657/713
f 1277/1656/714 1278/1655/714 1280/1660/714
f 1279/1661/715 1280/1660/715 1250/1662/715
f 1279/1666/1912 1249/8449/1912 1251/8450/1912
f 1251/8450/1913 1253/8451/1913 1255/8452/1913
f 1255/8452/1913 1257/8453/1913 1259/8454/1913
f 1259/8454/716 1261/8455/716 1263/1664/716
f 1263/1664/1914 1265/8456/1914 1267/8457/1914
f 1267/8457/716 1269/8458/716 1271/1665/716
f 1271/1665/1912 1273/8459/1912 1275/8460/1912
f 1275/8460/1912 1277/8461/1912 1279/1666/1912
f 1279/1666/716 1251/8450/716 1255/8452/716
f 1255/8452/716 1259/8454/716 1263/1664/716
f 1263/1664/716 1267/8457/716 1271/1665/716
f 1271/1665/716 1275/8460/716 1279/1666/716
f 1279/1666/716 1255/8452/716 1263/1664/716
f 1281/1667/717 1282/8462/717 1284/1668/717
f 1283/1669/718 1284/1668/718 1286/1670/718
f 1285/1672/719 1286/8463/719 1288/1673/719
f 1287/1674/720 1288/1673/720 1290/1675/720
f 1290/1675/721 1292/1678/721 1291/1677/721
f 1292/1678/722 1294/1680/722 1293/1679/722
f 1294/1680/723 1296/8464/723 1295/1681/723
f 1296/1682/724 1298/8465/724 1297/1683/724
f 1298/1685/725 1300/1688/725 1299/1686/725
f 1300/1688/726 1302/8466/726 1301/1689/726
f 1302/1690/727 1304/1693/727 1303/1691/727
f 1304/1693/728 1306/8467/728 1305/1694/728
f 1305/1694/1915 1306/8467/1915 1308/1695/1915
f 1307/1696/730 1308/1695/730 1310/1697/730
f 1286/1701/731 1284/8468/731 1282/1705/731
f 1282/1705/1916 1312/8469/1916 1310/8470/1916
f 1310/8470/1917 1308/8471/1917 1306/8472/1917
f 1306/8472/1916 1304/8473/1916 1302/1699/1916
f 1302/1699/731 1300/8474/731 1298/8475/731
f 1298/8475/731 1296/8476/731 1294/1700/731
f 1294/1700/731 1292/8477/731 1290/8478/731
f 1290/8478/1916 1288/8479/1916 1286/1701/1916
f 1286/1701/731 1282/1705/731 1310/8470/731
f 1310/8470/731 1306/8472/731 1302/1699/731
f 1302/1699/731 1298/8475/731 1294/1700/731
f 1294/1700/731 1290/8478/731 1286/1701/731
f 1286/1701/731 1310/8470/731 1302/1699/731
f 1309/1698/732 1310/1697/732 1312/1702/732
f 1311/1704/733 1312/8469/733 1282/1705/733
f 1311/1708/734 1281/8480/734 1283/8481/734
f 1283/8481/734 1285/8482/734 1287/8483/734
f 1287/8483/734 1289/8484/734 1291/8485/734
f 1291/8485/1918 1293/8486/1918 1295/1684/1918
f 1295/1684/734 1297/1683/734 1299/8487/734
f 1299/8487/1919 1301/8488/1919 1303/1707/1919
f 1303/1707/1918 1305/8489/1918 1307/8490/1918
f 1307/8490/1918 1309/8491/1918 1311/1708/1918
f 1311/1708/734 1283/8481/734 1287/8483/734
f 1287/8483/734 1291/8485/734 1295/1684/734
f 1295/1684/734 1299/8487/734 1303/1707/734
f 1303/1707/734 1307/8490/734 1311/1708/734
f 1311/1708/734 1287/8483/734 1295/1684/734
f 1314/1709/735 1316/1712/735 1315/1710/735
f 1316/1712/736 1318/1714/736 1317/1713/736
f 1318/1714/737 1320/1716/737 1319/1715/737
f 1320/1716/1920 1322/8492/1920 1321/1717/1920
f 1322/1718/739 1324/8493/739 1323/1719/739
f 1323/1719/740 1324/8493/740 1326/1721/740
f 1325/1722/741 1326/1721/741 1328/1723/741
f 1327/1724/742 1328/1723/742 1330/1725/742
f 1329/1727/743 1330/8494/743 1332/1728/743
f 1331/1729/744 1332/1728/744 1334/1730/744
f 1333/1731/745 1334/1730/745 1336/1732/745
f 1335/1733/1921 1336/1732/1921 1338/1734/1921
f 1337/1736/747 1338/8495/747 1340/1737/747
f 1340/1737/748 1342/1743/748 1341/1739/748
f 1318/1742/749 1316/8496/749 1314/8497/749
f 1314/8497/749 1344/8498/749 1342/8499/749
f 1342/8499/749 1340/8500/749 1338/8501/749
f 1338/8501/749 1336/8502/749 1334/1740/749
f 1334/1740/749 1332/8503/749 1330/8504/749
f 1330/8504/1922 1328/8505/1922 1326/1741/1922
f 1326/1741/1923 1324/8506/1923 1322/8507/1923
f 1322/8507/749 1320/8508/749 1318/1742/749
f 1318/1742/749 1314/8497/749 1342/8499/749
f 1342/8499/749 1338/8501/749 1334/1740/749
f 1334/1740/749 1330/8504/749 1326/1741/749
f 1326/1741/749 1322/8507/749 1318/1742/749
f 1318/1742/749 1342/8499/749 1334/1740/749
f 1342/1743/1651 1344/1745/1651 1343/1744/1651
f 1344/1745/751 1314/8509/751 1313/1746/751
f 1343/1749/752 1313/8510/752 1315/8511/752
f 1315/8511/752 1317/8512/752 1319/8513/752
f 1319/8513/752 1321/8514/752 1323/8515/752
f 1323/8515/752 1325/8516/752 1327/1747/752
f 1327/1747/752 1329/8517/752 1331/8518/752
f 1331/8518/752 1333/8519/752 1335/1748/752
f 1335/1748/752 1337/8520/752 1339/8521/752
f 1339/8521/752 1341/8522/752 1343/1749/752
f 1343/1749/752 1315/8511/752 1319/8513/752
f 1319/8513/752 1323/8515/752 1327/1747/752
f 1327/1747/752 1331/8518/752 1335/1748/752
f 1335/1748/752 1339/8521/752 1343/1749/752
f 1343/1749/752 1319/8513/752 1327/1747/752
f 1346/1750/753 1348/8523/753 1347/1751/753
f 1348/1753/754 1350/1756/754 1349/1754/754
f 1350/1756/755 1352/1758/755 1351/1757/755
f 1352/1758/1924 1354/1760/1924 1353/1759/1924
f 1354/1760/757 1356/8524/757 1355/1761/757
f 1356/1762/758 1358/1765/758 1357/1763/758
f 1358/1765/759 1360/8525/759 1359/1766/759
f 1359/1766/760 1360/8525/760 1362/1767/760
f 1361/1769/761 1362/8526/761 1364/1770/761
f 1363/1772/762 1364/8527/762 1366/1773/762
f 1365/1774/763 1366/1773/763 1368/1775/763
f 1367/1776/1925 1368/1775/1925 1370/1777/1925
f 1369/1778/765 1370/1777/765 1372/1779/765
f 1371/1781/766 1372/8528/766 1374/1782/766
f 1350/1786/1926 1348/8523/1926 1346/1750/1926
f 1346/1750/767 1376/8529/767 1374/8530/767
f 1374/8530/1927 1372/8531/1927 1370/8532/1927
f 1370/8532/1926 1368/8533/1926 1366/1784/1926
f 1366/1784/767 1364/8534/767 1362/8535/767
f 1362/8535/1928 1360/8536/1928 1358/1785/1928
f 1358/1785/767 1356/8537/767 1354/8538/767
f 1354/8538/1926 1352/8539/1926 1350/1786/1926
f 1350/1786/1926 1346/1750/1926 1374/8530/1926
f 1374/8530/767 1370/8532/767 1366/1784/767
f 1366/1784/1929 1362/8535/1929 1358/1785/1929
f 1358/1785/767 1354/8538/767 1350/1786/767
f 1350/1786/767 1374/8530/767 1366/1784/767
f 1373/1783/768 1374/1782/768 1376/1787/768
f 1376/1787/769 1346/8540/769 1345/1789/769
f 1375/1792/1930 1345/8541/1930 1347/8542/1930
f 1347/8542/770 1349/8543/770 1351/8544/770
f 1351/8544/1931 1353/8545/1931 1355/8546/1931
f 1355/8546/770 1357/8547/770 1359/1790/770
f 1359/1790/770 1361/1769/770 1363/1771/770
f 1363/1771/1931 1365/8548/1931 1367/1791/1931
f 1367/1791/770 1369/8549/770 1371/8550/770
f 1371/8550/1932 1373/8551/1932 1375/1792/1932
f 1375/1792/770 1347/8542/770 1351/8544/770
f 1351/8544/770 1355/8546/770 1359/1790/770
f 1359/1790/770 1363/1771/770 1367/1791/770
f 1367/1791/770 1371/8550/770 1375/1792/770
f 1375/1792/770 1351/8544/770 1359/1790/770
f 1378/1793/771 1380/8552/771 1379/1794/771
f 1380/1796/772 1382/1799/772 1381/1797/772
f 1382/1799/773 1384/1801/773 1383/1800/773
f 1384/1801/774 1386/8553/774 1385/1802/774
f 1385/1803/775 1386/8554/775 1388/1804/775
f 1387/1806/776 1388/8555/776 1390/1807/776
f 1389/1808/1656 1390/1807/1656 1392/1809/1656
f 1391/1810/778 1392/1809/778 1394/1811/778
f 1393/1812/779 1394/1811/779 1396/1813/779
f 1395/1815/780 1396/8556/780 1398/1816/780
f 1397/1817/781 1398/1816/781 1400/1818/781
f 1399/1819/782 1400/1818/782 1402/1820/782
f 1402/1822/783 1404/8557/783 1403/1823/783
f 1404/1825/1933 1406/1831/1933 1405/1826/1933
f 1382/1830/1934 1380/8558/1934 1378/8559/1934
f 1378/8559/785 1408/8560/785 1406/8561/785
f 1406/8561/1935 1404/8557/1935 1402/1822/1935
f 1402/1822/785 1400/8562/785 1398/1828/785
f 1398/1828/785 1396/8563/785 1394/8564/785
f 1394/8564/1935 1392/8565/1935 1390/1829/1935
f 1390/1829/1935 1388/8566/1935 1386/8567/1935
f 1386/8567/785 1384/8568/785 1382/1830/785
f 1382/1830/785 1378/8559/785 1406/8561/785
f 1406/8561/785 1402/1822/785 1398/1828/785
f 1398/1828/785 1394/8564/785 1390/1829/785
f 1390/1829/785 1386/8567/785 1382/1830/785
f 1382/1830/785 1406/8561/785 1398/1828/785
f 1406/1831/1936 1408/1833/1936 1407/1832/1936
f 1408/1833/787 1378/1793/787 1377/1795/787
f 1407/1836/788 1377/8569/788 1379/8570/788
f 1379/8570/788 1381/8571/788 1383/8572/788
f 1383/8572/788 1385/1803/788 1387/1805/788
f 1387/1805/1937 1389/8573/1937 1391/1834/1937
f 1391/1834/788 1393/8574/788 1395/8575/788
f 1395/8575/788 1397/8576/788 1399/1835/788
f 1399/1835/788 1401/8577/788 1403/8578/788
f 1403/8578/1937 1405/8579/1937 1407/1836/1937
f 1407/1836/788 1379/8570/788 1383/8572/788
f 1383/8572/788 1387/1805/788 1391/1834/788
f 1391/1834/788 1395/8575/788 1399/1835/788
f 1399/1835/788 1403/8578/788 1407/1836/788
f 1407/1836/788 1383/8572/788 1391/1834/788
f 1409/1837/789 1410/1874/789 1412/1838/789
f 1411/1839/790 1412/1838/790 1414/1840/790
f 1413/1842/791 1414/8580/791 1416/1843/791
f 1415/1844/792 1416/1843/792 1418/1845/792
f 1417/1846/793 1418/1845/793 1420/1847/793
f 1420/1847/794 1422/1850/794 1421/1849/794
f 1422/1850/795 1424/8581/795 1423/1851/795
f 1424/1852/796 1426/1855/796 1425/1853/796
f 1426/1855/797 1428/1857/797 1427/1856/797
f 1428/1857/798 1430/8582/798 1429/1858/798
f 1430/1859/799 1432/1862/799 1431/1860/799
f 1432/1862/800 1434/1864/800 1433/1863/800
f 1434/1864/801 1436/8583/801 1435/1865/801
f 1435/1865/802 1436/8583/802 1438/1866/802
f 1414/1870/803 1412/8584/803 1410/8585/803
f 1410/8585/1938 1440/8586/1938 1438/8587/1938
f 1438/8587/803 1436/8588/803 1434/8589/803
f 1434/8589/803 1432/8590/803 1430/1868/803
f 1430/1868/803 1428/8591/803 1426/8592/803
f 1426/8592/803 1424/8593/803 1422/1869/803
f 1422/1869/803 1420/8594/803 1418/8595/803
f 1418/8595/803 1416/8596/803 1414/1870/803
f 1414/1870/803 1410/8585/803 1438/8587/803
f 1438/8587/803 1434/8589/803 1430/1868/803
f 1430/1868/803 1426/8592/803 1422/1869/803
f 1422/1869/803 1418/8595/803 1414/1870/803
f 1414/1870/803 1438/8587/803 1430/1868/803
f 1437/1867/804 1438/1866/804 1440/1871/804
f 1439/1873/805 1440/8597/805 1410/1874/805
f 1439/1877/806 1409/8598/806 1411/8599/806
f 1411/8599/806 1413/8600/806 1415/8601/806
f 1415/8601/1939 1417/8602/1939 1419/8603/1939
f 1419/8603/806 1421/8604/806 1423/1875/806
f 1423/1875/1940 1425/8605/1940 1427/8606/1940
f 1427/8606/1941 1429/8607/1941 1431/1876/1941
f 1431/1876/806 1433/8608/806 1435/8609/806
f 1435/8609/806 1437/8610/806 1439/1877/806
f 1439/1877/806 1411/8599/806 1415/8601/806
f 1415/8601/806 1419/8603/806 1423/1875/806
f 1423/1875/806 1427/8606/806 1431/1876/806
f 1431/1876/806 1435/8609/806 1439/1877/806
f 1439/1877/806 1415/8601/806 1423/1875/806
f 1442/1878/807 1444/8611/807 1443/1879/807
f 1444/1881/808 1446/1884/808 1445/1882/808
f 1446/1884/1942 1448/1886/1942 1447/1885/1942
f 1448/1886/810 1450/8612/810 1449/1887/810
f 1449/1887/811 1450/8612/811 1452/1888/811
f 1451/1890/812 1452/8613/812 1454/1891/812
f 1453/1892/813 1454/1891/813 1456/1893/813
f 1455/1894/814 1456/1893/814 1458/1895/814
f 1457/1896/815 1458/1895/815 1460/1897/815
f 1459/1899/816 1460/8614/816 1462/1900/816
f 1461/1901/817 1462/1900/817 1464/1902/817
f 1463/1903/818 1464/1902/818 1466/1904/818
f 1466/1904/819 1468/8615/819 1467/1906/819
f 1468/1907/820 1470/1913/820 1469/1908/820
f 1446/1912/1943 1444/8616/1943 1442/8617/1943
f 1442/8617/821 1472/8618/821 1470/8619/821
f 1470/8619/1944 1468/8620/1944 1466/8621/1944
f 1466/8621/1944 1464/8622/1944 1462/1910/1944
f 1462/1910/1944 1460/8623/1944 1458/8624/1944
f 1458/8624/1944 1456/8625/1944 1454/1911/1944
f 1454/1911/1944 1452/8626/1944 1450/8627/1944
f 1450/8627/1943 1448/8628/1943 1446/1912/1943
f 1446/1912/1944 1442/8617/1944 1470/8619/1944
f 1470/8619/821 1466/8621/821 1462/1910/821
f 1462/1910/821 1458/8624/821 1454/1911/821
f 1454/1911/821 1450/8627/821 1446/1912/821
f 1446/1912/821 1470/8619/821 1462/1910/821
f 1470/1913/822 1472/1915/822 1471/1914/822
f 1472/1915/1658 1442/1878/1658 1441/1880/1658
f 1471/1918/1945 1441/8629/1945 1443/8630/1945
f 1443/8630/824 1445/8631/824 1447/8632/824
f 1447/8632/824 1449/8633/824 1451/8634/824
f 1451/8634/824 1453/8635/824 1455/1916/824
f 1455/1916/1945 1457/8636/1945 1459/8637/1945
f 1459/8637/824 1461/8638/824 1463/1917/824
f 1463/1917/824 1465/8639/824 1467/8640/824
f 1467/8640/1945 1469/8641/1945 1471/1918/1945
f 1471/1918/824 1443/8630/824 1447/8632/824
f 1447/8632/824 1451/8634/824 1455/1916/824
f 1455/1916/824 1459/8637/824 1463/1917/824
f 1463/1917/824 1467/8640/824 1471/1918/824
f 1471/1918/824 1447/8632/824 1455/1916/824
f 1474/1919/825 1476/8642/825 1475/1920/825
f 1476/1922/826 1478/1925/826 1477/1923/826
f 1478/1925/827 1480/1927/827 1479/1926/827
f 1480/1927/828 1482/1929/828 1481/1928/828
f 1482/1929/829 1484/8643/829 1483/1930/829
f 1484/1931/830 1486/1934/830 1485/1932/830
f 1486/1934/831 1488/8644/831 1487/1935/831
f 1487/1935/832 1488/8644/832 1490/1936/832
f 1489/1938/833 1490/8645/833 1492/1939/833
f 1491/1941/834 1492/8646/834 1494/1942/834
f 1493/1943/835 1494/1942/835 1496/1944/835
f 1495/1945/836 1496/1944/836 1498/1946/836
f 1497/1947/837 1498/1946/837 1500/1948/837
f 1499/1950/1946 1500/8647/1946 1502/1951/1946
f 1478/1955/839 1476/8642/839 1474/1919/839
f 1474/1919/839 1504/8648/839 1502/8649/839
f 1502/8649/839 1500/8650/839 1498/8651/839
f 1498/8651/839 1496/8652/839 1494/1953/839
f 1494/1953/839 1492/8653/839 1490/8654/839
f 1490/8654/839 1488/8655/839 1486/1954/839
f 1486/1954/839 1484/8656/839 1482/8657/839
f 1482/8657/839 1480/8658/839 1478/1955/839
f 1478/1955/839 1474/1919/839 1502/8649/839
f 1502/8649/839 1498/8651/839 1494/1953/839
f 1494/1953/839 1490/8654/839 1486/1954/839
f 1486/1954/839 1482/8657/839 1478/1955/839
f 1478/1955/839 1502/8649/839 1494/1953/839
f 1501/1952/840 1502/1951/840 1504/1956/840
f 1504/1956/841 1474/8659/841 1473/1958/841
f 1503/1961/842 1473/8660/842 1475/8661/842
f 1475/8661/842 1477/8662/842 1479/8663/842
f 1479/8663/842 1481/8664/842 1483/8665/842
f 1483/8665/842 1485/8666/842 1487/1959/842
f 1487/1959/842 1489/1938/842 1491/1940/842
f 1491/1940/842 1493/8667/842 1495/1960/842
f 1495/1960/842 1497/8668/842 1499/8669/842
f 1499/8669/842 1501/8670/842 1503/1961/842
f 1503/1961/842 1475/8661/842 1479/8663/842
f 1479/8663/842 1483/8665/842 1487/1959/842
f 1487/1959/842 1491/1940/842 1495/1960/842
f 1495/1960/842 1499/8669/842 1503/1961/842
f 1503/1961/842 1479/8663/842 1487/1959/842
f 1505/1962/843 1506/2000/843 1508/1963/843
f 1508/1965/844 1510/1968/844 1509/1966/844
f 1510/1968/845 1512/1970/845 1511/1969/845
f 1512/1970/846 1514/8671/846 1513/1971/846
f 1514/1972/847 1516/1975/847 1515/1973/847
f 1516/1975/848 1518/1977/848 1517/1976/848
f 1518/1977/849 1520/1979/849 1519/1978/849
f 1520/1979/850 1522/1981/850 1521/1980/850
f 1522/1981/851 1524/8672/851 1523/1982/851
f 1523/1983/852 1524/8673/852 1526/1984/852
f 1525/1985/853 1526/1984/853 1528/1986/853
f 1527/1987/854 1528/1986/854 1530/1988/854
f 1529/1990/855 1530/8674/855 1532/1991/855
f 1531/1992/856 1532/1991/856 1534/1993/856
f 1510/1997/857 1508/8675/857 1506/8676/857
f 1506/8676/857 1536/8677/857 1534/8678/857
f 1534/8678/1947 1532/8679/1947 1530/8680/1947
f 1530/8680/857 1528/8681/857 1526/1995/857
f 1526/1995/857 1524/8682/857 1522/8683/857
f 1522/8683/857 1520/8684/857 1518/1996/857
f 1518/1996/857 1516/8685/857 1514/8686/857
f 1514/8686/1947 1512/8687/1947 1510/1997/1947
f 1510/1997/857 1506/8676/857 1534/8678/857
f 1534/8678/857 1530/8680/857 1526/1995/857
f 1526/1995/857 1522/8683/857 1518/1996/857
f 1518/1996/857 1514/8686/857 1510/1997/857
f 1510/1997/857 1534/8678/857 1526/1995/857
f 1533/1994/858 1534/1993/858 1536/1998/858
f 1535/1999/859 1536/1998/859 1506/2000/859
f 1535/2003/860 1505/8688/860 1507/8689/860
f 1507/8689/860 1509/8690/860 1511/8691/860
f 1511/8691/860 1513/8692/860 1515/8693/860
f 1515/8693/860 1517/8694/860 1519/2001/860
f 1519/2001/860 1521/8695/860 1523/8696/860
f 1523/8696/860 1525/8697/860 1527/2002/860
f 1527/2002/860 1529/8698/860 1531/8699/860
f 1531/8699/860 1533/8700/860 1535/2003/860
f 1535/2003/860 1507/8689/860 1511/8691/860
f 1511/8691/860 1515/8693/860 1519/2001/860
f 1519/2001/860 1523/8696/860 1527/2002/860
f 1527/2002/860 1531/8699/860 1535/2003/860
f 1535/2003/860 1511/8691/860 1519/2001/860
f 1538/2004/861 1540/2007/861 1539/2005/861
f 1540/2007/862 1542/8701/862 1541/2008/862
f 1541/2008/863 1542/8701/863 1544/2009/863
f 1543/2010/864 1544/2009/864 1546/2011/864
f 1545/2013/865 1546/8702/865 1548/2014/865
f 1547/2015/866 1548/2014/866 1550/2016/866
f 1549/2017/867 1550/2016/867 1552/2018/867
f 1551/2019/868 1552/2018/868 1554/2020/868
f 1553/2022/869 1554/8703/869 1556/2023/869
f 1555/2024/870 1556/2023/870 1558/2025/870
f 1558/2025/871 1560/2028/871 1559/2027/871
f 1560/2028/872 1562/8704/872 1561/2029/872
f 1562/2030/873 1564/2033/873 1563/2031/873
f 1564/2033/874 1566/2038/874 1565/2034/874
f 1542/2037/875 1540/8705/875 1538/8706/875
f 1538/8706/875 1568/8707/875 1566/8708/875
f 1566/8708/1948 1564/8709/1948 1562/8710/1948
f 1562/8710/875 1560/8711/875 1558/2035/875
f 1558/2035/1949 1556/8712/1949 1554/8713/1949
f 1554/8713/875 1552/8714/875 1550/2036/875
f 1550/2036/875 1548/8715/875 1546/8716/875
f 1546/8716/1949 1544/8717/1949 1542/2037/1949
f 1542/2037/875 1538/8706/875 1566/8708/875
f 1566/8708/875 1562/8710/875 1558/2035/875
f 1558/2035/875 1554/8713/875 1550/2036/875
f 1550/2036/875 1546/8716/875 1542/2037/875
f 1542/2037/875 1566/8708/875 1558/2035/875
f 1566/2038/876 1568/2040/876 1567/2039/876
f 1568/2040/877 1538/8718/877 1537/2041/877
f 1567/2044/878 1537/8719/878 1539/8720/878
f 1539/8720/878 1541/8721/878 1543/8722/878
f 1543/8722/878 1545/8723/878 1547/8724/878
f 1547/8724/878 1549/8725/878 1551/2042/878
f 1551/2042/878 1553/8726/878 1555/8727/878
f 1555/8727/878 1557/8728/878 1559/2043/878
f 1559/2043/1950 1561/8729/1950 1563/8730/1950
f 1563/8730/878 1565/8731/878 1567/2044/878
f 1567/2044/878 1539/8720/878 1543/8722/878
f 1543/8722/878 1547/8724/878 1551/2042/878
f 1551/2042/878 1555/8727/878 1559/2043/878
f 1559/2043/878 1563/8730/878 1567/2044/878
f 1567/2044/878 1543/8722/878 1551/2042/878
f 1570/2045/1665 1572/2048/1665 1571/2046/1665
f 1572/2048/880 1574/2050/880 1573/2049/880
f 1574/2050/881 1576/2052/881 1575/2051/881
f 1576/2052/882 1578/2054/882 1577/2053/882
f 1578/2054/883 1580/8732/883 1579/2055/883
f 1579/2056/884 1580/8733/884 1582/2057/884
f 1581/2058/1951 1582/2057/1951 1584/2059/1951
f 1583/2060/886 1584/2059/886 1586/2061/886
f 1585/2063/1663 1586/8734/1663 1588/2064/1663
f 1587/2065/888 1588/2064/888 1590/2066/888
f 1589/2067/889 1590/2066/889 1592/2068/889
f 1591/2069/890 1592/2068/890 1594/2070/890
f 1593/2071/891 1594/2070/891 1596/2072/891
f 1596/2074/892 1598/2080/892 1597/2075/892
f 1574/2079/893 1572/8735/893 1570/8736/893
f 1570/8736/893 1600/8737/893 1598/8738/893
f 1598/8738/1952 1596/8739/1952 1594/8740/1952
f 1594/8740/1952 1592/8741/1952 1590/2077/1952
f 1590/2077/893 1588/8742/893 1586/8743/893
f 1586/8743/1953 1584/8744/1953 1582/2078/1953
f 1582/2078/893 1580/8745/893 1578/8746/893
f 1578/8746/1954 1576/8747/1954 1574/2079/1954
f 1574/2079/893 1570/8736/893 1598/8738/893
f 1598/8738/893 1594/8740/893 1590/2077/893
f 1590/2077/893 1586/8743/893 1582/2078/893
f 1582/2078/893 1578/8746/893 1574/2079/893
f 1574/2079/893 1598/8738/893 1590/2077/893
f 1598/2080/1664 1600/2082/1664 1599/2081/1664
f 1600/2082/895 1570/8748/895 1569/2083/895
f 1599/2086/896 1569/8749/896 1571/8750/896
f 1571/8750/896 1573/8751/896 1575/8752/896
f 1575/8752/896 1577/8753/896 1579/8754/896
f 1579/8754/896 1581/8755/896 1583/2084/896
f 1583/2084/896 1585/8756/896 1587/8757/896
f 1587/8757/896 1589/8758/896 1591/2085/896
f 1591/2085/1955 1593/8759/1955 1595/8760/1955
f 1595/8760/896 1597/8761/896 1599/2086/896
f 1599/2086/1956 1571/8750/1956 1575/8752/1956
f 1575/8752/1956 1579/8754/1956 1583/2084/1956
f 1583/2084/896 1587/8757/896 1591/2085/896
f 1591/2085/896 1595/8760/896 1599/2086/896
f 1599/2086/896 1575/8752/896 1583/2084/896
f 1601/2087/1957 1602/8762/1957 1604/2088/1957
f 1603/2089/898 1604/2088/898 1606/2090/898
f 1606/2090/899 1608/8763/899 1607/2092/899
f 1608/2093/1669 1610/8764/1669 1609/2094/1669
f 1610/2096/901 1612/2099/901 1611/2097/901
f 1612/2099/902 1614/2101/902 1613/2100/902
f 1614/2101/903 1616/2103/903 1615/2102/903
f 1616/2103/904 1618/8765/904 1617/2104/904
f 1618/2105/1666 1620/2108/1666 1619/2106/1666
f 1620/2108/906 1622/8766/906 1621/2109/906
f 1621/2109/1667 1622/8766/1667 1624/2110/1667
f 1623/2112/908 1624/8767/908 1626/2113/908
f 1625/2115/909 1626/8768/909 1628/2116/909
f 1627/2117/910 1628/2116/910 1630/2118/910
f 1606/2090/1958 1604/2088/1958 1602/8762/1958
f 1602/8762/1958 1632/8769/1958 1630/8770/1958
f 1630/8770/1958 1628/8771/1958 1626/8772/1958
f 1626/8772/911 1624/8773/911 1622/2120/911
f 1622/2120/1958 1620/8774/1958 1618/8775/1958
f 1618/8775/1959 1616/8776/1959 1614/2121/1959
f 1614/2121/1958 1612/8777/1958 1610/8778/1958
f 1610/8778/911 1608/8763/911 1606/2090/911
f 1606/2090/911 1602/8762/911 1630/8770/911
f 1630/8770/1670 1626/8772/1670 1622/2120/1670
f 1622/2120/911 1618/8775/911 1614/2121/911
f 1614/2121/1670 1610/8778/1670 1606/2090/1670
f 1606/2090/911 1630/8770/911 1622/2120/911
f 1629/2119/912 1630/2118/912 1632/2122/912
f 1631/2123/913 1632/2122/913 1602/2124/913
f 1631/2127/914 1601/8779/914 1603/8780/914
f 1603/8780/914 1605/8781/914 1607/8782/914
f 1607/8782/1960 1609/8783/1960 1611/8784/1960
f 1611/8784/914 1613/8785/914 1615/2126/914
f 1615/2126/1961 1617/2107/1961 1619/2106/1961
f 1619/2106/1962 1621/2109/1962 1623/2111/1962
f 1623/2111/1960 1625/8786/1960 1627/8787/1960
f 1627/8787/914 1629/8788/914 1631/2127/914
f 1631/2127/1962 1603/8780/1962 1607/8782/1962
f 1607/8782/914 1611/8784/914 1615/2126/914
f 1615/2126/1963 1619/2106/1963 1623/2111/1963
f 1623/2111/914 1627/8787/914 1631/2127/914
f 1631/2127/914 1607/8782/914 1615/2126/914
f 1633/2128/915 1634/8789/915 1636/2129/915
f 1635/2130/916 1636/2129/916 1638/2131/916
f 1637/2132/1673 1638/2131/1673 1640/2133/1673
f 1639/2134/918 1640/2133/918 1642/2135/918
f 1641/2137/919 1642/8790/919 1644/2138/919
f 1643/2139/920 1644/2138/920 1646/2140/920
f 1646/2142/921 1648/2145/921 1647/2143/921
f 1648/2145/922 1650/8791/922 1649/2146/922
f 1650/2147/923 1652/2150/923 1651/2148/923
f 1652/2150/924 1654/2152/924 1653/2151/924
f 1654/2152/925 1656/2154/925 1655/2153/925
f 1656/2154/926 1658/8792/926 1657/2155/926
f 1658/2156/1672 1660/2159/1672 1659/2157/1672
f 1660/2159/1964 1662/8793/1964 1661/2160/1964
f 1638/2162/929 1636/8794/929 1634/8795/929
f 1634/8795/929 1664/8796/929 1662/8797/929
f 1662/8797/1965 1660/8798/1965 1658/8799/1965
f 1658/8799/929 1656/8800/929 1654/2161/929
f 1654/2161/929 1652/8801/929 1650/8802/929
f 1650/8802/929 1648/8803/929 1646/2140/929
f 1646/2140/929 1644/2138/929 1642/8790/929
f 1642/8790/929 1640/8804/929 1638/2162/929
f 1638/2162/929 1634/8795/929 1662/8797/929
f 1662/8797/929 1658/8799/929 1654/2161/929
f 1654/2161/929 1650/8802/929 1646/2140/929
f 1646/2140/929 1642/8790/929 1638/2162/929
f 1638/2162/929 1662/8797/929 1654/2161/929
f 1661/2163/930 1662/8805/930 1664/2164/930
f 1663/2165/931 1664/2164/931 1634/2166/931
f 1663/2170/1966 1633/8806/1966 1635/8807/1966
f 1635/8807/932 1637/8808/932 1639/8809/932
f 1639/8809/932 1641/8810/932 1643/8811/932
f 1643/8811/932 1645/8812/932 1647/2168/932
f 1647/2168/1967 1649/8813/1967 1651/8814/1967
f 1651/8814/1966 1653/8815/1966 1655/2169/1966
f 1655/2169/932 1657/2158/932 1659/2157/932
f 1659/2157/932 1661/2160/932 1663/2170/932
f 1663/2170/932 1635/8807/932 1639/8809/932
f 1639/8809/932 1643/8811/932 1647/2168/932
f 1647/2168/932 1651/8814/932 1655/2169/932
f 1655/2169/932 1659/2157/932 1663/2170/932
f 1663/2170/932 1639/8809/932 1647/2168/932
f 1666/2171/933 1668/2174/933 1667/2172/933
f 1668/2174/934 1670/2176/934 1669/2175/934
f 1670/2176/935 1672/2178/935 1671/2177/935
f 1672/2178/936 1674/8816/936 1673/2179/936
f 1674/2180/937 1676/8817/937 1675/2181/937
f 1675/2183/938 1676/8818/938 1678/2184/938
f 1677/2185/1968 1678/2184/1968 1680/2186/1968
f 1679/2187/940 1680/2186/940 1682/2188/940
f 1681/2190/941 1682/8819/941 1684/2191/941
f 1683/2192/942 1684/2191/942 1686/2193/942
f 1685/2194/943 1686/2193/943 1688/2195/943
f 1687/2196/1675 1688/2195/1675 1690/2197/1675
f 1689/2199/945 1690/8820/945 1692/2200/945
f 1692/2202/946 1694/2208/946 1693/2203/946
f 1670/2207/947 1668/8821/947 1666/8822/947
f 1666/8822/947 1696/8823/947 1694/8824/947
f 1694/8824/947 1692/2200/947 1690/8820/947
f 1690/8820/947 1688/8825/947 1686/2205/947
f 1686/2205/947 1684/8826/947 1682/8827/947
f 1682/8827/947 1680/8828/947 1678/2206/947
f 1678/2206/947 1676/8829/947 1674/8830/947
f 1674/8830/947 1672/8831/947 1670/2207/947
f 1670/2207/947 1666/8822/947 1694/8824/947
f 1694/8824/947 1690/8820/947 1686/2205/947
f 1686/2205/947 1682/8827/947 1678/2206/947
f 1678/2206/947 1674/8830/947 1670/2207/947
f 1670/2207/947 1694/8824/947 1686/2205/947
f 1694/2208/1677 1696/2210/1677 1695/2209/1677
f 1696/2210/1678 1666/8832/1678 1665/2211/1678
f 1695/2214/950 1665/8833/950 1667/8834/950
f 1667/8834/950 1669/8835/950 1671/8836/950
f 1671/8836/950 1673/2182/950 1675/2181/950
f 1675/2181/950 1677/8837/950 1679/2212/950
f 1679/2212/950 1681/8838/950 1683/8839/950
f 1683/8839/950 1685/8840/950 1687/2213/950
f 1687/2213/950 1689/8841/950 1691/8842/950
f 1691/8842/950 1693/8843/950 1695/2214/950
f 1695/2214/950 1667/8834/950 1671/8836/950
f 1671/8836/950 1675/2181/950 1679/2212/950
f 1679/2212/950 1683/8839/950 1687/2213/950
f 1687/2213/950 1691/8842/950 1695/2214/950
f 1695/2214/950 1671/8836/950 1679/2212/950
f 1698/2215/951 1700/2218/951 1699/2216/951
f 1700/2218/952 1702/2220/952 1701/2219/952
f 1702/2220/953 1704/2222/953 1703/2221/953
f 1704/2222/954 1706/2224/954 1705/2223/954
f 1706/2224/955 1708/8844/955 1707/2225/955
f 1708/2226/956 1710/2229/956 1709/2227/956
f 1710/2229/957 1712/8845/957 1711/2230/957
f 1711/2230/958 1712/8845/958 1714/2231/958
f 1713/2233/959 1714/8846/959 1716/2234/959
f 1715/2235/960 1716/2234/960 1718/2236/960
f 1717/2237/961 1718/2236/961 1720/2238/961
f 1719/2239/962 1720/2238/962 1722/2240/962
f 1721/2241/1679 1722/2240/1679 1724/2242/1679
f 1723/2244/964 1724/8847/964 1726/2245/964
f 1702/2249/965 1700/8848/965 1698/8849/965
f 1698/8849/965 1728/8850/965 1726/8851/965
f 1726/8851/965 1724/8852/965 1722/8853/965
f 1722/8853/1969 1720/8854/1969 1718/2247/1969
f 1718/2247/1969 1716/8855/1969 1714/8856/1969
f 1714/8856/1970 1712/8857/1970 1710/2248/1970
f 1710/2248/1969 1708/8858/1969 1706/8859/1969
f 1706/8859/965 1704/8860/965 1702/2249/965
f 1702/2249/965 1698/8849/965 1726/8851/965
f 1726/8851/965 1722/8853/965 1718/2247/965
f 1718/2247/965 1714/8856/965 1710/2248/965
f 1710/2248/965 1706/8859/965 1702/2249/965
f 1702/2249/965 1726/8851/965 1718/2247/965
f 1725/2246/966 1726/2245/966 1728/2250/966
f 1728/2250/967 1698/8861/967 1697/2252/967
f 1727/2255/968 1697/8862/968 1699/8863/968
f 1699/8863/1971 1701/8864/1971 1703/8865/1971
f 1703/8865/968 1705/8866/968 1707/8867/968
f 1707/8867/968 1709/8868/968 1711/2253/968
f 1711/2253/968 1713/8869/968 1715/8870/968
f 1715/8870/968 1717/8871/968 1719/2254/968
f 1719/2254/968 1721/8872/968 1723/8873/968
f 1723/8873/968 1725/8874/968 1727/2255/968
f 1727/2255/968 1699/8863/968 1703/8865/968
f 1703/8865/968 1707/8867/968 1711/2253/968
f 1711/2253/968 1715/8870/968 1719/2254/968
f 1719/2254/968 1723/8873/968 1727/2255/968
f 1727/2255/968 1703/8865/968 1711/2253/968
f 1730/2256/969 1732/8875/969 1731/2257/969
f 1732/2259/970 1734/2262/970 1733/2260/970
f 1734/2262/971 1736/8876/971 1735/2263/971
f 1735/2263/972 1736/8876/972 1738/2264/972
f 1737/2266/973 1738/8877/973 1740/2267/973
f 1739/2268/974 1740/2267/974 1742/2269/974
f 1741/2270/975 1742/2269/975 1744/2271/975
f 1743/2272/976 1744/2271/976 1746/2273/976
f 1745/2274/977 1746/2273/977 1748/2275/977
f 1747/2277/978 1748/8878/978 1750/2278/978
f 1749/2279/979 1750/2278/979 1752/2280/979
f 1752/2280/980 1754/8879/980 1753/2282/980
f 1754/2283/981 1756/2286/981 1755/2284/981
f 1756/2286/982 1758/2291/982 1757/2287/982
f 1734/2290/983 1732/8880/983 1730/8881/983
f 1730/8881/1972 1760/8882/1972 1758/8883/1972
f 1758/8883/1973 1756/8884/1973 1754/8885/1973
f 1754/8885/1973 1752/8886/1973 1750/2288/1973
f 1750/2288/983 1748/8887/983 1746/8888/983
f 1746/8888/1972 1744/8889/1972 1742/2289/1972
f 1742/2289/983 1740/8890/983 1738/8891/983
f 1738/8891/983 1736/8892/983 1734/2290/983
f 1734/2290/983 1730/8881/983 1758/8883/983
f 1758/8883/983 1754/8885/983 1750/2288/983
f 1750/2288/1973 1746/8888/1973 1742/2289/1973
f 1742/2289/1973 1738/8891/1973 1734/2290/1973
f 1734/2290/983 1758/8883/983 1750/2288/983
f 1758/2291/984 1760/2293/984 1759/2292/984
f 1760/2293/985 1730/2256/985 1729/2258/985
f 1759/2296/986 1729/8893/986 1731/8894/986
f 1731/8894/1974 1733/8895/1974 1735/8896/1974
f 1735/8896/986 1737/8897/986 1739/8898/986
f 1739/8898/986 1741/8899/986 1743/2294/986
f 1743/2294/986 1745/8900/986 1747/8901/986
f 1747/8901/986 1749/8902/986 1751/2295/986
f 1751/2295/986 1753/8903/986 1755/8904/986
f 1755/8904/1974 1757/8905/1974 1759/2296/1974
f 1759/2296/1974 1731/8894/1974 1735/8896/1974
f 1735/8896/986 1739/8898/986 1743/2294/986
f 1743/2294/986 1747/8901/986 1751/2295/986
f 1751/2295/1974 1755/8904/1974 1759/2296/1974
f 1759/2296/986 1735/8896/986 1743/2294/986
f 1762/2297/987 1764/8906/987 1763/2298/987
f 1764/2300/988 1766/2332/988 1765/2301/988
f 1766/2303/989 1768/2306/989 1767/2304/989
f 1768/2306/1975 1770/8907/1975 1769/2307/1975
f 1769/2307/1976 1770/8907/1976 1772/2308/1976
f 1771/2309/992 1772/2308/992 1774/2310/992
f 1773/2312/993 1774/8908/993 1776/2313/993
f 1775/2314/994 1776/2313/994 1778/2315/994
f 1777/2316/995 1778/2315/995 1780/2317/995
f 1779/2319/996 1780/8909/996 1782/2320/996
f 1781/2322/997 1782/8910/997 1784/2323/997
f 1783/2324/998 1784/2323/998 1786/2325/998
f 1786/2325/999 1788/2328/999 1787/2327/999
f 1788/2328/1000 1790/8911/1000 1789/2329/1000
f 1766/2332/1001 1764/2300/1001 1762/8912/1001
f 1762/8912/1977 1792/8913/1977 1790/8914/1977
f 1790/8914/1977 1788/8915/1977 1786/8916/1977
f 1786/8916/1977 1784/8917/1977 1782/2330/1977
f 1782/2330/1001 1780/8918/1001 1778/8919/1001
f 1778/8919/1001 1776/8920/1001 1774/2331/1001
f 1774/2331/1978 1772/8921/1978 1770/8922/1978
f 1770/8922/1977 1768/8923/1977 1766/2332/1977
f 1766/2332/1001 1762/8912/1001 1790/8914/1001
f 1790/8914/1001 1786/8916/1001 1782/2330/1001
f 1782/2330/1977 1778/8919/1977 1774/2331/1977
f 1774/2331/1001 1770/8922/1001 1766/2332/1001
f 1766/2332/1001 1790/8914/1001 1782/2330/1001
f 1790/2333/1002 1792/2336/1002 1791/2334/1002
f 1792/2336/1003 1762/2297/1003 1761/2299/1003
f 1791/2339/1979 1761/8924/1979 1763/8925/1979
f 1763/8925/1979 1765/8926/1979 1767/8927/1979
f 1767/8927/1980 1769/8928/1980 1771/8929/1980
f 1771/8929/1979 1773/8930/1979 1775/2337/1979
f 1775/2337/1979 1777/8931/1979 1779/2319/1979
f 1779/2319/1004 1781/2321/1004 1783/2338/1004
f 1783/2338/1004 1785/8932/1004 1787/8933/1004
f 1787/8933/1004 1789/8934/1004 1791/2339/1004
f 1791/2339/1004 1763/8925/1004 1767/8927/1004
f 1767/8927/1004 1771/8929/1004 1775/2337/1004
f 1775/2337/1004 1779/2319/1004 1783/2338/1004
f 1783/2338/1004 1787/8933/1004 1791/2339/1004
f 1791/2339/1004 1767/8927/1004 1775/2337/1004
f 1794/2340/1005 1796/2343/1005 1795/2341/1005
f 1796/2343/1006 1798/2345/1006 1797/2344/1006
f 1798/2345/1007 1800/2347/1007 1799/2346/1007
f 1800/2347/1981 1802/8935/1981 1801/2348/1981
f 1802/2349/1688 1804/2352/1688 1803/2350/1688
f 1804/2352/1010 1806/8936/1010 1805/2353/1010
f 1805/2353/1011 1806/8936/1011 1808/2354/1011
f 1807/2355/1012 1808/2354/1012 1810/2356/1012
f 1809/2358/1013 1810/8937/1013 1812/2359/1013
f 1811/2360/1014 1812/2359/1014 1814/2361/1014
f 1813/2362/1015 1814/2361/1015 1816/2363/1015
f 1815/2364/1016 1816/2363/1016 1818/2365/1016
f 1817/2367/1685 1818/8938/1685 1820/2368/1685
f 1819/2369/1018 1820/2368/1018 1822/2370/1018
f 1798/2374/1982 1796/8939/1982 1794/8940/1982
f 1794/8940/1982 1824/8941/1982 1822/8942/1982
f 1822/8942/1019 1820/8943/1019 1818/8944/1019
f 1818/8944/1019 1816/8945/1019 1814/2372/1019
f 1814/2372/1019 1812/8946/1019 1810/8947/1019
f 1810/8947/1982 1808/8948/1982 1806/2373/1982
f 1806/2373/1019 1804/8949/1019 1802/8950/1019
f 1802/8950/1019 1800/8951/1019 1798/2374/1019
f 1798/2374/1019 1794/8940/1019 1822/8942/1019
f 1822/8942/1982 1818/8944/1982 1814/2372/1982
f 1814/2372/1019 1810/8947/1019 1806/2373/1019
f 1806/2373/1019 1802/8950/1019 1798/2374/1019
f 1798/2374/1019 1822/8942/1019 1814/2372/1019
f 1822/2370/1020 1824/2376/1020 1823/2375/1020
f 1824/2376/1687 1794/8952/1687 1793/2377/1687
f 1823/2380/1690 1793/8953/1690 1795/8954/1690
f 1795/8954/1690 1797/8955/1690 1799/8956/1690
f 1799/8956/1022 1801/8957/1022 1803/8958/1022
f 1803/8958/1022 1805/8959/1022 1807/2378/1022
f 1807/2378/1690 1809/8960/1690 1811/8961/1690
f 1811/8961/1690 1813/8962/1690 1815/2379/1690
f 1815/2379/1022 1817/8963/1022 1819/8964/1022
f 1819/8964/1690 1821/8965/1690 1823/2380/1690
f 1823/2380/1022 1795/8954/1022 1799/8956/1022
f 1799/8956/1690 1803/8958/1690 1807/2378/1690
f 1807/2378/1690 1811/8961/1690 1815/2379/1690
f 1815/2379/1022 1819/8964/1022 1823/2380/1022
f 1823/2380/1022 1799/8956/1022 1807/2378/1022
f 1826/2381/1023 1828/8966/1023 1827/2382/1023
f 1828/2384/1024 1830/2387/1024 1829/2385/1024
f 1830/2387/1025 1832/2389/1025 1831/2388/1025
f 1832/2389/1026 1834/2391/1026 1833/2390/1026
f 1834/2391/1027 1836/8967/1027 1835/2392/1027
f 1836/2393/1692 1838/2396/1692 1837/2394/1692
f 1838/2396/1029 1840/8968/1029 1839/2397/1029
f 1839/2397/1983 1840/8968/1983 1842/2398/1983
f 1841/2399/1031 1842/2398/1031 1844/2400/1031
f 1843/2402/1032 1844/8969/1032 1846/2403/1032
f 1845/2404/1033 1846/2403/1033 1848/2405/1033
f 1847/2406/1034 1848/2405/1034 1850/2407/1034
f 1849/2408/1035 1850/2407/1035 1852/2409/1035
f 1851/2411/1691 1852/8970/1691 1854/2412/1691
f 1830/2416/1037 1828/8971/1037 1826/8972/1037
f 1826/8972/1037 1856/8973/1037 1854/8974/1037
f 1854/8974/1037 1852/8975/1037 1850/8976/1037
f 1850/8976/1037 1848/8977/1037 1846/2414/1037
f 1846/2414/1984 1844/8978/1984 1842/8979/1984
f 1842/8979/1985 1840/8980/1985 1838/2415/1985
f 1838/2415/1037 1836/8981/1037 1834/8982/1037
f 1834/8982/1037 1832/8983/1037 1830/2416/1037
f 1830/2416/1037 1826/8972/1037 1854/8974/1037
f 1854/8974/1037 1850/8976/1037 1846/2414/1037
f 1846/2414/1037 1842/8979/1037 1838/2415/1037
f 1838/2415/1037 1834/8982/1037 1830/2416/1037
f 1830/2416/1037 1854/8974/1037 1846/2414/1037
f 1853/2413/1038 1854/2412/1038 1856/2417/1038
f 1856/2417/1986 1826/2381/1986 1825/2383/1986
f 1855/2421/1040 1825/8984/1040 1827/8985/1040
f 1827/8985/1040 1829/8986/1040 1831/8987/1040
f 1831/8987/1987 1833/8988/1987 1835/8989/1987
f 1835/8989/1040 1837/8990/1040 1839/2419/1040
f 1839/2419/1040 1841/8991/1040 1843/8992/1040
f 1843/8992/1040 1845/8993/1040 1847/2420/1040
f 1847/2420/1040 1849/8994/1040 1851/8995/1040
f 1851/8995/1040 1853/8996/1040 1855/2421/1040
f 1855/2421/1040 1827/8985/1040 1831/8987/1040
f 1831/8987/1040 1835/8989/1040 1839/2419/1040
f 1839/2419/1040 1843/8992/1040 1847/2420/1040
f 1847/2420/1040 1851/8995/1040 1855/2421/1040
f 1855/2421/1040 1831/8987/1040 1839/2419/1040
f 1858/2422/1041 1860/2425/1041 1859/2423/1041
f 1860/2425/1042 1862/2458/1042 1861/2426/1042
f 1862/2427/1043 1864/2430/1043 1863/2428/1043
f 1864/2430/1044 1866/8997/1044 1865/2431/1044
f 1866/2432/1045 1868/2435/1045 1867/2433/1045
f 1868/2435/1046 1870/2437/1046 1869/2436/1046
f 1870/2437/1988 1872/2439/1988 1871/2438/1988
f 1872/2439/1048 1874/8998/1048 1873/2440/1048
f 1873/2441/1049 1874/8999/1049 1876/2442/1049
f 1875/2443/1050 1876/2442/1050 1878/2444/1050
f 1877/2446/1051 1878/9000/1051 1880/2447/1051
f 1879/2448/1052 1880/2447/1052 1882/2449/1052
f 1881/2451/1053 1882/9001/1053 1884/2452/1053
f 1883/2453/1054 1884/2452/1054 1886/2454/1054
f 1862/2458/1989 1860/2425/1989 1858/2422/1989
f 1858/2422/1055 1888/9002/1055 1886/9003/1055
f 1886/9003/1990 1884/9004/1990 1882/9005/1990
f 1882/9005/1055 1880/9006/1055 1878/2456/1055
f 1878/2456/1055 1876/9007/1055 1874/9008/1055
f 1874/9008/1055 1872/9009/1055 1870/2457/1055
f 1870/2457/1055 1868/9010/1055 1866/9011/1055
f 1866/9011/1055 1864/9012/1055 1862/2458/1055
f 1862/2458/1055 1858/2422/1055 1886/9003/1055
f 1886/9003/1055 1882/9005/1055 1878/2456/1055
f 1878/2456/1055 1874/9008/1055 1870/2457/1055
f 1870/2457/1055 1866/9011/1055 1862/2458/1055
f 1862/2458/1055 1886/9003/1055 1878/2456/1055
f 1885/2455/1693 1886/2454/1693 1888/2459/1693
f 1887/2460/1057 1888/2459/1057 1858/2461/1057
f 1887/2465/1058 1857/9013/1058 1859/9014/1058
f 1859/9014/1058 1861/9015/1058 1863/9016/1058
f 1863/9016/1058 1865/9017/1058 1867/9018/1058
f 1867/9018/1991 1869/9019/1991 1871/2463/1991
f 1871/2463/1058 1873/2441/1058 1875/2443/1058
f 1875/2443/1058 1877/2445/1058 1879/2464/1058
f 1879/2464/1058 1881/9020/1058 1883/9021/1058
f 1883/9021/1992 1885/9022/1992 1887/2465/1992
f 1887/2465/1058 1859/9014/1058 1863/9016/1058
f 1863/9016/1058 1867/9018/1058 1871/2463/1058
f 1871/2463/1058 1875/2443/1058 1879/2464/1058
f 1879/2464/1058 1883/9021/1058 1887/2465/1058
f 1887/2465/1058 1863/9016/1058 1871/2463/1058
f 1890/2466/1059 1892/2469/1059 1891/2467/1059
f 1892/2469/1060 1894/2471/1060 1893/2470/1060
f 1894/2471/1696 1896/2473/1696 1895/2472/1696
f 1896/2473/1062 1898/9023/1062 1897/2474/1062
f 1898/2475/1063 1900/9024/1063 1899/2476/1063
f 1899/2476/1064 1900/9024/1064 1902/2478/1064
f 1901/2479/1065 1902/2478/1065 1904/2480/1065
f 1903/2481/1697 1904/2480/1697 1906/2482/1697
f 1905/2484/1067 1906/9025/1067 1908/2485/1067
f 1907/2486/1068 1908/2485/1068 1910/2487/1068
f 1909/2488/1694 1910/2487/1694 1912/2489/1694
f 1911/2490/1070 1912/2489/1070 1914/2491/1070
f 1913/2493/1071 1914/9026/1071 1916/2494/1071
f 1916/2494/1072 1918/2500/1072 1917/2496/1072
f 1894/2499/1073 1892/9027/1073 1890/9028/1073
f 1890/9028/1073 1920/2502/1073 1918/2500/1073
f 1918/2500/1993 1916/2494/1993 1914/9026/1993
f 1914/9026/1994 1912/9029/1994 1910/2497/1994
f 1910/2497/1994 1908/9030/1994 1906/9031/1994
f 1906/9031/1073 1904/9032/1073 1902/2498/1073
f 1902/2498/1993 1900/9033/1993 1898/9034/1993
f 1898/9034/1994 1896/9035/1994 1894/2499/1994
f 1894/2499/1073 1890/9028/1073 1918/2500/1073
f 1918/2500/1994 1914/9026/1994 1910/2497/1994
f 1910/2497/1994 1906/9031/1994 1902/2498/1994
f 1902/2498/1073 1898/9034/1073 1894/2499/1073
f 1894/2499/1073 1918/2500/1073 1910/2497/1073
f 1918/2500/1074 1920/2502/1074 1919/2501/1074
f 1920/2502/1995 1890/9028/1995 1889/2503/1995
f 1919/2505/1996 1889/9036/1996 1891/9037/1996
f 1891/9037/1076 1893/9038/1076 1895/9039/1076
f 1895/9039/1076 1897/2477/1076 1899/2476/1076
f 1899/2476/1076 1901/2479/1076 1903/2481/1076
f 1903/2481/1996 1905/2483/1996 1907/9040/1996
f 1907/9040/1996 1909/9041/1996 1911/2504/1996
f 1911/2504/1076 1913/9042/1076 1915/9043/1076
f 1915/9043/1076 1917/9044/1076 1919/2505/1076
f 1919/2505/1076 1891/9037/1076 1895/9039/1076
f 1895/9039/1076 1899/2476/1076 1903/2481/1076
f 1903/2481/1076 1907/9040/1076 1911/2504/1076
f 1911/2504/1996 1915/9043/1996 1919/2505/1996
f 1919/2505/1076 1895/9039/1076 1903/2481/1076
f 1921/2506/1077 1922/9045/1077 1924/2507/1077
f 1923/2508/1078 1924/2507/1078 1926/2509/1078
f 1925/2510/1079 1926/2509/1079 1928/2511/1079
f 1927/2512/1080 1928/2511/1080 1930/2513/1080
f 1929/2515/1081 1930/9046/1081 1932/2516/1081
f 1931/2517/1082 1932/2516/1082 1934/2518/1082
f 1934/2518/1083 1936/2521/1083 1935/2520/1083
f 1936/2521/1084 1938/9047/1084 1937/2522/1084
f 1938/2523/1085 1940/2526/1085 1939/2524/1085
f 1940/2526/1086 1942/2528/1086 1941/2527/1086
f 1942/2528/1087 1944/2530/1087 1943/2529/1087
f 1944/2530/1088 1946/9048/1088 1945/2531/1088
f 1946/2532/1089 1948/2535/1089 1947/2533/1089
f 1948/2535/1090 1950/9049/1090 1949/2536/1090
f 1926/2539/1091 1924/9050/1091 1922/9051/1091
f 1922/9051/1997 1952/9052/1997 1950/9053/1997
f 1950/9053/1997 1948/9054/1997 1946/9055/1997
f 1946/9055/1091 1944/9056/1091 1942/2537/1091
f 1942/2537/1998 1940/9057/1998 1938/9058/1998
f 1938/9058/1999 1936/9059/1999 1934/2538/1999
f 1934/2538/1997 1932/9060/1997 1930/9061/1997
f 1930/9061/1091 1928/9062/1091 1926/2539/1091
f 1926/2539/1091 1922/9051/1091 1950/9053/1091
f 1950/9053/1091 1946/9055/1091 1942/2537/1091
f 1942/2537/1997 1938/9058/1997 1934/2538/1997
f 1934/2538/1091 1930/9061/1091 1926/2539/1091
f 1926/2539/1997 1950/9053/1997 1942/2537/1997
f 1949/2536/1092 1950/9049/1092 1952/2540/1092
f 1951/2541/1093 1952/2540/1093 1922/2542/1093
f 1951/2546/2000 1921/9063/2000 1923/9064/2000
f 1923/9064/2001 1925/9065/2001 1927/9066/2001
f 1927/9066/2000 1929/9067/2000 1931/9068/2000
f 1931/9068/1094 1933/9069/1094 1935/2544/1094
f 1935/2544/1094 1937/9070/1094 1939/9071/1094
f 1939/9071/1094 1941/9072/1094 1943/2545/1094
f 1943/2545/2002 1945/9073/2002 1947/9074/2002
f 1947/9074/2003 1949/9075/2003 1951/2546/2003
f 1951/2546/1094 1923/9064/1094 1927/9066/1094
f 1927/9066/2000 1931/9068/2000 1935/2544/2000
f 1935/2544/1094 1939/9071/1094 1943/2545/1094
f 1943/2545/2000 1947/9074/2000 1951/2546/2000
f 1951/2546/1094 1927/9066/1094 1935/2544/1094
f 1953/2547/1095 1954/2586/1095 1956/2548/1095
f 1955/2549/1096 1956/2548/1096 1958/2550/1096
f 1957/2551/1097 1958/2550/1097 1960/2552/1097
f 1959/2554/1098 1960/9076/1098 1962/2555/1098
f 1961/2557/1099 1962/9077/1099 1964/2558/1099
f 1963/2559/1100 1964/2558/1100 1966/2560/1100
f 1965/2562/1101 1966/9078/1101 1968/2563/1101
f 1968/2563/1102 1970/2566/1102 1969/2565/1102
f 1970/2566/1103 1972/2568/1103 1971/2567/1103
f 1972/2568/1104 1974/2570/1104 1973/2569/1104
f 1974/2570/1105 1976/9079/1105 1975/2571/1105
f 1976/2572/1106 1978/9080/1106 1977/2573/1106
f 1978/2575/1107 1980/2578/1107 1979/2576/1107
f 1980/2578/1108 1982/9081/1108 1981/2579/1108
f 1958/2582/2004 1956/9082/2004 1954/9083/2004
f 1954/9083/2005 1984/9084/2005 1982/9085/2005
f 1982/9085/2006 1980/9086/2006 1978/9087/2006
f 1978/9087/2006 1976/9088/2006 1974/2580/2006
f 1974/2580/2004 1972/9089/2004 1970/9090/2004
f 1970/9090/2006 1968/9091/2006 1966/2581/2006
f 1966/2581/2005 1964/9092/2005 1962/2555/2005
f 1962/2555/1109 1960/9076/1109 1958/2582/1109
f 1958/2582/1109 1954/9083/1109 1982/9085/1109
f 1982/9085/1109 1978/9087/1109 1974/2580/1109
f 1974/2580/1109 1970/9090/1109 1966/2581/1109
f 1966/2581/1109 1962/2555/1109 1958/2582/1109
f 1958/2582/1109 1982/9085/1109 1974/2580/1109
f 1982/2583/1110 1984/9093/1110 1983/2584/1110
f 1983/2584/1111 1984/9093/1111 1954/2586/1111
f 1983/2588/1112 1953/9094/1112 1955/9095/1112
f 1955/9095/2007 1957/9096/2007 1959/9097/2007
f 1959/9097/2008 1961/9098/2008 1963/9099/2008
f 1963/9099/2008 1965/9100/2008 1967/2587/2008
f 1967/2587/1112 1969/9101/1112 1971/9102/1112
f 1971/9102/1112 1973/9103/1112 1975/2574/1112
f 1975/2574/2009 1977/2573/2009 1979/9104/2009
f 1979/9104/2009 1981/9105/2009 1983/2588/2009
f 1983/2588/1112 1955/9095/1112 1959/9097/1112
f 1959/9097/1112 1963/9099/1112 1967/2587/1112
f 1967/2587/1112 1971/9102/1112 1975/2574/1112
f 1975/2574/1112 1979/9104/1112 1983/2588/1112
f 1983/2588/1112 1959/9097/1112 1967/2587/1112
f 1985/2589/1113 1986/9106/1113 1988/2590/1113
f 1988/2590/1114 1990/2593/1114 1989/2592/1114
f 1990/2593/1115 1992/2595/1115 1991/2594/1115
f 1992/2595/1116 1994/9107/1116 1993/2596/1116
f 1994/2597/1117 1996/2600/1117 1995/2598/1117
f 1996/2600/1118 1998/2602/1118 1997/2601/1118
f 1998/2602/1119 2000/2604/1119 1999/2603/1119
f 2000/2604/1120 2002/9108/1120 2001/2605/1120
f 2002/2606/1121 2004/9109/1121 2003/2607/1121
f 2003/2607/1122 2004/9109/1122 2006/2609/1122
f 2005/2610/1123 2006/2609/1123 2008/2611/1123
f 2007/2612/1124 2008/2611/1124 2010/2613/1124
f 2009/2615/1125 2010/9110/1125 2012/2616/1125
f 2011/2617/1126 2012/2616/1126 2014/2618/1126
f 1990/2622/1127 1988/9111/1127 1986/9112/1127
f 1986/9112/1127 2016/9113/1127 2014/9114/1127
f 2014/9114/1127 2012/9115/1127 2010/9116/1127
f 2010/9116/1127 2008/9117/1127 2006/2620/1127
f 2006/2620/1127 2004/9118/1127 2002/9119/1127
f 2002/9119/1127 2000/2629/1127 1998/2621/1127
f 1998/2621/1127 1996/9120/1127 1994/9121/1127
f 1994/9121/1127 1992/9122/1127 1990/2622/1127
f 1990/2622/1127 1986/9112/1127 2014/9114/1127
f 2014/9114/1127 2010/9116/1127 2006/2620/1127
f 2006/2620/1127 2002/9119/1127 1998/2621/1127
f 1998/2621/1127 1994/9121/1127 1990/2622/1127
f 1990/2622/1127 2014/9114/1127 2006/2620/1127
f 2013/2619/1128 2014/2618/1128 2016/2623/1128
f 2015/2624/1129 2016/2623/1129 1986/2625/1129
f 2015/2629/1130 1985/9123/1130 1987/9124/1130
f 1987/9124/1130 1989/9125/1130 1991/9126/1130
f 1991/9126/1130 1993/9127/1130 1995/9128/1130
f 1995/9128/1130 1997/9129/1130 1999/2627/1130
f 1999/2627/1130 2001/9130/1130 2003/9131/1130
f 2003/9131/1130 2005/9132/1130 2007/2628/1130
f 2007/2628/1130 2009/9133/1130 2011/9134/1130
f 2011/9134/1130 2013/9135/1130 2015/2629/1130
f 2015/2629/1130 1987/9124/1130 1991/9126/1130
f 1991/9126/1130 1995/9128/1130 1999/2627/1130
f 1999/2627/1130 2003/9131/1130 2007/2628/1130
f 2007/2628/1130 2011/9134/1130 2015/2629/1130
f 2015/2629/1130 1991/9126/1130 1999/2627/1130
f 2017/2630/1131 2018/2667/1131 2020/2631/1131
f 2019/2633/1132 2020/9136/1132 2022/2634/1132
f 2021/2635/1133 2022/2634/1133 2024/2636/1133
f 2024/2636/2010 2026/9137/2010 2025/2638/2010
f 2026/2639/1135 2028/2642/1135 2027/2640/1135
f 2028/2642/1136 2030/2644/1136 2029/2643/1136
f 2030/2644/1137 2032/2646/1137 2031/2645/1137
f 2032/2646/2011 2034/2648/2011 2033/2647/2011
f 2034/2648/1139 2036/9138/1139 2035/2649/1139
f 2036/2650/1140 2038/2653/1140 2037/2651/1140
f 2038/2653/1141 2040/9139/1141 2039/2654/1141
f 2039/2654/2012 2040/9139/2012 2042/2655/2012
f 2041/2657/1143 2042/9140/1143 2044/2658/1143
f 2043/2659/1144 2044/2658/1144 2046/2660/1144
f 2022/2664/2013 2020/9141/2013 2018/9142/2013
f 2018/9142/2014 2048/9143/2014 2046/9144/2014
f 2046/9144/2014 2044/9145/2014 2042/9146/2014
f 2042/9146/1145 2040/9147/1145 2038/2662/1145
f 2038/2662/1145 2036/9148/1145 2034/9149/1145
f 2034/9149/2013 2032/9150/2013 2030/2663/2013
f 2030/2663/1145 2028/9151/1145 2026/9152/1145
f 2026/9152/2013 2024/9153/2013 2022/2664/2013
f 2022/2664/1145 2018/9142/1145 2046/9144/1145
f 2046/9144/1145 2042/9146/1145 2038/2662/1145
f 2038/2662/1145 2034/9149/1145 2030/2663/1145
f 2030/2663/1145 2026/9152/1145 2022/2664/1145
f 2022/2664/1145 2046/9144/1145 2038/2662/1145
f 2045/2661/1146 2046/2660/1146 2048/2665/1146
f 2047/2666/2015 2048/2665/2015 2018/2667/2015
f 2047/2670/2016 2017/9154/2016 2019/9155/2016
f 2019/9155/1148 2021/9156/1148 2023/9157/1148
f 2023/9157/1148 2025/9158/1148 2027/9159/1148
f 2027/9159/1148 2029/9160/1148 2031/2668/1148
f 2031/2668/2017 2033/9161/2017 2035/9162/2017
f 2035/9162/1148 2037/9163/1148 2039/2669/1148
f 2039/2669/1148 2041/9164/1148 2043/9165/1148
f 2043/9165/1148 2045/9166/1148 2047/2670/1148
f 2047/2670/1148 2019/9155/1148 2023/9157/1148
f 2023/9157/1148 2027/9159/1148 2031/2668/1148
f 2031/2668/1148 2035/9162/1148 2039/2669/1148
f 2039/2669/1148 2043/9165/1148 2047/2670/1148
f 2047/2670/1148 2023/9157/1148 2031/2668/1148
f 2050/2671/1149 2052/9167/1149 2051/2672/1149
f 2052/2674/1150 2054/2677/1150 2053/2675/1150
f 2054/2677/2018 2056/2679/2018 2055/2678/2018
f 2056/2679/1152 2058/2681/1152 2057/2680/1152
f 2058/2681/1153 2060/9168/1153 2059/2682/1153
f 2060/2683/1154 2062/2686/1154 2061/2684/1154
f 2062/2686/1155 2064/9169/1155 2063/2687/1155
f 2063/2687/1156 2064/9169/1156 2066/2688/1156
f 2065/2690/1157 2066/9170/1157 2068/2691/1157
f 2067/2693/1701 2068/9171/1701 2070/2694/1701
f 2069/2695/2019 2070/2694/2019 2072/2696/2019
f 2071/2697/1160 2072/2696/1160 2074/2698/1160
f 2073/2699/1161 2074/2698/1161 2076/2700/1161
f 2075/2702/1162 2076/9172/1162 2078/2703/1162
f 2054/2707/1163 2052/9167/1163 2050/2671/1163
f 2050/2671/2020 2080/9173/2020 2078/9174/2020
f 2078/9174/1163 2076/9175/1163 2074/9176/1163
f 2074/9176/2021 2072/9177/2021 2070/2705/2021
f 2070/2705/2022 2068/9178/2022 2066/9179/2022
f 2066/9179/2022 2064/9180/2022 2062/2706/2022
f 2062/2706/2022 2060/9181/2022 2058/9182/2022
f 2058/9182/2020 2056/9183/2020 2054/2707/2020
f 2054/2707/2022 2050/2671/2022 2078/9174/2022
f 2078/9174/1163 2074/9176/1163 2070/2705/1163
f 2070/2705/2022 2066/9179/2022 2062/2706/2022
f 2062/2706/1163 2058/9182/1163 2054/2707/1163
f 2054/2707/1163 2078/9174/1163 2070/2705/1163
f 2077/2704/1164 2078/2703/1164 2080/2708/1164
f 2080/2708/1165 2050/9184/1165 2049/2710/1165
f 2079/2713/1166 2049/9185/1166 2051/9186/1166
f 2051/9186/1166 2053/9187/1166 2055/9188/1166
f 2055/9188/2023 2057/9189/2023 2059/9190/2023
f 2059/9190/2023 2061/9191/2023 2063/2711/2023
f 2063/2711/1166 2065/2690/1166 2067/2692/1166
f 2067/2692/2023 2069/9192/2023 2071/2712/2023
f 2071/2712/1166 2073/9193/1166 2075/9194/1166
f 2075/9194/2023 2077/9195/2023 2079/2713/2023
f 2079/2713/1166 2051/9186/1166 2055/9188/1166
f 2055/9188/1166 2059/9190/1166 2063/2711/1166
f 2063/2711/1166 2067/2692/1166 2071/2712/1166
f 2071/2712/2023 2075/9194/2023 2079/2713/2023
f 2079/2713/1166 2055/9188/1166 2063/2711/1166
f 2082/2714/1167 2084/2717/1167 2083/2715/1167
f 2084/2717/1168 2086/2719/1168 2085/2718/1168
f 2086/2719/1169 2088/9196/1169 2087/2720/1169
f 2088/2721/1170 2090/2724/1170 2089/2722/1170
f 2090/2724/2024 2092/2726/2024 2091/2725/2024
f 2092/2726/1172 2094/9197/1172 2093/2727/1172
f 2094/2728/1705 2096/2731/1705 2095/2729/1705
f 2096/2731/1174 2098/9198/1174 2097/2732/1174
f 2097/2732/1175 2098/9198/1175 2100/2733/1175
f 2099/2734/1176 2100/2733/1176 2102/2735/1176
f 2101/2736/2025 2102/2735/2025 2104/2737/2025
f 2103/2739/1178 2104/9199/1178 2106/2740/1178
f 2105/2741/1179 2106/2740/1179 2108/2742/1179
f 2107/2743/1180 2108/2742/1180 2110/2744/1180
f 2086/2748/2026 2084/9200/2026 2082/9201/2026
f 2082/9201/2027 2112/9202/2027 2110/9203/2027
f 2110/9203/2028 2108/9204/2028 2106/9205/2028
f 2106/9205/2029 2104/9206/2029 2102/2746/2029
f 2102/2746/2027 2100/9207/2027 2098/9208/2027
f 2098/9208/2030 2096/9209/2030 2094/2747/2030
f 2094/2747/2031 2092/9210/2031 2090/9211/2031
f 2090/9211/2031 2088/9212/2031 2086/2748/2031
f 2086/2748/1181 2082/9201/1181 2110/9203/1181
f 2110/9203/1181 2106/9205/1181 2102/2746/1181
f 2102/2746/1181 2098/9208/1181 2094/2747/1181
f 2094/2747/2027 2090/9211/2027 2086/2748/2027
f 2086/2748/1181 2110/9203/1181 2102/2746/1181
f 2109/2749/2032 2110/9213/2032 2112/2750/2032
f 2111/2751/1183 2112/2750/1183 2082/2714/1183
f 2111/2754/2033 2081/9214/2033 2083/9215/2033
f 2083/9215/2034 2085/9216/2034 2087/9217/2034
f 2087/9217/1184 2089/9218/1184 2091/9219/1184
f 2091/9219/1184 2093/9220/1184 2095/2752/1184
f 2095/2752/1184 2097/9221/1184 2099/9222/1184
f 2099/9222/1184 2101/9223/1184 2103/2753/1184
f 2103/2753/1184 2105/9224/1184 2107/9225/1184
f 2107/9225/2035 2109/9226/2035 2111/2754/2035
f 2111/2754/2035 2083/9215/2035 2087/9217/2035
f 2087/9217/1184 2091/9219/1184 2095/2752/1184
f 2095/2752/2035 2099/9222/2035 2103/2753/2035
f 2103/2753/2035 2107/9225/2035 2111/2754/2035
f 2111/2754/1184 2087/9217/1184 2095/2752/1184
f 2113/2755/1185 2114/2792/1185 2116/2756/1185
f 2115/2758/1186 2116/9227/1186 2118/2759/1186
f 2117/2760/1187 2118/2759/1187 2120/2761/1187
f 2120/2761/1188 2122/2764/1188 2121/2763/1188
f 2122/2764/1189 2124/9228/1189 2123/2765/1189
f 2124/2766/1190 2126/2769/1190 2125/2767/1190
f 2126/2769/1191 2128/2771/1191 2127/2770/1191
f 2128/2771/1192 2130/2773/1192 2129/2772/1192
f 2130/2773/1193 2132/9229/1193 2131/2774/1193
f 2132/2775/1194 2134/2778/1194 2133/2776/1194
f 2134/2778/1195 2136/9230/1195 2135/2779/1195
f 2135/2779/1706 2136/9230/1706 2138/2780/1706
f 2137/2781/1197 2138/2780/1197 2140/2782/1197
f 2139/2784/1198 2140/9231/1198 2142/2785/1198
f 2118/2789/2036 2116/9232/2036 2114/9233/2036
f 2114/9233/1199 2144/9234/1199 2142/9235/1199
f 2142/9235/2037 2140/9236/2037 2138/9237/2037
f 2138/9237/1199 2136/9238/1199 2134/2787/1199
f 2134/2787/1199 2132/9239/1199 2130/9240/1199
f 2130/9240/2038 2128/9241/2038 2126/2788/2038
f 2126/2788/1199 2124/9242/1199 2122/9243/1199
f 2122/9243/1199 2120/9244/1199 2118/2789/1199
f 2118/2789/1199 2114/9233/1199 2142/9235/1199
f 2142/9235/1199 2138/9237/1199 2134/2787/1199
f 2134/2787/1199 2130/9240/1199 2126/2788/1199
f 2126/2788/2037 2122/9243/2037 2118/2789/2037
f 2118/2789/1199 2142/9235/1199 2134/2787/1199
f 2141/2786/1200 2142/2785/1200 2144/2790/1200
f 2143/2791/1201 2144/2790/1201 2114/2792/1201
f 2143/2795/1202 2113/9245/1202 2115/9246/1202
f 2115/9246/1202 2117/9247/1202 2119/9248/1202
f 2119/9248/1202 2121/9249/1202 2123/9250/1202
f 2123/9250/2039 2125/9251/2039 2127/2793/2039
f 2127/2793/1202 2129/9252/1202 2131/9253/1202
f 2131/9253/1202 2133/9254/1202 2135/2794/1202
f 2135/2794/2040 2137/9255/2040 2139/9256/2040
f 2139/9256/1202 2141/9257/1202 2143/2795/1202
f 2143/2795/1202 2115/9246/1202 2119/9248/1202
f 2119/9248/1202 2123/9250/1202 2127/2793/1202
f 2127/2793/1202 2131/9253/1202 2135/2794/1202
f 2135/2794/1202 2139/9256/1202 2143/2795/1202
f 2143/2795/1202 2119/9248/1202 2127/2793/1202
f 2146/2796/1203 2148/2799/1203 2147/2797/1203
f 2148/2799/1204 2150/9258/1204 2149/2800/1204
f 2149/2800/1205 2150/9258/1205 2152/2801/1205
f 2151/2802/1708 2152/2801/1708 2154/2803/1708
f 2153/2804/1207 2154/2803/1207 2156/2805/1207
f 2155/2807/1208 2156/9259/1208 2158/2808/1208
f 2157/2809/1209 2158/2808/1209 2160/2810/1209
f 2159/2811/1210 2160/2810/1210 2162/2812/1210
f 2161/2814/1211 2162/9260/1211 2164/2815/1211
f 2163/2816/1212 2164/2815/1212 2166/2817/1212
f 2166/2817/1213 2168/2820/1213 2167/2819/1213
f 2168/2820/1214 2170/2822/1214 2169/2821/1214
f 2170/2822/2041 2172/9261/2041 2171/2823/2041
f 2172/2824/1216 2174/2830/1216 2173/2825/1216
f 2150/2829/1217 2148/9262/1217 2146/9263/1217
f 2146/9263/1217 2176/9264/1217 2174/9265/1217
f 2174/9265/2042 2172/9266/2042 2170/9267/2042
f 2170/9267/1217 2168/9268/1217 2166/2827/1217
f 2166/2827/1217 2164/9269/1217 2162/9270/1217
f 2162/9270/2042 2160/9271/2042 2158/2828/2042
f 2158/2828/2042 2156/9272/2042 2154/9273/2042
f 2154/9273/1217 2152/9274/1217 2150/2829/1217
f 2150/2829/1217 2146/9263/1217 2174/9265/1217
f 2174/9265/2042 2170/9267/2042 2166/2827/2042
f 2166/2827/1217 2162/9270/1217 2158/2828/1217
f 2158/2828/1217 2154/9273/1217 2150/2829/1217
f 2150/2829/1217 2174/9265/1217 2166/2827/1217
f 2174/2830/1218 2176/2832/1218 2175/2831/1218
f 2176/2832/1219 2146/9275/1219 2145/2833/1219
f 2175/2836/1220 2145/9276/1220 2147/9277/1220
f 2147/9277/1220 2149/9278/1220 2151/9279/1220
f 2151/9279/1220 2153/9280/1220 2155/9281/1220
f 2155/9281/1220 2157/9282/1220 2159/2834/1220
f 2159/2834/1220 2161/9283/1220 2163/9284/1220
f 2163/9284/2043 2165/9285/2043 2167/2835/2043
f 2167/2835/1220 2169/9286/1220 2171/9287/1220
f 2171/9287/1220 2173/9288/1220 2175/2836/1220
f 2175/2836/1220 2147/9277/1220 2151/9279/1220
f 2151/9279/1220 2155/9281/1220 2159/2834/1220
f 2159/2834/1220 2163/9284/1220 2167/2835/1220
f 2167/2835/1220 2171/9287/1220 2175/2836/1220
f 2175/2836/1220 2151/9279/1220 2159/2834/1220
f 2178/2837/1221 2180/2840/1221 2179/2838/1221
f 2180/2840/1222 2182/2842/1222 2181/2841/1222
f 2182/2842/1223 2184/2844/1223 2183/2843/1223
f 2184/2844/1224 2186/9289/1224 2185/2845/1224
f 2185/2845/1225 2186/9289/1225 2188/2846/1225
f 2187/2848/1226 2188/9290/1226 2190/2849/1226
f 2189/2850/1227 2190/2849/1227 2192/2851/1227
f 2191/2852/1228 2192/2851/1228 2194/2853/1228
f 2193/2855/1229 2194/9291/1229 2196/2856/1229
f 2195/2857/2044 2196/2856/2044 2198/2858/2044
f 2197/2859/1231 2198/2858/1231 2200/2860/1231
f 2199/2861/1232 2200/2860/1232 2202/2862/1232
f 2202/2862/1233 2204/9292/1233 2203/2864/1233
f 2204/2865/1234 2206/2871/1234 2205/2866/1234
f 2182/2870/2045 2180/9293/2045 2178/9294/2045
f 2178/9294/1235 2208/9295/1235 2206/9296/1235
f 2206/9296/1235 2204/9297/1235 2202/9298/1235
f 2202/9298/2045 2200/9299/2045 2198/2868/2045
f 2198/2868/2045 2196/9300/2045 2194/9301/2045
f 2194/9301/1235 2192/9302/1235 2190/2869/1235
f 2190/2869/2046 2188/9303/2046 2186/9304/2046
f 2186/9304/1235 2184/9305/1235 2182/2870/1235
f 2182/2870/1235 2178/9294/1235 2206/9296/1235
f 2206/9296/1235 2202/9298/1235 2198/2868/1235
f 2198/2868/1235 2194/9301/1235 2190/2869/1235
f 2190/2869/1235 2186/9304/1235 2182/2870/1235
f 2182/2870/1235 2206/9296/1235 2198/2868/1235
f 2206/2871/1236 2208/2873/1236 2207/2872/1236
f 2208/2873/1237 2178/9306/1237 2177/2874/1237
f 2207/2877/1238 2177/9307/1238 2179/9308/1238
f 2179/9308/1238 2181/9309/1238 2183/9310/1238
f 2183/9310/1238 2185/9311/1238 2187/9312/1238
f 2187/9312/1238 2189/9313/1238 2191/2875/1238
f 2191/2875/2047 2193/9314/2047 2195/9315/2047
f 2195/9315/1238 2197/9316/1238 2199/2876/1238
f 2199/2876/1238 2201/9317/1238 2203/9318/1238
f 2203/9318/1238 2205/9319/1238 2207/2877/1238
f 2207/2877/1238 2179/9308/1238 2183/9310/1238
f 2183/9310/1238 2187/9312/1238 2191/2875/1238
f 2191/2875/1238 2195/9315/1238 2199/2876/1238
f 2199/2876/1238 2203/9318/1238 2207/2877/1238
f 2207/2877/1238 2183/9310/1238 2191/2875/1238
f 2209/2878/1239 2210/2916/1239 2212/2879/1239
f 2212/2881/1240 2214/2884/1240 2213/2882/1240
f 2214/2884/1241 2216/2886/1241 2215/2885/1241
f 2216/2886/1242 2218/9320/1242 2217/2887/1242
f 2218/2888/1243 2220/2891/1243 2219/2889/1243
f 2220/2891/1244 2222/2893/1244 2221/2892/1244
f 2222/2893/1245 2224/2895/1245 2223/2894/1245
f 2224/2895/1246 2226/2897/1246 2225/2896/1246
f 2226/2897/1247 2228/9321/1247 2227/2898/1247
f 2227/2899/1248 2228/9322/1248 2230/2900/1248
f 2229/2901/1249 2230/2900/1249 2232/2902/1249
f 2231/2903/1250 2232/2902/1250 2234/2904/1250
f 2233/2906/1251 2234/9323/1251 2236/2907/1251
f 2235/2908/1252 2236/2907/1252 2238/2909/1252
f 2214/2913/2048 2212/9324/2048 2210/9325/2048
f 2210/9325/2049 2240/9326/2049 2238/9327/2049
f 2238/9327/2050 2236/9328/2050 2234/9329/2050
f 2234/9329/2051 2232/9330/2051 2230/2911/2051
f 2230/2911/2050 2228/9331/2050 2226/9332/2050
f 2226/9332/1253 2224/9333/1253 2222/2912/1253
f 2222/2912/2048 2220/9334/2048 2218/9335/2048
f 2218/9335/1253 2216/9336/1253 2214/2913/1253
f 2214/2913/2048 2210/9325/2048 2238/9327/2048
f 2238/9327/1253 2234/9329/1253 2230/2911/1253
f 2230/2911/1253 2226/9332/1253 2222/2912/1253
f 2222/2912/2048 2218/9335/2048 2214/2913/2048
f 2214/2913/1253 2238/9327/1253 2230/2911/1253
f 2237/2910/1254 2238/2909/1254 2240/2914/1254
f 2239/2915/1255 2240/2914/1255 2210/2916/1255
f 2239/2919/2052 2209/9337/2052 2211/9338/2052
f 2211/9338/2052 2213/9339/2052 2215/9340/2052
f 2215/9340/2053 2217/9341/2053 2219/9342/2053
f 2219/9342/2054 2221/9343/2054 2223/2917/2054
f 2223/2917/2052 2225/9344/2052 2227/9345/2052
f 2227/9345/2052 2229/9346/2052 2231/2918/2052
f 2231/2918/2055 2233/9347/2055 2235/9348/2055
f 2235/9348/1256 2237/9349/1256 2239/2919/1256
f 2239/2919/1256 2211/9338/1256 2215/9340/1256
f 2215/9340/2052 2219/9342/2052 2223/2917/2052
f 2223/2917/2055 2227/9345/2055 2231/2918/2055
f 2231/2918/2052 2235/9348/2052 2239/2919/2052
f 2239/2919/1256 2215/9340/1256 2223/2917/1256
f 2241/2920/1257 2242/9350/1257 2244/2921/1257
f 2243/2922/1258 2244/2921/1258 2246/2923/1258
f 2245/2924/1259 2246/2923/1259 2248/2925/1259
f 2247/2926/1260 2248/2925/1260 2250/2927/1260
f 2249/2928/1261 2250/2927/1261 2252/2929/1261
f 2251/2931/1262 2252/9351/1262 2254/2932/1262
f 2253/2933/1711 2254/2932/1711 2256/2934/1711
f 2256/2936/1264 2258/9352/1264 2257/2937/1264
f 2258/2939/1265 2260/2942/1265 2259/2940/1265
f 2260/2942/1266 2262/2944/1266 2261/2943/1266
f 2262/2944/1267 2264/2946/1267 2263/2945/1267
f 2264/2946/1268 2266/2948/1268 2265/2947/1268
f 2266/2948/1269 2268/9353/1269 2267/2949/1269
f 2268/2950/1270 2270/2955/1270 2269/2951/1270
f 2246/2954/1271 2244/9354/1271 2242/9355/1271
f 2242/9355/2056 2272/9356/2056 2270/9357/2056
f 2270/9357/1271 2268/9358/1271 2266/9359/1271
f 2266/9359/1271 2264/9360/1271 2262/2953/1271
f 2262/2953/1271 2260/9361/1271 2258/9362/1271
f 2258/9362/2056 2256/2934/2056 2254/2932/2056
f 2254/2932/1271 2252/9351/1271 2250/9363/1271
f 2250/9363/1271 2248/9364/1271 2246/2954/1271
f 2246/2954/1271 2242/9355/1271 2270/9357/1271
f 2270/9357/1271 2266/9359/1271 2262/2953/1271
f 2262/2953/1271 2258/9362/1271 2254/2932/1271
f 2254/2932/1271 2250/9363/1271 2246/2954/1271
f 2246/2954/1271 2270/9357/1271 2262/2953/1271
f 2270/2955/1272 2272/9365/1272 2271/2956/1272
f 2271/2957/1273 2272/9366/1273 2242/2958/1273
f 2271/2956/1274 2241/9367/1274 2243/9368/1274
f 2243/9368/1274 2245/9369/1274 2247/9370/1274
f 2247/9370/1274 2249/9371/1274 2251/9372/1274
f 2251/9372/1274 2253/9373/1274 2255/2960/1274
f 2255/2960/1274 2257/9374/1274 2259/9375/1274
f 2259/9375/2057 2261/9376/2057 2263/2961/2057
f 2263/2961/1274 2265/9377/1274 2267/2952/1274
f 2267/2952/1274 2269/2951/1274 2271/2956/1274
f 2271/2956/1274 2243/9368/1274 2247/9370/1274
f 2247/9370/1274 2251/9372/1274 2255/2960/1274
f 2255/2960/1274 2259/9375/1274 2263/2961/1274
f 2263/2961/1274 2267/2952/1274 2271/2956/1274
f 2271/2956/1274 2247/9370/1274 2255/2960/1274
f 2274/2962/1275 2276/2965/1275 2275/2963/1275
f 2276/2965/1276 2278/9378/1276 2277/2966/1276
f 2277/2967/1277 2278/9379/1277 2280/2968/1277
f 2279/2969/1278 2280/2968/1278 2282/2970/1278
f 2281/2972/1279 2282/9380/1279 2284/2973/1279
f 2283/2974/1280 2284/2973/1280 2286/2975/1280
f 2285/2976/1281 2286/2975/1281 2288/2977/1281
f 2287/2978/1712 2288/2977/1712 2290/2979/1712
f 2289/2981/1283 2290/9381/1283 2292/2982/1283
f 2291/2983/1284 2292/2982/1284 2294/2984/1284
f 2294/2986/1285 2296/2989/1285 2295/2987/1285
f 2296/2989/1286 2298/9382/1286 2297/2990/1286
f 2298/2991/1287 2300/2994/1287 2299/2992/1287
f 2300/2994/1288 2302/2998/1288 2301/2995/1288
f 2278/2997/2058 2276/9383/2058 2274/9384/2058
f 2274/9384/2058 2304/9385/2058 2302/9386/2058
f 2302/9386/2058 2300/9387/2058 2298/9388/2058
f 2298/9388/1289 2296/9389/1289 2294/2984/1289
f 2294/2984/1289 2292/2982/1289 2290/9381/1289
f 2290/9381/2058 2288/9390/2058 2286/2996/2058
f 2286/2996/2059 2284/9391/2059 2282/9392/2059
f 2282/9392/1289 2280/9393/1289 2278/2997/1289
f 2278/2997/1289 2274/9384/1289 2302/9386/1289
f 2302/9386/1289 2298/9388/1289 2294/2984/1289
f 2294/2984/2058 2290/9381/2058 2286/2996/2058
f 2286/2996/1289 2282/9392/1289 2278/2997/1289
f 2278/2997/1289 2302/9386/1289 2294/2984/1289
f 2302/2998/1290 2304/3000/1290 2303/2999/1290
f 2304/3000/2060 2274/9394/2060 2273/3001/2060
f 2303/3004/2061 2273/2964/2061 2275/2963/2061
f 2275/2963/1292 2277/2966/1292 2279/9395/1292
f 2279/9395/2061 2281/9396/2061 2283/9397/2061
f 2283/9397/1292 2285/9398/1292 2287/3002/1292
f 2287/3002/2062 2289/9399/2062 2291/9400/2062
f 2291/9400/1292 2293/9401/1292 2295/3003/1292
f 2295/3003/1292 2297/9402/1292 2299/9403/1292
f 2299/9403/2063 2301/9404/2063 2303/3004/2063
f 2303/3004/1292 2275/2963/1292 2279/9395/1292
f 2279/9395/1292 2283/9397/1292 2287/3002/1292
f 2287/3002/2061 2291/9400/2061 2295/3003/2061
f 2295/3003/1292 2299/9403/1292 2303/3004/1292
f 2303/3004/1292 2279/9395/1292 2287/3002/1292
f 2306/3005/1293 2308/9405/1293 2307/3006/1293
f 2308/3008/1294 2310/3011/1294 2309/3009/1294
f 2310/3011/1295 2312/3013/1295 2311/3012/1295
f 2312/3013/1296 2314/9406/1296 2313/3014/1296
f 2314/3015/1297 2316/3018/1297 2315/3016/1297
f 2316/3018/1298 2318/3020/1298 2317/3019/1298
f 2318/3020/1714 2320/3022/1714 2319/3021/1714
f 2320/3022/1300 2322/9407/1300 2321/3023/1300
f 2321/3024/1301 2322/9408/1301 2324/3025/1301
f 2323/3027/1302 2324/9409/1302 2326/3028/1302
f 2325/3029/1303 2326/3028/1303 2328/3030/1303
f 2327/3031/2064 2328/3030/2064 2330/3032/2064
f 2329/3034/1305 2330/9410/1305 2332/3035/1305
f 2331/3036/1306 2332/3035/1306 2334/3037/1306
f 2310/3041/1715 2308/9405/1715 2306/3005/1715
f 2306/3005/1307 2336/9411/1307 2334/9412/1307
f 2334/9412/1307 2332/9413/1307 2330/9414/1307
f 2330/9414/1307 2328/9415/1307 2326/3039/1307
f 2326/3039/1715 2324/9416/1715 2322/9417/1715
f 2322/9417/1715 2320/9418/1715 2318/3040/1715
f 2318/3040/1307 2316/9419/1307 2314/9420/1307
f 2314/9420/1715 2312/9421/1715 2310/3041/1715
f 2310/3041/1307 2306/3005/1307 2334/9412/1307
f 2334/9412/1307 2330/9414/1307 2326/3039/1307
f 2326/3039/1715 2322/9417/1715 2318/3040/1715
f 2318/3040/1307 2314/9420/1307 2310/3041/1307
f 2310/3041/1307 2334/9412/1307 2326/3039/1307
f 2333/3038/1713 2334/3037/1713 2336/3042/1713
f 2335/3043/1309 2336/3042/1309 2306/3044/1309
f 2335/3048/1310 2305/9422/1310 2307/9423/1310
f 2307/9423/1310 2309/9424/1310 2311/9425/1310
f 2311/9425/2065 2313/9426/2065 2315/9427/2065
f 2315/9427/2065 2317/9428/2065 2319/3046/2065
f 2319/3046/2065 2321/3024/2065 2323/3026/2065
f 2323/3026/1310 2325/9429/1310 2327/3047/1310
f 2327/3047/2065 2329/9430/2065 2331/9431/2065
f 2331/9431/2065 2333/9432/2065 2335/3048/2065
f 2335/3048/1310 2307/9423/1310 2311/9425/1310
f 2311/9425/1310 2315/9427/1310 2319/3046/1310
f 2319/3046/1310 2323/3026/1310 2327/3047/1310
f 2327/3047/1310 2331/9431/1310 2335/3048/1310
f 2335/3048/1310 2311/9425/1310 2319/3046/1310
f 2337/3049/1311 2338/3086/1311 2340/3050/1311
f 2339/3052/1312 2340/9433/1312 2342/3053/1312
f 2341/3054/1313 2342/3053/1313 2344/3055/1313
f 2343/3056/1314 2344/3055/1314 2346/3057/1314
f 2345/3059/1315 2346/9434/1315 2348/3060/1315
f 2348/3060/1316 2350/3063/1316 2349/3062/1316
f 2350/3063/1317 2352/3065/1317 2351/3064/1317
f 2352/3065/1318 2354/3067/1318 2353/3066/1318
f 2354/3067/1319 2356/9435/1319 2355/3068/1319
f 2356/3069/1320 2358/3072/1320 2357/3070/1320
f 2358/3072/1321 2360/3074/1321 2359/3073/1321
f 2360/3074/1322 2362/9436/1322 2361/3075/1322
f 2362/3076/1323 2364/9437/1323 2363/3077/1323
f 2363/3077/1324 2364/9437/1324 2366/3079/1324
f 2342/3083/1325 2340/9438/1325 2338/9439/1325
f 2338/9439/1325 2368/9440/1325 2366/9441/1325
f 2366/9441/1325 2364/9442/1325 2362/9443/1325
f 2362/9443/2066 2360/9444/2066 2358/3081/2066
f 2358/3081/2067 2356/9445/2067 2354/9446/2067
f 2354/9446/2068 2352/9447/2068 2350/3082/2068
f 2350/3082/2067 2348/9448/2067 2346/9449/2067
f 2346/9449/2067 2344/9450/2067 2342/3083/2067
f 2342/3083/1325 2338/9439/1325 2366/9441/1325
f 2366/9441/1325 2362/9443/1325 2358/3081/1325
f 2358/3081/1325 2354/9446/1325 2350/3082/1325
f 2350/3082/1325 2346/9449/1325 2342/3083/1325
f 2342/3083/1325 2366/9441/1325 2358/3081/1325
f 2365/3080/1326 2366/3079/1326 2368/3084/1326
f 2367/3085/1327 2368/3084/1327 2338/3086/1327
f 2367/3089/2069 2337/9451/2069 2339/9452/2069
f 2339/9452/1328 2341/9453/1328 2343/9454/1328
f 2343/9454/1328 2345/9455/1328 2347/9456/1328
f 2347/9456/1328 2349/9457/1328 2351/3087/1328
f 2351/3087/2070 2353/9458/2070 2355/9459/2070
f 2355/9459/2070 2357/9460/2070 2359/3088/2070
f 2359/3088/1328 2361/9461/1328 2363/9462/1328
f 2363/9462/2069 2365/9463/2069 2367/3089/2069
f 2367/3089/2070 2339/9452/2070 2343/9454/2070
f 2343/9454/1328 2347/9456/1328 2351/3087/1328
f 2351/3087/1328 2355/9459/1328 2359/3088/1328
f 2359/3088/1328 2363/9462/1328 2367/3089/1328
f 2367/3089/1328 2343/9454/1328 2351/3087/1328
f 2370/3090/1329 2372/3093/1329 2371/3091/1329
f 2372/3093/1330 2374/3095/1330 2373/3094/1330
f 2374/3095/1718 2376/3097/1718 2375/3096/1718
f 2376/3097/1332 2378/3099/1332 2377/3098/1332
f 2378/3099/1333 2380/9464/1333 2379/3100/1333
f 2379/3101/1334 2380/9465/1334 2382/3102/1334
f 2381/3103/1335 2382/3102/1335 2384/3104/1335
f 2383/3105/1336 2384/3104/1336 2386/3106/1336
f 2385/3108/1337 2386/9466/1337 2388/3109/1337
f 2387/3110/1338 2388/3109/1338 2390/3111/1338
f 2389/3112/1339 2390/3111/1339 2392/3113/1339
f 2391/3114/1340 2392/3113/1340 2394/3115/1340
f 2393/3116/1341 2394/3115/1341 2396/3117/1341
f 2396/3119/1342 2398/3125/1342 2397/3120/1342
f 2374/3124/1343 2372/9467/1343 2370/9468/1343
f 2370/9468/1343 2400/9469/1343 2398/9470/1343
f 2398/9470/1343 2396/9471/1343 2394/9472/1343
f 2394/9472/1343 2392/9473/1343 2390/3122/1343
f 2390/3122/1343 2388/9474/1343 2386/9475/1343
f 2386/9475/1343 2384/9476/1343 2382/3123/1343
f 2382/3123/1343 2380/9477/1343 2378/9478/1343
f 2378/9478/1343 2376/9479/1343 2374/3124/1343
f 2374/3124/1343 2370/9468/1343 2398/9470/1343
f 2398/9470/1343 2394/9472/1343 2390/3122/1343
f 2390/3122/1343 2386/9475/1343 2382/3123/1343
f 2382/3123/1343 2378/9478/1343 2374/3124/1343
f 2374/3124/1343 2398/9470/1343 2390/3122/1343
f 2398/3125/1344 2400/3127/1344 2399/3126/1344
f 2400/3127/1345 2370/9480/1345 2369/3128/1345
f 2399/3131/1346 2369/9481/1346 2371/9482/1346
f 2371/9482/1346 2373/9483/1346 2375/9484/1346
f 2375/9484/1346 2377/9485/1346 2379/9486/1346
f 2379/9486/1346 2381/9487/1346 2383/3129/1346
f 2383/3129/1346 2385/9488/1346 2387/9489/1346
f 2387/9489/1346 2389/9490/1346 2391/3130/1346
f 2391/3130/1346 2393/9491/1346 2395/9492/1346
f 2395/9492/1346 2397/9493/1346 2399/3131/1346
f 2399/3131/1346 2371/9482/1346 2375/9484/1346
f 2375/9484/1346 2379/9486/1346 2383/3129/1346
f 2383/3129/1346 2387/9489/1346 2391/3130/1346
f 2391/3130/1346 2395/9492/1346 2399/3131/1346
f 2399/3131/1346 2375/9484/1346 2383/3129/1346
f 2402/3132/1347 2404/3135/1347 2403/3133/1347
f 2404/3135/1348 2406/9494/1348 2405/3136/1348
f 2406/3137/1349 2408/3140/1349 2407/3138/1349
f 2408/3140/1350 2410/3142/1350 2409/3141/1350
f 2410/3142/1351 2412/9495/1351 2411/3143/1351
f 2412/3144/1352 2414/3167/1352 2413/3145/1352
f 2414/3147/1353 2416/9496/1353 2415/3148/1353
f 2415/3148/2071 2416/9496/2071 2418/3150/2071
f 2417/3151/1355 2418/3150/1355 2420/3152/1355
f 2419/3153/1356 2420/3152/1356 2422/3154/1356
f 2421/3156/2072 2422/9497/2072 2424/3157/2072
f 2423/3158/1358 2424/3157/1358 2426/3159/1358
f 2425/3160/1359 2426/3159/1359 2428/3161/1359
f 2427/3163/1360 2428/9498/1360 2430/3164/1360
f 2406/3168/1361 2404/9499/1361 2402/9500/1361
f 2402/9500/1361 2432/9501/1361 2430/9502/1361
f 2430/9502/1361 2428/9503/1361 2426/9504/1361
f 2426/9504/1361 2424/9505/1361 2422/3166/1361
f 2422/3166/1361 2420/9506/1361 2418/9507/1361
f 2418/9507/2073 2416/9508/2073 2414/3167/2073
f 2414/3167/1361 2412/3144/1361 2410/9509/1361
f 2410/9509/2073 2408/9510/2073 2406/3168/2073
f 2406/3168/1361 2402/9500/1361 2430/9502/1361
f 2430/9502/1361 2426/9504/1361 2422/3166/1361
f 2422/3166/1361 2418/9507/1361 2414/3167/1361
f 2414/3167/1361 2410/9509/1361 2406/3168/1361
f 2406/3168/1361 2430/9502/1361 2422/3166/1361
f 2429/3169/1362 2430/9511/1362 2432/3170/1362
f 2432/3170/1363 2402/3132/1363 2401/3134/1363
f 2431/3174/1364 2401/9512/1364 2403/9513/1364
f 2403/9513/1364 2405/9514/1364 2407/9515/1364
f 2407/9515/1364 2409/9516/1364 2411/9517/1364
f 2411/9517/1364 2413/9518/1364 2415/3172/1364
f 2415/3172/1364 2417/9519/1364 2419/9520/1364
f 2419/9520/1364 2421/9521/1364 2423/3173/1364
f 2423/3173/1364 2425/9522/1364 2427/3163/1364
f 2427/3163/1364 2429/3165/1364 2431/3174/1364
f 2431/3174/1364 2403/9513/1364 2407/9515/1364
f 2407/9515/1364 2411/9517/1364 2415/3172/1364
f 2415/3172/1364 2419/9520/1364 2423/3173/1364
f 2423/3173/1364 2427/3163/1364 2431/3174/1364
f 2431/3174/1364 2407/9515/1364 2415/3172/1364
f 2433/3175/1365 2434/9523/1365 2436/3176/1365
f 2435/3177/1366 2436/3176/1366 2438/3178/1366
f 2438/3178/1367 2440/3181/1367 2439/3180/1367
f 2440/3181/1368 2442/9524/1368 2441/3182/1368
f 2442/3183/1369 2444/3186/1369 2443/3184/1369
f 2444/3186/1370 2446/3188/1370 2445/3187/1370
f 2446/3188/1371 2448/3190/1371 2447/3189/1371
f 2448/3190/1372 2450/9525/1372 2449/3191/1372
f 2450/3192/1373 2452/3195/1373 2451/3193/1373
f 2452/3195/1374 2454/9526/1374 2453/3196/1374
f 2453/3196/1375 2454/9526/1375 2456/3197/1375
f 2455/3198/1376 2456/3197/1376 2458/3199/1376
f 2457/3201/1377 2458/9527/1377 2460/3202/1377
f 2459/3203/1378 2460/3202/1378 2462/3204/1378
f 2438/3208/1379 2436/9528/1379 2434/9529/1379
f 2434/9529/1379 2464/9530/1379 2462/9531/1379
f 2462/9531/2074 2460/9532/2074 2458/9533/2074
f 2458/9533/2074 2456/9534/2074 2454/3206/2074
f 2454/3206/2074 2452/9535/2074 2450/9536/2074
f 2450/9536/2075 2448/9537/2075 2446/3207/2075
f 2446/3207/2076 2444/9538/2076 2442/9539/2076
f 2442/9539/1379 2440/9540/1379 2438/3208/1379
f 2438/3208/1379 2434/9529/1379 2462/9531/1379
f 2462/9531/1379 2458/9533/1379 2454/3206/1379
f 2454/3206/1379 2450/9536/1379 2446/3207/1379
f 2446/3207/1379 2442/9539/1379 2438/3208/1379
f 2438/3208/1379 2462/9531/1379 2454/3206/1379
f 2461/3205/1380 2462/3204/1380 2464/3209/1380
f 2463/3210/1381 2464/3209/1381 2434/3211/1381
f 2463/3215/1382 2433/9541/1382 2435/9542/1382
f 2435/9542/1382 2437/9543/1382 2439/9544/1382
f 2439/9544/1382 2441/9545/1382 2443/9546/1382
f 2443/9546/1382 2445/9547/1382 2447/3213/1382
f 2447/3213/1382 2449/9548/1382 2451/9549/1382
f 2451/9549/1382 2453/9550/1382 2455/3214/1382
f 2455/3214/2077 2457/9551/2077 2459/9552/2077
f 2459/9552/1382 2461/9553/1382 2463/3215/1382
f 2463/3215/1382 2435/9542/1382 2439/9544/1382
f 2439/9544/1382 2443/9546/1382 2447/3213/1382
f 2447/3213/1382 2451/9549/1382 2455/3214/1382
f 2455/3214/1382 2459/9552/1382 2463/3215/1382
f 2463/3215/1382 2439/9544/1382 2447/3213/1382
f 2465/3216/1383 2466/3253/1383 2468/3217/1383
f 2467/3219/1724 2468/9554/1724 2470/3220/1724
f 2469/3221/1385 2470/3220/1385 2472/3222/1385
f 2472/3222/1386 2474/3225/1386 2473/3224/1386
f 2474/3225/1387 2476/9555/1387 2475/3226/1387
f 2476/3227/1388 2478/3230/1388 2477/3228/1388
f 2478/3230/1389 2480/3232/1389 2479/3231/1389
f 2480/3232/1390 2482/3234/1390 2481/3233/1390
f 2482/3234/1391 2484/9556/1391 2483/3235/1391
f 2484/3236/2078 2486/3239/2078 2485/3237/2078
f 2486/3239/1393 2488/9557/1393 2487/3240/1393
f 2487/3240/1394 2488/9557/1394 2490/3241/1394
f 2489/3242/2079 2490/3241/2079 2492/3243/2079
f 2491/3245/1396 2492/9558/1396 2494/3246/1396
f 2470/3250/2080 2468/9559/2080 2466/9560/2080
f 2466/9560/1397 2496/9561/1397 2494/9562/1397
f 2494/9562/2081 2492/9563/2081 2490/9564/2081
f 2490/9564/2082 2488/9565/2082 2486/3248/2082
f 2486/3248/2080 2484/9566/2080 2482/9567/2080
f 2482/9567/1397 2480/9568/1397 2478/3249/1397
f 2478/3249/2082 2476/9569/2082 2474/9570/2082
f 2474/9570/1397 2472/9571/1397 2470/3250/1397
f 2470/3250/1397 2466/9560/1397 2494/9562/1397
f 2494/9562/1397 2490/9564/1397 2486/3248/1397
f 2486/3248/1397 2482/9567/1397 2478/3249/1397
f 2478/3249/1397 2474/9570/1397 2470/3250/1397
f 2470/3250/1397 2494/9562/1397 2486/3248/1397
f 2493/3247/1398 2494/3246/1398 2496/3251/1398
f 2495/3252/1399 2496/3251/1399 2466/3253/1399
f 2495/3256/1400 2465/9572/1400 2467/9573/1400
f 2467/9573/1400 2469/9574/1400 2471/9575/1400
f 2471/9575/1400 2473/9576/1400 2475/9577/1400
f 2475/9577/1400 2477/9578/1400 2479/3254/1400
f 2479/3254/1400 2481/9579/1400 2483/9580/1400
f 2483/9580/2083 2485/9581/2083 2487/3255/2083
f 2487/3255/1400 2489/9582/1400 2491/9583/1400
f 2491/9583/1400 2493/9584/1400 2495/3256/1400
f 2495/3256/1400 2467/9573/1400 2471/9575/1400
f 2471/9575/1400 2475/9577/1400 2479/3254/1400
f 2479/3254/1400 2483/9580/1400 2487/3255/1400
f 2487/3255/1400 2491/9583/1400 2495/3256/1400
f 2495/3256/1400 2471/9575/1400 2479/3254/1400
f 2497/3257/1401 2498/9585/1401 2500/3258/1401
f 2499/3259/1402 2500/3258/1402 2502/3260/1402
f 2501/3261/1403 2502/3260/1403 2504/3262/1403
f 2503/3263/1404 2504/3262/1404 2506/3264/1404
f 2505/3266/1405 2506/9586/1405 2508/3267/1405
f 2508/3267/1725 2510/3290/1725 2509/3269/1725
f 2510/3270/1407 2512/3273/1407 2511/3271/1407
f 2512/3273/1408 2514/9587/1408 2513/3274/1408
f 2514/3275/1409 2516/3278/1409 2515/3276/1409
f 2516/3278/1410 2518/3280/1410 2517/3279/1410
f 2518/3280/1411 2520/3282/1411 2519/3281/1411
f 2520/3282/1412 2522/9588/1412 2521/3283/1412
f 2522/3284/1413 2524/9589/1413 2523/3285/1413
f 2523/3285/1414 2524/9589/1414 2526/3287/1414
f 2502/3291/2084 2500/9590/2084 2498/9591/2084
f 2498/9591/1415 2528/9592/1415 2526/9593/1415
f 2526/9593/2085 2524/9594/2085 2522/9595/2085
f 2522/9595/2086 2520/9596/2086 2518/3289/2086
f 2518/3289/1415 2516/9597/1415 2514/9598/1415
f 2514/9598/1415 2512/9599/1415 2510/3290/1415
f 2510/3290/1415 2508/3267/1415 2506/9586/1415
f 2506/9586/2087 2504/9600/2087 2502/3291/2087
f 2502/3291/1415 2498/9591/1415 2526/9593/1415
f 2526/9593/1415 2522/9595/1415 2518/3289/1415
f 2518/3289/1415 2514/9598/1415 2510/3290/1415
f 2510/3290/1415 2506/9586/1415 2502/3291/1415
f 2502/3291/1415 2526/9593/1415 2518/3289/1415
f 2525/3292/1416 2526/9601/1416 2528/3293/1416
f 2527/3294/1417 2528/3293/1417 2498/3295/1417
f 2527/3299/1418 2497/9602/1418 2499/9603/1418
f 2499/9603/1418 2501/9604/1418 2503/9605/1418
f 2503/9605/2088 2505/9606/2088 2507/9607/2088
f 2507/9607/2089 2509/9608/2089 2511/3297/2089
f 2511/3297/1418 2513/9609/1418 2515/9610/1418
f 2515/9610/1418 2517/9611/1418 2519/3298/1418
f 2519/3298/1418 2521/3286/1418 2523/3285/1418
f 2523/3285/2090 2525/3288/2090 2527/3299/2090
f 2527/3299/1418 2499/9603/1418 2503/9605/1418
f 2503/9605/1418 2507/9607/1418 2511/3297/1418
f 2511/3297/1418 2515/9610/1418 2519/3298/1418
f 2519/3298/1418 2523/3285/1418 2527/3299/1418
f 2527/3299/1418 2503/9605/1418 2511/3297/1418
f 2529/3300/1419 2530/9612/1419 2532/3301/1419
f 2532/3301/1420 2534/3304/1420 2533/3303/1420
f 2534/3304/1421 2536/9613/1421 2535/3305/1421
f 2536/3306/1422 2538/9614/1422 2537/3307/1422
f 2538/3309/1423 2540/3312/1423 2539/3310/1423
f 2540/3312/1424 2542/3314/1424 2541/3313/1424
f 2542/3314/1425 2544/3316/1425 2543/3315/1425
f 2544/3316/1426 2546/9615/1426 2545/3317/1426
f 2546/3318/1427 2548/9616/1427 2547/3319/1427
f 2547/3319/1428 2548/9616/1428 2550/3321/1428
f 2549/3322/1726 2550/3321/1726 2552/3323/1726
f 2551/3325/1430 2552/9617/1430 2554/3326/1430
f 2553/3328/1431 2554/9618/1431 2556/3329/1431
f 2555/3330/1432 2556/3329/1432 2558/3331/1432
f 2534/3304/1433 2532/3301/1433 2530/9612/1433
f 2530/9612/2091 2560/9619/2091 2558/9620/2091
f 2558/9620/1433 2556/9621/1433 2554/9622/1433
f 2554/9622/1433 2552/9623/1433 2550/3333/1433
f 2550/3333/1433 2548/9624/1433 2546/9625/1433
f 2546/9625/2091 2544/9626/2091 2542/3334/2091
f 2542/3334/1433 2540/9627/1433 2538/9628/1433
f 2538/9628/1433 2536/9613/1433 2534/3304/1433
f 2534/3304/1433 2530/9612/1433 2558/9620/1433
f 2558/9620/1433 2554/9622/1433 2550/3333/1433
f 2550/3333/1433 2546/9625/1433 2542/3334/1433
f 2542/3334/1433 2538/9628/1433 2534/3304/1433
f 2534/3304/1433 2558/9620/1433 2550/3333/1433
f 2557/3332/1434 2558/3331/1434 2560/3335/1434
f 2559/3336/1435 2560/3335/1435 2530/3337/1435
f 2559/3340/1436 2529/9629/1436 2531/9630/1436
f 2531/9630/2092 2533/9631/2092 2535/9632/2092
f 2535/9632/1436 2537/9633/1436 2539/9634/1436
f 2539/9634/1436 2541/9635/1436 2543/3339/1436
f 2543/3339/1436 2545/3320/1436 2547/3319/1436
f 2547/3319/1436 2549/3322/1436 2551/3324/1436
f 2551/3324/1436 2553/9636/1436 2555/9637/1436
f 2555/9637/1436 2557/9638/1436 2559/3340/1436
f 2559/3340/1436 2531/9630/1436 2535/9632/1436
f 2535/9632/1436 2539/9634/1436 2543/3339/1436
f 2543/3339/1436 2547/3319/1436 2551/3324/1436
f 2551/3324/1436 2555/9637/1436 2559/3340/1436
f 2559/3340/1436 2535/9632/1436 2543/3339/1436
f 2561/3341/1437 2562/9639/1437 2564/3342/1437
f 2563/3343/1438 2564/3342/1438 2566/3344/1438
f 2565/3345/1439 2566/3344/1439 2568/3346/1439
f 2568/3346/1440 2570/9640/1440 2569/3348/1440
f 2570/3349/1441 2572/3352/1441 2571/3350/1441
f 2572/3352/1442 2574/3354/1442 2573/3353/1442
f 2574/3354/1443 2576/3356/1443 2575/3355/1443
f 2576/3356/1444 2578/9641/1444 2577/3357/1444
f 2578/3358/1445 2580/3361/1445 2579/3359/1445
f 2580/3361/1446 2582/3363/1446 2581/3362/1446
f 2582/3363/1447 2584/9642/1447 2583/3364/1447
f 2583/3364/1448 2584/9642/1448 2586/3365/1448
f 2585/3367/1449 2586/9643/1449 2588/3368/1449
f 2587/3369/1450 2588/3368/1450 2590/3370/1450
f 2566/3374/2093 2564/9644/2093 2562/9645/2093
f 2562/9645/2093 2592/9646/2093 2590/9647/2093
f 2590/9647/2094 2588/9648/2094 2586/9649/2094
f 2586/9649/1451 2584/9650/1451 2582/3372/1451
f 2582/3372/2093 2580/9651/2093 2578/9652/2093
f 2578/9652/2093 2576/9653/2093 2574/3373/2093
f 2574/3373/1451 2572/9654/1451 2570/9655/1451
f 2570/9655/1451 2568/9656/1451 2566/3374/1451
f 2566/3374/1451 2562/9645/1451 2590/9647/1451
f 2590/9647/1451 2586/9649/1451 2582/3372/1451
f 2582/3372/1451 2578/9652/1451 2574/3373/1451
f 2574/3373/1451 2570/9655/1451 2566/3374/1451
f 2566/3374/1451 2590/9647/1451 2582/3372/1451
f 2589/3371/1452 2590/3370/1452 2592/3375/1452
f 2591/3376/1453 2592/3375/1453 2562/3377/1453
f 2591/3381/2095 2561/9657/2095 2563/9658/2095
f 2563/9658/1454 2565/9659/1454 2567/9660/1454
f 2567/9660/1454 2569/9661/1454 2571/9662/1454
f 2571/9662/1454 2573/9663/1454 2575/3379/1454
f 2575/3379/2096 2577/9664/2096 2579/9665/2096
f 2579/9665/1454 2581/9666/1454 2583/3380/1454
f 2583/3380/1454 2585/9667/1454 2587/9668/1454
f 2587/9668/2095 2589/9669/2095 2591/3381/2095
f 2591/3381/1454 2563/9658/1454 2567/9660/1454
f 2567/9660/1454 2571/9662/1454 2575/3379/1454
f 2575/3379/1454 2579/9665/1454 2583/3380/1454
f 2583/3380/1454 2587/9668/1454 2591/3381/1454
f 2591/3381/1454 2567/9660/1454 2575/3379/1454
f 2593/3382/1455 2594/9670/1455 2596/3383/1455
f 2595/3384/1456 2596/3383/1456 2598/3385/1456
f 2597/3387/1457 2598/9671/1457 2600/3388/1457
f 2599/3389/1458 2600/3388/1458 2602/3390/1458
f 2602/3390/1459 2604/3393/1459 2603/3392/1459
f 2604/3393/1460 2606/3395/1460 2605/3394/1460
f 2606/3395/1461 2608/9672/1461 2607/3396/1461
f 2608/3397/1462 2610/9673/1462 2609/3398/1462
f 2610/3400/1463 2612/3403/1463 2611/3401/1463
f 2612/3403/2097 2614/9674/2097 2613/3404/2097
f 2614/3405/1465 2616/3408/1465 2615/3406/1465
f 2616/3408/1466 2618/9675/1466 2617/3409/1466
f 2617/3409/1467 2618/9675/1467 2620/3410/1467
f 2619/3411/1468 2620/3410/1468 2622/3412/1468
f 2598/3416/2098 2596/9676/2098 2594/9677/2098
f 2594/9677/2099 2624/9678/2099 2622/9679/2099
f 2622/9679/2100 2620/9680/2100 2618/9681/2100
f 2618/9681/1469 2616/9682/1469 2614/3414/1469
f 2614/3414/2101 2612/9683/2101 2610/9673/2101
f 2610/9673/1469 2608/3397/1469 2606/3415/1469
f 2606/3415/1469 2604/9684/1469 2602/9685/1469
f 2602/9685/1469 2600/9686/1469 2598/3416/1469
f 2598/3416/1469 2594/9677/1469 2622/9679/1469
f 2622/9679/1469 2618/9681/1469 2614/3414/1469
f 2614/3414/1469 2610/9673/1469 2606/3415/1469
f 2606/3415/1469 2602/9685/1469 2598/3416/1469
f 2598/3416/1469 2622/9679/1469 2614/3414/1469
f 2621/3413/1470 2622/3412/1470 2624/3417/1470
f 2623/3419/1471 2624/9687/1471 2594/3420/1471
f 2623/3419/1472 2593/3421/1472 2595/9688/1472
f 2595/9688/1472 2597/9689/1472 2599/9690/1472
f 2599/9690/2102 2601/9691/2102 2603/9692/2102
f 2603/9692/1472 2605/9693/1472 2607/3422/1472
f 2607/3422/1472 2609/9694/1472 2611/9695/1472
f 2611/9695/1472 2613/9696/1472 2615/3423/1472
f 2615/3423/1472 2617/9697/1472 2619/9698/1472
f 2619/9698/2103 2621/9699/2103 2623/3419/2103
f 2623/3419/1472 2595/9688/1472 2599/9690/1472
f 2599/9690/1472 2603/9692/1472 2607/3422/1472
f 2607/3422/1472 2611/9695/1472 2615/3423/1472
f 2615/3423/1472 2619/9698/1472 2623/3419/1472
f 2623/3419/1472 2599/9690/1472 2607/3422/1472
f 2625/3424/1473 2626/9700/1473 2628/3425/1473
f 2627/3426/1474 2628/3425/1474 2630/3427/1474
f 2629/3428/1475 2630/3427/1475 2632/3429/1475
f 2631/3430/1476 2632/3429/1476 2634/3431/1476
f 2633/3433/1477 2634/9701/1477 2636/3434/1477
f 2635/3435/1478 2636/3434/1478 2638/3436/1478
f 2638/3436/1479 2640/3439/1479 2639/3438/1479
f 2640/3439/1480 2642/9702/1480 2641/3440/1480
f 2642/3441/1481 2644/3444/1481 2643/3442/1481
f 2644/3444/1482 2646/3446/1482 2645/3445/1482
f 2646/3446/1727 2648/3448/1727 2647/3447/1727
f 2648/3448/1484 2650/9703/1484 2649/3449/1484
f 2650/3450/1485 2652/3453/1485 2651/3451/1485
f 2652/3453/1486 2654/9704/1486 2653/3454/1486
f 2630/3457/1487 2628/9705/1487 2626/9706/1487
f 2626/9706/1487 2656/9707/1487 2654/9708/1487
f 2654/9708/2104 2652/9709/2104 2650/9710/2104
f 2650/9710/1487 2648/9711/1487 2646/3455/1487
f 2646/3455/1487 2644/9712/1487 2642/9713/1487
f 2642/9713/1487 2640/9714/1487 2638/3456/1487
f 2638/3456/1487 2636/9715/1487 2634/9716/1487
f 2634/9716/1487 2632/9717/1487 2630/3457/1487
f 2630/3457/1487 2626/9706/1487 2654/9708/1487
f 2654/9708/1487 2650/9710/1487 2646/3455/1487
f 2646/3455/1487 2642/9713/1487 2638/3456/1487
f 2638/3456/1487 2634/9716/1487 2630/3457/1487
f 2630/3457/1487 2654/9708/1487 2646/3455/1487
f 2653/3454/1488 2654/9704/1488 2656/3458/1488
f 2655/3459/1489 2656/3458/1489 2626/3460/1489
f 2655/3464/1490 2625/9718/1490 2627/9719/1490
f 2627/9719/1490 2629/9720/1490 2631/9721/1490
f 2631/9721/1490 2633/9722/1490 2635/9723/1490
f 2635/9723/1490 2637/9724/1490 2639/3462/1490
f 2639/3462/1490 2641/9725/1490 2643/9726/1490
f 2643/9726/2105 2645/9727/2105 2647/3463/2105
f 2647/3463/1490 2649/9728/1490 2651/9729/1490
f 2651/9729/1490 2653/9730/1490 2655/3464/1490
f 2655/3464/1490 2627/9719/1490 2631/9721/1490
f 2631/9721/1490 2635/9723/1490 2639/3462/1490
f 2639/3462/1490 2643/9726/1490 2647/3463/1490
f 2647/3463/1490 2651/9729/1490 2655/3464/1490
f 2655/3464/1490 2631/9721/1490 2639/3462/1490
f 2657/3465/1491 2658/9731/1491 2660/3466/1491
f 2659/3468/1492 2660/9732/1492 2662/3469/1492
f 2661/3470/1493 2662/3469/1493 2664/3471/1493
f 2663/3472/1494 2664/3471/1494 2666/3473/1494
f 2665/3474/1495 2666/3473/1495 2668/3475/1495
f 2667/3477/1496 2668/9733/1496 2670/3478/1496
f 2669/3479/2106 2670/3478/2106 2672/3480/2106
f 2671/3481/1498 2672/3480/1498 2674/3482/1498
f 2674/3484/1499 2676/9734/1499 2675/3485/1499
f 2676/3487/1500 2678/3490/1500 2677/3488/1500
f 2678/3490/1501 2680/3492/1501 2679/3491/1501
f 2680/3492/1502 2682/3494/1502 2681/3493/1502
f 2682/3494/1503 2684/9735/1503 2683/3495/1503
f 2684/3496/1504 2686/3502/1504 2685/3497/1504
f 2662/3501/1505 2660/9736/1505 2658/9737/1505
f 2658/9737/1505 2688/9738/1505 2686/9739/1505
f 2686/9739/1505 2684/9740/1505 2682/9741/1505
f 2682/9741/2107 2680/9742/2107 2678/3499/2107
f 2678/3499/1505 2676/9734/1505 2674/3484/1505
f 2674/3484/1505 2672/9743/1505 2670/3500/1505
f 2670/3500/2107 2668/9744/2107 2666/9745/2107
f 2666/9745/2108 2664/9746/2108 2662/3501/2108
f 2662/3501/1505 2658/9737/1505 2686/9739/1505
f 2686/9739/2107 2682/9741/2107 2678/3499/2107
f 2678/3499/1505 2674/3484/1505 2670/3500/1505
f 2670/3500/1505 2666/9745/1505 2662/3501/1505
f 2662/3501/2107 2686/9739/2107 2678/3499/2107
f 2686/3502/1506 2688/3504/1506 2687/3503/1506
f 2688/3504/1507 2658/9747/1507 2657/3505/1507
f 2687/3508/2109 2657/3465/2109 2659/3467/2109
f 2659/3467/2109 2661/9748/2109 2663/9749/2109
f 2663/9749/2109 2665/9750/2109 2667/9751/2109
f 2667/9751/2109 2669/9752/2109 2671/3506/2109
f 2671/3506/1508 2673/9753/1508 2675/9754/1508
f 2675/9754/2109 2677/9755/2109 2679/3507/2109
f 2679/3507/2109 2681/9756/2109 2683/9757/2109
f 2683/9757/1508 2685/9758/1508 2687/3508/1508
f 2687/3508/1508 2659/3467/1508 2663/9749/1508
f 2663/9749/1508 2667/9751/1508 2671/3506/1508
f 2671/3506/2109 2675/9754/2109 2679/3507/2109
f 2679/3507/1508 2683/9757/1508 2687/3508/1508
f 2687/3508/1508 2663/9749/1508 2671/3506/1508
f 2689/3509/1509 2690/3549/1509 2692/3510/1509
f 2691/3512/1510 2692/9759/1510 2694/3513/1510
f 2693/3514/1511 2694/3513/1511 2696/3515/1511
f 2695/3516/1512 2696/3515/1512 2698/3517/1512
f 2698/3519/1513 2700/9760/1513 2699/3520/1513
f 2700/3522/1731 2702/3525/1731 2701/3523/1731
f 2702/3525/1515 2704/3527/1515 2703/3526/1515
f 2704/3527/1516 2706/3529/1516 2705/3528/1516
f 2706/3529/1517 2708/9761/1517 2707/3530/1517
f 2708/3531/1518 2710/3534/1518 2709/3532/1518
f 2710/3534/1519 2712/3536/1519 2711/3535/1519
f 2712/3536/1520 2714/9762/1520 2713/3537/1520
f 2713/3538/1521 2714/9763/1521 2716/3539/1521
f 2715/3541/1729 2716/9764/1729 2718/3542/1729
f 2694/3546/1523 2692/9765/1523 2690/9766/1523
f 2690/9766/2110 2720/9767/2110 2718/9768/2110
f 2718/9768/1523 2716/9769/1523 2714/9770/1523
f 2714/9770/1523 2712/9771/1523 2710/3544/1523
f 2710/3544/2111 2708/9772/2111 2706/9773/2111
f 2706/9773/1523 2704/9774/1523 2702/3545/1523
f 2702/3545/1523 2700/9760/1523 2698/3519/1523
f 2698/3519/1523 2696/9775/1523 2694/3546/1523
f 2694/3546/1523 2690/9766/1523 2718/9768/1523
f 2718/9768/1523 2714/9770/1523 2710/3544/1523
f 2710/3544/1523 2706/9773/1523 2702/3545/1523
f 2702/3545/1523 2698/3519/1523 2694/3546/1523
f 2694/3546/1523 2718/9768/1523 2710/3544/1523
f 2717/3543/1524 2718/3542/1524 2720/3547/1524
f 2719/3548/1730 2720/3547/1730 2690/3549/1730
f 2719/3552/1526 2689/9776/1526 2691/9777/1526
f 2691/9777/1526 2693/9778/1526 2695/9779/1526
f 2695/9779/1526 2697/9780/1526 2699/9781/1526
f 2699/9781/1526 2701/9782/1526 2703/3550/1526
f 2703/3550/1526 2705/9783/1526 2707/9784/1526
f 2707/9784/2112 2709/9785/2112 2711/3551/2112
f 2711/3551/1526 2713/3538/1526 2715/3540/1526
f 2715/3540/1526 2717/9786/1526 2719/3552/1526
f 2719/3552/1526 2691/9777/1526 2695/9779/1526
f 2695/9779/1526 2699/9781/1526 2703/3550/1526
f 2703/3550/1526 2707/9784/1526 2711/3551/1526
f 2711/3551/1526 2715/3540/1526 2719/3552/1526
f 2719/3552/1526 2695/9779/1526 2703/3550/1526
f 2721/3553/2113 2722/3590/2113 2724/3554/2113
f 2723/3555/1528 2724/3554/1528 2726/3556/1528
f 2725/3558/1529 2726/9787/1529 2728/3559/1529
f 2727/3560/1530 2728/3559/1530 2730/3561/1530
f 2729/3562/1531 2730/3561/1531 2732/3563/1531
f 2732/3563/1532 2734/3566/1532 2733/3565/1532
f 2734/3566/1533 2736/9788/1533 2735/3567/1533
f 2736/3568/1534 2738/3571/1534 2737/3569/1534
f 2738/3571/1535 2740/3573/1535 2739/3572/1535
f 2740/3573/1536 2742/9789/1536 2741/3574/1536
f 2742/3575/1537 2744/3578/1537 2743/3576/1537
f 2744/3578/1538 2746/3580/1538 2745/3579/1538
f 2746/3580/1539 2748/9790/1539 2747/3581/1539
f 2747/3581/1733 2748/9790/1733 2750/3582/1733
f 2726/3586/1541 2724/9791/1541 2722/9792/1541
f 2722/9792/1734 2752/9793/1734 2750/9794/1734
f 2750/9794/1734 2748/9795/1734 2746/9796/1734
f 2746/9796/1541 2744/9797/1541 2742/3584/1541
f 2742/3584/2114 2740/9798/2114 2738/9799/2114
f 2738/9799/2115 2736/9800/2115 2734/3585/2115
f 2734/3585/1734 2732/9801/1734 2730/9802/1734
f 2730/9802/1541 2728/9803/1541 2726/3586/1541
f 2726/3586/1734 2722/9792/1734 2750/9794/1734
f 2750/9794/1541 2746/9796/1541 2742/3584/1541
f 2742/3584/1541 2738/9799/1541 2734/3585/1541
f 2734/3585/1734 2730/9802/1734 2726/3586/1734
f 2726/3586/1734 2750/9794/1734 2742/3584/1734
f 2749/3583/1542 2750/3582/1542 2752/3587/1542
f 2751/3589/1543 2752/9804/1543 2722/3590/1543
f 2751/3593/2116 2721/9805/2116 2723/9806/2116
f 2723/9806/1544 2725/9807/1544 2727/9808/1544
f 2727/9808/1544 2729/9809/1544 2731/9810/1544
f 2731/9810/2116 2733/9811/2116 2735/3591/2116
f 2735/3591/1544 2737/9812/1544 2739/9813/1544
f 2739/9813/1544 2741/9814/1544 2743/3592/1544
f 2743/3592/2116 2745/9815/2116 2747/9816/2116
f 2747/9816/2116 2749/9817/2116 2751/3593/2116
f 2751/3593/2116 2723/9806/2116 2727/9808/2116
f 2727/9808/2116 2731/9810/2116 2735/3591/2116
f 2735/3591/1544 2739/9813/1544 2743/3592/1544
f 2743/3592/1544 2747/9816/1544 2751/3593/1544
f 2751/3593/2116 2727/9808/2116 2735/3591/2116
s 1
f 2753/3594/1545 2754/3631/1575 2756/3595/1546
f 2755/3597/1547 2756/9818/1546 2758/3598/1548
f 2757/3599/1549 2758/3598/1548 2760/3600/1550
f 2759/3601/1551 2760/3600/1550 2762/3602/1552
f 2761/3603/1553 2762/3602/1552 2764/3604/1554
f 2763/3606/1555 2764/9819/1554 2766/3607/1556
f 2765/3608/1557 2766/3607/1556 2768/3609/1558
f 2768/3609/1558 2770/3612/1561 2769/3611/1560
f 2770/3612/1561 2772/9820/1563 2771/3613/1562
f 2772/3614/1563 2774/3617/1565 2773/3615/1564
f 2774/3617/1565 2776/3619/1567 2775/3618/1566
f 2776/3619/1567 2778/3621/1569 2777/3620/1568
f 2778/3621/1569 2780/9821/1571 2779/3622/1570
f 2780/3623/1571 2782/3629/1573 2781/3624/1572
f 2758/3628/1548 2756/9822/1546 2754/9823/1575
f 2754/9823/1575 2784/9824/1743 2782/9825/1573
f 2782/9825/1573 2780/9826/1571 2778/9827/1569
f 2778/9827/1569 2776/9828/1567 2774/3626/1565
f 2774/3626/1565 2772/9829/1563 2770/9830/1561
f 2770/9830/1561 2768/9831/1558 2766/3627/1556
f 2766/3627/1556 2764/9832/1554 2762/9833/1552
f 2762/9833/1552 2760/9834/1550 2758/3628/1548
f 2758/3628/1548 2754/9823/1575 2782/9825/1573
f 2782/9825/1573 2778/9827/1569 2774/3626/1565
f 2774/3626/1565 2770/9830/1561 2766/3627/1556
f 2766/3627/1556 2762/9833/1552 2758/3628/1548
f 2758/3628/1548 2782/9825/1573 2774/3626/1565
f 2782/3629/1573 2784/9835/1743 2783/3630/1574
f 2783/3630/1574 2784/9835/1743 2754/3631/1575
f 2783/3634/1574 2753/9836/1545 2755/9837/1547
f 2755/9837/1547 2757/9838/1549 2759/9839/1551
f 2759/9839/1551 2761/9840/1553 2763/9841/1555
f 2763/9841/1555 2765/9842/1557 2767/3632/1559
f 2767/3632/1559 2769/9843/1560 2771/9844/1562
f 2771/9844/1562 2773/9845/1564 2775/3633/1566
f 2775/3633/1566 2777/9846/1568 2779/9847/1570
f 2779/9847/1570 2781/9848/1572 2783/3634/1574
f 2783/3634/1574 2755/9837/1547 2759/9839/1551
f 2759/9839/1551 2763/9841/1555 2767/3632/1559
f 2767/3632/1559 2771/9844/1562 2775/3633/1566
f 2775/3633/1566 2779/9847/1570 2783/3634/1574
f 2783/3634/1574 2759/9839/1551 2767/3632/1559
s 0
f 2785/3635/9 2787/9849/9 2788/3636/9
f 2787/3638/10 2789/3641/10 2790/3639/10
f 2789/3641/11 2791/3643/11 2792/3642/11
f 2791/3643/12 2793/9850/12 2794/3644/12
f 2795/3645/13 2796/3649/13 2794/3646/13
f 2797/3648/14 2798/3651/14 2796/3649/14
f 2799/3650/16 2800/3653/16 2798/3651/16
f 2801/3652/17 2802/3655/17 2800/3653/17
f 2803/3654/1 2804/9851/1 2802/3655/1
f 2805/3656/2 2806/3660/2 2804/3657/2
f 2807/3659/3 2808/3662/3 2806/3660/3
f 2809/3661/4 2810/9852/4 2808/3662/4
f 2809/3663/5 2811/3666/5 2812/3664/5
f 2811/3666/6 2813/3671/6 2814/3667/6
f 2786/3670/18 2788/9853/18 2790/9854/18
f 2790/9854/18 2792/9855/18 2794/9856/18
f 2794/9856/18 2796/9857/18 2798/9858/18
f 2798/9858/18 2800/9859/18 2802/3668/18
f 2802/3668/18 2804/9860/18 2806/9861/18
f 2806/9861/18 2808/9862/18 2810/3669/18
f 2810/3669/18 2812/9863/18 2814/9864/18
f 2814/9864/18 2816/9865/18 2786/3670/18
f 2786/3670/18 2790/9854/18 2794/9856/18
f 2794/9856/18 2798/9858/18 2802/3668/18
f 2802/3668/18 2806/9861/18 2810/3669/18
f 2810/3669/18 2814/9864/18 2786/3670/18
f 2786/3670/18 2794/9856/18 2802/3668/18
f 2813/3671/7 2815/3673/7 2816/3672/7
f 2815/3673/8 2785/3635/8 2786/3637/8
f 2787/3676/15 2785/9866/15 2815/9867/15
f 2815/9867/15 2813/9868/15 2811/9869/15
f 2811/9869/15 2809/9870/15 2807/9871/15
f 2807/9871/15 2805/9872/15 2803/3674/15
f 2803/3674/15 2801/9873/15 2799/9874/15
f 2799/9874/15 2797/9875/15 2795/3675/15
f 2795/3675/15 2793/9876/15 2791/9877/15
f 2791/9877/15 2789/9878/15 2787/3676/15
f 2787/3676/15 2815/9867/15 2811/9869/15
f 2811/9869/15 2807/9871/15 2803/3674/15
f 2803/3674/15 2799/9874/15 2795/3675/15
f 2795/3675/15 2791/9877/15 2787/3676/15
f 2787/3676/15 2811/9869/15 2803/3674/15
f 2819/3677/27 2820/3680/27 2818/3678/27
f 2821/3679/28 2822/3682/28 2820/3680/28
f 2823/3681/29 2824/3684/29 2822/3682/29
f 2825/3683/30 2826/9879/30 2824/3684/30
f 2825/3685/31 2827/3688/31 2828/3686/31
f 2827/3688/32 2829/3690/32 2830/3689/32
f 2829/3690/34 2831/3692/34 2832/3691/34
f 2831/3692/35 2833/9880/35 2834/3693/35
f 2833/3694/19 2835/3697/19 2836/3695/19
f 2835/3697/20 2837/3699/20 2838/3698/20
f 2837/3699/21 2839/3701/21 2840/3700/21
f 2839/3701/22 2841/9881/22 2842/3702/22
f 2843/3703/23 2844/3707/23 2842/3704/23
f 2845/3706/24 2846/3712/24 2844/3707/24
f 2818/3710/36 2820/9882/36 2822/9883/36
f 2822/9883/36 2824/9884/36 2826/9885/36
f 2826/9885/36 2828/9886/36 2830/9887/36
f 2830/9887/36 2832/9888/36 2834/3708/36
f 2834/3708/36 2836/9889/36 2838/9890/36
f 2838/9890/36 2840/9891/36 2842/3709/36
f 2842/3709/36 2844/9892/36 2846/9893/36
f 2846/9893/36 2848/9894/36 2818/3710/36
f 2818/3710/36 2822/9883/36 2826/9885/36
f 2826/9885/36 2830/9887/36 2834/3708/36
f 2834/3708/36 2838/9890/36 2842/3709/36
f 2842/3709/36 2846/9893/36 2818/3710/36
f 2818/3710/36 2826/9885/36 2834/3708/36
f 2847/3711/25 2848/3714/25 2846/3712/25
f 2817/3713/26 2818/9895/26 2848/3714/26
f 2819/3717/33 2817/9896/33 2847/9897/33
f 2847/9897/33 2845/9898/33 2843/9899/33
f 2843/9899/33 2841/9900/33 2839/9901/33
f 2839/9901/33 2837/9902/33 2835/3715/33
f 2835/3715/1751 2833/9903/1751 2831/9904/1751
f 2831/9904/33 2829/9905/33 2827/3716/33
f 2827/3716/33 2825/9906/33 2823/9907/33
f 2823/9907/33 2821/9908/33 2819/3717/33
f 2819/3717/33 2847/9897/33 2843/9899/33
f 2843/9899/33 2839/9901/33 2835/3715/33
f 2835/3715/33 2831/9904/33 2827/3716/33
f 2827/3716/33 2823/9907/33 2819/3717/33
f 2819/3717/33 2843/9899/33 2835/3715/33
f 2851/3718/53 2852/9909/53 2850/3719/53
f 2853/3721/54 2854/3725/54 2852/3722/54
f 2855/3724/55 2856/3727/55 2854/3725/55
f 2857/3726/56 2858/3729/56 2856/3727/56
f 2859/3728/57 2860/3731/57 2858/3729/57
f 2861/3730/58 2862/3733/58 2860/3731/58
f 2863/3732/59 2864/3735/59 2862/3733/59
f 2865/3734/60 2866/3737/60 2864/3735/60
f 2865/3734/61 2867/9910/61 2868/3736/61
f 2867/3738/62 2869/3741/62 2870/3739/62
f 2869/3741/63 2871/3743/63 2872/3742/63
f 2871/3743/64 2873/3745/64 2874/3744/64
f 2873/3745/65 2875/3747/65 2876/3746/65
f 2875/3747/66 2877/3749/66 2878/3748/66
f 2877/3749/67 2879/3751/67 2880/3750/67
f 2879/3751/68 2881/3753/68 2882/3752/68
f 2881/3753/37 2883/9911/37 2884/3754/37
f 2883/3755/38 2885/3758/38 2886/3756/38
f 2885/3758/39 2887/3760/39 2888/3759/39
f 2887/3760/40 2889/3762/40 2890/3761/40
f 2889/3762/41 2891/3764/41 2892/3763/41
f 2891/3764/42 2893/3766/42 2894/3765/42
f 2893/3766/43 2895/3768/43 2896/3767/43
f 2895/3768/44 2897/3771/44 2898/3769/44
f 2899/3770/1577 2900/9912/1577 2898/3769/1577
f 2901/3772/1578 2902/3776/1578 2900/3773/1578
f 2903/3775/1579 2904/3778/1579 2902/3776/1579
f 2905/3777/2117 2906/3780/2117 2904/3778/2117
f 2907/3779/49 2908/3782/49 2906/3780/49
f 2909/3781/50 2910/3787/50 2908/3782/50
f 2850/3785/1750 2852/9913/1750 2854/9914/1750
f 2854/9914/36 2856/9915/36 2858/9916/36
f 2858/9916/36 2860/9917/36 2862/9918/36
f 2862/9918/1750 2864/9919/1750 2866/9920/1750
f 2866/9920/1750 2868/9921/1750 2870/9922/1750
f 2870/9922/1754 2872/9923/1754 2874/9924/1754
f 2874/9924/36 2876/9925/36 2878/9926/36
f 2878/9926/36 2880/9927/36 2882/3783/36
f 2882/3783/36 2884/9928/36 2886/9929/36
f 2886/9929/36 2888/9930/36 2890/9931/36
f 2890/9931/36 2892/9932/36 2894/9933/36
f 2894/9933/1750 2896/9934/1750 2898/3784/1750
f 2898/3784/36 2900/9935/36 2902/9936/36
f 2902/9936/1754 2904/9937/1754 2906/9938/1754
f 2906/9938/36 2908/9939/36 2910/9940/36
f 2910/9940/36 2912/9941/36 2850/3785/36
f 2850/3785/36 2854/9914/36 2858/9916/36
f 2858/9916/36 2862/9918/36 2866/9920/36
f 2866/9920/36 2870/9922/36 2874/9924/36
f 2874/9924/36 2878/9926/36 2882/3783/36
f 2882/3783/36 2886/9929/36 2890/9931/36
f 2890/9931/36 2894/9933/36 2898/3784/36
f 2898/3784/36 2902/9936/36 2906/9938/36
f 2906/9938/36 2910/9940/36 2850/3785/36
f 2850/3785/36 2858/9916/36 2866/9920/36
f 2866/9920/36 2874/9924/36 2882/3783/36
f 2882/3783/36 2890/9931/36 2898/3784/36
f 2898/3784/36 2906/9938/36 2850/3785/36
f 2850/3785/36 2866/9920/36 2882/3783/36
f 2911/3786/51 2912/3788/51 2910/3787/51
f 2849/3720/52 2850/3719/52 2912/3788/52
f 2851/3791/33 2849/9942/33 2911/9943/33
f 2911/9943/33 2909/9944/33 2907/9945/33
f 2907/9945/33 2905/9946/33 2903/9947/33
f 2903/9947/33 2901/9948/33 2899/9949/33
f 2899/9949/33 2897/9950/33 2895/9951/33
f 2895/9951/33 2893/9952/33 2891/9953/33
f 2891/9953/33 2889/9954/33 2887/9955/33
f 2887/9955/33 2885/9956/33 2883/3789/33
f 2883/3789/33 2881/9957/33 2879/9958/33
f 2879/9958/33 2877/9959/33 2875/9960/33
f 2875/9960/1753 2873/9961/1753 2871/9962/1753
f 2871/9962/33 2869/9963/33 2867/3790/33
f 2867/3790/33 2865/9964/33 2863/9965/33
f 2863/9965/1751 2861/9966/1751 2859/9967/1751
f 2859/9967/1751 2857/9968/1751 2855/9969/1751
f 2855/9969/33 2853/9970/33 2851/3791/33
f 2851/3791/33 2911/9943/33 2907/9945/33
f 2907/9945/33 2903/9947/33 2899/9949/33
f 2899/9949/1751 2895/9951/1751 2891/9953/1751
f 2891/9953/33 2887/9955/33 2883/3789/33
f 2883/3789/33 2879/9958/33 2875/9960/33
f 2875/9960/33 2871/9962/33 2867/3790/33
f 2867/3790/33 2863/9965/33 2859/9967/33
f 2859/9967/33 2855/9969/33 2851/3791/33
f 2851/3791/33 2907/9945/33 2899/9949/33
f 2899/9949/33 2891/9953/33 2883/3789/33
f 2883/3789/33 2875/9960/33 2867/3790/33
f 2867/3790/33 2859/9967/33 2851/3791/33
f 2851/3791/33 2899/9949/33 2883/3789/33
f 2915/3792/77 2916/9971/77 2914/3793/77
f 2915/3795/78 2917/3798/78 2918/3796/78
f 2917/3798/79 2919/3800/79 2920/3799/79
f 2919/3800/80 2921/3802/80 2922/3801/80
f 2921/3802/81 2923/9972/81 2924/3803/81
f 2923/3804/82 2925/3807/82 2926/3805/82
f 2925/3807/84 2927/3809/84 2928/3808/84
f 2927/3809/85 2929/9973/85 2930/3810/85
f 2929/3811/69 2931/9974/69 2932/3812/69
f 2933/3814/70 2934/3818/70 2932/3815/70
f 2935/3817/71 2936/3820/71 2934/3818/71
f 2937/3819/72 2938/3822/72 2936/3820/72
f 2939/3821/73 2940/9975/73 2938/3822/73
f 2941/3823/74 2942/3829/74 2940/3824/74
f 2914/3827/86 2916/9976/86 2918/9977/86
f 2918/9977/86 2920/9978/86 2922/9979/86
f 2922/9979/86 2924/9980/86 2926/9981/86
f 2926/9981/86 2928/9982/86 2930/3813/86
f 2930/3813/86 2932/3812/86 2934/9983/86
f 2934/9983/86 2936/9984/86 2938/3826/86
f 2938/3826/86 2940/9985/86 2942/9986/86
f 2942/9986/86 2944/9987/86 2914/3827/86
f 2914/3827/86 2918/9977/86 2922/9979/86
f 2922/9979/86 2926/9981/86 2930/3813/86
f 2930/3813/86 2934/9983/86 2938/3826/86
f 2938/3826/86 2942/9986/86 2914/3827/86
f 2914/3827/86 2922/9979/86 2930/3813/86
f 2943/3828/75 2944/3831/75 2942/3829/75
f 2913/3830/76 2914/9988/76 2944/3831/76
f 2915/3792/83 2913/3794/83 2943/9989/83
f 2943/9989/83 2941/9990/83 2939/9991/83
f 2939/9991/83 2937/9992/83 2935/9993/83
f 2935/9993/83 2933/9994/83 2931/3832/83
f 2931/3832/83 2929/9995/83 2927/9996/83
f 2927/9996/83 2925/9997/83 2923/3833/83
f 2923/3833/83 2921/9998/83 2919/9999/83
f 2919/9999/83 2917/10000/83 2915/3792/83
f 2915/3792/83 2943/9989/83 2939/9991/83
f 2939/9991/83 2935/9993/83 2931/3832/83
f 2931/3832/83 2927/9996/83 2923/3833/83
f 2923/3833/83 2919/9999/83 2915/3792/83
f 2915/3792/83 2939/9991/83 2931/3832/83
f 2947/3834/95 2948/10001/95 2946/3835/95
f 2949/3837/96 2950/3841/96 2948/3838/96
f 2951/3840/97 2952/3843/97 2950/3841/97
f 2953/3842/98 2954/10002/98 2952/3843/98
f 2953/3844/99 2955/3847/99 2956/3845/99
f 2955/3847/100 2957/3849/100 2958/3848/100
f 2957/3849/102 2959/3851/102 2960/3850/102
f 2959/3851/103 2961/3853/103 2962/3852/103
f 2961/3853/87 2963/10003/87 2964/3854/87
f 2963/3855/88 2965/3858/88 2966/3856/88
f 2965/3858/89 2967/3860/89 2968/3859/89
f 2967/3860/90 2969/10004/90 2970/3861/90
f 2971/3862/91 2972/3866/91 2970/3863/91
f 2973/3865/92 2974/3871/92 2972/3866/92
f 2946/3869/104 2948/10005/104 2950/10006/104
f 2950/10006/2118 2952/10007/2118 2954/10008/2118
f 2954/10008/2119 2956/10009/2119 2958/10010/2119
f 2958/10010/104 2960/10011/104 2962/3867/104
f 2962/3867/104 2964/10012/104 2966/10013/104
f 2966/10013/104 2968/10014/104 2970/3868/104
f 2970/3868/2119 2972/10015/2119 2974/10016/2119
f 2974/10016/104 2976/10017/104 2946/3869/104
f 2946/3869/104 2950/10006/104 2954/10008/104
f 2954/10008/104 2958/10010/104 2962/3867/104
f 2962/3867/104 2966/10013/104 2970/3868/104
f 2970/3868/104 2974/10016/104 2946/3869/104
f 2946/3869/104 2954/10008/104 2962/3867/104
f 2975/3870/93 2976/3872/93 2974/3871/93
f 2945/3836/94 2946/3835/94 2976/3872/94
f 2947/3875/101 2945/10018/101 2975/10019/101
f 2975/10019/101 2973/10020/101 2971/10021/101
f 2971/10021/101 2969/10022/101 2967/10023/101
f 2967/10023/101 2965/10024/101 2963/3873/101
f 2963/3873/101 2961/10025/101 2959/10026/101
f 2959/10026/101 2957/10027/101 2955/3874/101
f 2955/3874/101 2953/10028/101 2951/10029/101
f 2951/10029/101 2949/10030/101 2947/3875/101
f 2947/3875/101 2975/10019/101 2971/10021/101
f 2971/10021/101 2967/10023/101 2963/3873/101
f 2963/3873/101 2959/10026/101 2955/3874/101
f 2955/3874/101 2951/10029/101 2947/3875/101
f 2947/3875/101 2971/10021/101 2963/3873/101
f 2979/3876/113 2980/10031/113 2978/3877/113
f 2981/3879/114 2982/3883/114 2980/3880/114
f 2983/3882/115 2984/3885/115 2982/3883/115
f 2985/3884/116 2986/10032/116 2984/3885/116
f 2987/3886/1581 2988/3890/1581 2986/3887/1581
f 2989/3889/118 2990/3892/118 2988/3890/118
f 2991/3891/120 2992/3894/120 2990/3892/120
f 2993/3893/121 2994/3896/121 2992/3894/121
f 2993/3893/105 2995/10033/105 2996/3895/105
f 2995/3897/106 2997/3900/106 2998/3898/106
f 2997/3900/107 2999/3902/107 3000/3901/107
f 2999/3902/108 3001/10034/108 3002/3903/108
f 3001/3904/1757 3003/3907/1757 3004/3905/1757
f 3003/3907/110 3005/3912/110 3006/3908/110
f 2978/3911/122 2980/10035/122 2982/10036/122
f 2982/10036/122 2984/10037/122 2986/10038/122
f 2986/10038/122 2988/10039/122 2990/10040/122
f 2990/10040/1763 2992/10041/1763 2994/3909/1763
f 2994/3909/1762 2996/10042/1762 2998/10043/1762
f 2998/10043/1763 3000/10044/1763 3002/3910/1763
f 3002/3910/1763 3004/10045/1763 3006/10046/1763
f 3006/10046/122 3008/10047/122 2978/3911/122
f 2978/3911/122 2982/10036/122 2986/10038/122
f 2986/10038/122 2990/10040/122 2994/3909/122
f 2994/3909/122 2998/10043/122 3002/3910/122
f 3002/3910/122 3006/10046/122 2978/3911/122
f 2978/3911/122 2986/10038/122 2994/3909/122
f 3005/3912/111 3007/3914/111 3008/3913/111
f 3007/3914/112 2977/3878/112 2978/3877/112
f 2979/3917/1758 2977/10048/1758 3007/10049/1758
f 3007/10049/1758 3005/10050/1758 3003/10051/1758
f 3003/10051/1758 3001/10052/1758 2999/10053/1758
f 2999/10053/1759 2997/10054/1759 2995/3915/1759
f 2995/3915/1759 2993/10055/1759 2991/10056/1759
f 2991/10056/119 2989/10057/119 2987/3916/119
f 2987/3916/1760 2985/10058/1760 2983/10059/1760
f 2983/10059/119 2981/10060/119 2979/3917/119
f 2979/3917/1758 3007/10049/1758 3003/10051/1758
f 3003/10051/119 2999/10053/119 2995/3915/119
f 2995/3915/119 2991/10056/119 2987/3916/119
f 2987/3916/119 2983/10059/119 2979/3917/119
f 2979/3917/119 3003/10051/119 2995/3915/119
f 3009/3918/1584 3011/3921/1584 3012/3919/1584
f 3011/3921/132 3013/3923/132 3014/3922/132
f 3013/3923/133 3015/3925/133 3016/3924/133
f 3015/3925/134 3017/3927/134 3018/3926/134
f 3017/3927/135 3019/10061/135 3020/3928/135
f 3019/3929/2120 3021/3932/2120 3022/3930/2120
f 3021/3932/138 3023/3934/138 3024/3933/138
f 3023/3934/2121 3025/10062/2121 3026/3935/2121
f 3027/3936/123 3028/3940/123 3026/3937/123
f 3029/3939/124 3030/3942/124 3028/3940/124
f 3031/3941/125 3032/3944/125 3030/3942/125
f 3033/3943/126 3034/3946/126 3032/3944/126
f 3035/3945/1764 3036/10063/1764 3034/3946/1764
f 3037/3947/128 3038/3954/128 3036/3948/128
f 3010/3952/140 3012/10064/140 3014/10065/140
f 3014/10065/1767 3016/10066/1767 3018/10067/1767
f 3018/10067/140 3020/10068/140 3022/10069/140
f 3022/10069/140 3024/10070/140 3026/3950/140
f 3026/3950/140 3028/10071/140 3030/10072/140
f 3030/10072/140 3032/10073/140 3034/3951/140
f 3034/3951/140 3036/10074/140 3038/10075/140
f 3038/10075/140 3040/10076/140 3010/3952/140
f 3010/3952/140 3014/10065/140 3018/10067/140
f 3018/10067/140 3022/10069/140 3026/3950/140
f 3026/3950/140 3030/10072/140 3034/3951/140
f 3034/3951/140 3038/10075/140 3010/3952/140
f 3010/3952/140 3018/10067/140 3026/3950/140
f 3039/3953/129 3040/3956/129 3038/3954/129
f 3009/3955/130 3010/10077/130 3040/3956/130
f 3011/3959/137 3009/10078/137 3039/10079/137
f 3039/10079/137 3037/10080/137 3035/10081/137
f 3035/10081/137 3033/10082/137 3031/10083/137
f 3031/10083/1766 3029/10084/1766 3027/3957/1766
f 3027/3957/2122 3025/10085/2122 3023/10086/2122
f 3023/10086/137 3021/10087/137 3019/3958/137
f 3019/3958/137 3017/10088/137 3015/10089/137
f 3015/10089/1766 3013/10090/1766 3011/3959/1766
f 3011/3959/137 3039/10079/137 3035/10081/137
f 3035/10081/137 3031/10083/137 3027/3957/137
f 3027/3957/137 3023/10086/137 3019/3958/137
f 3019/3958/137 3015/10089/137 3011/3959/137
f 3011/3959/137 3035/10081/137 3027/3957/137
f 3043/3960/149 3044/3964/149 3042/3961/149
f 3045/3963/150 3046/3966/150 3044/3964/150
f 3047/3965/151 3048/3968/151 3046/3966/151
f 3047/3965/152 3049/10091/152 3050/3967/152
f 3049/3969/153 3051/3972/153 3052/3970/153
f 3051/3972/154 3053/3974/154 3054/3973/154
f 3053/3974/2123 3055/3976/2123 3056/3975/2123
f 3055/3976/157 3057/10092/157 3058/3977/157
f 3057/3978/141 3059/3981/141 3060/3979/141
f 3059/3981/142 3061/3983/142 3062/3982/142
f 3061/3983/143 3063/3986/143 3064/3984/143
f 3065/3985/144 3066/3992/144 3064/3984/144
f 3067/3987/145 3068/3991/145 3066/3988/145
f 3069/3990/146 3070/3995/146 3068/3991/146
f 3042/3993/2124 3044/10093/2124 3046/10094/2124
f 3046/10094/1588 3048/10095/1588 3050/10096/1588
f 3050/10096/1588 3052/10097/1588 3054/10098/1588
f 3054/10098/158 3056/10099/158 3058/3980/158
f 3058/3980/158 3060/3979/158 3062/3982/158
f 3062/3982/2125 3064/3984/2125 3066/3992/2125
f 3066/3992/158 3068/10100/158 3070/10101/158
f 3070/10101/158 3072/10102/158 3042/3993/158
f 3042/3993/1588 3046/10094/1588 3050/10096/1588
f 3050/10096/1588 3054/10098/1588 3058/3980/1588
f 3058/3980/1588 3062/3982/1588 3066/3992/1588
f 3066/3992/158 3070/10101/158 3042/3993/158
f 3042/3993/158 3050/10096/158 3058/3980/158
f 3071/3994/1769 3072/3997/1769 3070/3995/1769
f 3041/3996/148 3042/10103/148 3072/3997/148
f 3043/3960/1773 3041/3962/1773 3071/10104/1773
f 3071/10104/155 3069/10105/155 3067/10106/155
f 3067/10106/155 3065/10107/155 3063/10108/155
f 3063/10108/155 3061/10109/155 3059/3998/155
f 3059/3998/1771 3057/10110/1771 3055/10111/1771
f 3055/10111/1771 3053/10112/1771 3051/3999/1771
f 3051/3999/155 3049/10091/155 3047/3965/155
f 3047/3965/1771 3045/3963/1771 3043/3960/1771
f 3043/3960/155 3071/10104/155 3067/10106/155
f 3067/10106/155 3063/10108/155 3059/3998/155
f 3059/3998/1771 3055/10111/1771 3051/3999/1771
f 3051/3999/155 3047/3965/155 3043/3960/155
f 3043/3960/155 3067/10106/155 3059/3998/155
f 3075/4000/167 3076/4004/167 3074/4001/167
f 3077/4003/168 3078/4006/168 3076/4004/168
f 3079/4005/169 3080/4008/169 3078/4006/169
f 3081/4007/170 3082/10113/170 3080/4008/170
f 3083/4009/1591 3084/4013/1591 3082/4010/1591
f 3083/4009/172 3085/10114/172 3086/4012/172
f 3085/4014/174 3087/4017/174 3088/4015/174
f 3087/4017/175 3089/10115/175 3090/4018/175
f 3089/4019/159 3091/4022/159 3092/4020/159
f 3091/4022/160 3093/4024/160 3094/4023/160
f 3093/4024/161 3095/4026/161 3096/4025/161
f 3095/4026/162 3097/10116/162 3098/4027/162
f 3097/4028/163 3099/4032/163 3100/4029/163
f 3101/4031/164 3102/10117/164 3100/4029/164
f 3074/4034/1777 3076/10118/1777 3078/10119/1777
f 3078/10119/176 3080/10120/176 3082/10121/176
f 3082/10121/1777 3084/10122/1777 3086/10123/1777
f 3086/10123/1777 3088/10124/1777 3090/4033/1777
f 3090/4033/1777 3092/10125/1777 3094/10126/1777
f 3094/10126/2126 3096/10127/2126 3098/4030/2126
f 3098/4030/176 3100/4029/176 3102/10117/176
f 3102/10117/176 3104/10128/176 3074/4034/176
f 3074/4034/176 3078/10119/176 3082/10121/176
f 3082/10121/176 3086/10123/176 3090/4033/176
f 3090/4033/176 3094/10126/176 3098/4030/176
f 3098/4030/1777 3102/10117/1777 3074/4034/1777
f 3074/4034/176 3082/10121/176 3090/4033/176
f 3103/4035/165 3104/4039/165 3102/4036/165
f 3073/4038/166 3074/10129/166 3104/4039/166
f 3075/4041/173 3073/10130/173 3103/10131/173
f 3103/10131/173 3101/10132/173 3099/10133/173
f 3099/10133/173 3097/10134/173 3095/10135/173
f 3095/10135/2127 3093/10136/2127 3091/4040/2127
f 3091/4040/1776 3089/10137/1776 3087/10138/1776
f 3087/10138/173 3085/10114/173 3083/4009/173
f 3083/4009/1776 3081/4011/1776 3079/10139/1776
f 3079/10139/173 3077/10140/173 3075/4041/173
f 3075/4041/173 3103/10131/173 3099/10133/173
f 3099/10133/173 3095/10135/173 3091/4040/173
f 3091/4040/173 3087/10138/173 3083/4009/173
f 3083/4009/1776 3079/10139/1776 3075/4041/1776
f 3075/4041/173 3099/10133/173 3091/4040/173
f 3105/4042/185 3107/4045/185 3108/4043/185
f 3107/4045/186 3109/4047/186 3110/4046/186
f 3109/4047/187 3111/4049/187 3112/4048/187
f 3111/4049/188 3113/10141/188 3114/4050/188
f 3113/4051/189 3115/10142/189 3116/4052/189
f 3115/4054/190 3117/4058/190 3118/4055/190
f 3119/4057/192 3120/4060/192 3118/4055/192
f 3121/4059/193 3122/10143/193 3120/4060/193
f 3123/4061/177 3124/4065/177 3122/4062/177
f 3125/4064/178 3126/4067/178 3124/4065/178
f 3127/4066/179 3128/4069/179 3126/4067/179
f 3129/4068/180 3130/10144/180 3128/4069/180
f 3131/4070/181 3132/10145/181 3130/4071/181
f 3133/4073/182 3134/4080/182 3132/4074/182
f 3106/4078/2128 3108/10146/2128 3110/10147/2128
f 3110/10147/2128 3112/10148/2128 3114/4053/2128
f 3114/4053/194 3116/4052/194 3118/10149/194
f 3118/10149/194 3120/10150/194 3122/4076/194
f 3122/4076/194 3124/10151/194 3126/10152/194
f 3126/10152/194 3128/10153/194 3130/4077/194
f 3130/4077/194 3132/10154/194 3134/10155/194
f 3134/10155/194 3136/10156/194 3106/4078/194
f 3106/4078/194 3110/10147/194 3114/4053/194
f 3114/4053/194 3118/10149/194 3122/4076/194
f 3122/4076/194 3126/10152/194 3130/4077/194
f 3130/4077/194 3134/10155/194 3106/4078/194
f 3106/4078/194 3114/4053/194 3122/4076/194
f 3133/4073/183 3135/4081/183 3136/4079/183
f 3135/4081/184 3105/10157/184 3106/4082/184
f 3107/4085/191 3105/10158/191 3135/10159/191
f 3135/10159/191 3133/10160/191 3131/4070/191
f 3131/4070/2129 3129/4072/2129 3127/10161/2129
f 3127/10161/2129 3125/10162/2129 3123/4083/2129
f 3123/4083/191 3121/10163/191 3119/10164/191
f 3119/10164/191 3117/10165/191 3115/4084/191
f 3115/4084/191 3113/10166/191 3111/10167/191
f 3111/10167/191 3109/10168/191 3107/4085/191
f 3107/4085/191 3135/10159/191 3131/4070/191
f 3131/4070/191 3127/10161/191 3123/4083/191
f 3123/4083/191 3119/10164/191 3115/4084/191
f 3115/4084/191 3111/10167/191 3107/4085/191
f 3107/4085/191 3131/4070/191 3123/4083/191
f 3139/4086/203 3140/4090/203 3138/4087/203
f 3139/4086/204 3141/4091/204 3142/4089/204
f 3141/4091/205 3143/4093/205 3144/4092/205
f 3143/4093/206 3145/4095/206 3146/4094/206
f 3145/4095/207 3147/10169/207 3148/4096/207
f 3147/4097/208 3149/4100/208 3150/4098/208
f 3149/4100/210 3151/4102/210 3152/4101/210
f 3151/4102/211 3153/10170/211 3154/4103/211
f 3153/4104/195 3155/4108/195 3156/4105/195
f 3157/4107/196 3158/4110/196 3156/4105/196
f 3159/4109/197 3160/4112/197 3158/4110/197
f 3161/4111/198 3162/4114/198 3160/4112/198
f 3163/4113/1593 3164/10171/1593 3162/4114/1593
f 3165/4115/200 3166/4122/200 3164/4116/200
f 3138/4120/212 3140/10172/212 3142/10173/212
f 3142/10173/212 3144/10174/212 3146/10175/212
f 3146/10175/212 3148/10176/212 3150/10177/212
f 3150/10177/212 3152/10178/212 3154/4118/212
f 3154/4118/212 3156/10179/212 3158/10180/212
f 3158/10180/212 3160/10181/212 3162/4119/212
f 3162/4119/212 3164/10182/212 3166/10183/212
f 3166/10183/1780 3168/10184/1780 3138/4120/1780
f 3138/4120/212 3142/10173/212 3146/10175/212
f 3146/10175/212 3150/10177/212 3154/4118/212
f 3154/4118/1780 3158/10180/1780 3162/4119/1780
f 3162/4119/212 3166/10183/212 3138/4120/212
f 3138/4120/212 3146/10175/212 3154/4118/212
f 3167/4121/201 3168/4124/201 3166/4122/201
f 3137/4123/202 3138/10185/202 3168/4124/202
f 3139/4127/1779 3137/10186/1779 3167/10187/1779
f 3167/10187/209 3165/10188/209 3163/10189/209
f 3163/10189/209 3161/10190/209 3159/10191/209
f 3159/10191/209 3157/10192/209 3155/4125/209
f 3155/4125/209 3153/10193/209 3151/10194/209
f 3151/10194/209 3149/10195/209 3147/4126/209
f 3147/4126/209 3145/10196/209 3143/10197/209
f 3143/10197/1779 3141/10198/1779 3139/4127/1779
f 3139/4127/209 3167/10187/209 3163/10189/209
f 3163/10189/209 3159/10191/209 3155/4125/209
f 3155/4125/209 3151/10194/209 3147/4126/209
f 3147/4126/209 3143/10197/209 3139/4127/209
f 3139/4127/209 3163/10189/209 3155/4125/209
f 3169/4128/221 3171/10199/221 3172/4129/221
f 3173/4131/222 3174/4135/222 3172/4132/222
f 3175/4134/223 3176/4137/223 3174/4135/223
f 3177/4136/224 3178/10200/224 3176/4137/224
f 3179/4138/1594 3180/4142/1594 3178/4139/1594
f 3181/4141/226 3182/4144/226 3180/4142/226
f 3183/4143/228 3184/4146/228 3182/4144/228
f 3185/4145/229 3186/4148/229 3184/4146/229
f 3187/4147/213 3188/10201/213 3186/4148/213
f 3187/4149/214 3189/4152/214 3190/4150/214
f 3189/4152/215 3191/4154/215 3192/4153/215
f 3191/4154/216 3193/10202/216 3194/4155/216
f 3193/4156/217 3195/4159/217 3196/4157/217
f 3195/4159/218 3197/4164/218 3198/4160/218
f 3170/4163/230 3172/10203/230 3174/10204/230
f 3174/10204/2130 3176/10205/2130 3178/10206/2130
f 3178/10206/2131 3180/10207/2131 3182/10208/2131
f 3182/10208/2132 3184/10209/2132 3186/4161/2132
f 3186/4161/230 3188/10210/230 3190/10211/230
f 3190/10211/2132 3192/10212/2132 3194/4162/2132
f 3194/4162/230 3196/10213/230 3198/10214/230
f 3198/10214/230 3200/10215/230 3170/4163/230
f 3170/4163/230 3174/10204/230 3178/10206/230
f 3178/10206/230 3182/10208/230 3186/4161/230
f 3186/4161/230 3190/10211/230 3194/4162/230
f 3194/4162/230 3198/10214/230 3170/4163/230
f 3170/4163/230 3178/10206/230 3186/4161/230
f 3197/4164/219 3199/4166/219 3200/4165/219
f 3199/4166/220 3169/4128/220 3170/4130/220
f 3171/4169/227 3169/10216/227 3199/10217/227
f 3199/10217/227 3197/10218/227 3195/10219/227
f 3195/10219/1782 3193/10220/1782 3191/10221/1782
f 3191/10221/1784 3189/10222/1784 3187/4167/1784
f 3187/4167/227 3185/10223/227 3183/10224/227
f 3183/10224/227 3181/10225/227 3179/4168/227
f 3179/4168/227 3177/10226/227 3175/10227/227
f 3175/10227/1782 3173/10228/1782 3171/4169/1782
f 3171/4169/227 3199/10217/227 3195/10219/227
f 3195/10219/227 3191/10221/227 3187/4167/227
f 3187/4167/227 3183/10224/227 3179/4168/227
f 3179/4168/227 3175/10227/227 3171/4169/227
f 3171/4169/227 3195/10219/227 3187/4167/227
f 3201/4170/1789 3203/10229/1789 3204/4171/1789
f 3203/4173/240 3205/10230/240 3206/4174/240
f 3205/4176/2133 3207/4179/2133 3208/4177/2133
f 3207/4179/242 3209/4182/242 3210/4180/242
f 3211/4181/243 3212/4184/243 3210/4180/243
f 3213/4183/244 3214/10231/244 3212/4184/244
f 3215/4185/246 3216/4189/246 3214/4186/246
f 3217/4188/247 3218/4191/247 3216/4189/247
f 3219/4190/231 3220/10232/231 3218/4191/231
f 3221/4192/232 3222/10233/232 3220/4193/232
f 3223/4195/233 3224/4199/233 3222/4196/233
f 3225/4198/234 3226/4201/234 3224/4199/234
f 3225/4198/235 3227/4202/235 3228/4200/235
f 3227/4202/1598 3229/10234/1598 3230/4203/1598
f 3202/4206/1793 3204/10235/1793 3206/10236/1793
f 3206/10236/2134 3208/10237/2134 3210/10238/2134
f 3210/10238/248 3212/10239/248 3214/10240/248
f 3214/10240/248 3216/10241/248 3218/4204/248
f 3218/4204/248 3220/4193/248 3222/10233/248
f 3222/10233/2135 3224/10242/2135 3226/4205/2135
f 3226/4205/248 3228/10243/248 3230/10244/248
f 3230/10244/2136 3232/10245/2136 3202/4206/2136
f 3202/4206/248 3206/10236/248 3210/10238/248
f 3210/10238/248 3214/10240/248 3218/4204/248
f 3218/4204/248 3222/10233/248 3226/4205/248
f 3226/4205/248 3230/10244/248 3202/4206/248
f 3202/4206/248 3210/10238/248 3218/4204/248
f 3229/4207/237 3231/4210/237 3232/4208/237
f 3231/4210/238 3201/4170/238 3202/4172/238
f 3203/4173/2137 3201/10246/2137 3231/10247/2137
f 3231/10247/245 3229/10248/245 3227/10249/245
f 3227/10249/245 3225/10250/245 3223/10251/245
f 3223/10251/2138 3221/10252/2138 3219/4211/2138
f 3219/4211/245 3217/10253/245 3215/10254/245
f 3215/10254/245 3213/10255/245 3211/4212/245
f 3211/4212/245 3209/10256/245 3207/10257/245
f 3207/10257/2138 3205/10230/2138 3203/4173/2138
f 3203/4173/245 3231/10247/245 3227/10249/245
f 3227/10249/245 3223/10251/245 3219/4211/245
f 3219/4211/245 3215/10254/245 3211/4212/245
f 3211/4212/245 3207/10257/245 3203/4173/245
f 3203/4173/245 3227/10249/245 3219/4211/245
f 3233/4213/257 3235/10258/257 3236/4214/257
f 3235/4216/258 3237/4219/258 3238/4217/258
f 3237/4219/259 3239/4221/259 3240/4220/259
f 3239/4221/260 3241/10259/260 3242/4222/260
f 3241/4223/261 3243/4226/261 3244/4224/261
f 3243/4226/262 3245/4228/262 3246/4227/262
f 3245/4228/264 3247/4231/264 3248/4229/264
f 3249/4230/265 3250/4233/265 3248/4229/265
f 3251/4232/249 3252/10260/249 3250/4233/249
f 3253/4234/250 3254/4238/250 3252/4235/250
f 3255/4237/251 3256/4240/251 3254/4238/251
f 3257/4239/1599 3258/10261/1599 3256/4240/1599
f 3259/4241/253 3260/4245/253 3258/4242/253
f 3261/4244/254 3262/4250/254 3260/4245/254
f 3234/4248/2139 3236/10262/2139 3238/10263/2139
f 3238/10263/2140 3240/10264/2140 3242/10265/2140
f 3242/10265/266 3244/10266/266 3246/10267/266
f 3246/10267/1796 3248/10268/1796 3250/4246/1796
f 3250/4246/266 3252/10269/266 3254/10270/266
f 3254/10270/2141 3256/10271/2141 3258/4247/2141
f 3258/4247/2141 3260/10272/2141 3262/10273/2141
f 3262/10273/266 3264/10274/266 3234/4248/266
f 3234/4248/266 3238/10263/266 3242/10265/266
f 3242/10265/1600 3246/10267/1600 3250/4246/1600
f 3250/4246/1600 3254/10270/1600 3258/4247/1600
f 3258/4247/266 3262/10273/266 3234/4248/266
f 3234/4248/266 3242/10265/266 3250/4246/266
f 3263/4249/255 3264/4251/255 3262/4250/255
f 3263/4249/256 3233/4213/256 3234/4215/256
f 3235/4254/1601 3233/10275/1601 3263/10276/1601
f 3263/10276/1601 3261/10277/1601 3259/10278/1601
f 3259/10278/2142 3257/10279/2142 3255/10280/2142
f 3255/10280/1601 3253/10281/1601 3251/4252/1601
f 3251/4252/2143 3249/10282/2143 3247/10283/2143
f 3247/10283/263 3245/10284/263 3243/4253/263
f 3243/4253/263 3241/10285/263 3239/10286/263
f 3239/10286/1601 3237/10287/1601 3235/4254/1601
f 3235/4254/263 3263/10276/263 3259/10278/263
f 3259/10278/263 3255/10280/263 3251/4252/263
f 3251/4252/263 3247/10283/263 3243/4253/263
f 3243/4253/1601 3239/10286/1601 3235/4254/1601
f 3235/4254/1601 3259/10278/1601 3251/4252/1601
f 3265/4255/275 3267/10288/275 3268/4256/275
f 3267/4258/276 3269/4261/276 3270/4259/276
f 3269/4261/277 3271/4263/277 3272/4262/277
f 3271/4263/278 3273/4265/278 3274/4264/278
f 3273/4265/279 3275/10289/279 3276/4266/279
f 3275/4267/280 3277/4270/280 3278/4268/280
f 3277/4270/282 3279/4272/282 3280/4271/282
f 3279/4272/283 3281/4275/283 3282/4273/283
f 3283/4274/267 3284/10290/267 3282/4273/267
f 3285/4276/268 3286/4280/268 3284/4277/268
f 3287/4279/269 3288/4282/269 3286/4280/269
f 3289/4281/270 3290/4284/270 3288/4282/270
f 3291/4283/271 3292/10291/271 3290/4284/271
f 3293/4285/272 3294/4292/272 3292/4286/272
f 3266/4290/284 3268/10292/284 3270/10293/284
f 3270/10293/284 3272/10294/284 3274/10295/284
f 3274/10295/1800 3276/10296/1800 3278/10297/1800
f 3278/10297/1800 3280/10298/1800 3282/4288/1800
f 3282/4288/2144 3284/10299/2144 3286/10300/2144
f 3286/10300/284 3288/10301/284 3290/4289/284
f 3290/4289/1800 3292/10302/1800 3294/10303/1800
f 3294/10303/284 3296/10304/284 3266/4290/284
f 3266/4290/284 3270/10293/284 3274/10295/284
f 3274/10295/284 3278/10297/284 3282/4288/284
f 3282/4288/284 3286/10300/284 3290/4289/284
f 3290/4289/284 3294/10303/284 3266/4290/284
f 3266/4290/284 3274/10295/284 3282/4288/284
f 3295/4291/1603 3296/4293/1603 3294/4292/1603
f 3265/4255/274 3266/4257/274 3296/4293/274
f 3267/4296/281 3265/10305/281 3295/10306/281
f 3295/10306/281 3293/10307/281 3291/10308/281
f 3291/10308/281 3289/10309/281 3287/10310/281
f 3287/10310/281 3285/10311/281 3283/4294/281
f 3283/4294/1797 3281/10312/1797 3279/10313/1797
f 3279/10313/281 3277/10314/281 3275/4295/281
f 3275/4295/281 3273/10315/281 3271/10316/281
f 3271/10316/281 3269/10317/281 3267/4296/281
f 3267/4296/281 3295/10306/281 3291/10308/281
f 3291/10308/281 3287/10310/281 3283/4294/281
f 3283/4294/281 3279/10313/281 3275/4295/281
f 3275/4295/281 3271/10316/281 3267/4296/281
f 3267/4296/281 3291/10308/281 3283/4294/281
f 3299/4297/293 3300/4301/293 3298/4298/293
f 3301/4300/294 3302/10318/294 3300/4301/294
f 3301/4302/295 3303/4305/295 3304/4303/295
f 3303/4305/296 3305/10319/296 3306/4306/296
f 3305/4307/297 3307/4310/297 3308/4308/297
f 3307/4310/298 3309/4312/298 3310/4311/298
f 3309/4312/300 3311/4314/300 3312/4313/300
f 3311/4314/301 3313/10320/301 3314/4315/301
f 3313/4316/1604 3315/4319/1604 3316/4317/1604
f 3315/4319/286 3317/10321/286 3318/4320/286
f 3319/4321/287 3320/4325/287 3318/4322/287
f 3321/4324/2145 3322/10322/2145 3320/4325/2145
f 3323/4326/289 3324/4330/289 3322/4327/289
f 3325/4329/290 3326/4334/290 3324/4330/290
f 3298/4332/302 3300/10323/302 3302/10324/302
f 3302/10324/2146 3304/10325/2146 3306/10326/2146
f 3306/10326/2147 3308/10327/2147 3310/10328/2147
f 3310/10328/302 3312/10329/302 3314/4318/302
f 3314/4318/2148 3316/4317/2148 3318/4320/2148
f 3318/4320/302 3320/10330/302 3322/4331/302
f 3322/4331/2147 3324/10331/2147 3326/10332/2147
f 3326/10332/2146 3328/10333/2146 3298/4332/2146
f 3298/4332/302 3302/10324/302 3306/10326/302
f 3306/10326/302 3310/10328/302 3314/4318/302
f 3314/4318/302 3318/4320/302 3322/4331/302
f 3322/4331/302 3326/10332/302 3298/4332/302
f 3298/4332/302 3306/10326/302 3314/4318/302
f 3327/4333/291 3328/4336/291 3326/4334/291
f 3297/4335/292 3298/10334/292 3328/4336/292
f 3299/4297/299 3297/4299/299 3327/10335/299
f 3327/10335/1802 3325/10336/1802 3323/10337/1802
f 3323/10337/2149 3321/10338/2149 3319/10339/2149
f 3319/10339/299 3317/10340/299 3315/4337/299
f 3315/4337/299 3313/10341/299 3311/10342/299
f 3311/10342/299 3309/10343/299 3307/4338/299
f 3307/4338/299 3305/10344/299 3303/10345/299
f 3303/10345/1802 3301/4300/1802 3299/4297/1802
f 3299/4297/299 3327/10335/299 3323/10337/299
f 3323/10337/299 3319/10339/299 3315/4337/299
f 3315/4337/299 3311/10342/299 3307/4338/299
f 3307/4338/299 3303/10345/299 3299/4297/299
f 3299/4297/299 3323/10337/299 3315/4337/299
f 3329/4339/311 3331/4342/311 3332/4340/311
f 3331/4342/312 3333/4344/312 3334/4343/312
f 3333/4344/313 3335/4346/313 3336/4345/313
f 3335/4346/314 3337/10346/314 3338/4347/314
f 3337/4348/315 3339/4351/315 3340/4349/315
f 3339/4351/316 3341/4354/316 3342/4352/316
f 3343/4353/318 3344/4356/318 3342/4352/318
f 3345/4355/319 3346/4371/319 3344/4356/319
f 3347/4357/303 3348/4361/303 3346/4358/303
f 3349/4360/304 3350/4363/304 3348/4361/304
f 3351/4362/305 3352/4365/305 3350/4363/305
f 3353/4364/306 3354/10347/306 3352/4365/306
f 3355/4366/307 3356/4370/307 3354/4367/307
f 3357/4369/308 3358/4375/308 3356/4370/308
f 3330/4373/320 3332/10348/320 3334/10349/320
f 3334/10349/1811 3336/10350/1811 3338/4350/1811
f 3338/4350/320 3340/4349/320 3342/4352/320
f 3342/4352/320 3344/4356/320 3346/4371/320
f 3346/4371/1811 3348/10351/1811 3350/10352/1811
f 3350/10352/320 3352/10353/320 3354/4372/320
f 3354/4372/1811 3356/10354/1811 3358/10355/1811
f 3358/10355/320 3360/10356/320 3330/4373/320
f 3330/4373/320 3334/10349/320 3338/4350/320
f 3338/4350/320 3342/4352/320 3346/4371/320
f 3346/4371/320 3350/10352/320 3354/4372/320
f 3354/4372/320 3358/10355/320 3330/4373/320
f 3330/4373/320 3338/4350/320 3346/4371/320
f 3357/4369/1806 3359/4376/1806 3360/4374/1806
f 3359/4376/310 3329/10357/310 3330/4377/310
f 3331/4380/1808 3329/10357/1808 3359/4376/1808
f 3359/4376/317 3357/4369/317 3355/4366/317
f 3355/4366/1808 3353/4368/1808 3351/10358/1808
f 3351/10358/317 3349/10359/317 3347/4378/317
f 3347/4378/317 3345/10360/317 3343/10361/317
f 3343/10361/1808 3341/10362/1808 3339/4379/1808
f 3339/4379/2150 3337/10363/2150 3335/10364/2150
f 3335/10364/1808 3333/10365/1808 3331/4380/1808
f 3331/4380/317 3359/4376/317 3355/4366/317
f 3355/4366/317 3351/10358/317 3347/4378/317
f 3347/4378/317 3343/10361/317 3339/4379/317
f 3339/4379/317 3335/10364/317 3331/4380/317
f 3331/4380/317 3355/4366/317 3347/4378/317
f 3361/4381/329 3363/10366/329 3364/4382/329
f 3363/4384/330 3365/4387/330 3366/4385/330
f 3365/4387/331 3367/4389/331 3368/4388/331
f 3367/4389/332 3369/10367/332 3370/4390/332
f 3369/4391/333 3371/4395/333 3372/4392/333
f 3373/4394/334 3374/4397/334 3372/4392/334
f 3375/4396/336 3376/4399/336 3374/4397/336
f 3377/4398/337 3378/4401/337 3376/4399/337
f 3379/4400/321 3380/10368/321 3378/4401/321
f 3381/4402/322 3382/4406/322 3380/4403/322
f 3383/4405/323 3384/4408/323 3382/4406/323
f 3385/4407/324 3386/10369/324 3384/4408/324
f 3387/4409/325 3388/4413/325 3386/4410/325
f 3387/4409/326 3389/4417/326 3390/4412/326
f 3362/4416/2151 3364/10370/2151 3366/10371/2151
f 3366/10371/338 3368/10372/338 3370/10373/338
f 3370/10373/338 3372/10374/338 3374/10375/338
f 3374/10375/338 3376/10376/338 3378/4414/338
f 3378/4414/338 3380/10377/338 3382/10378/338
f 3382/10378/338 3384/10379/338 3386/4415/338
f 3386/4415/338 3388/10380/338 3390/10381/338
f 3390/10381/1813 3392/10382/1813 3362/4416/1813
f 3362/4416/338 3366/10371/338 3370/10373/338
f 3370/10373/338 3374/10375/338 3378/4414/338
f 3378/4414/338 3382/10378/338 3386/4415/338
f 3386/4415/338 3390/10381/338 3362/4416/338
f 3362/4416/338 3370/10373/338 3378/4414/338
f 3389/4417/327 3391/4419/327 3392/4418/327
f 3391/4419/328 3361/4381/328 3362/4383/328
f 3363/4422/2152 3361/10383/2152 3391/10384/2152
f 3391/10384/335 3389/10385/335 3387/10386/335
f 3387/10386/335 3385/10387/335 3383/10388/335
f 3383/10388/2153 3381/10389/2153 3379/4420/2153
f 3379/4420/2152 3377/10390/2152 3375/10391/2152
f 3375/10391/2152 3373/10392/2152 3371/4421/2152
f 3371/4421/335 3369/10393/335 3367/10394/335
f 3367/10394/335 3365/10395/335 3363/4422/335
f 3363/4422/335 3391/10384/335 3387/10386/335
f 3387/10386/335 3383/10388/335 3379/4420/335
f 3379/4420/335 3375/10391/335 3371/4421/335
f 3371/4421/335 3367/10394/335 3363/4422/335
f 3363/4422/335 3387/10386/335 3379/4420/335
f 3393/4423/347 3395/4427/347 3396/4424/347
f 3397/4426/348 3398/4429/348 3396/4424/348
f 3399/4428/349 3400/10396/349 3398/4429/349
f 3401/4430/350 3402/10397/350 3400/4431/350
f 3403/4433/351 3404/4437/351 3402/4434/351
f 3405/4436/352 3406/10398/352 3404/4437/352
f 3407/4438/354 3408/4442/354 3406/4439/354
f 3409/4441/355 3410/4444/355 3408/4442/355
f 3411/4443/339 3412/4446/339 3410/4444/339
f 3411/4443/340 3413/4447/340 3414/4445/340
f 3413/4447/341 3415/10399/341 3416/4448/341
f 3415/4449/342 3417/10400/342 3418/4450/342
f 3417/4452/343 3419/4455/343 3420/4453/343
f 3419/4455/344 3421/10401/344 3422/4456/344
f 3394/4458/356 3396/10402/356 3398/10403/356
f 3398/10403/2154 3400/10404/2154 3402/10405/2154
f 3402/10405/2155 3404/10406/2155 3406/10407/2155
f 3406/10407/356 3408/10408/356 3410/4457/356
f 3410/4457/356 3412/10409/356 3414/10410/356
f 3414/10410/2154 3416/4451/2154 3418/4450/2154
f 3418/4450/1817 3420/10411/1817 3422/10412/1817
f 3422/10412/1817 3424/10413/1817 3394/4458/1817
f 3394/4458/356 3398/10403/356 3402/10405/356
f 3402/10405/1817 3406/10407/1817 3410/4457/1817
f 3410/4457/356 3414/10410/356 3418/4450/356
f 3418/4450/1817 3422/10412/1817 3394/4458/1817
f 3394/4458/356 3402/10405/356 3410/4457/356
f 3421/4459/345 3423/4462/345 3424/4460/345
f 3423/4462/346 3393/4423/346 3394/4425/346
f 3395/4465/353 3393/10414/353 3423/10415/353
f 3423/10415/353 3421/10416/353 3419/10417/353
f 3419/10417/1607 3417/10418/1607 3415/10419/1607
f 3415/10419/1607 3413/10420/1607 3411/4463/1607
f 3411/4463/353 3409/10421/353 3407/10422/353
f 3407/10422/1607 3405/10423/1607 3403/4464/1607
f 3403/4464/1607 3401/4430/1607 3399/4432/1607
f 3399/4432/1607 3397/10424/1607 3395/4465/1607
f 3395/4465/1607 3423/10415/1607 3419/10417/1607
f 3419/10417/1607 3415/10419/1607 3411/4463/1607
f 3411/4463/1607 3407/10422/1607 3403/4464/1607
f 3403/4464/353 3399/4432/353 3395/4465/353
f 3395/4465/353 3419/10417/353 3411/4463/353
f 3427/4466/365 3428/4470/365 3426/4467/365
f 3429/4469/366 3430/4472/366 3428/4470/366
f 3429/4469/367 3431/4473/367 3432/4471/367
f 3431/4473/1608 3433/10425/1608 3434/4474/1608
f 3433/4475/369 3435/4478/369 3436/4476/369
f 3435/4478/370 3437/4480/370 3438/4479/370
f 3437/4480/372 3439/4482/372 3440/4481/372
f 3439/4482/373 3441/10426/373 3442/4483/373
f 3441/4484/357 3443/4487/357 3444/4485/357
f 3443/4487/358 3445/4490/358 3446/4488/358
f 3447/4489/359 3448/4492/359 3446/4488/359
f 3449/4491/1609 3450/10427/1609 3448/4492/1609
f 3451/4493/361 3452/4497/361 3450/4494/361
f 3453/4496/362 3454/4502/362 3452/4497/362
f 3426/4500/2156 3428/10428/2156 3430/10429/2156
f 3430/10429/1821 3432/10430/1821 3434/10431/1821
f 3434/10431/374 3436/10432/374 3438/10433/374
f 3438/10433/374 3440/10434/374 3442/4498/374
f 3442/4498/374 3444/10435/374 3446/10436/374
f 3446/10436/374 3448/10437/374 3450/4499/374
f 3450/4499/374 3452/10438/374 3454/10439/374
f 3454/10439/374 3456/10440/374 3426/4500/374
f 3426/4500/374 3430/10429/374 3434/10431/374
f 3434/10431/374 3438/10433/374 3442/4498/374
f 3442/4498/374 3446/10436/374 3450/4499/374
f 3450/4499/374 3454/10439/374 3426/4500/374
f 3426/4500/374 3434/10431/374 3442/4498/374
f 3455/4501/363 3456/4504/363 3454/4502/363
f 3425/4503/364 3426/10441/364 3456/4504/364
f 3427/4507/371 3425/10442/371 3455/10443/371
f 3455/10443/371 3453/10444/371 3451/10445/371
f 3451/10445/371 3449/10446/371 3447/10447/371
f 3447/10447/371 3445/10448/371 3443/4505/371
f 3443/4505/1819 3441/10449/1819 3439/10450/1819
f 3439/10450/371 3437/10451/371 3435/4506/371
f 3435/4506/1819 3433/10452/1819 3431/10453/1819
f 3431/10453/371 3429/10454/371 3427/4507/371
f 3427/4507/371 3455/10443/371 3451/10445/371
f 3451/10445/371 3447/10447/371 3443/4505/371
f 3443/4505/371 3439/10450/371 3435/4506/371
f 3435/4506/371 3431/10453/371 3427/4507/371
f 3427/4507/371 3451/10445/371 3443/4505/371
f 3459/4508/383 3460/10455/383 3458/4509/383
f 3461/4511/1610 3462/4515/1610 3460/4512/1610
f 3463/4514/385 3464/10456/385 3462/4515/385
f 3465/4516/386 3466/4520/386 3464/4517/386
f 3465/4516/387 3467/4549/387 3468/4519/387
f 3467/4521/388 3469/4524/388 3470/4522/388
f 3469/4524/390 3471/4526/390 3472/4525/390
f 3471/4526/391 3473/4528/391 3474/4527/391
f 3473/4528/375 3475/10457/375 3476/4529/375
f 3475/4530/1612 3477/4533/1612 3478/4531/1612
f 3477/4533/377 3479/10458/377 3480/4534/377
f 3479/4535/378 3481/4539/378 3482/4536/378
f 3483/4538/379 3484/10459/379 3482/4536/379
f 3485/4540/380 3486/4546/380 3484/4541/380
f 3458/4544/2157 3460/10460/2157 3462/10461/2157
f 3462/10461/2158 3464/10462/2158 3466/10463/2158
f 3466/10463/392 3468/10464/392 3470/10465/392
f 3470/10465/1823 3472/10466/1823 3474/4543/1823
f 3474/4543/1823 3476/10467/1823 3478/10468/1823
f 3478/10468/392 3480/4537/392 3482/4536/392
f 3482/4536/392 3484/10459/392 3486/10469/392
f 3486/10469/392 3488/10470/392 3458/4544/392
f 3458/4544/392 3462/10461/392 3466/10463/392
f 3466/10463/392 3470/10465/392 3474/4543/392
f 3474/4543/392 3478/10468/392 3482/4536/392
f 3482/4536/392 3486/10469/392 3458/4544/392
f 3458/4544/392 3466/10463/392 3474/4543/392
f 3487/4545/381 3488/4547/381 3486/4546/381
f 3457/4510/382 3458/4509/382 3488/4547/382
f 3459/4550/389 3457/10471/389 3487/10472/389
f 3487/10472/389 3485/10473/389 3483/10474/389
f 3483/10474/389 3481/10475/389 3479/10476/389
f 3479/10476/389 3477/10477/389 3475/4548/389
f 3475/4548/389 3473/10478/389 3471/10479/389
f 3471/10479/389 3469/10480/389 3467/4549/389
f 3467/4549/389 3465/4516/389 3463/4518/389
f 3463/4518/389 3461/10481/389 3459/4550/389
f 3459/4550/389 3487/10472/389 3483/10474/389
f 3483/10474/389 3479/10476/389 3475/4548/389
f 3475/4548/389 3471/10479/389 3467/4549/389
f 3467/4549/389 3463/4518/389 3459/4550/389
f 3459/4550/389 3483/10474/389 3475/4548/389
f 3491/4551/401 3492/10482/401 3490/4552/401
f 3491/4554/402 3493/4557/402 3494/4555/402
f 3493/4557/403 3495/4559/403 3496/4558/403
f 3495/4559/404 3497/4561/404 3498/4560/404
f 3497/4561/2159 3499/10483/2159 3500/4562/2159
f 3499/4563/406 3501/4566/406 3502/4564/406
f 3501/4566/408 3503/4568/408 3504/4567/408
f 3503/4568/409 3505/10484/409 3506/4569/409
f 3505/4570/393 3507/10485/393 3508/4571/393
f 3509/4573/394 3510/4577/394 3508/4574/394
f 3511/4576/395 3512/4579/395 3510/4577/395
f 3513/4578/1615 3514/4581/1615 3512/4579/1615
f 3515/4580/397 3516/10486/397 3514/4581/397
f 3517/4582/398 3518/4588/398 3516/4583/398
f 3490/4586/410 3492/10487/410 3494/10488/410
f 3494/10488/2160 3496/10489/2160 3498/10490/2160
f 3498/10490/410 3500/10491/410 3502/10492/410
f 3502/10492/410 3504/10493/410 3506/4572/410
f 3506/4572/2161 3508/4571/2161 3510/10494/2161
f 3510/10494/410 3512/10495/410 3514/4585/410
f 3514/4585/410 3516/10496/410 3518/10497/410
f 3518/10497/410 3520/10498/410 3490/4586/410
f 3490/4586/410 3494/10488/410 3498/10490/410
f 3498/10490/410 3502/10492/410 3506/4572/410
f 3506/4572/410 3510/10494/410 3514/4585/410
f 3514/4585/410 3518/10497/410 3490/4586/410
f 3490/4586/410 3498/10490/410 3506/4572/410
f 3519/4587/399 3520/4590/399 3518/4588/399
f 3489/4589/400 3490/10499/400 3520/4590/400
f 3491/4551/1827 3489/4553/1827 3519/10500/1827
f 3519/10500/407 3517/10501/407 3515/10502/407
f 3515/10502/407 3513/10503/407 3511/10504/407
f 3511/10504/407 3509/10505/407 3507/4591/407
f 3507/4591/407 3505/10506/407 3503/10507/407
f 3503/10507/407 3501/10508/407 3499/4592/407
f 3499/4592/407 3497/10509/407 3495/10510/407
f 3495/10510/1827 3493/10511/1827 3491/4551/1827
f 3491/4551/407 3519/10500/407 3515/10502/407
f 3515/10502/407 3511/10504/407 3507/4591/407
f 3507/4591/407 3503/10507/407 3499/4592/407
f 3499/4592/407 3495/10510/407 3491/4551/407
f 3491/4551/407 3515/10502/407 3507/4591/407
f 3523/4593/419 3524/4597/419 3522/4594/419
f 3525/4596/420 3526/4599/420 3524/4597/420
f 3525/4596/421 3527/10512/421 3528/4598/421
f 3527/4600/422 3529/4603/422 3530/4601/422
f 3529/4603/1830 3531/4605/1830 3532/4604/1830
f 3531/4605/424 3533/10513/424 3534/4606/424
f 3533/4607/426 3535/4610/426 3536/4608/426
f 3535/4610/427 3537/4612/427 3538/4611/427
f 3537/4612/411 3539/4614/411 3540/4613/411
f 3539/4614/412 3541/4617/412 3542/4615/412
f 3543/4616/413 3544/10514/413 3542/4615/413
f 3545/4618/414 3546/4622/414 3544/4619/414
f 3547/4621/415 3548/4624/415 3546/4622/415
f 3549/4623/416 3550/10515/416 3548/4624/416
f 3522/4627/428 3524/10516/428 3526/10517/428
f 3526/10517/428 3528/10518/428 3530/10519/428
f 3530/10519/2162 3532/10520/2162 3534/10521/2162
f 3534/10521/428 3536/10522/428 3538/4625/428
f 3538/4625/1836 3540/10523/1836 3542/10524/1836
f 3542/10524/1836 3544/10525/1836 3546/4626/1836
f 3546/4626/428 3548/10526/428 3550/10527/428
f 3550/10527/1836 3552/10528/1836 3522/4627/1836
f 3522/4627/428 3526/10517/428 3530/10519/428
f 3530/10519/428 3534/10521/428 3538/4625/428
f 3538/4625/428 3542/10524/428 3546/4626/428
f 3546/4626/428 3550/10527/428 3522/4627/428
f 3522/4627/428 3530/10519/428 3538/4625/428
f 3551/4628/417 3552/4631/417 3550/4629/417
f 3521/4595/418 3522/4594/418 3552/4631/418
f 3523/4634/425 3521/10529/425 3551/10530/425
f 3551/10530/425 3549/10531/425 3547/10532/425
f 3547/10532/1834 3545/10533/1834 3543/10534/1834
f 3543/10534/425 3541/10535/425 3539/4632/425
f 3539/4632/1831 3537/10536/1831 3535/10537/1831
f 3535/10537/425 3533/10538/425 3531/4633/425
f 3531/4633/425 3529/10539/425 3527/10540/425
f 3527/10540/425 3525/10541/425 3523/4634/425
f 3523/4634/425 3551/10530/425 3547/10532/425
f 3547/10532/425 3543/10534/425 3539/4632/425
f 3539/4632/425 3535/10537/425 3531/4633/425
f 3531/4633/425 3527/10540/425 3523/4634/425
f 3523/4634/425 3547/10532/425 3539/4632/425
f 3553/4635/437 3555/10542/437 3556/4636/437
f 3555/4638/438 3557/4642/438 3558/4639/438
f 3559/4641/439 3560/4644/439 3558/4639/439
f 3561/4643/440 3562/4646/440 3560/4644/440
f 3563/4645/441 3564/10543/441 3562/4646/441
f 3565/4647/2163 3566/4651/2163 3564/4648/2163
f 3567/4650/444 3568/4653/444 3566/4651/444
f 3569/4652/445 3570/4655/445 3568/4653/445
f 3571/4654/429 3572/10544/429 3570/4655/429
f 3573/4656/430 3574/4660/430 3572/4657/430
f 3573/4656/431 3575/4661/431 3576/4659/431
f 3575/4661/432 3577/4663/432 3578/4662/432
f 3577/4663/433 3579/10545/433 3580/4664/433
f 3579/4665/434 3581/4671/434 3582/4666/434
f 3554/4670/2164 3556/10546/2164 3558/10547/2164
f 3558/10547/446 3560/10548/446 3562/10549/446
f 3562/10549/446 3564/10550/446 3566/10551/446
f 3566/10551/1840 3568/10552/1840 3570/4668/1840
f 3570/4668/446 3572/10553/446 3574/10554/446
f 3574/10554/446 3576/10555/446 3578/4669/446
f 3578/4669/446 3580/10556/446 3582/10557/446
f 3582/10557/1840 3584/10558/1840 3554/4670/1840
f 3554/4670/446 3558/10547/446 3562/10549/446
f 3562/10549/446 3566/10551/446 3570/4668/446
f 3570/4668/446 3574/10554/446 3578/4669/446
f 3578/4669/446 3582/10557/446 3554/4670/446
f 3554/4670/446 3562/10549/446 3570/4668/446
f 3581/4671/435 3583/4673/435 3584/4672/435
f 3583/4673/2165 3553/4635/2165 3554/4637/2165
f 3555/4676/1838 3553/10559/1838 3583/10560/1838
f 3583/10560/1838 3581/10561/1838 3579/10562/1838
f 3579/10562/1838 3577/10563/1838 3575/10564/1838
f 3575/10564/443 3573/10565/443 3571/4674/443
f 3571/4674/443 3569/10566/443 3567/10567/443
f 3567/10567/443 3565/10568/443 3563/4675/443
f 3563/4675/443 3561/10569/443 3559/10570/443
f 3559/10570/443 3557/10571/443 3555/4676/443
f 3555/4676/443 3583/10560/443 3579/10562/443
f 3579/10562/443 3575/10564/443 3571/4674/443
f 3571/4674/443 3567/10567/443 3563/4675/443
f 3563/4675/443 3559/10570/443 3555/4676/443
f 3555/4676/443 3579/10562/443 3571/4674/443
f 3587/4677/455 3588/10572/455 3586/4678/455
f 3589/4680/456 3590/4684/456 3588/4681/456
f 3591/4683/457 3592/4686/457 3590/4684/457
f 3593/4685/458 3594/10573/458 3592/4686/458
f 3593/4687/459 3595/4718/459 3596/4688/459
f 3595/4690/460 3597/4693/460 3598/4691/460
f 3597/4693/462 3599/4695/462 3600/4694/462
f 3599/4695/463 3601/4697/463 3602/4696/463
f 3601/4697/447 3603/10574/447 3604/4698/447
f 3603/4699/448 3605/4702/448 3606/4700/448
f 3605/4702/449 3607/4704/449 3608/4703/449
f 3607/4704/450 3609/10575/450 3610/4705/450
f 3611/4706/451 3612/10576/451 3610/4707/451
f 3613/4709/452 3614/4715/452 3612/4710/452
f 3586/4713/464 3588/10577/464 3590/10578/464
f 3590/10578/464 3592/10579/464 3594/10580/464
f 3594/10580/464 3596/10581/464 3598/10582/464
f 3598/10582/464 3600/10583/464 3602/4712/464
f 3602/4712/464 3604/10584/464 3606/10585/464
f 3606/10585/464 3608/10586/464 3610/4707/464
f 3610/4707/464 3612/10576/464 3614/10587/464
f 3614/10587/464 3616/10588/464 3586/4713/464
f 3586/4713/464 3590/10578/464 3594/10580/464
f 3594/10580/464 3598/10582/464 3602/4712/464
f 3602/4712/464 3606/10585/464 3610/4707/464
f 3610/4707/464 3614/10587/464 3586/4713/464
f 3586/4713/464 3594/10580/464 3602/4712/464
f 3615/4714/453 3616/4716/453 3614/4715/453
f 3585/4679/454 3586/4678/454 3616/4716/454
f 3587/4719/461 3585/10589/461 3615/10590/461
f 3615/10590/461 3613/10591/461 3611/10592/461
f 3611/10592/461 3609/10593/461 3607/10594/461
f 3607/10594/461 3605/10595/461 3603/4717/461
f 3603/4717/461 3601/10596/461 3599/10597/461
f 3599/10597/461 3597/10598/461 3595/4718/461
f 3595/4718/461 3593/4687/461 3591/10599/461
f 3591/10599/461 3589/10600/461 3587/4719/461
f 3587/4719/461 3615/10590/461 3611/10592/461
f 3611/10592/461 3607/10594/461 3603/4717/461
f 3603/4717/461 3599/10597/461 3595/4718/461
f 3595/4718/461 3591/10599/461 3587/4719/461
f 3587/4719/461 3611/10592/461 3603/4717/461
f 3619/4720/473 3620/4724/473 3618/4721/473
f 3621/4723/474 3622/4726/474 3620/4724/474
f 3623/4725/475 3624/4728/475 3622/4726/475
f 3625/4727/476 3626/4730/476 3624/4728/476
f 3627/4729/477 3628/10601/477 3626/4730/477
f 3629/4731/2166 3630/4735/2166 3628/4732/2166
f 3629/4731/480 3631/4736/480 3632/4734/480
f 3631/4736/481 3633/10602/481 3634/4737/481
f 3633/4738/465 3635/4741/465 3636/4739/465
f 3635/4741/466 3637/4743/466 3638/4742/466
f 3637/4743/467 3639/4745/467 3640/4744/467
f 3639/4745/468 3641/4747/468 3642/4746/468
f 3641/4747/469 3643/10603/469 3644/4748/469
f 3643/4749/1841 3645/4756/1841 3646/4750/1841
f 3618/4754/482 3620/10604/482 3622/10605/482
f 3622/10605/1619 3624/10606/1619 3626/10607/1619
f 3626/10607/1619 3628/10608/1619 3630/10609/1619
f 3630/10609/1619 3632/10610/1619 3634/4752/1619
f 3634/4752/482 3636/10611/482 3638/10612/482
f 3638/10612/482 3640/10613/482 3642/4753/482
f 3642/4753/1619 3644/10614/1619 3646/10615/1619
f 3646/10615/482 3648/10616/482 3618/4754/482
f 3618/4754/482 3622/10605/482 3626/10607/482
f 3626/10607/1619 3630/10609/1619 3634/4752/1619
f 3634/4752/1619 3638/10612/1619 3642/4753/1619
f 3642/4753/1619 3646/10615/1619 3618/4754/1619
f 3618/4754/1619 3626/10607/1619 3634/4752/1619
f 3647/4755/471 3648/4758/471 3646/4750/471
f 3617/4757/472 3618/10617/472 3648/4758/472
f 3619/4761/1621 3617/10618/1621 3647/10619/1621
f 3647/10619/479 3645/10620/479 3643/10621/479
f 3643/10621/1621 3641/10622/1621 3639/10623/1621
f 3639/10623/1621 3637/10624/1621 3635/4759/1621
f 3635/4759/479 3633/10625/479 3631/10626/479
f 3631/10626/479 3629/10627/479 3627/4760/479
f 3627/4760/479 3625/10628/479 3623/10629/479
f 3623/10629/479 3621/10630/479 3619/4761/479
f 3619/4761/479 3647/10619/479 3643/10621/479
f 3643/10621/479 3639/10623/479 3635/4759/479
f 3635/4759/479 3631/10626/479 3627/4760/479
f 3627/4760/1621 3623/10629/1621 3619/4761/1621
f 3619/4761/1621 3643/10621/1621 3635/4759/1621
f 3649/4762/491 3651/4765/491 3652/4763/491
f 3651/4765/492 3653/4767/492 3654/4766/492
f 3653/4767/493 3655/4769/493 3656/4768/493
f 3655/4769/494 3657/4771/494 3658/4770/494
f 3657/4771/495 3659/10631/495 3660/4772/495
f 3661/4773/496 3662/4777/496 3660/4774/496
f 3663/4776/2167 3664/4779/2167 3662/4777/2167
f 3665/4778/499 3666/10632/499 3664/4779/499
f 3667/4780/483 3668/4784/483 3666/4781/483
f 3669/4783/484 3670/4786/484 3668/4784/484
f 3671/4785/485 3672/4788/485 3670/4786/485
f 3673/4787/486 3674/4790/486 3672/4788/486
f 3675/4789/487 3676/10633/487 3674/4790/487
f 3675/4791/488 3677/4797/488 3678/4792/488
f 3650/4796/500 3652/10634/500 3654/10635/500
f 3654/10635/1844 3656/10636/1844 3658/10637/1844
f 3658/10637/2168 3660/10638/2168 3662/10639/2168
f 3662/10639/1844 3664/10640/1844 3666/4794/1844
f 3666/4794/2169 3668/10641/2169 3670/10642/2169
f 3670/10642/1844 3672/10643/1844 3674/4795/1844
f 3674/4795/500 3676/10644/500 3678/10645/500
f 3678/10645/1844 3680/10646/1844 3650/4796/1844
f 3650/4796/500 3654/10635/500 3658/10637/500
f 3658/10637/500 3662/10639/500 3666/4794/500
f 3666/4794/500 3670/10642/500 3674/4795/500
f 3674/4795/500 3678/10645/500 3650/4796/500
f 3650/4796/500 3658/10637/500 3666/4794/500
f 3677/4797/1622 3679/4799/1622 3680/4798/1622
f 3679/4799/490 3649/10647/490 3650/4800/490
f 3651/4803/497 3649/10648/497 3679/10649/497
f 3679/10649/1623 3677/10650/1623 3675/10651/1623
f 3675/10651/497 3673/10652/497 3671/10653/497
f 3671/10653/2170 3669/10654/2170 3667/4801/2170
f 3667/4801/2171 3665/10655/2171 3663/10656/2171
f 3663/10656/497 3661/10657/497 3659/4802/497
f 3659/4802/1623 3657/10658/1623 3655/10659/1623
f 3655/10659/497 3653/10660/497 3651/4803/497
f 3651/4803/497 3679/10649/497 3675/10651/497
f 3675/10651/497 3671/10653/497 3667/4801/497
f 3667/4801/497 3663/10656/497 3659/4802/497
f 3659/4802/497 3655/10659/497 3651/4803/497
f 3651/4803/497 3675/10651/497 3667/4801/497
f 3683/4804/509 3684/10661/509 3682/4805/509
f 3685/4807/510 3686/4811/510 3684/4808/510
f 3687/4810/511 3688/4813/511 3686/4811/511
f 3687/4810/512 3689/10662/512 3690/4812/512
f 3689/4814/513 3691/4817/513 3692/4815/513
f 3691/4817/2172 3693/4819/2172 3694/4818/2172
f 3693/4819/516 3695/4821/516 3696/4820/516
f 3695/4821/517 3697/4823/517 3698/4822/517
f 3697/4823/501 3699/10663/501 3700/4824/501
f 3699/4825/502 3701/4828/502 3702/4826/502
f 3701/4828/503 3703/4831/503 3704/4829/503
f 3705/4830/504 3706/10664/504 3704/4829/504
f 3707/4832/505 3708/4836/505 3706/4833/505
f 3709/4835/506 3710/4841/506 3708/4836/506
f 3682/4839/518 3684/10665/518 3686/10666/518
f 3686/10666/518 3688/10667/518 3690/10668/518
f 3690/10668/1850 3692/10669/1850 3694/10670/1850
f 3694/10670/1852 3696/10671/1852 3698/4837/1852
f 3698/4837/1852 3700/10672/1852 3702/10673/1852
f 3702/10673/1850 3704/10674/1850 3706/4838/1850
f 3706/4838/1852 3708/10675/1852 3710/10676/1852
f 3710/10676/1852 3712/10677/1852 3682/4839/1852
f 3682/4839/1850 3686/10666/1850 3690/10668/1850
f 3690/10668/518 3694/10670/518 3698/4837/518
f 3698/4837/518 3702/10673/518 3706/4838/518
f 3706/4838/1851 3710/10676/1851 3682/4839/1851
f 3682/4839/518 3690/10668/518 3698/4837/518
f 3711/4840/507 3712/4842/507 3710/4841/507
f 3681/4806/508 3682/4805/508 3712/4842/508
f 3683/4845/1847 3681/10678/1847 3711/10679/1847
f 3711/10679/1847 3709/10680/1847 3707/10681/1847
f 3707/10681/1848 3705/10682/1848 3703/10683/1848
f 3703/10683/1847 3701/10684/1847 3699/4843/1847
f 3699/4843/1847 3697/10685/1847 3695/10686/1847
f 3695/10686/1848 3693/10687/1848 3691/4844/1848
f 3691/4844/515 3689/10688/515 3687/10689/515
f 3687/10689/1848 3685/10690/1848 3683/4845/1848
f 3683/4845/515 3711/10679/515 3707/10681/515
f 3707/10681/1849 3703/10683/1849 3699/4843/1849
f 3699/4843/1849 3695/10686/1849 3691/4844/1849
f 3691/4844/1848 3687/10689/1848 3683/4845/1848
f 3683/4845/515 3707/10681/515 3699/4843/515
f 3715/4846/527 3716/4850/527 3714/4847/527
f 3717/4849/528 3718/4852/528 3716/4850/528
f 3719/4851/529 3720/4854/529 3718/4852/529
f 3721/4853/530 3722/10691/530 3720/4854/530
f 3723/4855/2173 3724/4859/2173 3722/4856/2173
f 3723/4855/532 3725/4860/532 3726/4858/532
f 3725/4860/534 3727/10692/534 3728/4861/534
f 3727/4862/535 3729/10693/535 3730/4863/535
f 3729/4865/519 3731/4868/519 3732/4866/519
f 3731/4868/520 3733/4870/520 3734/4869/520
f 3733/4870/521 3735/4872/521 3736/4871/521
f 3735/4872/522 3737/10694/522 3738/4873/522
f 3737/4874/523 3739/4878/523 3740/4875/523
f 3741/4877/524 3742/4882/524 3740/4875/524
f 3714/4880/1856 3716/10695/1856 3718/10696/1856
f 3718/10696/536 3720/10697/536 3722/10698/536
f 3722/10698/536 3724/10699/536 3726/10700/536
f 3726/10700/536 3728/10701/536 3730/4879/536
f 3730/4879/536 3732/10702/536 3734/10703/536
f 3734/10703/2174 3736/10704/2174 3738/4876/2174
f 3738/4876/536 3740/4875/536 3742/4882/536
f 3742/4882/2175 3744/10705/2175 3714/4880/2175
f 3714/4880/536 3718/10696/536 3722/10698/536
f 3722/10698/536 3726/10700/536 3730/4879/536
f 3730/4879/536 3734/10703/536 3738/4876/536
f 3738/4876/536 3742/4882/536 3714/4880/536
f 3714/4880/536 3722/10698/536 3730/4879/536
f 3743/4881/525 3744/10705/525 3742/4882/525
f 3713/4883/526 3714/10706/526 3744/4884/526
f 3715/4887/533 3713/10707/533 3743/10708/533
f 3743/10708/533 3741/10709/533 3739/10710/533
f 3739/10710/533 3737/10711/533 3735/10712/533
f 3735/10712/2176 3733/10713/2176 3731/4886/2176
f 3731/4886/533 3729/10714/533 3727/10692/533
f 3727/10692/533 3725/4860/533 3723/4855/533
f 3723/4855/1854 3721/4857/1854 3719/10715/1854
f 3719/10715/533 3717/10716/533 3715/4887/533
f 3715/4887/533 3743/10708/533 3739/10710/533
f 3739/10710/533 3735/10712/533 3731/4886/533
f 3731/4886/533 3727/10692/533 3723/4855/533
f 3723/4855/533 3719/10715/533 3715/4887/533
f 3715/4887/533 3739/10710/533 3731/4886/533
f 3747/4888/545 3748/4892/545 3746/4889/545
f 3749/4891/546 3750/10717/546 3748/4892/546
f 3751/4893/547 3752/4897/547 3750/4894/547
f 3753/4896/548 3754/10718/548 3752/4897/548
f 3755/4898/549 3756/4902/549 3754/4899/549
f 3757/4901/550 3758/4904/550 3756/4902/550
f 3759/4903/552 3760/4906/552 3758/4904/552
f 3761/4905/1627 3762/10719/1627 3760/4906/1627
f 3761/4907/2177 3763/4910/2177 3764/4908/2177
f 3763/4910/538 3765/10720/538 3766/4911/538
f 3765/4912/539 3767/4915/539 3768/4913/539
f 3767/4915/540 3769/10721/540 3770/4916/540
f 3769/4917/541 3771/4920/541 3772/4918/541
f 3771/4920/542 3773/4924/542 3774/4921/542
f 3746/4889/1860 3748/4892/1860 3750/10717/1860
f 3750/10717/554 3752/10722/554 3754/10723/554
f 3754/10723/1860 3756/10724/1860 3758/10725/1860
f 3758/10725/554 3760/10726/554 3762/4922/554
f 3762/4922/1860 3764/10727/1860 3766/10728/1860
f 3766/10728/1860 3768/10729/1860 3770/4923/1860
f 3770/4923/554 3772/10730/554 3774/10731/554
f 3774/10731/1860 3776/10732/1860 3746/4889/1860
f 3746/4889/554 3750/10717/554 3754/10723/554
f 3754/10723/554 3758/10725/554 3762/4922/554
f 3762/4922/554 3766/10728/554 3770/4923/554
f 3770/4923/554 3774/10731/554 3746/4889/554
f 3746/4889/554 3754/10723/554 3762/4922/554
f 3773/4924/2178 3775/4926/2178 3776/4925/2178
f 3775/4926/544 3745/10733/544 3746/4927/544
f 3747/4929/2179 3745/10734/2179 3775/10735/2179
f 3775/10735/551 3773/10736/551 3771/10737/551
f 3771/10737/551 3769/10738/551 3767/10739/551
f 3767/10739/551 3765/10720/551 3763/4910/551
f 3763/4910/551 3761/4907/551 3759/10740/551
f 3759/10740/551 3757/10741/551 3755/4928/551
f 3755/4928/551 3753/10742/551 3751/10743/551
f 3751/10743/1859 3749/10744/1859 3747/4929/1859
f 3747/4929/1859 3775/10735/1859 3771/10737/1859
f 3771/10737/551 3767/10739/551 3763/4910/551
f 3763/4910/551 3759/10740/551 3755/4928/551
f 3755/4928/551 3751/10743/551 3747/4929/551
f 3747/4929/551 3771/10737/551 3763/4910/551
f 3779/4930/563 3780/10745/563 3778/4931/563
f 3781/4933/564 3782/4937/564 3780/4934/564
f 3781/4933/565 3783/4938/565 3784/4936/565
f 3783/4938/566 3785/10746/566 3786/4939/566
f 3785/4940/567 3787/4943/567 3788/4941/567
f 3787/4943/568 3789/4945/568 3790/4944/568
f 3789/4945/570 3791/4947/570 3792/4946/570
f 3791/4947/571 3793/10747/571 3794/4948/571
f 3793/4949/555 3795/10748/555 3796/4950/555
f 3795/4952/556 3797/4956/556 3798/4953/556
f 3799/4955/557 3800/4958/557 3798/4953/557
f 3801/4957/558 3802/10749/558 3800/4958/558
f 3803/4959/559 3804/4963/559 3802/4960/559
f 3805/4962/560 3806/4967/560 3804/4963/560
f 3778/4965/572 3780/10750/572 3782/10751/572
f 3782/10751/572 3784/10752/572 3786/10753/572
f 3786/10753/572 3788/10754/572 3790/10755/572
f 3790/10755/572 3792/10756/572 3794/4951/572
f 3794/4951/572 3796/4950/572 3798/10757/572
f 3798/10757/572 3800/10758/572 3802/4964/572
f 3802/4964/572 3804/10759/572 3806/10760/572
f 3806/10760/572 3808/10761/572 3778/4965/572
f 3778/4965/572 3782/10751/572 3786/10753/572
f 3786/10753/572 3790/10755/572 3794/4951/572
f 3794/4951/572 3798/10757/572 3802/4964/572
f 3802/4964/572 3806/10760/572 3778/4965/572
f 3778/4965/572 3786/10753/572 3794/4951/572
f 3807/4966/561 3808/4969/561 3806/4967/561
f 3777/4968/562 3778/10762/562 3808/4969/562
f 3779/4930/569 3777/4932/569 3807/10763/569
f 3807/10763/569 3805/10764/569 3803/10765/569
f 3803/10765/569 3801/10766/569 3799/10767/569
f 3799/10767/569 3797/10768/569 3795/4970/569
f 3795/4970/569 3793/10769/569 3791/10770/569
f 3791/10770/569 3789/10771/569 3787/4971/569
f 3787/4971/569 3785/10772/569 3783/10773/569
f 3783/10773/569 3781/10774/569 3779/4930/569
f 3779/4930/569 3807/10763/569 3803/10765/569
f 3803/10765/569 3799/10767/569 3795/4970/569
f 3795/4970/569 3791/10770/569 3787/4971/569
f 3787/4971/569 3783/10773/569 3779/4930/569
f 3779/4930/569 3803/10765/569 3795/4970/569
f 3811/4972/581 3812/10775/581 3810/4973/581
f 3813/4975/582 3814/4979/582 3812/4976/582
f 3815/4978/583 3816/4981/583 3814/4979/583
f 3817/4980/584 3818/10776/584 3816/4981/584
f 3817/4982/585 3819/4985/585 3820/4983/585
f 3819/4985/586 3821/4987/586 3822/4986/586
f 3821/4987/588 3823/4989/588 3824/4988/588
f 3823/4989/589 3825/4991/589 3826/4990/589
f 3825/4991/573 3827/10777/573 3828/4992/573
f 3827/4993/574 3829/4996/574 3830/4994/574
f 3829/4996/575 3831/4998/575 3832/4997/575
f 3831/4998/576 3833/10778/576 3834/4999/576
f 3835/5000/577 3836/5004/577 3834/5001/577
f 3837/5003/578 3838/5009/578 3836/5004/578
f 3810/5007/1867 3812/10779/1867 3814/10780/1867
f 3814/10780/590 3816/10781/590 3818/10782/590
f 3818/10782/590 3820/10783/590 3822/10784/590
f 3822/10784/590 3824/10785/590 3826/5005/590
f 3826/5005/1867 3828/10786/1867 3830/10787/1867
f 3830/10787/590 3832/10788/590 3834/5006/590
f 3834/5006/1867 3836/10789/1867 3838/10790/1867
f 3838/10790/590 3840/10791/590 3810/5007/590
f 3810/5007/590 3814/10780/590 3818/10782/590
f 3818/10782/590 3822/10784/590 3826/5005/590
f 3826/5005/590 3830/10787/590 3834/5006/590
f 3834/5006/590 3838/10790/590 3810/5007/590
f 3810/5007/590 3818/10782/590 3826/5005/590
f 3839/5008/579 3840/5010/579 3838/5009/579
f 3809/4974/580 3810/4973/580 3840/5010/580
f 3811/5013/587 3809/10792/587 3839/10793/587
f 3839/10793/1866 3837/10794/1866 3835/10795/1866
f 3835/10795/587 3833/10796/587 3831/10797/587
f 3831/10797/587 3829/10798/587 3827/5011/587
f 3827/5011/587 3825/10799/587 3823/10800/587
f 3823/10800/1866 3821/10801/1866 3819/5012/1866
f 3819/5012/587 3817/10802/587 3815/10803/587
f 3815/10803/1865 3813/10804/1865 3811/5013/1865
f 3811/5013/587 3839/10793/587 3835/10795/587
f 3835/10795/587 3831/10797/587 3827/5011/587
f 3827/5011/587 3823/10800/587 3819/5012/587
f 3819/5012/587 3815/10803/587 3811/5013/587
f 3811/5013/587 3835/10795/587 3827/5011/587
f 3841/5014/599 3843/5017/599 3844/5015/599
f 3843/5017/600 3845/5019/600 3846/5018/600
f 3845/5019/601 3847/5021/601 3848/5020/601
f 3847/5021/602 3849/5023/602 3850/5022/602
f 3849/5023/603 3851/10805/603 3852/5024/603
f 3851/5025/1629 3853/5028/1629 3854/5026/1629
f 3853/5028/606 3855/5030/606 3856/5029/606
f 3855/5030/607 3857/10806/607 3858/5031/607
f 3859/5032/591 3860/5036/591 3858/5033/591
f 3861/5035/592 3862/5038/592 3860/5036/592
f 3863/5037/593 3864/5040/593 3862/5038/593
f 3865/5039/1632 3866/5042/1632 3864/5040/1632
f 3867/5041/595 3868/10807/595 3866/5042/595
f 3869/5043/596 3870/5050/596 3868/5044/596
f 3842/5048/608 3844/10808/608 3846/10809/608
f 3846/10809/2180 3848/10810/2180 3850/10811/2180
f 3850/10811/2181 3852/10812/2181 3854/10813/2181
f 3854/10813/608 3856/10814/608 3858/5046/608
f 3858/5046/608 3860/10815/608 3862/10816/608
f 3862/10816/1876 3864/10817/1876 3866/5047/1876
f 3866/5047/1876 3868/10818/1876 3870/10819/1876
f 3870/10819/1876 3872/10820/1876 3842/5048/1876
f 3842/5048/608 3846/10809/608 3850/10811/608
f 3850/10811/608 3854/10813/608 3858/5046/608
f 3858/5046/608 3862/10816/608 3866/5047/608
f 3866/5047/608 3870/10819/608 3842/5048/608
f 3842/5048/608 3850/10811/608 3858/5046/608
f 3871/5049/1872 3872/5052/1872 3870/5050/1872
f 3841/5051/598 3842/10821/598 3872/5052/598
f 3843/5055/1875 3841/10822/1875 3871/10823/1875
f 3871/10823/1875 3869/10824/1875 3867/10825/1875
f 3867/10825/1875 3865/10826/1875 3863/10827/1875
f 3863/10827/1874 3861/10828/1874 3859/5053/1874
f 3859/5053/1875 3857/10829/1875 3855/10830/1875
f 3855/10830/605 3853/10831/605 3851/5054/605
f 3851/5054/605 3849/10832/605 3847/10833/605
f 3847/10833/1874 3845/10834/1874 3843/5055/1874
f 3843/5055/605 3871/10823/605 3867/10825/605
f 3867/10825/605 3863/10827/605 3859/5053/605
f 3859/5053/605 3855/10830/605 3851/5054/605
f 3851/5054/605 3847/10833/605 3843/5055/605
f 3843/5055/605 3867/10825/605 3859/5053/605
f 3875/5056/1633 3876/5060/1633 3874/5057/1633
f 3875/5056/618 3877/10835/618 3878/5059/618
f 3877/5061/619 3879/5064/619 3880/5062/619
f 3879/5064/620 3881/5066/620 3882/5065/620
f 3881/5066/2182 3883/10836/2182 3884/5067/2182
f 3883/5068/622 3885/10837/622 3886/5069/622
f 3885/5071/624 3887/5074/624 3888/5072/624
f 3887/5074/625 3889/5076/625 3890/5075/625
f 3889/5076/609 3891/5079/609 3892/5077/609
f 3893/5078/610 3894/10838/610 3892/5077/610
f 3895/5080/611 3896/5084/611 3894/5081/611
f 3897/5083/1636 3898/5086/1636 3896/5084/1636
f 3899/5085/613 3900/10839/613 3898/5086/613
f 3901/5087/614 3902/10840/614 3900/5088/614
f 3874/5092/626 3876/10841/626 3878/10842/626
f 3878/10842/1882 3880/10843/1882 3882/10844/1882
f 3882/10844/1884 3884/10845/1884 3886/10846/1884
f 3886/10846/1883 3888/10847/1883 3890/5090/1883
f 3890/5090/1884 3892/10848/1884 3894/10849/1884
f 3894/10849/626 3896/10850/626 3898/5091/626
f 3898/5091/1882 3900/5088/1882 3902/10840/1882
f 3902/10840/2183 3904/10851/2183 3874/5092/2183
f 3874/5092/626 3878/10842/626 3882/10844/626
f 3882/10844/626 3886/10846/626 3890/5090/626
f 3890/5090/626 3894/10849/626 3898/5091/626
f 3898/5091/626 3902/10840/626 3874/5092/626
f 3874/5092/626 3882/10844/626 3890/5090/626
f 3903/5093/615 3904/5096/615 3902/5094/615
f 3873/5058/1638 3874/5057/1638 3904/5096/1638
f 3875/5098/1880 3873/10852/1880 3903/10853/1880
f 3903/10853/1880 3901/10854/1880 3899/10855/1880
f 3899/10855/1879 3897/10856/1879 3895/10857/1879
f 3895/10857/1879 3893/10858/1879 3891/5097/1879
f 3891/5097/1881 3889/10859/1881 3887/10860/1881
f 3887/10860/1880 3885/10837/1880 3883/5068/1880
f 3883/5068/1880 3881/10861/1880 3879/10862/1880
f 3879/10862/623 3877/10863/623 3875/5098/623
f 3875/5098/623 3903/10853/623 3899/10855/623
f 3899/10855/623 3895/10857/623 3891/5097/623
f 3891/5097/623 3887/10860/623 3883/5068/623
f 3883/5068/623 3879/10862/623 3875/5098/623
f 3875/5098/623 3899/10855/623 3891/5097/623
f 3907/5099/635 3908/5103/635 3906/5100/635
f 3909/5102/636 3910/5105/636 3908/5103/636
f 3911/5104/637 3912/5107/637 3910/5105/637
f 3911/5104/638 3913/5108/638 3914/5106/638
f 3913/5108/639 3915/10864/639 3916/5109/639
f 3915/5110/640 3917/5113/640 3918/5111/640
f 3917/5113/642 3919/5115/642 3920/5114/642
f 3919/5115/643 3921/10865/643 3922/5116/643
f 3921/5117/627 3923/5120/627 3924/5118/627
f 3923/5120/628 3925/5122/628 3926/5121/628
f 3925/5122/629 3927/5125/629 3928/5123/629
f 3929/5124/630 3930/5127/630 3928/5123/630
f 3931/5126/631 3932/10866/631 3930/5127/631
f 3933/5128/632 3934/5135/632 3932/5129/632
f 3906/5133/644 3908/10867/644 3910/10868/644
f 3910/10868/644 3912/10869/644 3914/10870/644
f 3914/10870/1888 3916/10871/1888 3918/10872/1888
f 3918/10872/644 3920/10873/644 3922/5131/644
f 3922/5131/644 3924/10874/644 3926/10875/644
f 3926/10875/1889 3928/10876/1889 3930/5132/1889
f 3930/5132/1888 3932/10877/1888 3934/10878/1888
f 3934/10878/644 3936/10879/644 3906/5133/644
f 3906/5133/644 3910/10868/644 3914/10870/644
f 3914/10870/1888 3918/10872/1888 3922/5131/1888
f 3922/5131/644 3926/10875/644 3930/5132/644
f 3930/5132/644 3934/10878/644 3906/5133/644
f 3906/5133/644 3914/10870/644 3922/5131/644
f 3935/5134/633 3936/5137/633 3934/5135/633
f 3905/5136/634 3906/10880/634 3936/5137/634
f 3907/5140/641 3905/10881/641 3935/10882/641
f 3935/10882/641 3933/10883/641 3931/10884/641
f 3931/10884/641 3929/10885/641 3927/10886/641
f 3927/10886/641 3925/10887/641 3923/5138/641
f 3923/5138/641 3921/10888/641 3919/10889/641
f 3919/10889/641 3917/10890/641 3915/5139/641
f 3915/5139/1886 3913/10891/1886 3911/10892/1886
f 3911/10892/641 3909/10893/641 3907/5140/641
f 3907/5140/641 3935/10882/641 3931/10884/641
f 3931/10884/2184 3927/10886/2184 3923/5138/2184
f 3923/5138/1886 3919/10889/1886 3915/5139/1886
f 3915/5139/641 3911/10892/641 3907/5140/641
f 3907/5140/641 3931/10884/641 3923/5138/641
f 3939/5141/653 3940/10894/653 3938/5142/653
f 3941/5144/654 3942/5148/654 3940/5145/654
f 3943/5147/655 3944/5150/655 3942/5148/655
f 3945/5149/656 3946/5152/656 3944/5150/656
f 3945/5149/657 3947/10895/657 3948/5151/657
f 3947/5153/658 3949/5156/658 3950/5154/658
f 3949/5156/660 3951/5158/660 3952/5157/660
f 3951/5158/661 3953/5160/661 3954/5159/661
f 3953/5160/645 3955/10896/645 3956/5161/645
f 3955/5162/646 3957/5165/646 3958/5163/646
f 3957/5165/647 3959/5167/647 3960/5166/647
f 3959/5167/648 3961/5170/648 3962/5168/648
f 3963/5169/649 3964/10897/649 3962/5168/649
f 3965/5171/650 3966/5178/650 3964/5172/650
f 3938/5176/1894 3940/10898/1894 3942/10899/1894
f 3942/10899/662 3944/10900/662 3946/10901/662
f 3946/10901/2185 3948/10902/2185 3950/10903/2185
f 3950/10903/662 3952/10904/662 3954/5174/662
f 3954/5174/662 3956/10905/662 3958/10906/662
f 3958/10906/1893 3960/10907/1893 3962/5175/1893
f 3962/5175/662 3964/10908/662 3966/10909/662
f 3966/10909/662 3968/10910/662 3938/5176/662
f 3938/5176/662 3942/10899/662 3946/10901/662
f 3946/10901/1893 3950/10903/1893 3954/5174/1893
f 3954/5174/662 3958/10906/662 3962/5175/662
f 3962/5175/662 3966/10909/662 3938/5176/662
f 3938/5176/662 3946/10901/662 3954/5174/662
f 3967/5177/651 3968/5179/651 3966/5178/651
f 3937/5143/652 3938/5142/652 3968/5179/652
f 3939/5182/1892 3937/10911/1892 3967/10912/1892
f 3967/10912/659 3965/10913/659 3963/10914/659
f 3963/10914/1892 3961/10915/1892 3959/10916/1892
f 3959/10916/659 3957/10917/659 3955/5180/659
f 3955/5180/1892 3953/10918/1892 3951/10919/1892
f 3951/10919/659 3949/10920/659 3947/5181/659
f 3947/5181/659 3945/10921/659 3943/10922/659
f 3943/10922/1892 3941/10923/1892 3939/5182/1892
f 3939/5182/659 3967/10912/659 3963/10914/659
f 3963/10914/659 3959/10916/659 3955/5180/659
f 3955/5180/659 3951/10919/659 3947/5181/659
f 3947/5181/659 3943/10922/659 3939/5182/659
f 3939/5182/659 3963/10914/659 3955/5180/659
f 3971/5183/671 3972/5187/671 3970/5184/671
f 3973/5186/1640 3974/5189/1640 3972/5187/1640
f 3975/5188/673 3976/5191/673 3974/5189/673
f 3977/5190/674 3978/10924/674 3976/5191/674
f 3979/5192/675 3980/5196/675 3978/5193/675
f 3979/5192/676 3981/10925/676 3982/5195/676
f 3981/5197/678 3983/5200/678 3984/5198/678
f 3983/5200/679 3985/10926/679 3986/5201/679
f 3985/5202/663 3987/5205/663 3988/5203/663
f 3987/5205/664 3989/5207/664 3990/5206/664
f 3989/5207/665 3991/5209/665 3992/5208/665
f 3991/5209/1896 3993/10927/1896 3994/5210/1896
f 3993/5211/1643 3995/5215/1643 3996/5212/1643
f 3997/5214/668 3998/10928/668 3996/5212/668
f 3970/5217/1902 3972/10929/1902 3974/10930/1902
f 3974/10930/1899 3976/10931/1899 3978/10932/1899
f 3978/10932/1900 3980/10933/1900 3982/10934/1900
f 3982/10934/1902 3984/10935/1902 3986/5216/1902
f 3986/5216/2186 3988/10936/2186 3990/10937/2186
f 3990/10937/680 3992/10938/680 3994/5213/680
f 3994/5213/1900 3996/5212/1900 3998/10928/1900
f 3998/10928/1900 4000/10939/1900 3970/5217/1900
f 3970/5217/680 3974/10930/680 3978/10932/680
f 3978/10932/680 3982/10934/680 3986/5216/680
f 3986/5216/680 3990/10937/680 3994/5213/680
f 3994/5213/680 3998/10928/680 3970/5217/680
f 3970/5217/680 3978/10932/680 3986/5216/680
f 3999/5218/669 4000/5222/669 3998/5219/669
f 3969/5221/670 3970/10940/670 4000/5222/670
f 3971/5224/2187 3969/10941/2187 3999/10942/2187
f 3999/10942/1898 3997/10943/1898 3995/10944/1898
f 3995/10944/1898 3993/10945/1898 3991/10946/1898
f 3991/10946/1898 3989/10947/1898 3987/5223/1898
f 3987/5223/677 3985/10948/677 3983/10949/677
f 3983/10949/1898 3981/10925/1898 3979/5192/1898
f 3979/5192/1897 3977/5194/1897 3975/10950/1897
f 3975/10950/2187 3973/10951/2187 3971/5224/2187
f 3971/5224/677 3999/10942/677 3995/10944/677
f 3995/10944/2187 3991/10946/2187 3987/5223/2187
f 3987/5223/677 3983/10949/677 3979/5192/677
f 3979/5192/677 3975/10950/677 3971/5224/677
f 3971/5224/677 3995/10944/677 3987/5223/677
f 4003/5225/689 4004/5229/689 4002/5226/689
f 4005/5228/690 4006/5231/690 4004/5229/690
f 4005/5228/691 4007/5232/691 4008/5230/691
f 4007/5232/692 4009/10952/692 4010/5233/692
f 4009/5234/693 4011/5237/693 4012/5235/693
f 4011/5237/694 4013/5239/694 4014/5238/694
f 4013/5239/696 4015/5241/696 4016/5240/696
f 4015/5241/697 4017/10953/697 4018/5242/697
f 4017/5243/681 4019/5246/681 4020/5244/681
f 4019/5246/682 4021/5249/682 4022/5247/682
f 4023/5248/683 4024/5251/683 4022/5247/683
f 4025/5250/1903 4026/5257/1903 4024/5251/1903
f 4027/5252/685 4028/5256/685 4026/5253/685
f 4029/5255/686 4030/5260/686 4028/5256/686
f 4002/5258/2188 4004/10954/2188 4006/10955/2188
f 4006/10955/698 4008/10956/698 4010/10957/698
f 4010/10957/2189 4012/10958/2189 4014/10959/2189
f 4014/10959/698 4016/10960/698 4018/5245/698
f 4018/5245/698 4020/5244/698 4022/5247/698
f 4022/5247/2190 4024/5251/2190 4026/5257/2190
f 4026/5257/698 4028/10961/698 4030/10962/698
f 4030/10962/698 4032/10963/698 4002/5258/698
f 4002/5258/698 4006/10955/698 4010/10957/698
f 4010/10957/698 4014/10959/698 4018/5245/698
f 4018/5245/698 4022/5247/698 4026/5257/698
f 4026/5257/698 4030/10962/698 4002/5258/698
f 4002/5258/698 4010/10957/698 4018/5245/698
f 4031/5259/687 4032/5262/687 4030/5260/687
f 4001/5261/1648 4002/10964/1648 4032/5262/1648
f 4003/5225/695 4001/5227/695 4031/10965/695
f 4031/10965/1905 4029/10966/1905 4027/10967/1905
f 4027/10967/1906 4025/10968/1906 4023/10969/1906
f 4023/10969/695 4021/10970/695 4019/5263/695
f 4019/5263/695 4017/10971/695 4015/10972/695
f 4015/10972/695 4013/10973/695 4011/5264/695
f 4011/5264/695 4009/10952/695 4007/5232/695
f 4007/5232/695 4005/5228/695 4003/5225/695
f 4003/5225/695 4031/10965/695 4027/10967/695
f 4027/10967/695 4023/10969/695 4019/5263/695
f 4019/5263/695 4015/10972/695 4011/5264/695
f 4011/5264/695 4007/5232/695 4003/5225/695
f 4003/5225/695 4027/10967/695 4019/5263/695
f 4033/5265/707 4035/5268/707 4036/5266/707
f 4035/5268/708 4037/5271/708 4038/5269/708
f 4039/5270/709 4040/5273/709 4038/5269/709
f 4041/5272/710 4042/5275/710 4040/5273/710
f 4043/5274/711 4044/10974/711 4042/5275/711
f 4045/5276/712 4046/5280/712 4044/5277/712
f 4047/5279/714 4048/5282/714 4046/5280/714
f 4049/5281/715 4050/10975/715 4048/5282/715
f 4051/5283/699 4052/5287/699 4050/5284/699
f 4053/5286/700 4054/5289/700 4052/5287/700
f 4053/5286/701 4055/5290/701 4056/5288/701
f 4055/5290/702 4057/5292/702 4058/5291/702
f 4057/5292/703 4059/10976/703 4060/5293/703
f 4059/5294/704 4061/5300/704 4062/5295/704
f 4034/5299/716 4036/10977/716 4038/10978/716
f 4038/10978/716 4040/10979/716 4042/10980/716
f 4042/10980/1912 4044/10981/1912 4046/10982/1912
f 4046/10982/716 4048/10983/716 4050/5297/716
f 4050/5297/1914 4052/10984/1914 4054/10985/1914
f 4054/10985/716 4056/10986/716 4058/5298/716
f 4058/5298/2191 4060/10987/2191 4062/10988/2191
f 4062/10988/716 4064/10989/716 4034/5299/716
f 4034/5299/716 4038/10978/716 4042/10980/716
f 4042/10980/1912 4046/10982/1912 4050/5297/1912
f 4050/5297/716 4054/10985/716 4058/5298/716
f 4058/5298/1912 4062/10988/1912 4034/5299/1912
f 4034/5299/716 4042/10980/716 4050/5297/716
f 4061/5300/705 4063/5302/705 4064/5301/705
f 4063/5302/706 4033/10990/706 4034/5303/706
f 4035/5306/1909 4033/10991/1909 4063/10992/1909
f 4063/10992/1909 4061/10993/1909 4059/10994/1909
f 4059/10994/1909 4057/10995/1909 4055/10996/1909
f 4055/10996/713 4053/10997/713 4051/5304/713
f 4051/5304/713 4049/10998/713 4047/10999/713
f 4047/10999/1909 4045/11000/1909 4043/5305/1909
f 4043/5305/713 4041/11001/713 4039/11002/713
f 4039/11002/1911 4037/11003/1911 4035/5306/1911
f 4035/5306/713 4063/10992/713 4059/10994/713
f 4059/10994/713 4055/10996/713 4051/5304/713
f 4051/5304/713 4047/10999/713 4043/5305/713
f 4043/5305/713 4039/11002/713 4035/5306/713
f 4035/5306/713 4059/10994/713 4051/5304/713
f 4065/5307/725 4067/5310/725 4068/5308/725
f 4067/5310/726 4069/11004/726 4070/5311/726
f 4069/5312/727 4071/5315/727 4072/5313/727
f 4071/5315/728 4073/5318/728 4074/5316/728
f 4075/5317/729 4076/5320/729 4074/5316/729
f 4077/5319/730 4078/5322/730 4076/5320/730
f 4079/5321/732 4080/11005/732 4078/5322/732
f 4081/5323/733 4082/11006/733 4080/5324/733
f 4083/5326/717 4084/5330/717 4082/5327/717
f 4085/5329/718 4086/11007/718 4084/5330/718
f 4087/5331/719 4088/5335/719 4086/5332/719
f 4089/5334/720 4090/5337/720 4088/5335/720
f 4089/5334/721 4091/5338/721 4092/5336/721
f 4091/5338/722 4093/5343/722 4094/5339/722
f 4066/5342/734 4068/11008/734 4070/11009/734
f 4070/11009/734 4072/11010/734 4074/11011/734
f 4074/11011/1918 4076/11012/1918 4078/11013/1918
f 4078/11013/734 4080/11014/734 4082/5340/734
f 4082/5340/2192 4084/11015/2192 4086/11016/2192
f 4086/11016/2193 4088/11017/2193 4090/5341/2193
f 4090/5341/734 4092/11018/734 4094/11019/734
f 4094/11019/734 4096/5346/734 4066/5342/734
f 4066/5342/734 4070/11009/734 4074/11011/734
f 4074/11011/734 4078/11013/734 4082/5340/734
f 4082/5340/734 4086/11016/734 4090/5341/734
f 4090/5341/734 4094/11019/734 4066/5342/734
f 4066/5342/734 4074/11011/734 4082/5340/734
f 4093/5343/723 4095/11020/723 4096/5344/723
f 4095/5345/724 4065/11021/724 4066/5342/724
f 4067/5349/2194 4065/11022/2194 4095/11023/2194
f 4095/11023/1917 4093/11024/1917 4091/11025/1917
f 4091/11025/2195 4089/11026/2195 4087/11027/2195
f 4087/11027/731 4085/11028/731 4083/5347/731
f 4083/5347/1916 4081/5323/1916 4079/5325/1916
f 4079/5325/731 4077/11029/731 4075/5348/731
f 4075/5348/731 4073/11030/731 4071/11031/731
f 4071/11031/731 4069/11032/731 4067/5349/731
f 4067/5349/731 4095/11023/731 4091/11025/731
f 4091/11025/731 4087/11027/731 4083/5347/731
f 4083/5347/731 4079/5325/731 4075/5348/731
f 4075/5348/731 4071/11031/731 4067/5349/731
f 4067/5349/731 4091/11025/731 4083/5347/731
f 4099/5350/743 4100/5354/743 4098/5351/743
f 4101/5353/744 4102/5356/744 4100/5354/744
f 4103/5355/745 4104/5358/745 4102/5356/745
f 4105/5357/746 4106/11033/746 4104/5358/746
f 4107/5359/747 4108/5363/747 4106/5360/747
f 4107/5359/748 4109/5364/748 4110/5362/748
f 4109/5364/1651 4111/5366/1651 4112/5365/1651
f 4111/5366/751 4113/11034/751 4114/5367/751
f 4113/5368/735 4115/5371/735 4116/5369/735
f 4115/5371/736 4117/5373/736 4118/5372/736
f 4117/5373/737 4119/5375/737 4120/5374/737
f 4119/5375/738 4121/11035/738 4122/5376/738
f 4121/5377/739 4123/5381/739 4124/5378/739
f 4125/5380/740 4126/5386/740 4124/5378/740
f 4098/5384/752 4100/11036/752 4102/11037/752
f 4102/11037/752 4104/11038/752 4106/11039/752
f 4106/11039/752 4108/11040/752 4110/11041/752
f 4110/11041/2196 4112/11042/2196 4114/5382/2196
f 4114/5382/752 4116/11043/752 4118/11044/752
f 4118/11044/752 4120/11045/752 4122/5383/752
f 4122/5383/2196 4124/11046/2196 4126/11047/2196
f 4126/11047/752 4128/11048/752 4098/5384/752
f 4098/5384/752 4102/11037/752 4106/11039/752
f 4106/11039/752 4110/11041/752 4114/5382/752
f 4114/5382/752 4118/11044/752 4122/5383/752
f 4122/5383/752 4126/11047/752 4098/5384/752
f 4098/5384/752 4106/11039/752 4114/5382/752
f 4127/5385/1652 4128/5388/1652 4126/5386/1652
f 4097/5387/742 4098/11049/742 4128/5388/742
f 4099/5391/749 4097/11050/749 4127/11051/749
f 4127/11051/749 4125/11052/749 4123/11053/749
f 4123/11053/749 4121/11054/749 4119/11055/749
f 4119/11055/749 4117/11056/749 4115/5389/749
f 4115/5389/749 4113/11057/749 4111/11058/749
f 4111/11058/749 4109/11059/749 4107/5390/749
f 4107/5390/749 4105/11060/749 4103/11061/749
f 4103/11061/749 4101/11062/749 4099/5391/749
f 4099/5391/749 4127/11051/749 4123/11053/749
f 4123/11053/749 4119/11055/749 4115/5389/749
f 4115/5389/749 4111/11058/749 4107/5390/749
f 4107/5390/749 4103/11061/749 4099/5391/749
f 4099/5391/749 4123/11053/749 4115/5389/749
f 4131/5392/761 4132/11063/761 4130/5393/761
f 4133/5395/762 4134/5399/762 4132/5396/762
f 4135/5398/763 4136/5401/763 4134/5399/763
f 4137/5400/1925 4138/5403/1925 4136/5401/1925
f 4139/5402/765 4140/11064/765 4138/5403/765
f 4141/5404/766 4142/5408/766 4140/5405/766
f 4143/5407/768 4144/5410/768 4142/5408/768
f 4143/5407/769 4145/11065/769 4146/5409/769
f 4145/5411/753 4147/5432/753 4148/5412/753
f 4147/5414/754 4149/5417/754 4150/5415/754
f 4149/5417/755 4151/5419/755 4152/5418/755
f 4151/5419/1924 4153/5421/1924 4154/5420/1924
f 4153/5421/757 4155/11066/757 4156/5422/757
f 4155/5423/758 4157/5428/758 4158/5424/758
f 4130/5393/1931 4132/11063/1931 4134/11067/1931
f 4134/11067/1930 4136/11068/1930 4138/11069/1930
f 4138/11069/2197 4140/11070/2197 4142/11071/2197
f 4142/11071/770 4144/11072/770 4146/5426/770
f 4146/5426/770 4148/11073/770 4150/11074/770
f 4150/11074/770 4152/11075/770 4154/5427/770
f 4154/5427/1931 4156/11076/1931 4158/11077/1931
f 4158/11077/1930 4160/11078/1930 4130/5393/1930
f 4130/5393/770 4134/11067/770 4138/11069/770
f 4138/11069/770 4142/11071/770 4146/5426/770
f 4146/5426/1931 4150/11074/1931 4154/5427/1931
f 4154/5427/770 4158/11077/770 4130/5393/770
f 4130/5393/770 4138/11069/770 4146/5426/770
f 4157/5428/759 4159/5431/759 4160/5429/759
f 4129/5430/760 4130/11079/760 4160/5429/760
f 4131/5434/767 4129/11080/767 4159/11081/767
f 4159/11081/1927 4157/11082/1927 4155/11083/1927
f 4155/11083/767 4153/11084/767 4151/11085/767
f 4151/11085/767 4149/11086/767 4147/5432/767
f 4147/5432/1926 4145/5411/1926 4143/11087/1926
f 4143/11087/767 4141/11088/767 4139/5433/767
f 4139/5433/767 4137/11089/767 4135/11090/767
f 4135/11090/767 4133/11091/767 4131/5434/767
f 4131/5434/767 4159/11081/767 4155/11083/767
f 4155/11083/1929 4151/11085/1929 4147/5432/1929
f 4147/5432/767 4143/11087/767 4139/5433/767
f 4139/5433/767 4135/11090/767 4131/5434/767
f 4131/5434/767 4155/11083/767 4147/5432/767
f 4163/5435/779 4164/11092/779 4162/5436/779
f 4165/5438/780 4166/5442/780 4164/5439/780
f 4167/5441/781 4168/5444/781 4166/5442/781
f 4169/5443/782 4170/11093/782 4168/5444/782
f 4169/5445/783 4171/5476/783 4172/5446/783
f 4171/5448/784 4173/5451/784 4174/5449/784
f 4173/5451/786 4175/5453/786 4176/5452/786
f 4175/5453/787 4177/5455/787 4178/5454/787
f 4177/5455/771 4179/11094/771 4180/5456/771
f 4179/5457/772 4181/5460/772 4182/5458/772
f 4181/5460/773 4183/5462/773 4184/5461/773
f 4183/5462/774 4185/11095/774 4186/5463/774
f 4187/5464/775 4188/11096/775 4186/5465/775
f 4189/5467/776 4190/5473/776 4188/5468/776
f 4162/5471/788 4164/11097/788 4166/11098/788
f 4166/11098/788 4168/11099/788 4170/11100/788
f 4170/11100/788 4172/11101/788 4174/11102/788
f 4174/11102/788 4176/11103/788 4178/5470/788
f 4178/5470/1937 4180/11104/1937 4182/11105/1937
f 4182/11105/2198 4184/11106/2198 4186/5465/2198
f 4186/5465/1937 4188/11096/1937 4190/11107/1937
f 4190/11107/1937 4192/11108/1937 4162/5471/1937
f 4162/5471/788 4166/11098/788 4170/11100/788
f 4170/11100/788 4174/11102/788 4178/5470/788
f 4178/5470/2198 4182/11105/2198 4186/5465/2198
f 4186/5465/1937 4190/11107/1937 4162/5471/1937
f 4162/5471/788 4170/11100/788 4178/5470/788
f 4191/5472/777 4192/5474/777 4190/5473/777
f 4161/5437/778 4162/5436/778 4192/5474/778
f 4163/5477/785 4161/11109/785 4191/11110/785
f 4191/11110/785 4189/11111/785 4187/11112/785
f 4187/11112/785 4185/11113/785 4183/11114/785
f 4183/11114/785 4181/11115/785 4179/5475/785
f 4179/5475/1935 4177/11116/1935 4175/11117/1935
f 4175/11117/785 4173/11118/785 4171/5476/785
f 4171/5476/2199 4169/5445/2199 4167/11119/2199
f 4167/11119/785 4165/11120/785 4163/5477/785
f 4163/5477/785 4191/11110/785 4187/11112/785
f 4187/11112/785 4183/11114/785 4179/5475/785
f 4179/5475/785 4175/11117/785 4171/5476/785
f 4171/5476/785 4167/11119/785 4163/5477/785
f 4163/5477/785 4187/11112/785 4179/5475/785
f 4193/5478/797 4195/5481/797 4196/5479/797
f 4195/5481/798 4197/11121/798 4198/5482/798
f 4197/5483/799 4199/5486/799 4200/5484/799
f 4199/5486/800 4201/5488/800 4202/5487/800
f 4201/5488/801 4203/5491/801 4204/5489/801
f 4205/5490/802 4206/5493/802 4204/5489/802
f 4207/5492/804 4208/11122/804 4206/5493/804
f 4209/5494/805 4210/5498/805 4208/5495/805
f 4211/5497/789 4212/5500/789 4210/5498/789
f 4213/5499/790 4214/11123/790 4212/5500/790
f 4215/5501/791 4216/5505/791 4214/5502/791
f 4217/5504/792 4218/5507/792 4216/5505/792
f 4219/5506/793 4220/5509/793 4218/5507/793
f 4219/5506/794 4221/5513/794 4222/5508/794
f 4194/5512/1940 4196/11124/1940 4198/11125/1940
f 4198/11125/1940 4200/11126/1940 4202/11127/1940
f 4202/11127/2200 4204/11128/2200 4206/11129/2200
f 4206/11129/806 4208/11130/806 4210/5510/806
f 4210/5510/806 4212/11131/806 4214/11132/806
f 4214/11132/806 4216/11133/806 4218/5511/806
f 4218/5511/2201 4220/11134/2201 4222/11135/2201
f 4222/11135/1939 4224/11136/1939 4194/5512/1939
f 4194/5512/806 4198/11125/806 4202/11127/806
f 4202/11127/806 4206/11129/806 4210/5510/806
f 4210/5510/806 4214/11132/806 4218/5511/806
f 4218/5511/806 4222/11135/806 4194/5512/806
f 4194/5512/806 4202/11127/806 4210/5510/806
f 4221/5513/795 4223/11137/795 4224/5514/795
f 4223/5515/796 4193/5478/796 4194/5480/796
f 4195/5519/2202 4193/11138/2202 4223/11139/2202
f 4223/11139/2203 4221/11140/2203 4219/11141/2203
f 4219/11141/2204 4217/11142/2204 4215/11143/2204
f 4215/11143/2205 4213/11144/2205 4211/5517/2205
f 4211/5517/2205 4209/11145/2205 4207/11146/2205
f 4207/11146/2206 4205/11147/2206 4203/5518/2206
f 4203/5518/803 4201/11148/803 4199/11149/803
f 4199/11149/803 4197/11150/803 4195/5519/803
f 4195/5519/803 4223/11139/803 4219/11141/803
f 4219/11141/803 4215/11143/803 4211/5517/803
f 4211/5517/803 4207/11146/803 4203/5518/803
f 4203/5518/2202 4199/11149/2202 4195/5519/2202
f 4195/5519/803 4219/11141/803 4211/5517/803
f 4227/5520/815 4228/11151/815 4226/5521/815
f 4229/5523/816 4230/5527/816 4228/5524/816
f 4231/5526/817 4232/5529/817 4230/5527/817
f 4233/5528/818 4234/5531/818 4232/5529/818
f 4233/5528/819 4235/11152/819 4236/5530/819
f 4235/5532/820 4237/5535/820 4238/5533/820
f 4237/5535/822 4239/5537/822 4240/5536/822
f 4239/5537/1658 4241/5539/1658 4242/5538/1658
f 4241/5539/807 4243/11153/807 4244/5540/807
f 4243/5541/808 4245/5544/808 4246/5542/808
f 4245/5544/809 4247/5546/809 4248/5545/809
f 4247/5546/810 4249/5549/810 4250/5547/810
f 4251/5548/811 4252/11154/811 4250/5547/811
f 4253/5550/812 4254/5557/812 4252/5551/812
f 4226/5555/1945 4228/11155/1945 4230/11156/1945
f 4230/11156/824 4232/11157/824 4234/11158/824
f 4234/11158/1945 4236/11159/1945 4238/11160/1945
f 4238/11160/824 4240/11161/824 4242/5553/824
f 4242/5553/824 4244/11162/824 4246/11163/824
f 4246/11163/824 4248/11164/824 4250/5554/824
f 4250/5554/2207 4252/11165/2207 4254/11166/2207
f 4254/11166/1945 4256/11167/1945 4226/5555/1945
f 4226/5555/1945 4230/11156/1945 4234/11158/1945
f 4234/11158/824 4238/11160/824 4242/5553/824
f 4242/5553/824 4246/11163/824 4250/5554/824
f 4250/5554/1945 4254/11166/1945 4226/5555/1945
f 4226/5555/824 4234/11158/824 4242/5553/824
f 4255/5556/813 4256/5558/813 4254/5557/813
f 4225/5522/814 4226/5521/814 4256/5558/814
f 4227/5561/1944 4225/11168/1944 4255/11169/1944
f 4255/11169/821 4253/11170/821 4251/11171/821
f 4251/11171/821 4249/11172/821 4247/11173/821
f 4247/11173/1944 4245/11174/1944 4243/5559/1944
f 4243/5559/1944 4241/11175/1944 4239/11176/1944
f 4239/11176/821 4237/11177/821 4235/5560/821
f 4235/5560/821 4233/11178/821 4231/11179/821
f 4231/11179/821 4229/11180/821 4227/5561/821
f 4227/5561/821 4255/11169/821 4251/11171/821
f 4251/11171/821 4247/11173/821 4243/5559/821
f 4243/5559/821 4239/11176/821 4235/5560/821
f 4235/5560/821 4231/11179/821 4227/5561/821
f 4227/5561/821 4251/11171/821 4243/5559/821
f 4259/5562/833 4260/11181/833 4258/5563/833
f 4261/5565/834 4262/5569/834 4260/5566/834
f 4263/5568/835 4264/5571/835 4262/5569/835
f 4265/5570/836 4266/5573/836 4264/5571/836
f 4267/5572/837 4268/11182/837 4266/5573/837
f 4269/5574/838 4270/5578/838 4268/5575/838
f 4271/5577/840 4272/5580/840 4270/5578/840
f 4271/5577/841 4273/11183/841 4274/5579/841
f 4273/5581/825 4275/5602/825 4276/5582/825
f 4275/5584/826 4277/5587/826 4278/5585/826
f 4277/5587/827 4279/5589/827 4280/5588/827
f 4279/5589/828 4281/5591/828 4282/5590/828
f 4281/5591/829 4283/11184/829 4284/5592/829
f 4283/5593/830 4285/5598/830 4286/5594/830
f 4258/5563/842 4260/11181/842 4262/11185/842
f 4262/11185/842 4264/11186/842 4266/11187/842
f 4266/11187/842 4268/11188/842 4270/11189/842
f 4270/11189/842 4272/11190/842 4274/5596/842
f 4274/5596/842 4276/11191/842 4278/11192/842
f 4278/11192/842 4280/11193/842 4282/5597/842
f 4282/5597/842 4284/11194/842 4286/11195/842
f 4286/11195/842 4288/11196/842 4258/5563/842
f 4258/5563/842 4262/11185/842 4266/11187/842
f 4266/11187/842 4270/11189/842 4274/5596/842
f 4274/5596/842 4278/11192/842 4282/5597/842
f 4282/5597/842 4286/11195/842 4258/5563/842
f 4258/5563/842 4266/11187/842 4274/5596/842
f 4285/5598/831 4287/5601/831 4288/5599/831
f 4257/5600/832 4258/11197/832 4288/5599/832
f 4259/5604/839 4257/11198/839 4287/11199/839
f 4287/11199/839 4285/11200/839 4283/11201/839
f 4283/11201/839 4281/11202/839 4279/11203/839
f 4279/11203/839 4277/11204/839 4275/5602/839
f 4275/5602/839 4273/5581/839 4271/11205/839
f 4271/11205/839 4269/11206/839 4267/5603/839
f 4267/5603/839 4265/11207/839 4263/11208/839
f 4263/11208/839 4261/11209/839 4259/5604/839
f 4259/5604/839 4287/11199/839 4283/11201/839
f 4283/11201/839 4279/11203/839 4275/5602/839
f 4275/5602/839 4271/11205/839 4267/5603/839
f 4267/5603/839 4263/11208/839 4259/5604/839
f 4259/5604/839 4283/11201/839 4275/5602/839
f 4289/5605/851 4291/11210/851 4292/5606/851
f 4293/5608/852 4294/5612/852 4292/5609/852
f 4295/5611/853 4296/5614/853 4294/5612/853
f 4297/5613/854 4298/11211/854 4296/5614/854
f 4299/5615/855 4300/5619/855 4298/5616/855
f 4301/5618/856 4302/5621/856 4300/5619/856
f 4303/5620/858 4304/5623/858 4302/5621/858
f 4305/5622/859 4306/5625/859 4304/5623/859
f 4307/5624/843 4308/11212/843 4306/5625/843
f 4307/5626/844 4309/5629/844 4310/5627/844
f 4309/5629/845 4311/5631/845 4312/5630/845
f 4311/5631/846 4313/11213/846 4314/5632/846
f 4313/5633/847 4315/5636/847 4316/5634/847
f 4315/5636/848 4317/5641/848 4318/5637/848
f 4290/5640/860 4292/11214/860 4294/11215/860
f 4294/11215/2208 4296/11216/2208 4298/11217/2208
f 4298/11217/860 4300/11218/860 4302/11219/860
f 4302/11219/860 4304/11220/860 4306/5638/860
f 4306/5638/860 4308/11221/860 4310/11222/860
f 4310/11222/2209 4312/11223/2209 4314/5639/2209
f 4314/5639/860 4316/11224/860 4318/11225/860
f 4318/11225/860 4320/11226/860 4290/5640/860
f 4290/5640/860 4294/11215/860 4298/11217/860
f 4298/11217/860 4302/11219/860 4306/5638/860
f 4306/5638/860 4310/11222/860 4314/5639/860
f 4314/5639/860 4318/11225/860 4290/5640/860
f 4290/5640/860 4298/11217/860 4306/5638/860
f 4317/5641/849 4319/5643/849 4320/5642/849
f 4319/5643/850 4289/5605/850 4290/5607/850
f 4291/5646/857 4289/11227/857 4319/11228/857
f 4319/11228/857 4317/11229/857 4315/11230/857
f 4315/11230/857 4313/11231/857 4311/11232/857
f 4311/11232/857 4309/11233/857 4307/5644/857
f 4307/5644/857 4305/11234/857 4303/11235/857
f 4303/11235/857 4301/11236/857 4299/5645/857
f 4299/5645/857 4297/11237/857 4295/11238/857
f 4295/11238/857 4293/11239/857 4291/5646/857
f 4291/5646/857 4319/11228/857 4315/11230/857
f 4315/11230/857 4311/11232/857 4307/5644/857
f 4307/5644/857 4303/11235/857 4299/5645/857
f 4299/5645/857 4295/11238/857 4291/5646/857
f 4291/5646/857 4315/11230/857 4307/5644/857
f 4323/5647/869 4324/5651/869 4322/5648/869
f 4325/5650/870 4326/5653/870 4324/5651/870
f 4325/5650/871 4327/5654/871 4328/5652/871
f 4327/5654/872 4329/11240/872 4330/5655/872
f 4329/5656/873 4331/5659/873 4332/5657/873
f 4331/5659/874 4333/5661/874 4334/5660/874
f 4333/5661/876 4335/5663/876 4336/5662/876
f 4335/5663/877 4337/11241/877 4338/5664/877
f 4337/5665/861 4339/5668/861 4340/5666/861
f 4339/5668/862 4341/5671/862 4342/5669/862
f 4343/5670/863 4344/5673/863 4342/5669/863
f 4345/5672/864 4346/11242/864 4344/5673/864
f 4347/5674/865 4348/5678/865 4346/5675/865
f 4349/5677/866 4350/5683/866 4348/5678/866
f 4322/5681/878 4324/11243/878 4326/11244/878
f 4326/11244/2210 4328/11245/2210 4330/11246/2210
f 4330/11246/878 4332/11247/878 4334/11248/878
f 4334/11248/878 4336/11249/878 4338/5679/878
f 4338/5679/878 4340/11250/878 4342/11251/878
f 4342/11251/878 4344/11252/878 4346/5680/878
f 4346/5680/878 4348/11253/878 4350/11254/878
f 4350/11254/2210 4352/11255/2210 4322/5681/2210
f 4322/5681/878 4326/11244/878 4330/11246/878
f 4330/11246/878 4334/11248/878 4338/5679/878
f 4338/5679/878 4342/11251/878 4346/5680/878
f 4346/5680/878 4350/11254/878 4322/5681/878
f 4322/5681/878 4330/11246/878 4338/5679/878
f 4351/5682/867 4352/5685/867 4350/5683/867
f 4321/5684/868 4322/11256/868 4352/5685/868
f 4323/5688/875 4321/11257/875 4351/11258/875
f 4351/11258/875 4349/11259/875 4347/11260/875
f 4347/11260/875 4345/11261/875 4343/11262/875
f 4343/11262/1949 4341/11263/1949 4339/5686/1949
f 4339/5686/875 4337/11264/875 4335/11265/875
f 4335/11265/875 4333/11266/875 4331/5687/875
f 4331/5687/875 4329/11267/875 4327/11268/875
f 4327/11268/875 4325/11269/875 4323/5688/875
f 4323/5688/875 4351/11258/875 4347/11260/875
f 4347/11260/875 4343/11262/875 4339/5686/875
f 4339/5686/875 4335/11265/875 4331/5687/875
f 4331/5687/875 4327/11268/875 4323/5688/875
f 4323/5688/875 4347/11260/875 4339/5686/875
f 4355/5689/887 4356/5693/887 4354/5690/887
f 4357/5692/888 4358/5695/888 4356/5693/888
f 4359/5694/889 4360/5697/889 4358/5695/889
f 4361/5696/890 4362/5699/890 4360/5697/890
f 4363/5698/891 4364/11270/891 4362/5699/891
f 4363/5700/892 4365/5703/892 4366/5701/892
f 4365/5703/894 4367/5705/894 4368/5704/894
f 4367/5705/895 4369/11271/895 4370/5706/895
f 4369/5707/1665 4371/5710/1665 4372/5708/1665
f 4371/5710/880 4373/5712/880 4374/5711/880
f 4373/5712/881 4375/5714/881 4376/5713/881
f 4375/5714/882 4377/5716/882 4378/5715/882
f 4377/5716/883 4379/11272/883 4380/5717/883
f 4381/5718/884 4382/5725/884 4380/5719/884
f 4354/5723/1956 4356/11273/1956 4358/11274/1956
f 4358/11274/896 4360/11275/896 4362/11276/896
f 4362/11276/1956 4364/11277/1956 4366/11278/1956
f 4366/11278/2211 4368/11279/2211 4370/5721/2211
f 4370/5721/2212 4372/11280/2212 4374/11281/2212
f 4374/11281/1956 4376/11282/1956 4378/5722/1956
f 4378/5722/896 4380/11283/896 4382/11284/896
f 4382/11284/1955 4384/11285/1955 4354/5723/1955
f 4354/5723/896 4358/11274/896 4362/11276/896
f 4362/11276/896 4366/11278/896 4370/5721/896
f 4370/5721/896 4374/11281/896 4378/5722/896
f 4378/5722/896 4382/11284/896 4354/5723/896
f 4354/5723/896 4362/11276/896 4370/5721/896
f 4383/5724/1951 4384/5727/1951 4382/5725/1951
f 4353/5726/886 4354/11286/886 4384/5727/886
f 4355/5730/2213 4353/11287/2213 4383/11288/2213
f 4383/11288/2214 4381/11289/2214 4379/11290/2214
f 4379/11290/893 4377/11291/893 4375/11292/893
f 4375/11292/2215 4373/11293/2215 4371/5728/2215
f 4371/5728/1952 4369/11294/1952 4367/11295/1952
f 4367/11295/1952 4365/11296/1952 4363/5729/1952
f 4363/5729/893 4361/11297/893 4359/11298/893
f 4359/11298/893 4357/11299/893 4355/5730/893
f 4355/5730/893 4383/11288/893 4379/11290/893
f 4379/11290/893 4375/11292/893 4371/5728/893
f 4371/5728/893 4367/11295/893 4363/5729/893
f 4363/5729/893 4359/11298/893 4355/5730/893
f 4355/5730/893 4379/11290/893 4371/5728/893
f 4385/5731/1666 4387/5734/1666 4388/5732/1666
f 4387/5734/906 4389/5737/906 4390/5735/906
f 4391/5736/1667 4392/11300/1667 4390/5735/1667
f 4393/5738/908 4394/11301/908 4392/5739/908
f 4395/5741/909 4396/5745/909 4394/5742/909
f 4397/5744/910 4398/5747/910 4396/5745/910
f 4399/5746/912 4400/5749/912 4398/5747/912
f 4401/5748/913 4402/11302/913 4400/5749/913
f 4403/5750/897 4404/5754/897 4402/5751/897
f 4405/5753/898 4406/5756/898 4404/5754/898
f 4405/5753/899 4407/11303/899 4408/5755/899
f 4407/5757/900 4409/11304/900 4410/5758/900
f 4409/5760/2216 4411/5763/2216 4412/5761/2216
f 4411/5763/902 4413/5767/902 4414/5764/902
f 4386/5733/1961 4388/5732/1961 4390/5735/1961
f 4390/5735/914 4392/11300/914 4394/11305/914
f 4394/11305/914 4396/11306/914 4398/11307/914
f 4398/11307/1963 4400/11308/1963 4402/5765/1963
f 4402/5765/1962 4404/11309/1962 4406/11310/1962
f 4406/11310/1961 4408/11311/1961 4410/5766/1961
f 4410/5766/914 4412/11312/914 4414/11313/914
f 4414/11313/1963 4416/11314/1963 4386/5733/1963
f 4386/5733/1962 4390/5735/1962 4394/11305/1962
f 4394/11305/1963 4398/11307/1963 4402/5765/1963
f 4402/5765/914 4406/11310/914 4410/5766/914
f 4410/5766/914 4414/11313/914 4386/5733/914
f 4386/5733/914 4394/11305/914 4402/5765/914
f 4413/5767/903 4415/5769/903 4416/5768/903
f 4415/5769/2217 4385/11315/2217 4386/5770/2217
f 4387/5772/911 4385/11316/911 4415/11317/911
f 4415/11317/911 4413/11318/911 4411/11319/911
f 4411/11319/2218 4409/11320/2218 4407/11303/2218
f 4407/11303/2219 4405/5753/2219 4403/5750/2219
f 4403/5750/2218 4401/5752/2218 4399/11321/2218
f 4399/11321/911 4397/11322/911 4395/5771/911
f 4395/5771/911 4393/11323/911 4391/11324/911
f 4391/11324/2219 4389/11325/2219 4387/5772/2219
f 4387/5772/1958 4415/11317/1958 4411/11319/1958
f 4411/11319/1670 4407/11303/1670 4403/5750/1670
f 4403/5750/911 4399/11321/911 4395/5771/911
f 4395/5771/911 4391/11324/911 4387/5772/911
f 4387/5772/911 4411/11319/911 4403/5750/911
f 4417/5773/923 4419/5776/923 4420/5774/923
f 4419/5776/924 4421/5778/924 4422/5777/924
f 4421/5778/925 4423/5780/925 4424/5779/925
f 4423/5780/926 4425/11326/926 4426/5781/926
f 4425/5782/927 4427/5785/927 4428/5783/927
f 4427/5785/1964 4429/11327/1964 4430/5786/1964
f 4431/5787/930 4432/5791/930 4430/5788/930
f 4433/5790/931 4434/11328/931 4432/5791/931
f 4435/5792/915 4436/5796/915 4434/5793/915
f 4437/5795/916 4438/5798/916 4436/5796/916
f 4439/5797/1673 4440/5800/1673 4438/5798/1673
f 4441/5799/918 4442/11329/918 4440/5800/918
f 4443/5801/919 4444/5805/919 4442/5802/919
f 4445/5804/2220 4446/11330/2220 4444/5805/2220
f 4418/5808/1966 4420/11331/1966 4422/11332/1966
f 4422/11332/932 4424/11333/932 4426/5784/932
f 4426/5784/932 4428/5783/932 4430/5786/932
f 4430/5786/932 4432/11334/932 4434/5806/932
f 4434/5806/1966 4436/11335/1966 4438/11336/1966
f 4438/11336/2221 4440/11337/2221 4442/5807/2221
f 4442/5807/932 4444/11338/932 4446/11339/932
f 4446/11339/932 4448/11340/932 4418/5808/932
f 4418/5808/932 4422/11332/932 4426/5784/932
f 4426/5784/932 4430/5786/932 4434/5806/932
f 4434/5806/932 4438/11336/932 4442/5807/932
f 4442/5807/932 4446/11339/932 4418/5808/932
f 4418/5808/932 4426/5784/932 4434/5806/932
f 4445/5809/921 4447/5812/921 4448/5810/921
f 4447/5812/922 4417/11341/922 4418/5813/922
f 4419/5816/2222 4417/11342/2222 4447/11343/2222
f 4447/11343/2223 4445/5804/2223 4443/5801/2223
f 4443/5801/929 4441/5803/929 4439/11344/929
f 4439/11344/929 4437/11345/929 4435/5814/929
f 4435/5814/929 4433/11346/929 4431/11347/929
f 4431/11347/2223 4429/11348/2223 4427/5815/2223
f 4427/5815/929 4425/11349/929 4423/11350/929
f 4423/11350/929 4421/11351/929 4419/5816/929
f 4419/5816/929 4447/11343/929 4443/5801/929
f 4443/5801/929 4439/11344/929 4435/5814/929
f 4435/5814/929 4431/11347/929 4427/5815/929
f 4427/5815/929 4423/11350/929 4419/5816/929
f 4419/5816/929 4443/5801/929 4435/5814/929
f 4451/5817/941 4452/5821/941 4450/5818/941
f 4453/5820/942 4454/5823/942 4452/5821/942
f 4455/5822/943 4456/5825/943 4454/5823/943
f 4457/5824/944 4458/11352/944 4456/5825/944
f 4459/5826/945 4460/11353/945 4458/5827/945
f 4459/5829/946 4461/5832/946 4462/5830/946
f 4461/5832/1677 4463/5834/1677 4464/5833/1677
f 4463/5834/1678 4465/11354/1678 4466/5835/1678
f 4465/5836/933 4467/5839/933 4468/5837/933
f 4467/5839/934 4469/5841/934 4470/5840/934
f 4469/5841/935 4471/5843/935 4472/5842/935
f 4471/5843/2224 4473/11355/2224 4474/5844/2224
f 4473/5845/937 4475/11356/937 4476/5846/937
f 4477/5848/938 4478/5854/938 4476/5849/938
f 4450/5852/950 4452/11357/950 4454/11358/950
f 4454/11358/950 4456/11359/950 4458/11360/950
f 4458/11360/950 4460/11361/950 4462/11362/950
f 4462/11362/950 4464/11363/950 4466/5851/950
f 4466/5851/950 4468/11364/950 4470/11365/950
f 4470/11365/950 4472/11366/950 4474/5847/950
f 4474/5847/950 4476/5846/950 4478/11367/950
f 4478/11367/950 4480/11368/950 4450/5852/950
f 4450/5852/950 4454/11358/950 4458/11360/950
f 4458/11360/950 4462/11362/950 4466/5851/950
f 4466/5851/950 4470/11365/950 4474/5847/950
f 4474/5847/950 4478/11367/950 4450/5852/950
f 4450/5852/950 4458/11360/950 4466/5851/950
f 4479/5853/1968 4480/5856/1968 4478/5854/1968
f 4449/5855/940 4450/11369/940 4480/5856/940
f 4451/5858/947 4449/11370/947 4479/11371/947
f 4479/11371/947 4477/11372/947 4475/11373/947
f 4475/11373/947 4473/11374/947 4471/11375/947
f 4471/11375/947 4469/11376/947 4467/5857/947
f 4467/5857/947 4465/11377/947 4463/11378/947
f 4463/11378/947 4461/11379/947 4459/5826/947
f 4459/5826/947 4457/5828/947 4455/11380/947
f 4455/11380/947 4453/11381/947 4451/5858/947
f 4451/5858/947 4479/11371/947 4475/11373/947
f 4475/11373/947 4471/11375/947 4467/5857/947
f 4467/5857/947 4463/11378/947 4459/5826/947
f 4459/5826/947 4455/11380/947 4451/5858/947
f 4451/5858/947 4475/11373/947 4467/5857/947
f 4483/5859/959 4484/5863/959 4482/5860/959
f 4485/5862/960 4486/5865/960 4484/5863/960
f 4487/5864/961 4488/5867/961 4486/5865/961
f 4489/5866/962 4490/5869/962 4488/5867/962
f 4491/5868/1679 4492/11382/1679 4490/5869/1679
f 4493/5870/964 4494/5874/964 4492/5871/964
f 4495/5873/966 4496/5876/966 4494/5874/966
f 4495/5873/967 4497/11383/967 4498/5875/967
f 4497/5877/951 4499/5880/951 4500/5878/951
f 4499/5880/952 4501/5882/952 4502/5881/952
f 4501/5882/953 4503/5884/953 4504/5883/953
f 4503/5884/954 4505/5886/954 4506/5885/954
f 4505/5886/955 4507/11384/955 4508/5887/955
f 4507/5888/956 4509/5894/956 4510/5889/956
f 4482/5893/2225 4484/11385/2225 4486/11386/2225
f 4486/11386/968 4488/11387/968 4490/11388/968
f 4490/11388/1971 4492/11389/1971 4494/11390/1971
f 4494/11390/1971 4496/11391/1971 4498/5891/1971
f 4498/5891/968 4500/11392/968 4502/11393/968
f 4502/11393/968 4504/11394/968 4506/5892/968
f 4506/5892/968 4508/11395/968 4510/11396/968
f 4510/11396/968 4512/11397/968 4482/5893/968
f 4482/5893/968 4486/11386/968 4490/11388/968
f 4490/11388/968 4494/11390/968 4498/5891/968
f 4498/5891/968 4502/11393/968 4506/5892/968
f 4506/5892/968 4510/11396/968 4482/5893/968
f 4482/5893/968 4490/11388/968 4498/5891/968
f 4509/5894/957 4511/5897/957 4512/5895/957
f 4481/5896/958 4482/11398/958 4512/5895/958
f 4483/5900/1969 4481/11399/1969 4511/11400/1969
f 4511/11400/965 4509/11401/965 4507/11402/965
f 4507/11402/965 4505/11403/965 4503/11404/965
f 4503/11404/1969 4501/11405/1969 4499/5898/1969
f 4499/5898/1969 4497/11406/1969 4495/11407/1969
f 4495/11407/965 4493/11408/965 4491/5899/965
f 4491/5899/965 4489/11409/965 4487/11410/965
f 4487/11410/2226 4485/11411/2226 4483/5900/2226
f 4483/5900/965 4511/11400/965 4507/11402/965
f 4507/11402/965 4503/11404/965 4499/5898/965
f 4499/5898/965 4495/11407/965 4491/5899/965
f 4491/5899/965 4487/11410/965 4483/5900/965
f 4483/5900/965 4507/11402/965 4499/5898/965
f 4515/5901/977 4516/11412/977 4514/5902/977
f 4517/5904/978 4518/5908/978 4516/5905/978
f 4519/5907/979 4520/5910/979 4518/5908/979
f 4519/5907/980 4521/11413/980 4522/5909/980
f 4521/5911/981 4523/5914/981 4524/5912/981
f 4523/5914/982 4525/5916/982 4526/5915/982
f 4525/5916/984 4527/5918/984 4528/5917/984
f 4527/5918/985 4529/5920/985 4530/5919/985
f 4529/5920/969 4531/11414/969 4532/5921/969
f 4531/5922/970 4533/5925/970 4534/5923/970
f 4533/5925/971 4535/5928/971 4536/5926/971
f 4537/5927/972 4538/11415/972 4536/5926/972
f 4539/5929/973 4540/5933/973 4538/5930/973
f 4541/5932/974 4542/5938/974 4540/5933/974
f 4514/5936/1974 4516/11416/1974 4518/11417/1974
f 4518/11417/986 4520/11418/986 4522/11419/986
f 4522/11419/1974 4524/11420/1974 4526/11421/1974
f 4526/11421/986 4528/11422/986 4530/5934/986
f 4530/5934/1974 4532/11423/1974 4534/11424/1974
f 4534/11424/1974 4536/11425/1974 4538/5935/1974
f 4538/5935/2227 4540/11426/2227 4542/11427/2227
f 4542/11427/986 4544/11428/986 4514/5936/986
f 4514/5936/986 4518/11417/986 4522/11419/986
f 4522/11419/986 4526/11421/986 4530/5934/986
f 4530/5934/1974 4534/11424/1974 4538/5935/1974
f 4538/5935/986 4542/11427/986 4514/5936/986
f 4514/5936/986 4522/11419/986 4530/5934/986
f 4543/5937/975 4544/5939/975 4542/5938/975
f 4513/5903/976 4514/5902/976 4544/5939/976
f 4515/5942/983 4513/11429/983 4543/11430/983
f 4543/11430/983 4541/11431/983 4539/11432/983
f 4539/11432/983 4537/11433/983 4535/11434/983
f 4535/11434/1973 4533/11435/1973 4531/5940/1973
f 4531/5940/1973 4529/11436/1973 4527/11437/1973
f 4527/11437/983 4525/11438/983 4523/5941/983
f 4523/5941/983 4521/11439/983 4519/11440/983
f 4519/11440/983 4517/11441/983 4515/5942/983
f 4515/5942/983 4543/11430/983 4539/11432/983
f 4539/11432/983 4535/11434/983 4531/5940/983
f 4531/5940/983 4527/11437/983 4523/5941/983
f 4523/5941/983 4519/11440/983 4515/5942/983
f 4515/5942/983 4539/11432/983 4531/5940/983
f 4547/5943/995 4548/11442/995 4546/5944/995
f 4549/5946/996 4550/11443/996 4548/5947/996
f 4551/5949/997 4552/5953/997 4550/5950/997
f 4553/5952/998 4554/5955/998 4552/5953/998
f 4553/5952/2228 4555/5956/2228 4556/5954/2228
f 4555/5956/1000 4557/11444/1000 4558/5957/1000
f 4557/5958/1002 4559/5961/1002 4560/5959/1002
f 4559/5961/1003 4561/5963/1003 4562/5962/1003
f 4561/5963/987 4563/11445/987 4564/5964/987
f 4563/5965/988 4565/11446/988 4566/5966/988
f 4565/5968/989 4567/5971/989 4568/5969/989
f 4567/5971/1975 4569/5974/1975 4570/5972/1975
f 4571/5973/991 4572/5976/991 4570/5972/991
f 4573/5975/2229 4574/11447/2229 4572/5976/2229
f 4546/5979/1004 4548/5947/1004 4550/11443/1004
f 4550/11443/1004 4552/11448/1004 4554/11449/1004
f 4554/11449/1979 4556/11450/1979 4558/11451/1979
f 4558/11451/1979 4560/11452/1979 4562/5977/1979
f 4562/5977/1004 4564/11453/1004 4566/11454/1004
f 4566/11454/1004 4568/11455/1004 4570/5978/1004
f 4570/5978/1004 4572/11456/1004 4574/11457/1004
f 4574/11457/1004 4576/11458/1004 4546/5979/1004
f 4546/5979/1004 4550/11443/1004 4554/11449/1004
f 4554/11449/1004 4558/11451/1004 4562/5977/1004
f 4562/5977/1004 4566/11454/1004 4570/5978/1004
f 4570/5978/1004 4574/11457/1004 4546/5979/1004
f 4546/5979/1004 4554/11449/1004 4562/5977/1004
f 4575/5980/993 4576/5983/993 4574/5981/993
f 4545/5945/994 4546/5944/994 4576/5983/994
f 4547/5985/1977 4545/11459/1977 4575/11460/1977
f 4575/11460/1001 4573/11461/1001 4571/11462/1001
f 4571/11462/1001 4569/11463/1001 4567/11464/1001
f 4567/11464/1001 4565/11446/1001 4563/5965/1001
f 4563/5965/1001 4561/11465/1001 4559/11466/1001
f 4559/11466/1977 4557/11467/1977 4555/5984/1977
f 4555/5984/1001 4553/11468/1001 4551/11469/1001
f 4551/11469/2230 4549/11470/2230 4547/5985/2230
f 4547/5985/1977 4575/11460/1977 4571/11462/1977
f 4571/11462/1001 4567/11464/1001 4563/5965/1001
f 4563/5965/1001 4559/11466/1001 4555/5984/1001
f 4555/5984/1001 4551/11469/1001 4547/5985/1001
f 4547/5985/1001 4571/11462/1001 4563/5965/1001
f 4579/5986/1013 4580/5990/1013 4578/5987/1013
f 4581/5989/1014 4582/5992/1014 4580/5990/1014
f 4583/5991/1015 4584/5994/1015 4582/5992/1015
f 4585/5993/1016 4586/11471/1016 4584/5994/1016
f 4587/5995/1017 4588/5999/1017 4586/5996/1017
f 4589/5998/1686 4590/6001/1686 4588/5999/1686
f 4589/5998/1020 4591/6002/1020 4592/6000/1020
f 4591/6002/1687 4593/11472/1687 4594/6003/1687
f 4593/6004/1005 4595/6007/1005 4596/6005/1005
f 4595/6007/1006 4597/6009/1006 4598/6008/1006
f 4597/6009/1007 4599/6011/1007 4600/6010/1007
f 4599/6011/1008 4601/11473/1008 4602/6012/1008
f 4601/6013/1009 4603/6016/1009 4604/6014/1009
f 4603/6016/1010 4605/6022/1010 4606/6017/1010
f 4578/6020/2231 4580/11474/2231 4582/11475/2231
f 4582/11475/2232 4584/11476/2232 4586/11477/2232
f 4586/11477/1690 4588/11478/1690 4590/11479/1690
f 4590/11479/1690 4592/11480/1690 4594/6018/1690
f 4594/6018/1022 4596/11481/1022 4598/11482/1022
f 4598/11482/1022 4600/11483/1022 4602/6019/1022
f 4602/6019/1690 4604/11484/1690 4606/11485/1690
f 4606/11485/1690 4608/11486/1690 4578/6020/1690
f 4578/6020/1022 4582/11475/1022 4586/11477/1022
f 4586/11477/1022 4590/11479/1022 4594/6018/1022
f 4594/6018/1690 4598/11482/1690 4602/6019/1690
f 4602/6019/1022 4606/11485/1022 4578/6020/1022
f 4578/6020/1022 4586/11477/1022 4594/6018/1022
f 4607/6021/1011 4608/6024/1011 4606/6017/1011
f 4577/6023/1012 4578/11487/1012 4608/6024/1012
f 4579/6027/1019 4577/11488/1019 4607/11489/1019
f 4607/11489/1019 4605/11490/1019 4603/11491/1019
f 4603/11491/1019 4601/11492/1019 4599/11493/1019
f 4599/11493/1982 4597/11494/1982 4595/6025/1982
f 4595/6025/1019 4593/11495/1019 4591/11496/1019
f 4591/11496/1982 4589/11497/1982 4587/6026/1982
f 4587/6026/1019 4585/11498/1019 4583/11499/1019
f 4583/11499/1982 4581/11500/1982 4579/6027/1982
f 4579/6027/1019 4607/11489/1019 4603/11491/1019
f 4603/11491/1019 4599/11493/1019 4595/6025/1019
f 4595/6025/1019 4591/11496/1019 4587/6026/1019
f 4587/6026/1019 4583/11499/1019 4579/6027/1019
f 4579/6027/1019 4603/11491/1019 4595/6025/1019
f 4611/6028/1031 4612/11501/1031 4610/6029/1031
f 4613/6031/1032 4614/6035/1032 4612/6032/1032
f 4615/6034/1033 4616/6037/1033 4614/6035/1033
f 4617/6036/1034 4618/6039/1034 4616/6037/1034
f 4619/6038/1035 4620/11502/1035 4618/6039/1035
f 4621/6040/1036 4622/6044/1036 4620/6041/1036
f 4623/6043/1038 4624/6046/1038 4622/6044/1038
f 4623/6043/1039 4625/6047/1039 4626/6045/1039
f 4625/6047/1023 4627/11503/1023 4628/6048/1023
f 4627/6049/1024 4629/6052/1024 4630/6050/1024
f 4629/6052/1025 4631/6054/1025 4632/6053/1025
f 4631/6054/1026 4633/6056/1026 4634/6055/1026
f 4633/6056/1027 4635/11504/1027 4636/6057/1027
f 4635/6058/1692 4637/6064/1692 4638/6059/1692
f 4610/6063/2233 4612/11505/2233 4614/11506/2233
f 4614/11506/1040 4616/11507/1040 4618/11508/1040
f 4618/11508/1987 4620/11509/1987 4622/11510/1987
f 4622/11510/2234 4624/11511/2234 4626/6061/2234
f 4626/6061/1987 4628/11512/1987 4630/11513/1987
f 4630/11513/1040 4632/11514/1040 4634/6062/1040
f 4634/6062/1987 4636/11515/1987 4638/11516/1987
f 4638/11516/1040 4640/11517/1040 4610/6063/1040
f 4610/6063/1040 4614/11506/1040 4618/11508/1040
f 4618/11508/1040 4622/11510/1040 4626/6061/1040
f 4626/6061/1040 4630/11513/1040 4634/6062/1040
f 4634/6062/1040 4638/11516/1040 4610/6063/1040
f 4610/6063/1040 4618/11508/1040 4626/6061/1040
f 4637/6064/1029 4639/6066/1029 4640/6065/1029
f 4609/6030/1030 4610/6029/1030 4640/6065/1030
f 4611/6069/1037 4609/11518/1037 4639/11519/1037
f 4639/11519/1037 4637/11520/1037 4635/11521/1037
f 4635/11521/1037 4633/11522/1037 4631/11523/1037
f 4631/11523/1037 4629/11524/1037 4627/6067/1037
f 4627/6067/1037 4625/11525/1037 4623/11526/1037
f 4623/11526/1037 4621/11527/1037 4619/6068/1037
f 4619/6068/1037 4617/11528/1037 4615/11529/1037
f 4615/11529/1037 4613/11530/1037 4611/6069/1037
f 4611/6069/1037 4639/11519/1037 4635/11521/1037
f 4635/11521/1037 4631/11523/1037 4627/6067/1037
f 4627/6067/1037 4623/11526/1037 4619/6068/1037
f 4619/6068/1037 4615/11529/1037 4611/6069/1037
f 4611/6069/1037 4635/11521/1037 4627/6067/1037
f 4643/6070/1049 4644/6074/1049 4642/6071/1049
f 4645/6073/1050 4646/11531/1050 4644/6074/1050
f 4647/6075/1051 4648/6079/1051 4646/6076/1051
f 4649/6078/1052 4650/11532/1052 4648/6079/1052
f 4651/6080/1053 4652/6084/1053 4650/6081/1053
f 4653/6083/1054 4654/6086/1054 4652/6084/1054
f 4655/6085/1056 4656/6088/1056 4654/6086/1056
f 4657/6087/1057 4658/11533/1057 4656/6088/1057
f 4657/6089/1041 4659/6092/1041 4660/6090/1041
f 4659/6092/1042 4661/11534/1042 4662/6093/1042
f 4661/6094/1043 4663/6097/1043 4664/6095/1043
f 4663/6097/1044 4665/11535/1044 4666/6098/1044
f 4665/6099/1045 4667/6102/1045 4668/6100/1045
f 4667/6102/1046 4669/6106/1046 4670/6103/1046
f 4642/6071/1058 4644/6074/1058 4646/11531/1058
f 4646/11531/2235 4648/11536/2235 4650/11537/2235
f 4650/11537/1058 4652/11538/1058 4654/11539/1058
f 4654/11539/1058 4656/11540/1058 4658/6104/1058
f 4658/6104/1058 4660/11541/1058 4662/11542/1058
f 4662/11542/1058 4664/11543/1058 4666/6105/1058
f 4666/6105/2236 4668/11544/2236 4670/11545/2236
f 4670/11545/1058 4672/11546/1058 4642/6071/1058
f 4642/6071/1058 4646/11531/1058 4650/11537/1058
f 4650/11537/1058 4654/11539/1058 4658/6104/1058
f 4658/6104/1058 4662/11542/1058 4666/6105/1058
f 4666/6105/1058 4670/11545/1058 4642/6071/1058
f 4642/6071/1058 4650/11537/1058 4658/6104/1058
f 4669/6106/1047 4671/6108/1047 4672/6107/1047
f 4671/6108/1048 4641/11547/1048 4642/6109/1048
f 4643/6111/1055 4641/11548/1055 4671/11549/1055
f 4671/11549/1055 4669/11550/1055 4667/11551/1055
f 4667/11551/1055 4665/11552/1055 4663/11553/1055
f 4663/11553/1055 4661/11534/1055 4659/6092/1055
f 4659/6092/1055 4657/6089/1055 4655/11554/1055
f 4655/11554/2237 4653/11555/2237 4651/6110/2237
f 4651/6110/1055 4649/11556/1055 4647/11557/1055
f 4647/11557/1055 4645/11558/1055 4643/6111/1055
f 4643/6111/1055 4671/11549/1055 4667/11551/1055
f 4667/11551/1055 4663/11553/1055 4659/6092/1055
f 4659/6092/1055 4655/11554/1055 4651/6110/1055
f 4651/6110/1055 4647/11557/1055 4643/6111/1055
f 4643/6111/1055 4667/11551/1055 4659/6092/1055
f 4675/6112/1067 4676/6116/1067 4674/6113/1067
f 4677/6115/1068 4678/6118/1068 4676/6116/1068
f 4679/6117/1069 4680/6120/1069 4678/6118/1069
f 4681/6119/1070 4682/11559/1070 4680/6120/1070
f 4683/6121/1071 4684/6125/1071 4682/6122/1071
f 4683/6121/1072 4685/6126/1072 4686/6124/1072
f 4685/6126/1074 4687/6128/1074 4688/6127/1074
f 4687/6128/1075 4689/11560/1075 4690/6129/1075
f 4689/6130/1059 4691/6133/1059 4692/6131/1059
f 4691/6133/1060 4693/6135/1060 4694/6134/1060
f 4693/6135/1061 4695/6137/1061 4696/6136/1061
f 4695/6137/1062 4697/11561/1062 4698/6138/1062
f 4697/6139/1063 4699/6143/1063 4700/6140/1063
f 4701/6142/1064 4702/6147/1064 4700/6140/1064
f 4674/6145/2238 4676/11562/2238 4678/11563/2238
f 4678/11563/2238 4680/11564/2238 4682/11565/2238
f 4682/11565/2239 4684/11566/2239 4686/11567/2239
f 4686/11567/1996 4688/11568/1996 4690/6144/1996
f 4690/6144/2238 4692/11569/2238 4694/11570/2238
f 4694/11570/2239 4696/11571/2239 4698/6141/2239
f 4698/6141/2240 4700/6140/2240 4702/6147/2240
f 4702/6147/2240 4704/6149/2240 4674/6145/2240
f 4674/6145/1076 4678/11563/1076 4682/11565/1076
f 4682/11565/1076 4686/11567/1076 4690/6144/1076
f 4690/6144/1076 4694/11570/1076 4698/6141/1076
f 4698/6141/1076 4702/6147/1076 4674/6145/1076
f 4674/6145/1076 4682/11565/1076 4690/6144/1076
f 4703/6146/1065 4704/6149/1065 4702/6147/1065
f 4673/6148/1066 4674/6145/1066 4704/6149/1066
f 4675/6151/1073 4673/11572/1073 4703/11573/1073
f 4703/11573/1073 4701/11574/1073 4699/11575/1073
f 4699/11575/1994 4697/11576/1994 4695/11577/1994
f 4695/11577/1073 4693/11578/1073 4691/6150/1073
f 4691/6150/2241 4689/11560/2241 4687/6128/2241
f 4687/6128/1073 4685/6126/1073 4683/6121/1073
f 4683/6121/1994 4681/6123/1994 4679/11579/1994
f 4679/11579/2241 4677/11580/2241 4675/6151/2241
f 4675/6151/1073 4703/11573/1073 4699/11575/1073
f 4699/11575/1073 4695/11577/1073 4691/6150/1073
f 4691/6150/1994 4687/6128/1994 4683/6121/1994
f 4683/6121/1073 4679/11579/1073 4675/6151/1073
f 4675/6151/1073 4699/11575/1073 4691/6150/1073
f 4705/6152/1085 4707/6155/1085 4708/6153/1085
f 4707/6155/1086 4709/6157/1086 4710/6156/1086
f 4709/6157/1087 4711/6159/1087 4712/6158/1087
f 4711/6159/1088 4713/11581/1088 4714/6160/1088
f 4713/6161/1089 4715/6164/1089 4716/6162/1089
f 4715/6164/1090 4717/6167/1090 4718/6165/1090
f 4719/6166/1698 4720/6169/1698 4718/6165/1698
f 4721/6168/1093 4722/11582/1093 4720/6169/1093
f 4723/6170/1077 4724/6174/1077 4722/6171/1077
f 4725/6173/1078 4726/6176/1078 4724/6174/1078
f 4727/6175/1079 4728/6178/1079 4726/6176/1079
f 4729/6177/1080 4730/11583/1080 4728/6178/1080
f 4731/6179/1081 4732/6183/1081 4730/6180/1081
f 4733/6182/1082 4734/6188/1082 4732/6183/1082
f 4706/6186/2001 4708/11584/2001 4710/11585/2001
f 4710/11585/2000 4712/11586/2000 4714/11587/2000
f 4714/11587/2000 4716/11588/2000 4718/11589/2000
f 4718/11589/1094 4720/11590/1094 4722/6184/1094
f 4722/6184/2242 4724/11591/2242 4726/11592/2242
f 4726/11592/2002 4728/11593/2002 4730/6185/2002
f 4730/6185/2000 4732/11594/2000 4734/11595/2000
f 4734/11595/2000 4736/11596/2000 4706/6186/2000
f 4706/6186/1094 4710/11585/1094 4714/11587/1094
f 4714/11587/2000 4718/11589/2000 4722/6184/2000
f 4722/6184/1094 4726/11592/1094 4730/6185/1094
f 4730/6185/2000 4734/11595/2000 4706/6186/2000
f 4706/6186/1094 4714/11587/1094 4722/6184/1094
f 4733/6182/1083 4735/6189/1083 4736/6187/1083
f 4735/6189/1084 4705/11597/1084 4706/6190/1084
f 4707/6193/1091 4705/11598/1091 4735/11599/1091
f 4735/11599/1999 4733/11600/1999 4731/11601/1999
f 4731/11601/1997 4729/11602/1997 4727/11603/1997
f 4727/11603/2243 4725/11604/2243 4723/6191/2243
f 4723/6191/1091 4721/11605/1091 4719/11606/1091
f 4719/11606/1091 4717/11607/1091 4715/6192/1091
f 4715/6192/1997 4713/11608/1997 4711/11609/1997
f 4711/11609/2244 4709/11610/2244 4707/6193/2244
f 4707/6193/1091 4735/11599/1091 4731/11601/1091
f 4731/11601/1091 4727/11603/1091 4723/6191/1091
f 4723/6191/1997 4719/11606/1997 4715/6192/1997
f 4715/6192/1091 4711/11609/1091 4707/6193/1091
f 4707/6193/1997 4731/11601/1997 4723/6191/1997
f 4737/6194/1103 4739/6197/1103 4740/6195/1103
f 4739/6197/1104 4741/6199/1104 4742/6198/1104
f 4741/6199/2245 4743/11611/2245 4744/6200/2245
f 4743/6201/1106 4745/11612/1106 4746/6202/1106
f 4745/6204/1107 4747/6207/1107 4748/6205/1107
f 4747/6207/1108 4749/11613/1108 4750/6208/1108
f 4749/6209/1110 4751/6213/1110 4752/6210/1110
f 4753/6212/1111 4754/6215/1111 4752/6210/1111
f 4755/6214/1095 4756/6217/1095 4754/6215/1095
f 4757/6216/1096 4758/6219/1096 4756/6217/1096
f 4759/6218/1097 4760/11614/1097 4758/6219/1097
f 4761/6220/1098 4762/11615/1098 4760/6221/1098
f 4763/6223/1099 4764/6227/1099 4762/6224/1099
f 4765/6226/1100 4766/11616/1100 4764/6227/1100
f 4738/6230/2246 4740/11617/2246 4742/11618/2246
f 4742/11618/2009 4744/6203/2009 4746/6202/2009
f 4746/6202/2009 4748/11619/2009 4750/11620/2009
f 4750/11620/2009 4752/11621/2009 4754/6228/2009
f 4754/6228/2008 4756/11622/2008 4758/11623/2008
f 4758/11623/1112 4760/11624/1112 4762/6229/1112
f 4762/6229/1112 4764/11625/1112 4766/11626/1112
f 4766/11626/2007 4768/11627/2007 4738/6230/2007
f 4738/6230/1112 4742/11618/1112 4746/6202/1112
f 4746/6202/1112 4750/11620/1112 4754/6228/1112
f 4754/6228/1112 4758/11623/1112 4762/6229/1112
f 4762/6229/1112 4766/11626/1112 4738/6230/1112
f 4738/6230/1112 4746/6202/1112 4754/6228/1112
f 4767/6231/1101 4768/6234/1101 4766/6232/1101
f 4767/6231/1102 4737/6194/1102 4738/6196/1102
f 4739/6237/1109 4737/11628/1109 4767/11629/1109
f 4767/11629/1109 4765/11630/1109 4763/11631/1109
f 4763/11631/2006 4761/6220/2006 4759/6222/2006
f 4759/6222/2006 4757/11632/2006 4755/6235/2006
f 4755/6235/2006 4753/11633/2006 4751/11634/2006
f 4751/11634/1109 4749/11635/1109 4747/6236/1109
f 4747/6236/2006 4745/11636/2006 4743/11637/2006
f 4743/11637/1109 4741/11638/1109 4739/6237/1109
f 4739/6237/1109 4767/11629/1109 4763/11631/1109
f 4763/11631/1109 4759/6222/1109 4755/6235/1109
f 4755/6235/1109 4751/11634/1109 4747/6236/1109
f 4747/6236/1109 4743/11637/1109 4739/6237/1109
f 4739/6237/1109 4763/11631/1109 4755/6235/1109
f 4769/6238/1121 4771/6242/1121 4772/6239/1121
f 4773/6241/1122 4774/6244/1122 4772/6239/1122
f 4775/6243/1123 4776/6246/1123 4774/6244/1123
f 4777/6245/1124 4778/11639/1124 4776/6246/1124
f 4779/6247/1125 4780/6251/1125 4778/6248/1125
f 4781/6250/1126 4782/6253/1126 4780/6251/1126
f 4783/6252/1128 4784/6255/1128 4782/6253/1128
f 4785/6254/1129 4786/11640/1129 4784/6255/1129
f 4787/6256/1113 4788/6260/1113 4786/6257/1113
f 4787/6256/1114 4789/6261/1114 4790/6259/1114
f 4789/6261/1115 4791/6263/1115 4792/6262/1115
f 4791/6263/1116 4793/11641/1116 4794/6264/1116
f 4793/6265/1117 4795/6268/1117 4796/6266/1117
f 4795/6268/1118 4797/6273/1118 4798/6269/1118
f 4770/6272/1130 4772/11642/1130 4774/11643/1130
f 4774/11643/1130 4776/11644/1130 4778/11645/1130
f 4778/11645/1130 4780/11646/1130 4782/11647/1130
f 4782/11647/1130 4784/11648/1130 4786/6270/1130
f 4786/6270/2247 4788/11649/2247 4790/11650/2247
f 4790/11650/1130 4792/11651/1130 4794/6271/1130
f 4794/6271/1130 4796/11652/1130 4798/11653/1130
f 4798/11653/1130 4800/11654/1130 4770/6272/1130
f 4770/6272/1130 4774/11643/1130 4778/11645/1130
f 4778/11645/1130 4782/11647/1130 4786/6270/1130
f 4786/6270/1130 4790/11650/1130 4794/6271/1130
f 4794/6271/1130 4798/11653/1130 4770/6272/1130
f 4770/6272/1130 4778/11645/1130 4786/6270/1130
f 4797/6273/1119 4799/6275/1119 4800/6274/1119
f 4799/6275/1120 4769/11655/1120 4770/6276/1120
f 4771/6279/1127 4769/11656/1127 4799/11657/1127
f 4799/11657/1127 4797/11658/1127 4795/11659/1127
f 4795/11659/1127 4793/11660/1127 4791/11661/1127
f 4791/11661/1127 4789/11662/1127 4787/6277/1127
f 4787/6277/1127 4785/11663/1127 4783/11664/1127
f 4783/11664/1127 4781/11665/1127 4779/6278/1127
f 4779/6278/1127 4777/11666/1127 4775/11667/1127
f 4775/11667/1127 4773/11668/1127 4771/6279/1127
f 4771/6279/1127 4799/11657/1127 4795/11659/1127
f 4795/11659/1127 4791/11661/1127 4787/6277/1127
f 4787/6277/1127 4783/11664/1127 4779/6278/1127
f 4779/6278/1127 4775/11667/1127 4771/6279/1127
f 4771/6279/1127 4795/11659/1127 4787/6277/1127
f 4801/6280/1139 4803/11669/1139 4804/6281/1139
f 4803/6283/1140 4805/6286/1140 4806/6284/1140
f 4805/6286/1141 4807/6289/1141 4808/6287/1141
f 4809/6288/2012 4810/11670/2012 4808/6287/2012
f 4811/6290/1143 4812/6294/1143 4810/6291/1143
f 4813/6293/1144 4814/6296/1144 4812/6294/1144
f 4815/6295/1146 4816/6298/1146 4814/6296/1146
f 4817/6297/2248 4818/6300/2248 4816/6298/2248
f 4819/6299/1131 4820/11671/1131 4818/6300/1131
f 4821/6301/1132 4822/6305/1132 4820/6302/1132
f 4823/6304/1133 4824/6307/1133 4822/6305/1133
f 4823/6304/1134 4825/11672/1134 4826/6306/1134
f 4825/6308/1135 4827/6311/1135 4828/6309/1135
f 4827/6311/1136 4829/6316/1136 4830/6312/1136
f 4802/6315/1148 4804/11673/1148 4806/11674/1148
f 4806/11674/2249 4808/11675/2249 4810/11676/2249
f 4810/11676/2250 4812/11677/2250 4814/11678/2250
f 4814/11678/1148 4816/11679/1148 4818/6313/1148
f 4818/6313/1148 4820/11680/1148 4822/11681/1148
f 4822/11681/1148 4824/11682/1148 4826/6314/1148
f 4826/6314/1148 4828/11683/1148 4830/11684/1148
f 4830/11684/2016 4832/11685/2016 4802/6315/2016
f 4802/6315/1148 4806/11674/1148 4810/11676/1148
f 4810/11676/1148 4814/11678/1148 4818/6313/1148
f 4818/6313/1148 4822/11681/1148 4826/6314/1148
f 4826/6314/1148 4830/11684/1148 4802/6315/1148
f 4802/6315/1148 4810/11676/1148 4818/6313/1148
f 4829/6316/1137 4831/6318/1137 4832/6317/1137
f 4831/6318/2251 4801/6280/2251 4802/6282/2251
f 4803/6321/1145 4801/11686/1145 4831/11687/1145
f 4831/11687/1145 4829/11688/1145 4827/11689/1145
f 4827/11689/2014 4825/11690/2014 4823/11691/2014
f 4823/11691/1145 4821/11692/1145 4819/6319/1145
f 4819/6319/2013 4817/11693/2013 4815/11694/2013
f 4815/11694/1145 4813/11695/1145 4811/6320/1145
f 4811/6320/1145 4809/11696/1145 4807/11697/1145
f 4807/11697/1145 4805/11698/1145 4803/6321/1145
f 4803/6321/1145 4831/11687/1145 4827/11689/1145
f 4827/11689/1145 4823/11691/1145 4819/6319/1145
f 4819/6319/1145 4815/11694/1145 4811/6320/1145
f 4811/6320/1145 4807/11697/1145 4803/6321/1145
f 4803/6321/1145 4827/11689/1145 4819/6319/1145
f 4835/6322/1157 4836/11699/1157 4834/6323/1157
f 4837/6325/1701 4838/6329/1701 4836/6326/1701
f 4839/6328/2019 4840/6331/2019 4838/6329/2019
f 4841/6330/1160 4842/6333/1160 4840/6331/1160
f 4843/6332/1161 4844/11700/1161 4842/6333/1161
f 4845/6334/1162 4846/6338/1162 4844/6335/1162
f 4847/6337/1164 4848/6340/1164 4846/6338/1164
f 4847/6337/1165 4849/11701/1165 4850/6339/1165
f 4849/6341/1149 4851/6362/1149 4852/6342/1149
f 4851/6344/2252 4853/6347/2252 4854/6345/2252
f 4853/6347/1151 4855/6349/1151 4856/6348/1151
f 4855/6349/1152 4857/6351/1152 4858/6350/1152
f 4857/6351/1153 4859/11702/1153 4860/6352/1153
f 4859/6353/1154 4861/6358/1154 4862/6354/1154
f 4834/6323/2023 4836/11699/2023 4838/11703/2023
f 4838/11703/1166 4840/11704/1166 4842/11705/1166
f 4842/11705/2253 4844/11706/2253 4846/11707/2253
f 4846/11707/2253 4848/11708/2253 4850/6356/2253
f 4850/6356/2253 4852/11709/2253 4854/11710/2253
f 4854/11710/2254 4856/11711/2254 4858/6357/2254
f 4858/6357/2023 4860/11712/2023 4862/11713/2023
f 4862/11713/2253 4864/11714/2253 4834/6323/2253
f 4834/6323/2023 4838/11703/2023 4842/11705/2023
f 4842/11705/1166 4846/11707/1166 4850/6356/1166
f 4850/6356/1166 4854/11710/1166 4858/6357/1166
f 4858/6357/1166 4862/11713/1166 4834/6323/1166
f 4834/6323/2023 4842/11705/2023 4850/6356/2023
f 4861/6358/1155 4863/6361/1155 4864/6359/1155
f 4833/6360/1156 4834/11715/1156 4864/6359/1156
f 4835/6364/2022 4833/11716/2022 4863/11717/2022
f 4863/11717/2020 4861/11718/2020 4859/11719/2020
f 4859/11719/2020 4857/11720/2020 4855/11721/2020
f 4855/11721/1163 4853/11722/1163 4851/6362/1163
f 4851/6362/1163 4849/6341/1163 4847/11723/1163
f 4847/11723/1163 4845/11724/1163 4843/6363/1163
f 4843/6363/2020 4841/11725/2020 4839/11726/2020
f 4839/11726/2255 4837/11727/2255 4835/6364/2255
f 4835/6364/1163 4863/11717/1163 4859/11719/1163
f 4859/11719/2020 4855/11721/2020 4851/6362/2020
f 4851/6362/2020 4847/11723/2020 4843/6363/2020
f 4843/6363/1163 4839/11726/1163 4835/6364/1163
f 4835/6364/1163 4859/11719/1163 4851/6362/1163
f 4867/6365/1175 4868/6369/1175 4866/6366/1175
f 4869/6368/1176 4870/6371/1176 4868/6369/1176
f 4871/6370/1177 4872/11728/1177 4870/6371/1177
f 4873/6372/1178 4874/6376/1178 4872/6373/1178
f 4875/6375/2256 4876/6378/2256 4874/6376/2256
f 4877/6377/1180 4878/11729/1180 4876/6378/1180
f 4879/6379/2032 4880/6383/2032 4878/6380/2032
f 4881/6382/1183 4882/6385/1183 4880/6383/1183
f 4881/6382/1167 4883/6386/1167 4884/6384/1167
f 4883/6386/1168 4885/6388/1168 4886/6387/1168
f 4885/6388/2257 4887/11730/2257 4888/6389/2257
f 4887/6390/1170 4889/6393/1170 4890/6391/1170
f 4889/6393/1171 4891/6395/1171 4892/6394/1171
f 4891/6395/1172 4893/11731/1172 4894/6396/1172
f 4866/6399/2033 4868/11732/2033 4870/11733/2033
f 4870/11733/2035 4872/11734/2035 4874/11735/2035
f 4874/11735/2258 4876/11736/2258 4878/11737/2258
f 4878/11737/1184 4880/11738/1184 4882/6397/1184
f 4882/6397/1184 4884/11739/1184 4886/11740/1184
f 4886/11740/1184 4888/11741/1184 4890/6398/1184
f 4890/6398/1184 4892/11742/1184 4894/11743/1184
f 4894/11743/1184 4896/11744/1184 4866/6399/1184
f 4866/6399/1184 4870/11733/1184 4874/11735/1184
f 4874/11735/1184 4878/11737/1184 4882/6397/1184
f 4882/6397/1184 4886/11740/1184 4890/6398/1184
f 4890/6398/2035 4894/11743/2035 4866/6399/2035
f 4866/6399/1184 4874/11735/1184 4882/6397/1184
f 4893/6400/1705 4895/6403/1705 4896/6401/1705
f 4895/6403/2259 4865/6367/2259 4866/6366/2259
f 4867/6406/1181 4865/11745/1181 4895/11746/1181
f 4895/11746/1181 4893/11747/1181 4891/11748/1181
f 4891/11748/2027 4889/11749/2027 4887/11750/2027
f 4887/11750/1181 4885/11751/1181 4883/6404/1181
f 4883/6404/2027 4881/11752/2027 4879/11753/2027
f 4879/11753/1181 4877/11754/1181 4875/6405/1181
f 4875/6405/2027 4873/11755/2027 4871/11756/2027
f 4871/11756/2027 4869/11757/2027 4867/6406/2027
f 4867/6406/1181 4895/11746/1181 4891/11748/1181
f 4891/11748/1181 4887/11750/1181 4883/6404/1181
f 4883/6404/1181 4879/11753/1181 4875/6405/1181
f 4875/6405/1181 4871/11756/1181 4867/6406/1181
f 4867/6406/1181 4891/11748/1181 4883/6404/1181
f 4897/6407/1193 4899/11758/1193 4900/6408/1193
f 4899/6410/1194 4901/6413/1194 4902/6411/1194
f 4901/6413/1195 4903/6416/1195 4904/6414/1195
f 4905/6415/1196 4906/6418/1196 4904/6414/1196
f 4907/6417/1197 4908/11759/1197 4906/6418/1197
f 4909/6419/1198 4910/6423/1198 4908/6420/1198
f 4911/6422/1200 4912/6425/1200 4910/6423/1200
f 4913/6424/1201 4914/6427/1201 4912/6425/1201
f 4915/6426/1185 4916/11760/1185 4914/6427/1185
f 4917/6428/1186 4918/6432/1186 4916/6429/1186
f 4919/6431/1187 4920/6434/1187 4918/6432/1187
f 4919/6431/1188 4921/6435/1188 4922/6433/1188
f 4921/6435/1189 4923/11761/1189 4924/6436/1189
f 4923/6437/1190 4925/6443/1190 4926/6438/1190
f 4898/6442/1202 4900/11762/1202 4902/11763/1202
f 4902/11763/1202 4904/11764/1202 4906/11765/1202
f 4906/11765/1202 4908/11766/1202 4910/11767/1202
f 4910/11767/2039 4912/11768/2039 4914/6440/2039
f 4914/6440/1202 4916/11769/1202 4918/11770/1202
f 4918/11770/1202 4920/11771/1202 4922/6441/1202
f 4922/6441/2260 4924/11772/2260 4926/11773/2260
f 4926/11773/1202 4928/11774/1202 4898/6442/1202
f 4898/6442/1202 4902/11763/1202 4906/11765/1202
f 4906/11765/1202 4910/11767/1202 4914/6440/1202
f 4914/6440/1202 4918/11770/1202 4922/6441/1202
f 4922/6441/1202 4926/11773/1202 4898/6442/1202
f 4898/6442/1202 4906/11765/1202 4914/6440/1202
f 4925/6443/1191 4927/6445/1191 4928/6444/1191
f 4927/6445/1192 4897/6407/1192 4898/6409/1192
f 4899/6448/1199 4897/11775/1199 4927/11776/1199
f 4927/11776/1199 4925/11777/1199 4923/11778/1199
f 4923/11778/1199 4921/11779/1199 4919/11780/1199
f 4919/11780/2037 4917/11781/2037 4915/6446/2037
f 4915/6446/1199 4913/11782/1199 4911/11783/1199
f 4911/11783/1199 4909/11784/1199 4907/6447/1199
f 4907/6447/1199 4905/11785/1199 4903/11786/1199
f 4903/11786/1199 4901/11787/1199 4899/6448/1199
f 4899/6448/1199 4927/11776/1199 4923/11778/1199
f 4923/11778/1199 4919/11780/1199 4915/6446/1199
f 4915/6446/1199 4911/11783/1199 4907/6447/1199
f 4907/6447/1199 4903/11786/1199 4899/6448/1199
f 4899/6448/1199 4923/11778/1199 4915/6446/1199
f 4931/6449/1211 4932/6453/1211 4930/6450/1211
f 4933/6452/1212 4934/6455/1212 4932/6453/1212
f 4933/6452/1213 4935/6456/1213 4936/6454/1213
f 4935/6456/1214 4937/6458/1214 4938/6457/1214
f 4937/6458/1215 4939/11788/1215 4940/6459/1215
f 4939/6460/1216 4941/6463/1216 4942/6461/1216
f 4941/6463/1218 4943/6465/1218 4944/6464/1218
f 4943/6465/1219 4945/11789/1219 4946/6466/1219
f 4945/6467/1203 4947/6470/1203 4948/6468/1203
f 4947/6470/1204 4949/6473/1204 4950/6471/1204
f 4951/6472/1205 4952/6475/1205 4950/6471/1205
f 4953/6474/1206 4954/6477/1206 4952/6475/1206
f 4955/6476/1207 4956/11790/1207 4954/6477/1207
f 4957/6478/1208 4958/6485/1208 4956/6479/1208
f 4930/6483/1220 4932/11791/1220 4934/11792/1220
f 4934/11792/2043 4936/11793/2043 4938/11794/2043
f 4938/11794/2043 4940/11795/2043 4942/11796/2043
f 4942/11796/2043 4944/11797/2043 4946/6481/2043
f 4946/6481/2043 4948/11798/2043 4950/11799/2043
f 4950/11799/1220 4952/11800/1220 4954/6482/1220
f 4954/6482/2043 4956/11801/2043 4958/11802/2043
f 4958/11802/2043 4960/11803/2043 4930/6483/2043
f 4930/6483/1220 4934/11792/1220 4938/11794/1220
f 4938/11794/1220 4942/11796/1220 4946/6481/1220
f 4946/6481/1220 4950/11799/1220 4954/6482/1220
f 4954/6482/2043 4958/11802/2043 4930/6483/2043
f 4930/6483/1220 4938/11794/1220 4946/6481/1220
f 4959/6484/1209 4960/6487/1209 4958/6485/1209
f 4929/6486/1210 4930/11804/1210 4960/6487/1210
f 4931/6490/1217 4929/11805/1217 4959/11806/1217
f 4959/11806/2042 4957/11807/2042 4955/11808/2042
f 4955/11808/1217 4953/11809/1217 4951/11810/1217
f 4951/11810/2042 4949/11811/2042 4947/6488/2042
f 4947/6488/1217 4945/11812/1217 4943/11813/1217
f 4943/11813/2042 4941/11814/2042 4939/6489/2042
f 4939/6489/1217 4937/11815/1217 4935/11816/1217
f 4935/11816/1217 4933/11817/1217 4931/6490/1217
f 4931/6490/1217 4959/11806/1217 4955/11808/1217
f 4955/11808/1217 4951/11810/1217 4947/6488/1217
f 4947/6488/2042 4943/11813/2042 4939/6489/2042
f 4939/6489/1217 4935/11816/1217 4931/6490/1217
f 4931/6490/1217 4955/11808/1217 4947/6488/1217
f 4963/6491/1229 4964/6495/1229 4962/6492/1229
f 4965/6494/2044 4966/6497/2044 4964/6495/2044
f 4967/6496/1231 4968/6499/1231 4966/6497/1231
f 4969/6498/1232 4970/6501/1232 4968/6499/1232
f 4969/6498/1233 4971/11818/1233 4972/6500/1233
f 4971/6502/1234 4973/6505/1234 4974/6503/1234
f 4973/6505/1236 4975/6507/1236 4976/6506/1236
f 4975/6507/1237 4977/11819/1237 4978/6508/1237
f 4977/6509/1221 4979/6512/1221 4980/6510/1221
f 4979/6512/2261 4981/6514/2261 4982/6513/2261
f 4981/6514/1223 4983/6516/1223 4984/6515/1223
f 4983/6516/1224 4985/6519/1224 4986/6517/1224
f 4987/6518/1225 4988/11820/1225 4986/6517/1225
f 4989/6520/1226 4990/6527/1226 4988/6521/1226
f 4962/6525/2262 4964/11821/2262 4966/11822/2262
f 4966/11822/1238 4968/11823/1238 4970/11824/1238
f 4970/11824/1238 4972/11825/1238 4974/11826/1238
f 4974/11826/1238 4976/11827/1238 4978/6523/1238
f 4978/6523/1238 4980/11828/1238 4982/11829/1238
f 4982/11829/1238 4984/11830/1238 4986/6524/1238
f 4986/6524/1238 4988/11831/1238 4990/11832/1238
f 4990/11832/1238 4992/11833/1238 4962/6525/1238
f 4962/6525/1238 4966/11822/1238 4970/11824/1238
f 4970/11824/1238 4974/11826/1238 4978/6523/1238
f 4978/6523/1238 4982/11829/1238 4986/6524/1238
f 4986/6524/1238 4990/11832/1238 4962/6525/1238
f 4962/6525/1238 4970/11824/1238 4978/6523/1238
f 4991/6526/1227 4992/6529/1227 4990/6527/1227
f 4961/6528/1228 4962/11834/1228 4992/6529/1228
f 4963/6532/1235 4961/11835/1235 4991/11836/1235
f 4991/11836/1235 4989/11837/1235 4987/11838/1235
f 4987/11838/1235 4985/11839/1235 4983/11840/1235
f 4983/11840/2045 4981/11841/2045 4979/6530/2045
f 4979/6530/2263 4977/11842/2263 4975/11843/2263
f 4975/11843/1235 4973/11844/1235 4971/6531/1235
f 4971/6531/1235 4969/11845/1235 4967/11846/1235
f 4967/11846/2045 4965/11847/2045 4963/6532/2045
f 4963/6532/1235 4991/11836/1235 4987/11838/1235
f 4987/11838/1235 4983/11840/1235 4979/6530/1235
f 4979/6530/1235 4975/11843/1235 4971/6531/1235
f 4971/6531/1235 4967/11846/1235 4963/6532/1235
f 4963/6532/1235 4987/11838/1235 4979/6530/1235
f 4993/6533/1247 4995/11848/1247 4996/6534/1247
f 4997/6536/1248 4998/6540/1248 4996/6537/1248
f 4999/6539/1249 5000/6542/1249 4998/6540/1249
f 5001/6541/1250 5002/11849/1250 5000/6542/1250
f 5003/6543/1251 5004/6547/1251 5002/6544/1251
f 5005/6546/1252 5006/6549/1252 5004/6547/1252
f 5007/6548/1254 5008/6551/1254 5006/6549/1254
f 5009/6550/1255 5010/6553/1255 5008/6551/1255
f 5011/6552/1239 5012/11850/1239 5010/6553/1239
f 5011/6554/1240 5013/6557/1240 5014/6555/1240
f 5013/6557/1241 5015/6559/1241 5016/6558/1241
f 5015/6559/1242 5017/11851/1242 5018/6560/1242
f 5017/6561/1243 5019/6564/1243 5020/6562/1243
f 5019/6564/1244 5021/6569/1244 5022/6565/1244
f 4994/6568/2055 4996/11852/2055 4998/11853/2055
f 4998/11853/2055 5000/11854/2055 5002/11855/2055
f 5002/11855/2053 5004/11856/2053 5006/11857/2053
f 5006/11857/1256 5008/11858/1256 5010/6566/1256
f 5010/6566/2052 5012/11859/2052 5014/11860/2052
f 5014/11860/2052 5016/11861/2052 5018/6567/2052
f 5018/6567/2054 5020/11862/2054 5022/11863/2054
f 5022/11863/2264 5024/11864/2264 4994/6568/2264
f 4994/6568/2052 4998/11853/2052 5002/11855/2052
f 5002/11855/1256 5006/11857/1256 5010/6566/1256
f 5010/6566/1256 5014/11860/1256 5018/6567/1256
f 5018/6567/1256 5022/11863/1256 4994/6568/1256
f 4994/6568/2055 5002/11855/2055 5010/6566/2055
f 5021/6569/1245 5023/6571/1245 5024/6570/1245
f 5023/6571/1246 4993/6533/1246 4994/6535/1246
f 4995/6574/2050 4993/11865/2050 5023/11866/2050
f 5023/11866/2050 5021/11867/2050 5019/11868/2050
f 5019/11868/2048 5017/11869/2048 5015/11870/2048
f 5015/11870/2050 5013/11871/2050 5011/6572/2050
f 5011/6572/2050 5009/11872/2050 5007/11873/2050
f 5007/11873/2051 5005/11874/2051 5003/6573/2051
f 5003/6573/1253 5001/11875/1253 4999/11876/1253
f 4999/11876/2048 4997/11877/2048 4995/6574/2048
f 4995/6574/1253 5023/11866/1253 5019/11868/1253
f 5019/11868/2048 5015/11870/2048 5011/6572/2048
f 5011/6572/1253 5007/11873/1253 5003/6573/1253
f 5003/6573/1253 4999/11876/1253 4995/6574/1253
f 4995/6574/1253 5019/11868/1253 5011/6572/1253
f 5025/6575/1265 5027/6578/1265 5028/6576/1265
f 5027/6578/1266 5029/6580/1266 5030/6579/1266
f 5029/6580/1267 5031/6582/1267 5032/6581/1267
f 5031/6582/1268 5033/6584/1268 5034/6583/1268
f 5033/6584/1269 5035/11878/1269 5036/6585/1269
f 5035/6586/1270 5037/6589/1270 5038/6587/1270
f 5037/6589/1272 5039/11879/1272 5040/6590/1272
f 5041/6591/1273 5042/11880/1273 5040/6592/1273
f 5043/6594/1257 5044/6598/1257 5042/6595/1257
f 5045/6597/1258 5046/6600/1258 5044/6598/1258
f 5047/6599/1259 5048/6602/1259 5046/6600/1259
f 5049/6601/1260 5050/6604/1260 5048/6602/1260
f 5051/6603/1261 5052/11881/1261 5050/6604/1261
f 5053/6605/1262 5054/6612/1262 5052/6606/1262
f 5026/6610/2265 5028/11882/2265 5030/11883/2265
f 5030/11883/2266 5032/11884/2266 5034/11885/2266
f 5034/11885/1274 5036/6588/1274 5038/6587/1274
f 5038/6587/1274 5040/6590/1274 5042/6608/1274
f 5042/6608/1274 5044/11886/1274 5046/11887/1274
f 5046/11887/1274 5048/11888/1274 5050/6609/1274
f 5050/6609/2267 5052/11889/2267 5054/11890/2267
f 5054/11890/1274 5056/11891/1274 5026/6610/1274
f 5026/6610/1274 5030/11883/1274 5034/11885/1274
f 5034/11885/1274 5038/6587/1274 5042/6608/1274
f 5042/6608/1274 5046/11887/1274 5050/6609/1274
f 5050/6609/1274 5054/11890/1274 5026/6610/1274
f 5026/6610/1274 5034/11885/1274 5042/6608/1274
f 5055/6611/1711 5056/11892/1711 5054/6612/1711
f 5055/6613/1264 5025/11893/1264 5026/6614/1264
f 5027/6618/1271 5025/11894/1271 5055/6611/1271
f 5055/6611/2056 5053/6605/2056 5051/6607/2056
f 5051/6607/1271 5049/11895/1271 5047/11896/1271
f 5047/11896/1271 5045/11897/1271 5043/6616/1271
f 5043/6616/2268 5041/11898/2268 5039/11899/2268
f 5039/11899/1271 5037/11900/1271 5035/6617/1271
f 5035/6617/1271 5033/11901/1271 5031/11902/1271
f 5031/11902/1271 5029/11903/1271 5027/6618/1271
f 5027/6618/1271 5055/6611/1271 5051/6607/1271
f 5051/6607/1271 5047/11896/1271 5043/6616/1271
f 5043/6616/1271 5039/11899/1271 5035/6617/1271
f 5035/6617/1271 5031/11902/1271 5027/6618/1271
f 5027/6618/1271 5051/6607/1271 5043/6616/1271
f 5059/6619/1283 5060/6623/1283 5058/6620/1283
f 5061/6622/1284 5062/11904/1284 5060/6623/1284
f 5061/6624/1285 5063/6627/1285 5064/6625/1285
f 5063/6627/1286 5065/11905/1286 5066/6628/1286
f 5065/6629/1287 5067/6632/1287 5068/6630/1287
f 5067/6632/1288 5069/6634/1288 5070/6633/1288
f 5069/6634/1290 5071/6636/1290 5072/6635/1290
f 5071/6636/1291 5073/11906/1291 5074/6637/1291
f 5073/6638/1275 5075/6641/1275 5076/6639/1275
f 5075/6641/1276 5077/11907/1276 5078/6642/1276
f 5079/6643/1277 5080/6647/1277 5078/6644/1277
f 5081/6646/1278 5082/11908/1278 5080/6647/1278
f 5083/6648/1279 5084/6652/1279 5082/6649/1279
f 5085/6651/1280 5086/6656/1280 5084/6652/1280
f 5058/6654/1292 5060/11909/1292 5062/11910/1292
f 5062/11910/1292 5064/11911/1292 5066/11912/1292
f 5066/11912/2269 5068/11913/2269 5070/11914/2269
f 5070/11914/2062 5072/11915/2062 5074/6640/2062
f 5074/6640/1292 5076/6639/1292 5078/6642/1292
f 5078/6642/1292 5080/11916/1292 5082/6653/1292
f 5082/6653/2061 5084/11917/2061 5086/11918/2061
f 5086/11918/1292 5088/11919/1292 5058/6654/1292
f 5058/6654/1292 5062/11910/1292 5066/11912/1292
f 5066/11912/1292 5070/11914/1292 5074/6640/1292
f 5074/6640/1292 5078/6642/1292 5082/6653/1292
f 5082/6653/1292 5086/11918/1292 5058/6654/1292
f 5058/6654/1292 5066/11912/1292 5074/6640/1292
f 5087/6655/1281 5088/6658/1281 5086/6656/1281
f 5057/6657/1712 5058/11920/1712 5088/6658/1712
f 5059/6619/2058 5057/6621/2058 5087/11921/2058
f 5087/11921/2270 5085/11922/2270 5083/11923/2270
f 5083/11923/2059 5081/11924/2059 5079/11925/2059
f 5079/11925/1289 5077/11926/1289 5075/6659/1289
f 5075/6659/2271 5073/11927/2271 5071/11928/2271
f 5071/11928/1289 5069/11929/1289 5067/6660/1289
f 5067/6660/1289 5065/11930/1289 5063/11931/1289
f 5063/11931/1289 5061/6622/1289 5059/6619/1289
f 5059/6619/1289 5087/11921/1289 5083/11923/1289
f 5083/11923/1289 5079/11925/1289 5075/6659/1289
f 5075/6659/1289 5071/11928/1289 5067/6660/1289
f 5067/6660/1289 5063/11931/1289 5059/6619/1289
f 5059/6619/1289 5083/11923/1289 5075/6659/1289
f 5091/6661/1301 5092/11932/1301 5090/6662/1301
f 5093/6664/1302 5094/6668/1302 5092/6665/1302
f 5095/6667/1303 5096/6670/1303 5094/6668/1303
f 5097/6669/1304 5098/11933/1304 5096/6670/1304
f 5099/6671/1305 5100/6675/1305 5098/6672/1305
f 5101/6674/1306 5102/6677/1306 5100/6675/1306
f 5103/6676/1308 5104/6679/1308 5102/6677/1308
f 5105/6678/1309 5106/11934/1309 5104/6679/1309
f 5105/6680/1293 5107/6701/1293 5108/6681/1293
f 5107/6683/1294 5109/6686/1294 5110/6684/1294
f 5109/6686/1295 5111/6688/1295 5112/6687/1295
f 5111/6688/1296 5113/11935/1296 5114/6689/1296
f 5113/6690/1297 5115/6693/1297 5116/6691/1297
f 5115/6693/1298 5117/6697/1298 5118/6694/1298
f 5090/6662/2065 5092/11932/2065 5094/11936/2065
f 5094/11936/2065 5096/11937/2065 5098/11938/2065
f 5098/11938/2065 5100/11939/2065 5102/11940/2065
f 5102/11940/1310 5104/11941/1310 5106/6695/1310
f 5106/6695/1310 5108/11942/1310 5110/11943/1310
f 5110/11943/2272 5112/11944/2272 5114/6696/2272
f 5114/6696/2065 5116/11945/2065 5118/11946/2065
f 5118/11946/1310 5120/11947/1310 5090/6662/1310
f 5090/6662/1310 5094/11936/1310 5098/11938/1310
f 5098/11938/2065 5102/11940/2065 5106/6695/2065
f 5106/6695/1310 5110/11943/1310 5114/6696/1310
f 5114/6696/1310 5118/11946/1310 5090/6662/1310
f 5090/6662/2065 5098/11938/2065 5106/6695/2065
f 5117/6697/1714 5119/6699/1714 5120/6698/1714
f 5119/6699/1300 5089/11948/1300 5090/6700/1300
f 5091/6703/1307 5089/11949/1307 5119/11950/1307
f 5119/11950/1715 5117/11951/1715 5115/11952/1715
f 5115/11952/1307 5113/11953/1307 5111/11954/1307
f 5111/11954/1307 5109/11955/1307 5107/6701/1307
f 5107/6701/1715 5105/6680/1715 5103/11956/1715
f 5103/11956/1307 5101/11957/1307 5099/6702/1307
f 5099/6702/1715 5097/11958/1715 5095/11959/1715
f 5095/11959/1715 5093/11960/1715 5091/6703/1715
f 5091/6703/1307 5119/11950/1307 5115/11952/1307
f 5115/11952/1307 5111/11954/1307 5107/6701/1307
f 5107/6701/1307 5103/11956/1307 5099/6702/1307
f 5099/6702/1715 5095/11959/1715 5091/6703/1715
f 5091/6703/1307 5115/11952/1307 5107/6701/1307
f 5121/6704/1319 5123/11961/1319 5124/6705/1319
f 5123/6707/1320 5125/6710/1320 5126/6708/1320
f 5125/6710/1321 5127/6712/1321 5128/6711/1321
f 5127/6712/1322 5129/11962/1322 5130/6713/1322
f 5129/6714/1323 5131/6718/1323 5132/6715/1323
f 5133/6717/2273 5134/6720/2273 5132/6715/2273
f 5135/6719/1326 5136/6722/1326 5134/6720/1326
f 5137/6721/1327 5138/6724/1327 5136/6722/1327
f 5139/6723/1311 5140/11963/1311 5138/6724/1311
f 5141/6725/1312 5142/6729/1312 5140/6726/1312
f 5143/6728/1313 5144/6731/1313 5142/6729/1313
f 5145/6730/1314 5146/11964/1314 5144/6731/1314
f 5147/6732/1315 5148/6736/1315 5146/6733/1315
f 5147/6732/1316 5149/6740/1316 5150/6735/1316
f 5122/6739/1328 5124/11965/1328 5126/11966/1328
f 5126/11966/2070 5128/11967/2070 5130/11968/2070
f 5130/11968/1328 5132/11969/1328 5134/11970/1328
f 5134/11970/1328 5136/11971/1328 5138/6737/1328
f 5138/6737/2274 5140/11972/2274 5142/11973/2274
f 5142/11973/1328 5144/11974/1328 5146/6738/1328
f 5146/6738/1328 5148/11975/1328 5150/11976/1328
f 5150/11976/2069 5152/11977/2069 5122/6739/2069
f 5122/6739/2070 5126/11966/2070 5130/11968/2070
f 5130/11968/1328 5134/11970/1328 5138/6737/1328
f 5138/6737/2070 5142/11973/2070 5146/6738/2070
f 5146/6738/1328 5150/11976/1328 5122/6739/1328
f 5122/6739/1328 5130/11968/1328 5138/6737/1328
f 5149/6740/1317 5151/6742/1317 5152/6741/1317
f 5151/6742/1318 5121/6704/1318 5122/6706/1318
f 5123/6745/1325 5121/11978/1325 5151/11979/1325
f 5151/11979/2067 5149/11980/2067 5147/11981/2067
f 5147/11981/2067 5145/11982/2067 5143/11983/2067
f 5143/11983/1325 5141/11984/1325 5139/6743/1325
f 5139/6743/1325 5137/11985/1325 5135/11986/1325
f 5135/11986/1325 5133/11987/1325 5131/6744/1325
f 5131/6744/1325 5129/11988/1325 5127/11989/1325
f 5127/11989/1325 5125/11990/1325 5123/6745/1325
f 5123/6745/1325 5151/11979/1325 5147/11981/1325
f 5147/11981/1325 5143/11983/1325 5139/6743/1325
f 5139/6743/1325 5135/11986/1325 5131/6744/1325
f 5131/6744/1325 5127/11989/1325 5123/6745/1325
f 5123/6745/1325 5147/11981/1325 5139/6743/1325
f 5155/6746/1337 5156/6750/1337 5154/6747/1337
f 5157/6749/1338 5158/6752/1338 5156/6750/1338
f 5159/6751/1339 5160/6754/1339 5158/6752/1339
f 5161/6753/1340 5162/6756/1340 5160/6754/1340
f 5163/6755/1341 5164/11991/1341 5162/6756/1341
f 5163/6757/1342 5165/6760/1342 5166/6758/1342
f 5165/6760/1344 5167/6762/1344 5168/6761/1344
f 5167/6762/2275 5169/11992/2275 5170/6763/2275
f 5169/6764/1329 5171/6767/1329 5172/6765/1329
f 5171/6767/1330 5173/6769/1330 5174/6768/1330
f 5173/6769/1718 5175/6771/1718 5176/6770/1718
f 5175/6771/1332 5177/6773/1332 5178/6772/1332
f 5177/6773/1333 5179/7544/1333 5180/6774/1333
f 5181/6775/1334 5182/6782/1334 5180/6776/1334
f 5154/6780/1346 5156/11993/1346 5158/11994/1346
f 5158/11994/2276 5160/11995/2276 5162/11996/2276
f 5162/11996/2277 5164/11997/2277 5166/11998/2277
f 5166/11998/1346 5168/11999/1346 5170/6778/1346
f 5170/6778/1346 5172/12000/1346 5174/12001/1346
f 5174/12001/2278 5176/12002/2278 5178/6779/2278
f 5178/6779/2279 5180/12003/2279 5182/12004/2279
f 5182/12004/1346 5184/12005/1346 5154/6780/1346
f 5154/6780/1346 5158/11994/1346 5162/11996/1346
f 5162/11996/1346 5166/11998/1346 5170/6778/1346
f 5170/6778/1346 5174/12001/1346 5178/6779/1346
f 5178/6779/1346 5182/12004/1346 5154/6780/1346
f 5154/6780/1346 5162/11996/1346 5170/6778/1346
f 5183/6781/1335 5184/6784/1335 5182/6782/1335
f 5153/6783/1336 5154/12006/1336 5184/6784/1336
f 5155/6787/2280 5153/12007/2280 5183/12008/2280
f 5183/12008/1343 5181/12009/1343 5179/12010/1343
f 5179/12010/1343 5177/12011/1343 5175/12012/1343
f 5175/12012/1343 5173/12013/1343 5171/6785/1343
f 5171/6785/1343 5169/12014/1343 5167/12015/1343
f 5167/12015/1343 5165/12016/1343 5163/6786/1343
f 5163/6786/2280 5161/12017/2280 5159/12018/2280
f 5159/12018/1343 5157/12019/1343 5155/6787/1343
f 5155/6787/1343 5183/12008/1343 5179/12010/1343
f 5179/12010/1343 5175/12012/1343 5171/6785/1343
f 5171/6785/1343 5167/12015/1343 5163/6786/1343
f 5163/6786/1343 5159/12018/1343 5155/6787/1343
f 5155/6787/1343 5179/12010/1343 5171/6785/1343
f 5187/6788/1355 5188/6792/1355 5186/6789/1355
f 5189/6791/1356 5190/12020/1356 5188/6792/1356
f 5191/6793/1357 5192/6797/1357 5190/6794/1357
f 5193/6796/1358 5194/6799/1358 5192/6797/1358
f 5195/6798/1359 5196/12021/1359 5194/6799/1359
f 5197/6800/1360 5198/12022/1360 5196/6801/1360
f 5199/6803/1362 5200/6807/1362 5198/6804/1362
f 5199/6803/1363 5201/6808/1363 5202/6806/1363
f 5201/6808/1347 5203/6810/1347 5204/6809/1347
f 5203/6810/1348 5205/12023/1348 5206/6811/1348
f 5205/6812/1349 5207/6815/1349 5208/6813/1349
f 5207/6815/1350 5209/6817/1350 5210/6816/1350
f 5209/6817/1351 5211/12024/1351 5212/6818/1351
f 5211/6819/1352 5213/12025/1352 5214/6820/1352
f 5186/6824/1364 5188/12026/1364 5190/12027/1364
f 5190/12027/2281 5192/12028/2281 5194/12029/2281
f 5194/12029/1364 5196/6801/1364 5198/12022/1364
f 5198/12022/1364 5200/12030/1364 5202/6822/1364
f 5202/6822/1364 5204/12031/1364 5206/12032/1364
f 5206/12032/2282 5208/12033/2282 5210/6823/2282
f 5210/6823/1364 5212/12034/1364 5214/12035/1364
f 5214/12035/1364 5216/12036/1364 5186/6824/1364
f 5186/6824/1364 5190/12027/1364 5194/12029/1364
f 5194/12029/1364 5198/12022/1364 5202/6822/1364
f 5202/6822/1364 5206/12032/1364 5210/6823/1364
f 5210/6823/1364 5214/12035/1364 5186/6824/1364
f 5186/6824/1364 5194/12029/1364 5202/6822/1364
f 5213/6825/1353 5215/6828/1353 5216/6826/1353
f 5185/6790/2071 5186/6789/2071 5216/6826/2071
f 5187/6831/1361 5185/12037/1361 5215/12038/1361
f 5215/12038/1361 5213/12025/1361 5211/6819/1361
f 5211/6819/1361 5209/12039/1361 5207/12040/1361
f 5207/12040/2283 5205/12041/2283 5203/6829/2283
f 5203/6829/2073 5201/12042/2073 5199/12043/2073
f 5199/12043/1361 5197/12044/1361 5195/6830/1361
f 5195/6830/1361 5193/12045/1361 5191/12046/1361
f 5191/12046/1361 5189/12047/1361 5187/6831/1361
f 5187/6831/1361 5215/12038/1361 5211/6819/1361
f 5211/6819/1361 5207/12040/1361 5203/6829/1361
f 5203/6829/1361 5199/12043/1361 5195/6830/1361
f 5195/6830/1361 5191/12046/1361 5187/6831/1361
f 5187/6831/1361 5211/6819/1361 5203/6829/1361
f 5217/6832/1373 5219/6835/1373 5220/6833/1373
f 5219/6835/1374 5221/6838/1374 5222/6836/1374
f 5223/6837/1375 5224/6840/1375 5222/6836/1375
f 5225/6839/1376 5226/12048/1376 5224/6840/1376
f 5227/6841/1377 5228/6845/1377 5226/6842/1377
f 5229/6844/1378 5230/6847/1378 5228/6845/1378
f 5231/6846/1380 5232/6849/1380 5230/6847/1380
f 5233/6848/1381 5234/12049/1381 5232/6849/1381
f 5235/6850/1365 5236/6854/1365 5234/6851/1365
f 5237/6853/1366 5238/6856/1366 5236/6854/1366
f 5237/6853/1367 5239/6857/1367 5240/6855/1367
f 5239/6857/1368 5241/12050/1368 5242/6858/1368
f 5241/6859/1369 5243/6862/1369 5244/6860/1369
f 5243/6862/1370 5245/6867/1370 5246/6863/1370
f 5218/6866/2077 5220/12051/2077 5222/12052/2077
f 5222/12052/1382 5224/12053/1382 5226/12054/1382
f 5226/12054/1382 5228/12055/1382 5230/12056/1382
f 5230/12056/2284 5232/12057/2284 5234/6864/2284
f 5234/6864/1382 5236/12058/1382 5238/12059/1382
f 5238/12059/1382 5240/12060/1382 5242/6865/1382
f 5242/6865/1382 5244/12061/1382 5246/12062/1382
f 5246/12062/1382 5248/12063/1382 5218/6866/1382
f 5218/6866/2077 5222/12052/2077 5226/12054/2077
f 5226/12054/1382 5230/12056/1382 5234/6864/1382
f 5234/6864/1382 5238/12059/1382 5242/6865/1382
f 5242/6865/1382 5246/12062/1382 5218/6866/1382
f 5218/6866/1382 5226/12054/1382 5234/6864/1382
f 5245/6867/1371 5247/6869/1371 5248/6868/1371
f 5247/6869/1372 5217/12064/1372 5218/6870/1372
f 5219/6873/1379 5217/12065/1379 5247/12066/1379
f 5247/12066/1379 5245/12067/1379 5243/12068/1379
f 5243/12068/2075 5241/12069/2075 5239/12070/2075
f 5239/12070/2074 5237/12071/2074 5235/6871/2074
f 5235/6871/2075 5233/12072/2075 5231/12073/2075
f 5231/12073/1379 5229/12074/1379 5227/6872/1379
f 5227/6872/2075 5225/12075/2075 5223/12076/2075
f 5223/12076/2075 5221/12077/2075 5219/6873/2075
f 5219/6873/1379 5247/12066/1379 5243/12068/1379
f 5243/12068/1379 5239/12070/1379 5235/6871/1379
f 5235/6871/1379 5231/12073/1379 5227/6872/1379
f 5227/6872/1379 5223/12076/1379 5219/6873/1379
f 5219/6873/1379 5243/12068/1379 5235/6871/1379
f 5249/6874/1391 5251/12078/1391 5252/6875/1391
f 5251/6877/1392 5253/6880/1392 5254/6878/1392
f 5253/6880/1393 5255/6883/1393 5256/6881/1393
f 5257/6882/1394 5258/6885/1394 5256/6881/1394
f 5259/6884/2079 5260/12079/2079 5258/6885/2079
f 5261/6886/1396 5262/6890/1396 5260/6887/1396
f 5263/6889/1398 5264/6892/1398 5262/6890/1398
f 5265/6891/1399 5266/6894/1399 5264/6892/1399
f 5267/6893/1383 5268/12080/1383 5266/6894/1383
f 5269/6895/1384 5270/6899/1384 5268/6896/1384
f 5271/6898/1385 5272/6901/1385 5270/6899/1385
f 5271/6898/1386 5273/6902/1386 5274/6900/1386
f 5273/6902/2285 5275/12081/2285 5276/6903/2285
f 5275/6904/1388 5277/6910/1388 5278/6905/1388
f 5250/6909/2286 5252/12082/2286 5254/12083/2286
f 5254/12083/2083 5256/12084/2083 5258/12085/2083
f 5258/12085/2287 5260/12086/2287 5262/12087/2287
f 5262/12087/2288 5264/12088/2288 5266/6907/2288
f 5266/6907/1400 5268/12089/1400 5270/12090/1400
f 5270/12090/1400 5272/12091/1400 5274/6908/1400
f 5274/6908/2288 5276/12092/2288 5278/12093/2288
f 5278/12093/2288 5280/12094/2288 5250/6909/2288
f 5250/6909/1400 5254/12083/1400 5258/12085/1400
f 5258/12085/1400 5262/12087/1400 5266/6907/1400
f 5266/6907/1400 5270/12090/1400 5274/6908/1400
f 5274/6908/1400 5278/12093/1400 5250/6909/1400
f 5250/6909/1400 5258/12085/1400 5266/6907/1400
f 5277/6910/1389 5279/6912/1389 5280/6911/1389
f 5279/6912/1390 5249/6874/1390 5250/6876/1390
f 5251/6915/2080 5249/12095/2080 5279/12096/2080
f 5279/12096/2080 5277/12097/2080 5275/12098/2080
f 5275/12098/2082 5273/12099/2082 5271/12100/2082
f 5271/12100/1397 5269/12101/1397 5267/6913/1397
f 5267/6913/1397 5265/12102/1397 5263/12103/1397
f 5263/12103/1397 5261/12104/1397 5259/6914/1397
f 5259/6914/1397 5257/12105/1397 5255/12106/1397
f 5255/12106/1397 5253/12107/1397 5251/6915/1397
f 5251/6915/1397 5279/12096/1397 5275/12098/1397
f 5275/12098/1397 5271/12100/1397 5267/6913/1397
f 5267/6913/1397 5263/12103/1397 5259/6914/1397
f 5259/6914/1397 5255/12106/1397 5251/6915/1397
f 5251/6915/1397 5275/12098/1397 5267/6913/1397
f 5281/6916/1409 5283/6919/1409 5284/6917/1409
f 5283/6919/1410 5285/6921/1410 5286/6920/1410
f 5285/6921/1411 5287/6923/1411 5288/6922/1411
f 5287/6923/1412 5289/12108/1412 5290/6924/1412
f 5289/6925/1413 5291/6929/1413 5292/6926/1413
f 5293/6928/1414 5294/12109/1414 5292/6926/1414
f 5295/6930/1416 5296/6934/1416 5294/6931/1416
f 5297/6933/1417 5298/12110/1417 5296/6934/1417
f 5299/6935/1401 5300/6939/1401 5298/6936/1401
f 5301/6938/1402 5302/6941/1402 5300/6939/1402
f 5303/6940/1403 5304/6943/1403 5302/6941/1403
f 5305/6942/2289 5306/12111/2289 5304/6943/2289
f 5307/6944/1405 5308/6948/1405 5306/6945/1405
f 5307/6944/1725 5309/12112/1725 5310/6947/1725
f 5282/6951/2089 5284/12113/2089 5286/12114/2089
f 5286/12114/2089 5288/12115/2089 5290/6927/2089
f 5290/6927/1418 5292/6926/1418 5294/12109/1418
f 5294/12109/2290 5296/12116/2290 5298/6949/2290
f 5298/6949/1418 5300/12117/1418 5302/12118/1418
f 5302/12118/1418 5304/12119/1418 5306/6950/1418
f 5306/6950/1418 5308/12120/1418 5310/12121/1418
f 5310/12121/1418 5312/12122/1418 5282/6951/1418
f 5282/6951/1418 5286/12114/1418 5290/6927/1418
f 5290/6927/1418 5294/12109/1418 5298/6949/1418
f 5298/6949/1418 5302/12118/1418 5306/6950/1418
f 5306/6950/1418 5310/12121/1418 5282/6951/1418
f 5282/6951/1418 5290/6927/1418 5298/6949/1418
f 5309/6952/1407 5311/6955/1407 5312/6953/1407
f 5311/6955/1408 5281/12123/1408 5282/6956/1408
f 5283/6959/2087 5281/12124/2087 5311/12125/2087
f 5311/12125/2085 5309/12112/2085 5307/6944/2085
f 5307/6944/1415 5305/6946/1415 5303/12126/1415
f 5303/12126/1415 5301/12127/1415 5299/6957/1415
f 5299/6957/1415 5297/12128/1415 5295/12129/1415
f 5295/12129/2085 5293/12130/2085 5291/6958/2085
f 5291/6958/2086 5289/12131/2086 5287/12132/2086
f 5287/12132/2086 5285/12133/2086 5283/6959/2086
f 5283/6959/1415 5311/12125/1415 5307/6944/1415
f 5307/6944/2087 5303/12126/2087 5299/6957/2087
f 5299/6957/1415 5295/12129/1415 5291/6958/1415
f 5291/6958/1415 5287/12132/1415 5283/6959/1415
f 5283/6959/1415 5307/6944/1415 5299/6957/1415
f 5313/6960/1427 5315/6964/1427 5316/6961/1427
f 5317/6963/1428 5318/6966/1428 5316/6961/1428
f 5319/6965/1429 5320/12134/1429 5318/6966/1429
f 5321/6967/1430 5322/12135/1430 5320/6968/1430
f 5323/6970/2291 5324/6974/2291 5322/6971/2291
f 5325/6973/1432 5326/6976/1432 5324/6974/1432
f 5327/6975/1434 5328/6978/1434 5326/6976/1434
f 5329/6977/1435 5330/12136/1435 5328/6978/1435
f 5331/6979/1419 5332/6983/1419 5330/6980/1419
f 5331/6979/1420 5333/6984/1420 5334/6982/1420
f 5333/6984/2292 5335/12137/2292 5336/6985/2292
f 5335/6986/1422 5337/12138/1422 5338/6987/1422
f 5337/6989/1423 5339/6992/1423 5340/6990/1423
f 5339/6992/1424 5341/6996/1424 5342/6993/1424
f 5314/6962/1436 5316/6961/1436 5318/6966/1436
f 5318/6966/2293 5320/12134/2293 5322/12139/2293
f 5322/12139/1436 5324/12140/1436 5326/12141/1436
f 5326/12141/1436 5328/12142/1436 5330/6994/1436
f 5330/6994/1436 5332/12143/1436 5334/12144/1436
f 5334/12144/1436 5336/12145/1436 5338/6995/1436
f 5338/6995/2294 5340/12146/2294 5342/12147/2294
f 5342/12147/1436 5344/12148/1436 5314/6962/1436
f 5314/6962/1436 5318/6966/1436 5322/12139/1436
f 5322/12139/1436 5326/12141/1436 5330/6994/1436
f 5330/6994/1436 5334/12144/1436 5338/6995/1436
f 5338/6995/1436 5342/12147/1436 5314/6962/1436
f 5314/6962/1436 5322/12139/1436 5330/6994/1436
f 5341/6996/1425 5343/6998/1425 5344/6997/1425
f 5343/6998/1426 5313/12149/1426 5314/6999/1426
f 5315/7001/1433 5313/12150/1433 5343/12151/1433
f 5343/12151/2295 5341/12152/2295 5339/12153/2295
f 5339/12153/1433 5337/12154/1433 5335/12137/1433
f 5335/12137/1433 5333/6984/1433 5331/6979/1433
f 5331/6979/1433 5329/6981/1433 5327/12155/1433
f 5327/12155/1433 5325/12156/1433 5323/7000/1433
f 5323/7000/1433 5321/12157/1433 5319/12158/1433
f 5319/12158/2296 5317/12159/2296 5315/7001/2296
f 5315/7001/1433 5343/12151/1433 5339/12153/1433
f 5339/12153/1433 5335/12137/1433 5331/6979/1433
f 5331/6979/1433 5327/12155/1433 5323/7000/1433
f 5323/7000/1433 5319/12158/1433 5315/7001/1433
f 5315/7001/1433 5339/12153/1433 5331/6979/1433
f 5345/7002/1445 5347/7005/1445 5348/7003/1445
f 5347/7005/1446 5349/7007/1446 5350/7006/1446
f 5349/7007/1447 5351/7010/1447 5352/7008/1447
f 5353/7009/1448 5354/12160/1448 5352/7008/1448
f 5355/7011/1449 5356/7015/1449 5354/7012/1449
f 5357/7014/1450 5358/7017/1450 5356/7015/1450
f 5359/7016/1452 5360/7019/1452 5358/7017/1452
f 5361/7018/1453 5362/12161/1453 5360/7019/1453
f 5363/7020/1437 5364/7024/1437 5362/7021/1437
f 5365/7023/1438 5366/7026/1438 5364/7024/1438
f 5367/7025/1439 5368/7028/1439 5366/7026/1439
f 5367/7025/1440 5369/12162/1440 5370/7027/1440
f 5369/7029/1441 5371/7032/1441 5372/7030/1441
f 5371/7032/1442 5373/7037/1442 5374/7033/1442
f 5346/7036/2095 5348/12163/2095 5350/12164/2095
f 5350/12164/1454 5352/12165/1454 5354/12166/1454
f 5354/12166/2095 5356/12167/2095 5358/12168/2095
f 5358/12168/2095 5360/12169/2095 5362/7034/2095
f 5362/7034/2095 5364/12170/2095 5366/12171/2095
f 5366/12171/1454 5368/12172/1454 5370/7035/1454
f 5370/7035/2095 5372/12173/2095 5374/12174/2095
f 5374/12174/1454 5376/12175/1454 5346/7036/1454
f 5346/7036/1454 5350/12164/1454 5354/12166/1454
f 5354/12166/1454 5358/12168/1454 5362/7034/1454
f 5362/7034/1454 5366/12171/1454 5370/7035/1454
f 5370/7035/1454 5374/12174/1454 5346/7036/1454
f 5346/7036/1454 5354/12166/1454 5362/7034/1454
f 5373/7037/1443 5375/7039/1443 5376/7038/1443
f 5375/7039/2297 5345/12176/2297 5346/7040/2297
f 5347/7043/2298 5345/12177/2298 5375/12178/2298
f 5375/12178/2093 5373/12179/2093 5371/12180/2093
f 5371/12180/1451 5369/12181/1451 5367/12182/1451
f 5367/12182/2094 5365/12183/2094 5363/7041/2094
f 5363/7041/2093 5361/12184/2093 5359/12185/2093
f 5359/12185/2093 5357/12186/2093 5355/7042/2093
f 5355/7042/2094 5353/12187/2094 5351/12188/2094
f 5351/12188/2093 5349/12189/2093 5347/7043/2093
f 5347/7043/1451 5375/12178/1451 5371/12180/1451
f 5371/12180/1451 5367/12182/1451 5363/7041/1451
f 5363/7041/1451 5359/12185/1451 5355/7042/1451
f 5355/7042/1451 5351/12188/1451 5347/7043/1451
f 5347/7043/1451 5371/12180/1451 5363/7041/1451
f 5377/7044/2299 5379/7047/2299 5380/7045/2299
f 5379/7047/1464 5381/12190/1464 5382/7048/1464
f 5381/7049/1465 5383/7052/1465 5384/7050/1465
f 5383/7052/1466 5385/7055/1466 5386/7053/1466
f 5387/7054/1467 5388/7057/1467 5386/7053/1467
f 5389/7056/1468 5390/7059/1468 5388/7057/1468
f 5391/7058/1470 5392/12191/1470 5390/7059/1470
f 5393/7060/1471 5394/7077/1471 5392/7061/1471
f 5395/7063/1455 5396/7067/1455 5394/7064/1455
f 5397/7066/1456 5398/12192/1456 5396/7067/1456
f 5399/7068/1457 5400/7072/1457 5398/7069/1457
f 5401/7071/1458 5402/7074/1458 5400/7072/1458
f 5401/7071/1459 5403/7075/1459 5404/7073/1459
f 5403/7075/1460 5405/7080/1460 5406/7076/1460
f 5378/7079/1472 5380/12193/1472 5382/12194/1472
f 5382/12194/1472 5384/12195/1472 5386/12196/1472
f 5386/12196/2102 5388/12197/2102 5390/12198/2102
f 5390/12198/1472 5392/7061/1472 5394/7077/1472
f 5394/7077/1472 5396/12199/1472 5398/12200/1472
f 5398/12200/2102 5400/12201/2102 5402/7078/2102
f 5402/7078/1472 5404/12202/1472 5406/12203/1472
f 5406/12203/1472 5408/12204/1472 5378/7079/1472
f 5378/7079/1472 5382/12194/1472 5386/12196/1472
f 5386/12196/1472 5390/12198/1472 5394/7077/1472
f 5394/7077/1472 5398/12200/1472 5402/7078/1472
f 5402/7078/1472 5406/12203/1472 5378/7079/1472
f 5378/7079/1472 5386/12196/1472 5394/7077/1472
f 5405/7080/1461 5407/12205/1461 5408/7081/1461
f 5407/7082/1462 5377/12206/1462 5378/7083/1462
f 5379/7087/1469 5377/12206/1469 5407/7082/1469
f 5407/7082/2100 5405/12207/2100 5403/12208/2100
f 5403/12208/1469 5401/12209/1469 5399/12210/1469
f 5399/12210/1469 5397/12211/1469 5395/7085/1469
f 5395/7085/1469 5393/12212/1469 5391/12213/1469
f 5391/12213/1469 5389/12214/1469 5387/7086/1469
f 5387/7086/1469 5385/12215/1469 5383/12216/1469
f 5383/12216/1469 5381/12217/1469 5379/7087/1469
f 5379/7087/1469 5407/7082/1469 5403/12208/1469
f 5403/12208/1469 5399/12210/1469 5395/7085/1469
f 5395/7085/1469 5391/12213/1469 5387/7086/1469
f 5387/7086/1469 5383/12216/1469 5379/7087/1469
f 5379/7087/1469 5403/12208/1469 5395/7085/1469
f 5409/7088/1481 5411/7091/1481 5412/7089/1481
f 5411/7091/1482 5413/7093/1482 5414/7092/1482
f 5413/7093/1727 5415/7095/1727 5416/7094/1727
f 5415/7095/1484 5417/12218/1484 5418/7096/1484
f 5417/7097/1485 5419/7100/1485 5420/7098/1485
f 5419/7100/1486 5421/7103/1486 5422/7101/1486
f 5423/7102/1488 5424/7105/1488 5422/7101/1488
f 5425/7104/1489 5426/12219/1489 5424/7105/1489
f 5427/7106/1473 5428/7110/1473 5426/7107/1473
f 5429/7109/1474 5430/7112/1474 5428/7110/1474
f 5431/7111/2300 5432/7114/2300 5430/7112/2300
f 5433/7113/1476 5434/12220/1476 5432/7114/1476
f 5435/7115/1477 5436/7119/1477 5434/7116/1477
f 5437/7118/1478 5438/7124/1478 5436/7119/1478
f 5410/7122/1490 5412/12221/1490 5414/12222/1490
f 5414/12222/1490 5416/12223/1490 5418/12224/1490
f 5418/12224/1490 5420/12225/1490 5422/12226/1490
f 5422/12226/1490 5424/12227/1490 5426/7120/1490
f 5426/7120/1490 5428/12228/1490 5430/12229/1490
f 5430/12229/1490 5432/12230/1490 5434/7121/1490
f 5434/7121/1490 5436/12231/1490 5438/12232/1490
f 5438/12232/1490 5440/12233/1490 5410/7122/1490
f 5410/7122/1490 5414/12222/1490 5418/12224/1490
f 5418/12224/1490 5422/12226/1490 5426/7120/1490
f 5426/7120/1490 5430/12229/1490 5434/7121/1490
f 5434/7121/1490 5438/12232/1490 5410/7122/1490
f 5410/7122/1490 5418/12224/1490 5426/7120/1490
f 5437/7118/1479 5439/7125/1479 5440/7123/1479
f 5439/7125/1480 5409/12234/1480 5410/7126/1480
f 5411/7129/1487 5409/12235/1487 5439/12236/1487
f 5439/12236/1487 5437/12237/1487 5435/12238/1487
f 5435/12238/1487 5433/12239/1487 5431/12240/1487
f 5431/12240/1487 5429/12241/1487 5427/7127/1487
f 5427/7127/1487 5425/12242/1487 5423/12243/1487
f 5423/12243/1487 5421/12244/1487 5419/7128/1487
f 5419/7128/1487 5417/12245/1487 5415/12246/1487
f 5415/12246/1487 5413/12247/1487 5411/7129/1487
f 5411/7129/1487 5439/12236/1487 5435/12238/1487
f 5435/12238/1487 5431/12240/1487 5427/7127/1487
f 5427/7127/1487 5423/12243/1487 5419/7128/1487
f 5419/7128/1487 5415/12246/1487 5411/7129/1487
f 5411/7129/1487 5435/12238/1487 5427/7127/1487
f 5441/7130/1499 5443/7172/1499 5444/7131/1499
f 5443/7133/1500 5445/7136/1500 5446/7134/1500
f 5445/7136/1501 5447/7138/1501 5448/7137/1501
f 5447/7138/1502 5449/7140/1502 5450/7139/1502
f 5449/7140/1503 5451/12248/1503 5452/7141/1503
f 5451/7142/1504 5453/7145/1504 5454/7143/1504
f 5453/7145/2301 5455/7147/2301 5456/7146/2301
f 5455/7147/1507 5457/12249/1507 5458/7148/1507
f 5459/7149/1491 5460/12250/1491 5458/7150/1491
f 5461/7152/1492 5462/7156/1492 5460/7153/1492
f 5463/7155/1493 5464/7158/1493 5462/7156/1493
f 5465/7157/1494 5466/7160/1494 5464/7158/1494
f 5467/7159/1495 5468/12251/1495 5466/7160/1495
f 5469/7161/1496 5470/7167/1496 5468/7162/1496
f 5442/7165/1508 5444/12252/1508 5446/12253/1508
f 5446/12253/2109 5448/12254/2109 5450/12255/2109
f 5450/12255/1508 5452/12256/1508 5454/12257/1508
f 5454/12257/2109 5456/12258/2109 5458/7150/2109
f 5458/7150/2302 5460/12250/2302 5462/12259/2302
f 5462/12259/2109 5464/12260/2109 5466/7164/2109
f 5466/7164/2109 5468/12261/2109 5470/12262/2109
f 5470/12262/2109 5472/12263/2109 5442/7165/2109
f 5442/7165/2109 5446/12253/2109 5450/12255/2109
f 5450/12255/2109 5454/12257/2109 5458/7150/2109
f 5458/7150/1508 5462/12259/1508 5466/7164/1508
f 5466/7164/1508 5470/12262/1508 5442/7165/1508
f 5442/7165/1508 5450/12255/1508 5458/7150/1508
f 5471/7166/1497 5472/7169/1497 5470/7167/1497
f 5441/7168/1498 5442/12264/1498 5472/7169/1498
f 5443/7172/1505 5441/7130/1505 5471/12265/1505
f 5471/12265/2107 5469/12266/2107 5467/12267/2107
f 5467/12267/2107 5465/12268/2107 5463/12269/2107
f 5463/12269/1505 5461/12270/1505 5459/7170/1505
f 5459/7170/2107 5457/12271/2107 5455/12272/2107
f 5455/12272/2107 5453/12273/2107 5451/7171/2107
f 5451/7171/1505 5449/12274/1505 5447/12275/1505
f 5447/12275/1505 5445/12276/1505 5443/7172/1505
f 5443/7172/1505 5471/12265/1505 5467/12267/1505
f 5467/12267/1505 5463/12269/1505 5459/7170/1505
f 5459/7170/1505 5455/12272/1505 5451/7171/1505
f 5451/7171/2107 5447/12275/2107 5443/7172/2107
f 5443/7172/2107 5467/12267/2107 5459/7170/2107
f 5473/7173/2303 5475/12277/2303 5476/7174/2303
f 5475/7176/1518 5477/7179/1518 5478/7177/1518
f 5477/7179/1519 5479/7181/1519 5480/7180/1519
f 5479/7181/1520 5481/12278/1520 5482/7182/1520
f 5483/7183/2304 5484/12279/2304 5482/7184/2304
f 5485/7186/1729 5486/7190/1729 5484/7187/1729
f 5487/7189/1524 5488/7192/1524 5486/7190/1524
f 5489/7191/1730 5490/7194/1730 5488/7192/1730
f 5491/7193/1509 5492/12280/1509 5490/7194/1509
f 5493/7195/1510 5494/7199/1510 5492/7196/1510
f 5495/7198/1511 5496/7201/1511 5494/7199/1511
f 5497/7200/1512 5498/12281/1512 5496/7201/1512
f 5497/7202/2305 5499/12282/2305 5500/7203/2305
f 5499/7205/1731 5501/7211/1731 5502/7206/1731
f 5474/7210/1526 5476/12283/1526 5478/12284/1526
f 5478/12284/1526 5480/12285/1526 5482/7184/1526
f 5482/7184/1526 5484/12279/1526 5486/12286/1526
f 5486/12286/1526 5488/12287/1526 5490/7208/1526
f 5490/7208/2112 5492/12288/2112 5494/12289/2112
f 5494/12289/2112 5496/12290/2112 5498/7209/2112
f 5498/7209/1526 5500/12291/1526 5502/12292/1526
f 5502/12292/1526 5504/12293/1526 5474/7210/1526
f 5474/7210/1526 5478/12284/1526 5482/7184/1526
f 5482/7184/1526 5486/12286/1526 5490/7208/1526
f 5490/7208/1526 5494/12289/1526 5498/7209/1526
f 5498/7209/1526 5502/12292/1526 5474/7210/1526
f 5474/7210/1526 5482/7184/1526 5490/7208/1526
f 5501/7211/1515 5503/7213/1515 5504/7212/1515
f 5503/7213/1732 5473/7173/1732 5474/7175/1732
f 5475/7216/2110 5473/12294/2110 5503/12295/2110
f 5503/12295/1523 5501/12296/1523 5499/12282/1523
f 5499/12282/1523 5497/7202/1523 5495/12297/1523
f 5495/12297/2111 5493/12298/2111 5491/7214/2111
f 5491/7214/1523 5489/12299/1523 5487/12300/1523
f 5487/12300/1523 5485/12301/1523 5483/7215/1523
f 5483/7215/2111 5481/12302/2111 5479/12303/2111
f 5479/12303/2111 5477/12304/2111 5475/7216/2111
f 5475/7216/1523 5503/12295/1523 5499/12282/1523
f 5499/12282/1523 5495/12297/1523 5491/7214/1523
f 5491/7214/1523 5487/12300/1523 5483/7215/1523
f 5483/7215/1523 5479/12303/1523 5475/7216/1523
f 5475/7216/1523 5499/12282/1523 5491/7214/1523
f 5505/7217/1535 5507/7220/1535 5508/7218/1535
f 5507/7220/1536 5509/12305/1536 5510/7221/1536
f 5509/7222/1537 5511/7225/1537 5512/7223/1537
f 5511/7225/1538 5513/7227/1538 5514/7226/1538
f 5513/7227/1539 5515/7230/1539 5516/7228/1539
f 5517/7229/1733 5518/7232/1733 5516/7228/1733
f 5519/7231/1542 5520/12306/1542 5518/7232/1542
f 5521/7233/1543 5522/7237/1543 5520/7234/1543
f 5523/7236/1527 5524/7239/1527 5522/7237/1527
f 5525/7238/1528 5526/12307/1528 5524/7239/1528
f 5527/7240/1529 5528/7244/1529 5526/7241/1529
f 5529/7243/1530 5530/7246/1530 5528/7244/1530
f 5531/7245/1531 5532/7248/1531 5530/7246/1531
f 5531/7245/2306 5533/7252/2306 5534/7247/2306
f 5506/7251/1544 5508/12308/1544 5510/12309/1544
f 5510/12309/2116 5512/12310/2116 5514/12311/2116
f 5514/12311/2116 5516/12312/2116 5518/12313/2116
f 5518/12313/1544 5520/12314/1544 5522/7249/1544
f 5522/7249/2116 5524/12315/2116 5526/12316/2116
f 5526/12316/1544 5528/12317/1544 5530/7250/1544
f 5530/7250/2116 5532/12318/2116 5534/12319/2116
f 5534/12319/2116 5536/12320/2116 5506/7251/2116
f 5506/7251/2116 5510/12309/2116 5514/12311/2116
f 5514/12311/2116 5518/12313/2116 5522/7249/2116
f 5522/7249/2116 5526/12316/2116 5530/7250/2116
f 5530/7250/2116 5534/12319/2116 5506/7251/2116
f 5506/7251/1544 5514/12311/1544 5522/7249/1544
f 5533/7252/1533 5535/12321/1533 5536/7253/1533
f 5535/7254/1534 5505/7217/1534 5506/7219/1534
f 5507/7258/1734 5505/12322/1734 5535/12323/1734
f 5535/12323/1734 5533/12324/1734 5531/12325/1734
f 5531/12325/1541 5529/12326/1541 5527/12327/1541
f 5527/12327/1541 5525/12328/1541 5523/7256/1541
f 5523/7256/1734 5521/12329/1734 5519/12330/1734
f 5519/12330/1734 5517/12331/1734 5515/7257/1734
f 5515/7257/1541 5513/12332/1541 5511/12333/1541
f 5511/12333/1734 5509/12334/1734 5507/7258/1734
f 5507/7258/1734 5535/12323/1734 5531/12325/1734
f 5531/12325/1541 5527/12327/1541 5523/7256/1541
f 5523/7256/1541 5519/12330/1541 5515/7257/1541
f 5515/7257/1734 5511/12333/1734 5507/7258/1734
f 5507/7258/1541 5531/12325/1541 5523/7256/1541
s 1
f 5537/7259/1561 5539/12335/1563 5540/7260/1562
f 5539/7262/1563 5541/7265/1565 5542/7263/1735
f 5541/7265/1565 5543/7267/1737 5544/7266/1736
f 5543/7267/1737 5545/7269/1569 5546/7268/1568
f 5545/7269/1569 5547/12336/1739 5548/7270/1738
f 5547/7271/1739 5549/7274/1741 5550/7272/1740
f 5549/7274/1741 5551/7277/1743 5552/7275/1574
f 5553/7276/1742 5554/7279/1545 5552/7275/1574
f 5555/7278/1546 5556/12337/1745 5554/7279/1545
f 5557/7280/1744 5558/7284/1747 5556/7281/1745
f 5559/7283/1746 5560/7286/1551 5558/7284/1747
f 5561/7285/1552 5562/7288/1553 5560/7286/1551
f 5563/7287/1554 5564/12338/1749 5562/7288/1553
f 5565/7289/1748 5566/7296/1557 5564/7290/1749
f 5538/7294/1560 5540/12339/1562 5542/12340/1735
f 5542/12340/1735 5544/12341/1736 5546/12342/1568
f 5546/12342/1568 5548/12343/1738 5550/12344/1740
f 5550/12344/1740 5552/12345/1574 5554/7292/1545
f 5554/7292/1545 5556/12346/1745 5558/12347/1747
f 5558/12347/1747 5560/12348/1551 5562/7293/1553
f 5562/7293/1553 5564/12349/1749 5566/12350/1557
f 5566/12350/1557 5568/12351/1559 5538/7294/1560
f 5538/7294/1560 5542/12340/1735 5546/12342/1568
f 5546/12342/1568 5550/12344/1740 5554/7292/1545
f 5554/7292/1545 5558/12347/1747 5562/7293/1553
f 5562/7293/1553 5566/12350/1557 5538/7294/1560
f 5538/7294/1560 5546/12342/1568 5554/7292/1545
f 5567/7295/1558 5568/7297/1559 5566/7296/1557
f 5567/7295/1558 5537/7259/1561 5538/7261/1560
f 5539/7300/1563 5537/12352/1561 5567/12353/1558
f 5567/12353/1558 5565/12354/1748 5563/12355/1554
f 5563/12355/1554 5561/12356/1552 5559/12357/1746
f 5559/12357/1746 5557/12358/1744 5555/7298/1546
f 5555/7298/1546 5553/12359/1742 5551/12360/1743
f 5551/12360/1743 5549/12361/1741 5547/7299/1739
f 5547/7299/1739 5545/12362/1569 5543/12363/1737
f 5543/12363/1737 5541/12364/1565 5539/7300/1563
f 5539/7300/1563 5567/12353/1558 5563/12355/1554
f 5563/12355/1554 5559/12357/1746 5555/7298/1546
f 5555/7298/1546 5551/12360/1743 5547/7299/1739
f 5547/7299/1739 5543/12363/1737 5539/7300/1563
f 5539/7300/1563 5563/12355/1554 5555/7298/1546
