# Blender 5.1.0
# www.blender.org
mtllib 00ff66_fractal.mtl
o 00ff66_fractal
v 0.000000 0.015131 -0.005009
v 0.000000 0.015131 -0.002991
v 0.002952 0.014840 -0.005009
v 0.002952 0.014840 -0.002991
v 0.005790 0.013979 -0.005009
v 0.005790 0.013979 -0.002991
v 0.008406 0.012581 -0.005009
v 0.008406 0.012581 -0.002991
v 0.010699 0.010699 -0.005009
v 0.010699 0.010699 -0.002991
v 0.012581 0.008406 -0.005009
v 0.012581 0.008406 -0.002991
v 0.013979 0.005790 -0.005009
v 0.013979 0.005790 -0.002991
v 0.014840 0.002952 -0.005009
v 0.014840 0.002952 -0.002991
v 0.015131 0.000000 -0.005009
v 0.015131 0.000000 -0.002991
v 0.014840 -0.002952 -0.005009
v 0.014840 -0.002952 -0.002991
v 0.013979 -0.005790 -0.005009
v 0.013979 -0.005790 -0.002991
v 0.012581 -0.008406 -0.005009
v 0.012581 -0.008406 -0.002991
v 0.010699 -0.010699 -0.005009
v 0.010699 -0.010699 -0.002991
v 0.008406 -0.012581 -0.005009
v 0.008406 -0.012581 -0.002991
v 0.005790 -0.013979 -0.005009
v 0.005790 -0.013979 -0.002991
v 0.002952 -0.014840 -0.005009
v 0.002952 -0.014840 -0.002991
v 0.000000 -0.015131 -0.005009
v 0.000000 -0.015131 -0.002991
v -0.002952 -0.014840 -0.005009
v -0.002952 -0.014840 -0.002991
v -0.005790 -0.013979 -0.005009
v -0.005790 -0.013979 -0.002991
v -0.008406 -0.012581 -0.005009
v -0.008406 -0.012581 -0.002991
v -0.010699 -0.010699 -0.005009
v -0.010699 -0.010699 -0.002991
v -0.012581 -0.008406 -0.005009
v -0.012581 -0.008406 -0.002991
v -0.013979 -0.005790 -0.005009
v -0.013979 -0.005790 -0.002991
v -0.014840 -0.002952 -0.005009
v -0.014840 -0.002952 -0.002991
v -0.015131 0.000000 -0.005009
v -0.015131 0.000000 -0.002991
v -0.014840 0.002952 -0.005009
v -0.014840 0.002952 -0.002991
v -0.013979 0.005790 -0.005009
v -0.013979 0.005790 -0.002991
v -0.012581 0.008406 -0.005009
v -0.012581 0.008406 -0.002991
v -0.010699 0.010699 -0.005009
v -0.010699 0.010699 -0.002991
v -0.008406 0.012581 -0.005009
v -0.008406 0.012581 -0.002991
v -0.005790 0.013979 -0.005009
v -0.005790 0.013979 -0.002991
v -0.002952 0.014840 -0.005009
v -0.002952 0.014840 -0.002991
v 0.000000 0.006305 -0.002991
v 0.000000 0.006305 0.022227
v 0.002413 0.005825 -0.002991
v 0.002413 0.005825 0.022227
v 0.004458 0.004458 -0.002991
v 0.004458 0.004458 0.022227
v 0.005825 0.002413 -0.002991
v 0.005825 0.002413 0.022227
v 0.006305 0.000000 -0.002991
v 0.006305 0.000000 0.022227
v 0.005825 -0.002413 -0.002991
v 0.005825 -0.002413 0.022227
v 0.004458 -0.004458 -0.002991
v 0.004458 -0.004458 0.022227
v 0.002413 -0.005825 -0.002991
v 0.002413 -0.005825 0.022227
v 0.000000 -0.006305 -0.002991
v 0.000000 -0.006305 0.022227
v -0.002413 -0.005825 -0.002991
v -0.002413 -0.005825 0.022227
v -0.004458 -0.004458 -0.002991
v -0.004458 -0.004458 0.022227
v -0.005825 -0.002413 -0.002991
v -0.005825 -0.002413 0.022227
v -0.006305 0.000000 -0.002991
v -0.006305 0.000000 0.022227
v -0.005825 0.002413 -0.002991
v -0.005825 0.002413 0.022227
v -0.004458 0.004458 -0.002991
v -0.004458 0.004458 0.022227
v -0.002413 0.005825 -0.002991
v -0.002413 0.005825 0.022227
v 0.000000 0.004098 0.022227
v 0.020829 0.004098 0.051975
v 0.001285 0.003786 0.021328
v 0.022114 0.003786 0.051075
v 0.002374 0.002898 0.020565
v 0.023203 0.002898 0.050313
v 0.003101 0.001568 0.020056
v 0.023931 0.001568 0.049803
v 0.003357 0.000000 0.019877
v 0.024186 0.000000 0.049624
v 0.003101 -0.001568 0.020056
v 0.023931 -0.001568 0.049803
v 0.002374 -0.002898 0.020565
v 0.023203 -0.002898 0.050313
v 0.001285 -0.003786 0.021328
v 0.022114 -0.003786 0.051075
v 0.000000 -0.004098 0.022227
v 0.020829 -0.004098 0.051975
v -0.001285 -0.003786 0.023127
v 0.019545 -0.003786 0.052874
v -0.002374 -0.002898 0.023890
v 0.018456 -0.002898 0.053637
v -0.003101 -0.001568 0.024399
v 0.017728 -0.001568 0.054147
v -0.003357 0.000000 0.024578
v 0.017472 0.000000 0.054325
v -0.003101 0.001568 0.024399
v 0.017728 0.001568 0.054147
v -0.002374 0.002898 0.023890
v 0.018456 0.002898 0.053637
v -0.001285 0.003786 0.023127
v 0.019545 0.003786 0.052874
v 0.020840 0.002599 0.052560
v 0.021775 -0.003140 0.078052
v 0.021858 0.002405 0.052479
v 0.022793 -0.003334 0.077971
v 0.022719 0.001845 0.052321
v 0.023654 -0.003894 0.077813
v 0.023293 0.001004 0.052111
v 0.024228 -0.004735 0.077603
v 0.023491 0.000011 0.051880
v 0.024427 -0.005729 0.077372
v 0.023285 -0.000985 0.051663
v 0.024220 -0.006724 0.077155
v 0.022704 -0.001830 0.051494
v 0.023639 -0.007569 0.076986
v 0.021838 -0.002397 0.051398
v 0.022773 -0.008136 0.076890
v 0.020819 -0.002599 0.051390
v 0.021754 -0.008338 0.076882
v 0.019801 -0.002405 0.051471
v 0.020736 -0.008144 0.076963
v 0.018940 -0.001845 0.051629
v 0.019875 -0.007584 0.077121
v 0.018366 -0.001004 0.051839
v 0.019301 -0.006743 0.077331
v 0.018167 -0.000011 0.052070
v 0.019103 -0.005750 0.077562
v 0.018374 0.000985 0.052287
v 0.019309 -0.004754 0.077779
v 0.018955 0.001830 0.052456
v 0.019890 -0.003909 0.077948
v 0.019820 0.002397 0.052552
v 0.020756 -0.003342 0.078044
v 0.021822 -0.004027 0.077215
v 0.013641 -0.001293 0.093948
v 0.022414 -0.004135 0.077523
v 0.014233 -0.001401 0.094255
v 0.022907 -0.004488 0.077821
v 0.014726 -0.001753 0.094554
v 0.023226 -0.005031 0.078066
v 0.015045 -0.002296 0.094799
v 0.023323 -0.005681 0.078219
v 0.015141 -0.002947 0.094952
v 0.023182 -0.006341 0.078258
v 0.015001 -0.003606 0.094991
v 0.022825 -0.006909 0.078177
v 0.014644 -0.004174 0.094910
v 0.022307 -0.007299 0.077987
v 0.014126 -0.004564 0.094720
v 0.021707 -0.007451 0.077718
v 0.013525 -0.004717 0.094451
v 0.021115 -0.007343 0.077411
v 0.012933 -0.004609 0.094144
v 0.020622 -0.006991 0.077113
v 0.012440 -0.004256 0.093846
v 0.020303 -0.006448 0.076868
v 0.012121 -0.003713 0.093601
v 0.020206 -0.005797 0.076714
v 0.012025 -0.003063 0.093447
v 0.020347 -0.005137 0.076675
v 0.012165 -0.002403 0.093408
v 0.020704 -0.004569 0.076757
v 0.012522 -0.001835 0.093490
v 0.021222 -0.004180 0.076947
v 0.013040 -0.001445 0.093680
v 0.021672 -0.004077 0.076990
v 0.028562 0.001113 0.093722
v 0.022295 -0.004239 0.076783
v 0.029185 0.000951 0.093516
v 0.022837 -0.004630 0.076681
v 0.029727 0.000561 0.093414
v 0.023215 -0.005189 0.076699
v 0.030106 0.000002 0.093432
v 0.023373 -0.005832 0.076833
v 0.030263 -0.000641 0.093566
v 0.023286 -0.006461 0.077064
v 0.030176 -0.001270 0.093797
v 0.022967 -0.006980 0.077356
v 0.029858 -0.001789 0.094089
v 0.022466 -0.007310 0.077665
v 0.029356 -0.002120 0.094398
v 0.021857 -0.007401 0.077944
v 0.028747 -0.002211 0.094677
v 0.021234 -0.007239 0.078150
v 0.028125 -0.002049 0.094883
v 0.020692 -0.006849 0.078253
v 0.027583 -0.001659 0.094985
v 0.020314 -0.006290 0.078235
v 0.027204 -0.001099 0.094968
v 0.020156 -0.005647 0.078101
v 0.027046 -0.000456 0.094834
v 0.020243 -0.005018 0.077870
v 0.027133 0.000172 0.094603
v 0.020562 -0.004499 0.077577
v 0.027452 0.000691 0.094310
v 0.021063 -0.004169 0.077268
v 0.027954 0.001022 0.094001
v 0.022017 -0.004266 0.078341
v 0.031301 -0.013770 0.091678
v 0.022566 -0.004282 0.077948
v 0.031851 -0.013786 0.091285
v 0.022993 -0.004519 0.077481
v 0.032278 -0.014023 0.090818
v 0.023233 -0.004942 0.077012
v 0.032518 -0.014447 0.090349
v 0.023249 -0.005487 0.076613
v 0.032534 -0.014991 0.089950
v 0.023040 -0.006070 0.076343
v 0.032324 -0.015574 0.089680
v 0.022636 -0.006602 0.076245
v 0.031921 -0.016107 0.089582
v 0.022100 -0.007004 0.076333
v 0.031384 -0.016508 0.089669
v 0.021512 -0.007212 0.076593
v 0.030797 -0.016716 0.089930
v 0.020963 -0.007197 0.076986
v 0.030248 -0.016701 0.090323
v 0.020536 -0.006959 0.077453
v 0.029821 -0.016463 0.090789
v 0.020296 -0.006536 0.077921
v 0.029581 -0.016040 0.091258
v 0.020280 -0.005992 0.078321
v 0.029564 -0.015496 0.091658
v 0.020489 -0.005409 0.078590
v 0.029774 -0.014913 0.091927
v 0.020893 -0.004876 0.078689
v 0.030178 -0.014380 0.092026
v 0.021429 -0.004475 0.078601
v 0.030714 -0.013979 0.091938
v 0.021567 -0.004417 0.078567
v 0.015779 -0.016377 0.091904
v 0.022208 -0.004593 0.078687
v 0.016420 -0.016553 0.092024
v 0.022781 -0.004944 0.078621
v 0.016994 -0.016904 0.091958
v 0.023200 -0.005416 0.078380
v 0.017413 -0.017376 0.091716
v 0.023400 -0.005937 0.077999
v 0.017613 -0.017897 0.091336
v 0.023351 -0.006428 0.077538
v 0.017564 -0.018388 0.090875
v 0.023061 -0.006814 0.077065
v 0.017274 -0.018774 0.090402
v 0.022573 -0.007037 0.076654
v 0.016786 -0.018997 0.089991
v 0.021962 -0.007062 0.076367
v 0.016175 -0.019022 0.089704
v 0.021321 -0.006885 0.076247
v 0.015534 -0.018845 0.089584
v 0.020748 -0.006534 0.076313
v 0.014961 -0.018494 0.089650
v 0.020329 -0.006062 0.076554
v 0.014542 -0.018022 0.089891
v 0.020129 -0.005541 0.076935
v 0.014342 -0.017501 0.090271
v 0.020178 -0.005050 0.077396
v 0.014390 -0.017010 0.090733
v 0.020468 -0.004664 0.077868
v 0.014681 -0.016624 0.091205
v 0.020956 -0.004442 0.078279
v 0.015168 -0.016402 0.091616
v 0.020602 0.002247 0.050563
v 0.028185 0.016103 0.071400
v 0.021591 0.001989 0.050375
v 0.029174 0.015845 0.071212
v 0.022464 0.001428 0.050430
v 0.030047 0.015284 0.071267
v 0.023088 0.000650 0.050721
v 0.030672 0.014505 0.071558
v 0.023368 -0.000228 0.051202
v 0.030952 0.013628 0.072039
v 0.023262 -0.001071 0.051801
v 0.030846 0.012785 0.072638
v 0.022786 -0.001750 0.052427
v 0.030370 0.012105 0.073263
v 0.022012 -0.002164 0.052983
v 0.029595 0.011692 0.073820
v 0.021057 -0.002247 0.053386
v 0.028641 0.011608 0.074223
v 0.020068 -0.001989 0.053575
v 0.027652 0.011866 0.074411
v 0.019195 -0.001428 0.053519
v 0.026779 0.012427 0.074356
v 0.018571 -0.000650 0.053229
v 0.026155 0.013206 0.074065
v 0.018290 0.000228 0.052748
v 0.025874 0.014083 0.073584
v 0.018396 0.001071 0.052149
v 0.025980 0.014926 0.072985
v 0.018873 0.001750 0.051523
v 0.026457 0.015606 0.072360
v 0.019647 0.002164 0.050966
v 0.027231 0.016019 0.071803
v 0.028431 0.015585 0.072888
v 0.036680 0.014754 0.089790
v 0.029025 0.015460 0.072592
v 0.037274 0.014629 0.089494
v 0.029526 0.015091 0.072329
v 0.037775 0.014260 0.089231
v 0.029858 0.014534 0.072140
v 0.038107 0.013702 0.089042
v 0.029969 0.013873 0.072053
v 0.038218 0.013042 0.088955
v 0.029844 0.013210 0.072081
v 0.038093 0.012378 0.088983
v 0.029501 0.012645 0.072221
v 0.037750 0.011814 0.089123
v 0.028992 0.012264 0.072451
v 0.037241 0.011433 0.089352
v 0.028395 0.012126 0.072735
v 0.036645 0.011294 0.089637
v 0.027801 0.012251 0.073031
v 0.036050 0.011419 0.089933
v 0.027300 0.012620 0.073294
v 0.035549 0.011789 0.090196
v 0.026969 0.013177 0.073483
v 0.035218 0.012346 0.090385
v 0.026857 0.013838 0.073570
v 0.035106 0.013006 0.090472
v 0.026982 0.014501 0.073542
v 0.035231 0.013670 0.090443
v 0.027325 0.015066 0.073402
v 0.035574 0.014235 0.090304
v 0.027834 0.015447 0.073172
v 0.036083 0.014615 0.090074
v 0.028499 0.015478 0.072214
v 0.023353 0.021979 0.089115
v 0.029129 0.015388 0.072440
v 0.023983 0.021888 0.089342
v 0.029650 0.015064 0.072723
v 0.024504 0.021564 0.089625
v 0.029983 0.014556 0.073020
v 0.024836 0.021056 0.089922
v 0.030076 0.013942 0.073285
v 0.024930 0.020442 0.090187
v 0.029917 0.013314 0.073478
v 0.024770 0.019815 0.090379
v 0.029528 0.012769 0.073569
v 0.024382 0.019269 0.090471
v 0.028970 0.012389 0.073545
v 0.023824 0.018890 0.090447
v 0.028327 0.012233 0.073409
v 0.023181 0.018733 0.090311
v 0.027697 0.012323 0.073183
v 0.022551 0.018824 0.090084
v 0.027176 0.012647 0.072900
v 0.022030 0.019148 0.089801
v 0.026844 0.013155 0.072603
v 0.021697 0.019655 0.089505
v 0.026750 0.013769 0.072338
v 0.021604 0.020270 0.089240
v 0.026909 0.014397 0.072145
v 0.021763 0.020897 0.089047
v 0.027298 0.014942 0.072054
v 0.022152 0.021442 0.088956
v 0.027856 0.015322 0.072078
v 0.022710 0.021822 0.088980
v 0.028372 0.014563 0.071232
v 0.029068 0.031739 0.078909
v 0.029037 0.014494 0.071328
v 0.029733 0.031669 0.079004
v 0.029607 0.014327 0.071649
v 0.030303 0.031502 0.079326
v 0.029995 0.014088 0.072148
v 0.030692 0.031263 0.079825
v 0.030143 0.013814 0.072747
v 0.030839 0.030989 0.080424
v 0.030027 0.013546 0.073357
v 0.030724 0.030722 0.081034
v 0.029666 0.013326 0.073883
v 0.030362 0.030501 0.081560
v 0.029113 0.013186 0.074246
v 0.029810 0.030361 0.081923
v 0.028455 0.013148 0.074391
v 0.029151 0.030323 0.082068
v 0.027790 0.013218 0.074295
v 0.028486 0.030393 0.081972
v 0.027219 0.013384 0.073974
v 0.027916 0.030560 0.081650
v 0.026831 0.013623 0.073475
v 0.027527 0.030798 0.081152
v 0.026683 0.013897 0.072876
v 0.027380 0.031072 0.080552
v 0.026799 0.014165 0.072266
v 0.027496 0.031340 0.079943
v 0.027161 0.014385 0.071740
v 0.027857 0.031561 0.079417
v 0.027713 0.014525 0.071377
v 0.028409 0.031701 0.079053
v 0.027932 0.015251 0.071906
v 0.042024 0.025094 0.079583
v 0.028367 0.014960 0.071479
v 0.042459 0.024804 0.079156
v 0.028810 0.014502 0.071255
v 0.042902 0.024345 0.078932
v 0.029192 0.013945 0.071268
v 0.043284 0.023788 0.078944
v 0.029455 0.013374 0.071515
v 0.043547 0.023218 0.079192
v 0.029560 0.012877 0.071961
v 0.043652 0.022720 0.079637
v 0.029490 0.012529 0.072535
v 0.043582 0.022372 0.080212
v 0.029257 0.012382 0.073152
v 0.043349 0.022226 0.080829
v 0.028894 0.012460 0.073717
v 0.042986 0.022304 0.081394
v 0.028459 0.012751 0.074144
v 0.042551 0.022594 0.081821
v 0.028016 0.013209 0.074368
v 0.042108 0.023053 0.082045
v 0.027634 0.013766 0.074355
v 0.041726 0.023610 0.082032
v 0.027371 0.014337 0.074108
v 0.041463 0.024180 0.081784
v 0.027266 0.014834 0.073662
v 0.041358 0.024678 0.081339
v 0.027336 0.015182 0.073088
v 0.041428 0.025026 0.080765
v 0.027570 0.015329 0.072471
v 0.041661 0.025172 0.080148
v 0.020443 0.002570 0.051390
v 0.044078 0.008309 0.060988
v 0.020882 0.002226 0.050513
v 0.044517 0.007965 0.060111
v 0.021314 0.001544 0.049859
v 0.044949 0.007283 0.059456
v 0.021672 0.000626 0.049527
v 0.045306 0.006365 0.059124
v 0.021901 -0.000387 0.049567
v 0.045536 0.005353 0.059165
v 0.021967 -0.001341 0.049974
v 0.045602 0.004399 0.059572
v 0.021861 -0.002091 0.050686
v 0.045495 0.003649 0.060283
v 0.021597 -0.002522 0.051594
v 0.045231 0.003217 0.061191
v 0.021216 -0.002570 0.052560
v 0.044851 0.003169 0.062157
v 0.020776 -0.002226 0.053437
v 0.044411 0.003513 0.063034
v 0.020345 -0.001544 0.054091
v 0.043980 0.004195 0.063688
v 0.019987 -0.000626 0.054423
v 0.043622 0.005113 0.064021
v 0.019758 0.000387 0.054383
v 0.043393 0.006126 0.063980
v 0.019691 0.001341 0.053976
v 0.043326 0.007080 0.063573
v 0.019798 0.002091 0.053264
v 0.043433 0.007830 0.062862
v 0.020062 0.002522 0.052356
v 0.043697 0.008261 0.061954
v 0.044642 0.007406 0.062004
v 0.057660 0.002710 0.074767
v 0.045102 0.007348 0.061513
v 0.058120 0.002651 0.074276
v 0.045465 0.007044 0.061031
v 0.058483 0.002348 0.073794
v 0.045676 0.006542 0.060632
v 0.058694 0.001845 0.073394
v 0.045702 0.005917 0.060375
v 0.058720 0.001221 0.073138
v 0.045540 0.005266 0.060301
v 0.058558 0.000569 0.073064
v 0.045214 0.004686 0.060420
v 0.058231 -0.000010 0.073183
v 0.044774 0.004267 0.060715
v 0.057791 -0.000429 0.073478
v 0.044286 0.004072 0.061141
v 0.057304 -0.000624 0.073903
v 0.043826 0.004131 0.061632
v 0.056844 -0.000565 0.074394
v 0.043463 0.004434 0.062114
v 0.056481 -0.000262 0.074876
v 0.043252 0.004937 0.062513
v 0.056270 0.000241 0.075276
v 0.043226 0.005561 0.062770
v 0.056244 0.000865 0.075533
v 0.043388 0.006213 0.062844
v 0.056406 0.001517 0.075607
v 0.043715 0.006792 0.062724
v 0.056732 0.002096 0.075487
v 0.044155 0.007211 0.062430
v 0.057173 0.002515 0.075192
v 0.044186 0.007171 0.060640
v 0.053600 0.017314 0.073402
v 0.044771 0.006956 0.060379
v 0.054185 0.017099 0.073142
v 0.045309 0.006555 0.060301
v 0.054724 0.016698 0.073063
v 0.045719 0.006030 0.060415
v 0.055133 0.016174 0.073178
v 0.045938 0.005461 0.060707
v 0.055352 0.015604 0.073469
v 0.045932 0.004934 0.061129
v 0.055346 0.015078 0.073892
v 0.045703 0.004530 0.061620
v 0.055117 0.014673 0.074383
v 0.045285 0.004310 0.062103
v 0.054699 0.014453 0.074866
v 0.044742 0.004307 0.062505
v 0.054157 0.014451 0.075268
v 0.044157 0.004523 0.062766
v 0.053572 0.014666 0.075528
v 0.043619 0.004923 0.062844
v 0.053033 0.015067 0.075607
v 0.043209 0.005448 0.062729
v 0.052624 0.015591 0.075492
v 0.042991 0.006017 0.062438
v 0.052405 0.016160 0.075201
v 0.042997 0.006544 0.062015
v 0.052411 0.016687 0.074778
v 0.043226 0.006948 0.061525
v 0.052640 0.017091 0.074288
v 0.043643 0.007168 0.061042
v 0.053058 0.017312 0.073805
v 0.043563 0.006775 0.060518
v 0.058424 0.018241 0.059076
v 0.043847 0.006351 0.060075
v 0.058708 0.017817 0.058633
v 0.044225 0.005834 0.059860
v 0.059086 0.017300 0.058418
v 0.044639 0.005303 0.059906
v 0.059501 0.016769 0.058464
v 0.045027 0.004838 0.060206
v 0.059888 0.016304 0.058764
v 0.045329 0.004510 0.060713
v 0.060191 0.015976 0.059271
v 0.045500 0.004369 0.061352
v 0.060361 0.015835 0.059910
v 0.045512 0.004437 0.062024
v 0.060374 0.015903 0.060582
v 0.045366 0.004703 0.062627
v 0.060227 0.016169 0.061185
v 0.045082 0.005127 0.063070
v 0.059943 0.016593 0.061628
v 0.044704 0.005644 0.063285
v 0.059565 0.017110 0.061843
v 0.044289 0.006176 0.063239
v 0.059150 0.017642 0.061797
v 0.043901 0.006641 0.062939
v 0.058763 0.018107 0.061497
v 0.043599 0.006968 0.062432
v 0.058460 0.018434 0.060990
v 0.043429 0.007109 0.061793
v 0.058290 0.018575 0.060351
v 0.043416 0.007041 0.061121
v 0.058277 0.018507 0.059679
v 0.044794 0.007410 0.061883
v 0.063258 0.004037 0.060441
v 0.044741 0.007409 0.061209
v 0.063206 0.004036 0.059767
v 0.044646 0.007154 0.060591
v 0.063111 0.003780 0.059149
v 0.044523 0.006683 0.060122
v 0.062988 0.003310 0.058680
v 0.044392 0.006069 0.059874
v 0.062857 0.002695 0.058432
v 0.044271 0.005404 0.059885
v 0.062736 0.002031 0.058443
v 0.044180 0.004790 0.060152
v 0.062645 0.001417 0.058710
v 0.044132 0.004321 0.060636
v 0.062597 0.000948 0.059194
v 0.044135 0.004068 0.061262
v 0.062599 0.000694 0.059820
v 0.044187 0.004069 0.061936
v 0.062652 0.000696 0.060494
v 0.044282 0.004324 0.062554
v 0.062747 0.000951 0.061112
v 0.044405 0.004795 0.063023
v 0.062870 0.001422 0.061581
v 0.044537 0.005410 0.063271
v 0.063001 0.002036 0.061829
v 0.044657 0.006074 0.063260
v 0.063122 0.002701 0.061818
v 0.044748 0.006688 0.062993
v 0.063213 0.003314 0.061551
v 0.044796 0.007157 0.062509
v 0.063261 0.003784 0.061067
v 0.021423 0.002180 0.053386
v 0.038409 -0.011676 0.067639
v 0.022119 0.002241 0.052617
v 0.039105 -0.011615 0.066870
v 0.022618 0.001961 0.051749
v 0.039604 -0.011895 0.066002
v 0.022845 0.001382 0.050916
v 0.039831 -0.012473 0.065169
v 0.022766 0.000593 0.050244
v 0.039752 -0.013262 0.064497
v 0.022391 -0.000286 0.049836
v 0.039377 -0.014141 0.064089
v 0.021779 -0.001122 0.049753
v 0.038765 -0.014977 0.064006
v 0.021022 -0.001787 0.050009
v 0.038008 -0.015642 0.064261
v 0.020236 -0.002180 0.050563
v 0.037222 -0.016035 0.064816
v 0.019540 -0.002241 0.051333
v 0.036526 -0.016096 0.065586
v 0.019041 -0.001961 0.052200
v 0.036027 -0.015816 0.066453
v 0.018814 -0.001382 0.053034
v 0.035800 -0.015238 0.067286
v 0.018893 -0.000593 0.053705
v 0.035879 -0.014449 0.067958
v 0.019268 0.000286 0.054114
v 0.036254 -0.013570 0.068367
v 0.019880 0.001122 0.054197
v 0.036866 -0.012734 0.068450
v 0.020637 0.001787 0.053941
v 0.037623 -0.012069 0.068194
v 0.037877 -0.012483 0.067282
v 0.039844 -0.023941 0.082089
v 0.038531 -0.012564 0.067132
v 0.040498 -0.024022 0.081940
v 0.039076 -0.012842 0.066845
v 0.041043 -0.024299 0.081652
v 0.039429 -0.013273 0.066464
v 0.041396 -0.024731 0.081271
v 0.039536 -0.013794 0.066047
v 0.041503 -0.025252 0.080854
v 0.039382 -0.014324 0.065657
v 0.041349 -0.025782 0.080465
v 0.038989 -0.014782 0.065355
v 0.040956 -0.026240 0.080162
v 0.038417 -0.015100 0.065185
v 0.040384 -0.026558 0.079992
v 0.037754 -0.015228 0.065174
v 0.039721 -0.026686 0.079981
v 0.037100 -0.015147 0.065323
v 0.039067 -0.026605 0.080131
v 0.036555 -0.014870 0.065611
v 0.038522 -0.026327 0.080418
v 0.036202 -0.014438 0.065992
v 0.038169 -0.025895 0.080799
v 0.036095 -0.013917 0.066409
v 0.038062 -0.025375 0.081216
v 0.036249 -0.013387 0.066798
v 0.038216 -0.024845 0.081606
v 0.036642 -0.012929 0.067101
v 0.038609 -0.024386 0.081908
v 0.037214 -0.012611 0.067271
v 0.039181 -0.024069 0.082078
v 0.037804 -0.012125 0.066193
v 0.049423 -0.011749 0.081001
v 0.038326 -0.012261 0.065787
v 0.049945 -0.011885 0.080594
v 0.038770 -0.012640 0.065448
v 0.050390 -0.012264 0.080255
v 0.039070 -0.013204 0.065227
v 0.050689 -0.012829 0.080035
v 0.039178 -0.013868 0.065159
v 0.050797 -0.013492 0.079967
v 0.039079 -0.014529 0.065254
v 0.050698 -0.014154 0.080061
v 0.038787 -0.015088 0.065497
v 0.050407 -0.014713 0.080304
v 0.038348 -0.015459 0.065851
v 0.049967 -0.015084 0.080658
v 0.037828 -0.015587 0.066262
v 0.049447 -0.015211 0.081070
v 0.037305 -0.015450 0.066669
v 0.048925 -0.015075 0.081476
v 0.036861 -0.015071 0.067008
v 0.048480 -0.014696 0.081815
v 0.036562 -0.014507 0.067228
v 0.048181 -0.014131 0.082036
v 0.036453 -0.013844 0.067296
v 0.048073 -0.013468 0.082104
v 0.036552 -0.013182 0.067202
v 0.048172 -0.012807 0.082009
v 0.036844 -0.012623 0.066959
v 0.048463 -0.012248 0.081766
v 0.037283 -0.012252 0.066605
v 0.048903 -0.011876 0.081412
v 0.038205 -0.012230 0.066677
v 0.056275 -0.017116 0.068682
v 0.038287 -0.012204 0.066007
v 0.056356 -0.017090 0.068012
v 0.038296 -0.012430 0.065370
v 0.056366 -0.017316 0.067375
v 0.038233 -0.012873 0.064864
v 0.056302 -0.017759 0.066869
v 0.038105 -0.013466 0.064566
v 0.056175 -0.018352 0.066571
v 0.037934 -0.014118 0.064520
v 0.056004 -0.019004 0.066525
v 0.037745 -0.014730 0.064735
v 0.055815 -0.019616 0.066740
v 0.037566 -0.015209 0.065177
v 0.055636 -0.020095 0.067182
v 0.037426 -0.015482 0.065778
v 0.055495 -0.020368 0.067783
v 0.037345 -0.015507 0.066449
v 0.055414 -0.020393 0.068454
v 0.037335 -0.015281 0.067085
v 0.055405 -0.020167 0.069090
v 0.037399 -0.014838 0.067591
v 0.055468 -0.019724 0.069596
v 0.037526 -0.014245 0.067890
v 0.055595 -0.019131 0.069895
v 0.037697 -0.013593 0.067935
v 0.055767 -0.018480 0.069940
v 0.037886 -0.012981 0.067721
v 0.055956 -0.017867 0.069726
v 0.038065 -0.012503 0.067279
v 0.056134 -0.017389 0.069284
v 0.038437 -0.013358 0.067766
v 0.046854 -0.030078 0.069771
v 0.038933 -0.013158 0.067352
v 0.047350 -0.029878 0.069357
v 0.039258 -0.013065 0.066768
v 0.047675 -0.029784 0.068773
v 0.039364 -0.013091 0.066101
v 0.047781 -0.029810 0.068106
v 0.039234 -0.013234 0.065454
v 0.047652 -0.029953 0.067459
v 0.038888 -0.013472 0.064924
v 0.047306 -0.030191 0.066929
v 0.038379 -0.013768 0.064593
v 0.046797 -0.030487 0.066598
v 0.037784 -0.014077 0.064511
v 0.046202 -0.030796 0.066516
v 0.037194 -0.014353 0.064690
v 0.045612 -0.031072 0.066695
v 0.036699 -0.014553 0.065103
v 0.045116 -0.031272 0.067108
v 0.036373 -0.014647 0.065688
v 0.044790 -0.031366 0.067693
v 0.036267 -0.014620 0.066355
v 0.044685 -0.031339 0.068360
v 0.036397 -0.014477 0.067002
v 0.044814 -0.031196 0.069007
v 0.036743 -0.014239 0.067531
v 0.045160 -0.030959 0.069537
v 0.037252 -0.013943 0.067863
v 0.045669 -0.030663 0.069868
v 0.037847 -0.013634 0.067945
v 0.046264 -0.030353 0.069950
v 0.000000 0.003357 0.024578
v 0.000000 -0.017472 0.054325
v 0.001568 0.003101 0.024399
v 0.001568 -0.017728 0.054147
v 0.002898 0.002374 0.023890
v 0.002898 -0.018456 0.053637
v 0.003786 0.001285 0.023127
v 0.003786 -0.019545 0.052874
v 0.004098 0.000000 0.022227
v 0.004098 -0.020829 0.051975
v 0.003786 -0.001285 0.021328
v 0.003786 -0.022114 0.051075
v 0.002898 -0.002374 0.020565
v 0.002898 -0.023203 0.050313
v 0.001568 -0.003101 0.020056
v 0.001568 -0.023931 0.049803
v 0.000000 -0.003357 0.019877
v 0.000000 -0.024186 0.049624
v -0.001568 -0.003101 0.020056
v -0.001568 -0.023931 0.049803
v -0.002898 -0.002374 0.020565
v -0.002898 -0.023203 0.050313
v -0.003786 -0.001285 0.021328
v -0.003786 -0.022114 0.051075
v -0.004098 0.000000 0.022227
v -0.004098 -0.020829 0.051975
v -0.003786 0.001285 0.023127
v -0.003786 -0.019545 0.052874
v -0.002898 0.002374 0.023890
v -0.002898 -0.018456 0.053637
v -0.001568 0.003101 0.024399
v -0.001568 -0.017728 0.054147
v -0.000011 -0.018167 0.052070
v -0.005750 -0.019103 0.077562
v 0.000985 -0.018374 0.052287
v -0.004754 -0.019309 0.077779
v 0.001830 -0.018955 0.052456
v -0.003909 -0.019890 0.077948
v 0.002397 -0.019820 0.052552
v -0.003342 -0.020756 0.078044
v 0.002599 -0.020840 0.052560
v -0.003140 -0.021775 0.078052
v 0.002405 -0.021858 0.052479
v -0.003334 -0.022793 0.077971
v 0.001845 -0.022719 0.052321
v -0.003894 -0.023654 0.077813
v 0.001004 -0.023293 0.052111
v -0.004735 -0.024228 0.077603
v 0.000011 -0.023491 0.051880
v -0.005729 -0.024427 0.077372
v -0.000985 -0.023285 0.051663
v -0.006724 -0.024220 0.077155
v -0.001830 -0.022704 0.051494
v -0.007569 -0.023639 0.076986
v -0.002397 -0.021838 0.051398
v -0.008136 -0.022773 0.076890
v -0.002599 -0.020819 0.051390
v -0.008338 -0.021754 0.076882
v -0.002405 -0.019801 0.051471
v -0.008144 -0.020736 0.076963
v -0.001845 -0.018940 0.051629
v -0.007584 -0.019875 0.077121
v -0.001004 -0.018366 0.051839
v -0.006743 -0.019301 0.077331
v -0.005797 -0.020206 0.076714
v -0.003063 -0.012025 0.093447
v -0.005137 -0.020347 0.076675
v -0.002403 -0.012165 0.093408
v -0.004569 -0.020704 0.076757
v -0.001835 -0.012522 0.093490
v -0.004180 -0.021222 0.076947
v -0.001445 -0.013040 0.093680
v -0.004027 -0.021822 0.077215
v -0.001293 -0.013641 0.093948
v -0.004135 -0.022414 0.077523
v -0.001401 -0.014233 0.094255
v -0.004488 -0.022907 0.077821
v -0.001753 -0.014726 0.094554
v -0.005031 -0.023226 0.078066
v -0.002296 -0.015045 0.094799
v -0.005681 -0.023323 0.078219
v -0.002947 -0.015141 0.094952
v -0.006341 -0.023182 0.078258
v -0.003606 -0.015001 0.094991
v -0.006909 -0.022825 0.078177
v -0.004174 -0.014644 0.094910
v -0.007299 -0.022307 0.077987
v -0.004564 -0.014126 0.094720
v -0.007451 -0.021707 0.077718
v -0.004717 -0.013525 0.094451
v -0.007343 -0.021115 0.077411
v -0.004609 -0.012933 0.094144
v -0.006991 -0.020622 0.077113
v -0.004256 -0.012440 0.093846
v -0.006448 -0.020303 0.076868
v -0.003713 -0.012121 0.093601
v -0.005647 -0.020156 0.078101
v -0.000456 -0.027046 0.094834
v -0.005018 -0.020243 0.077870
v 0.000172 -0.027133 0.094603
v -0.004499 -0.020562 0.077577
v 0.000691 -0.027452 0.094310
v -0.004169 -0.021063 0.077268
v 0.001022 -0.027954 0.094001
v -0.004077 -0.021672 0.076990
v 0.001113 -0.028562 0.093722
v -0.004239 -0.022295 0.076783
v 0.000951 -0.029185 0.093516
v -0.004630 -0.022837 0.076681
v 0.000561 -0.029727 0.093414
v -0.005189 -0.023215 0.076699
v 0.000002 -0.030106 0.093432
v -0.005832 -0.023373 0.076833
v -0.000641 -0.030263 0.093566
v -0.006461 -0.023286 0.077064
v -0.001270 -0.030176 0.093797
v -0.006980 -0.022967 0.077356
v -0.001789 -0.029858 0.094089
v -0.007310 -0.022466 0.077665
v -0.002120 -0.029356 0.094398
v -0.007401 -0.021857 0.077944
v -0.002211 -0.028747 0.094677
v -0.007239 -0.021234 0.078150
v -0.002049 -0.028125 0.094883
v -0.006849 -0.020692 0.078253
v -0.001659 -0.027583 0.094985
v -0.006290 -0.020314 0.078235
v -0.001099 -0.027204 0.094968
v -0.005992 -0.020280 0.078321
v -0.015496 -0.029564 0.091658
v -0.005409 -0.020489 0.078590
v -0.014913 -0.029774 0.091927
v -0.004876 -0.020893 0.078689
v -0.014380 -0.030178 0.092026
v -0.004475 -0.021429 0.078601
v -0.013979 -0.030714 0.091938
v -0.004266 -0.022017 0.078341
v -0.013770 -0.031301 0.091678
v -0.004282 -0.022566 0.077948
v -0.013786 -0.031851 0.091285
v -0.004519 -0.022993 0.077481
v -0.014023 -0.032278 0.090818
v -0.004942 -0.023233 0.077012
v -0.014447 -0.032518 0.090349
v -0.005487 -0.023249 0.076613
v -0.014991 -0.032534 0.089950
v -0.006070 -0.023040 0.076343
v -0.015574 -0.032324 0.089680
v -0.006602 -0.022636 0.076245
v -0.016107 -0.031921 0.089582
v -0.007004 -0.022100 0.076333
v -0.016508 -0.031384 0.089669
v -0.007212 -0.021512 0.076593
v -0.016716 -0.030797 0.089930
v -0.007197 -0.020963 0.076986
v -0.016701 -0.030248 0.090323
v -0.006959 -0.020536 0.077453
v -0.016463 -0.029821 0.090789
v -0.006536 -0.020296 0.077921
v -0.016040 -0.029581 0.091258
v -0.005541 -0.020129 0.076935
v -0.017501 -0.014342 0.090271
v -0.005050 -0.020178 0.077396
v -0.017010 -0.014390 0.090733
v -0.004664 -0.020468 0.077868
v -0.016624 -0.014681 0.091205
v -0.004442 -0.020956 0.078279
v -0.016402 -0.015168 0.091616
v -0.004417 -0.021567 0.078567
v -0.016377 -0.015779 0.091904
v -0.004593 -0.022208 0.078687
v -0.016553 -0.016420 0.092024
v -0.004944 -0.022781 0.078621
v -0.016904 -0.016994 0.091958
v -0.005416 -0.023200 0.078380
v -0.017376 -0.017413 0.091716
v -0.005937 -0.023400 0.077999
v -0.017897 -0.017613 0.091336
v -0.006428 -0.023351 0.077538
v -0.018388 -0.017564 0.090875
v -0.006814 -0.023061 0.077065
v -0.018774 -0.017274 0.090402
v -0.007037 -0.022573 0.076654
v -0.018997 -0.016786 0.089991
v -0.007062 -0.021962 0.076367
v -0.019022 -0.016175 0.089704
v -0.006885 -0.021321 0.076247
v -0.018845 -0.015534 0.089584
v -0.006534 -0.020748 0.076313
v -0.018494 -0.014961 0.089650
v -0.006062 -0.020329 0.076554
v -0.018022 -0.014542 0.089891
v 0.000228 -0.018290 0.052748
v 0.014083 -0.025874 0.073584
v 0.001071 -0.018396 0.052149
v 0.014926 -0.025980 0.072985
v 0.001750 -0.018873 0.051523
v 0.015606 -0.026457 0.072360
v 0.002164 -0.019647 0.050966
v 0.016019 -0.027231 0.071803
v 0.002247 -0.020602 0.050563
v 0.016103 -0.028185 0.071400
v 0.001989 -0.021591 0.050375
v 0.015845 -0.029174 0.071212
v 0.001428 -0.022464 0.050430
v 0.015284 -0.030047 0.071267
v 0.000650 -0.023088 0.050721
v 0.014505 -0.030672 0.071558
v -0.000228 -0.023368 0.051202
v 0.013628 -0.030952 0.072039
v -0.001071 -0.023262 0.051801
v 0.012785 -0.030846 0.072638
v -0.001750 -0.022786 0.052427
v 0.012105 -0.030370 0.073263
v -0.002164 -0.022012 0.052983
v 0.011692 -0.029595 0.073820
v -0.002247 -0.021057 0.053386
v 0.011608 -0.028641 0.074223
v -0.001989 -0.020068 0.053575
v 0.011866 -0.027652 0.074411
v -0.001428 -0.019195 0.053519
v 0.012427 -0.026779 0.074356
v -0.000650 -0.018571 0.053229
v 0.013206 -0.026155 0.074065
v 0.013838 -0.026857 0.073570
v 0.013006 -0.035106 0.090472
v 0.014501 -0.026982 0.073542
v 0.013670 -0.035231 0.090443
v 0.015066 -0.027325 0.073402
v 0.014235 -0.035574 0.090304
v 0.015447 -0.027834 0.073172
v 0.014615 -0.036083 0.090074
v 0.015585 -0.028431 0.072888
v 0.014754 -0.036680 0.089790
v 0.015460 -0.029025 0.072592
v 0.014629 -0.037274 0.089494
v 0.015091 -0.029526 0.072329
v 0.014260 -0.037775 0.089231
v 0.014534 -0.029858 0.072140
v 0.013702 -0.038107 0.089042
v 0.013873 -0.029969 0.072053
v 0.013042 -0.038218 0.088955
v 0.013210 -0.029844 0.072081
v 0.012378 -0.038093 0.088983
v 0.012645 -0.029501 0.072221
v 0.011814 -0.037750 0.089123
v 0.012264 -0.028992 0.072451
v 0.011433 -0.037241 0.089352
v 0.012126 -0.028395 0.072735
v 0.011294 -0.036645 0.089637
v 0.012251 -0.027801 0.073031
v 0.011419 -0.036050 0.089933
v 0.012620 -0.027300 0.073294
v 0.011789 -0.035549 0.090196
v 0.013177 -0.026969 0.073483
v 0.012346 -0.035218 0.090385
v 0.013897 -0.026683 0.072876
v 0.031072 -0.027380 0.080552
v 0.014165 -0.026799 0.072266
v 0.031340 -0.027496 0.079943
v 0.014385 -0.027161 0.071740
v 0.031561 -0.027857 0.079417
v 0.014525 -0.027713 0.071377
v 0.031701 -0.028409 0.079053
v 0.014563 -0.028372 0.071232
v 0.031739 -0.029068 0.078909
v 0.014494 -0.029037 0.071328
v 0.031669 -0.029733 0.079004
v 0.014327 -0.029607 0.071649
v 0.031502 -0.030303 0.079326
v 0.014088 -0.029995 0.072148
v 0.031263 -0.030692 0.079825
v 0.013814 -0.030143 0.072747
v 0.030989 -0.030839 0.080424
v 0.013546 -0.030027 0.073357
v 0.030722 -0.030724 0.081034
v 0.013326 -0.029666 0.073883
v 0.030501 -0.030362 0.081560
v 0.013186 -0.029113 0.074246
v 0.030361 -0.029810 0.081923
v 0.013148 -0.028455 0.074391
v 0.030323 -0.029151 0.082068
v 0.013218 -0.027790 0.074295
v 0.030393 -0.028486 0.081972
v 0.013384 -0.027219 0.073974
v 0.030560 -0.027916 0.081650
v 0.013623 -0.026831 0.073475
v 0.030798 -0.027527 0.081152
v 0.014337 -0.027371 0.074108
v 0.024180 -0.041463 0.081784
v 0.014834 -0.027266 0.073662
v 0.024678 -0.041358 0.081339
v 0.015182 -0.027336 0.073088
v 0.025026 -0.041428 0.080765
v 0.015329 -0.027570 0.072471
v 0.025172 -0.041661 0.080148
v 0.015251 -0.027932 0.071906
v 0.025094 -0.042024 0.079583
v 0.014960 -0.028367 0.071479
v 0.024804 -0.042459 0.079156
v 0.014502 -0.028810 0.071255
v 0.024345 -0.042902 0.078932
v 0.013945 -0.029192 0.071268
v 0.023788 -0.043284 0.078944
v 0.013374 -0.029455 0.071515
v 0.023218 -0.043547 0.079192
v 0.012877 -0.029560 0.071961
v 0.022720 -0.043652 0.079637
v 0.012529 -0.029490 0.072535
v 0.022372 -0.043582 0.080212
v 0.012382 -0.029257 0.073152
v 0.022226 -0.043349 0.080829
v 0.012460 -0.028894 0.073717
v 0.022304 -0.042986 0.081394
v 0.012751 -0.028459 0.074144
v 0.022594 -0.042551 0.081821
v 0.013209 -0.028016 0.074368
v 0.023053 -0.042108 0.082045
v 0.013766 -0.027634 0.074355
v 0.023610 -0.041726 0.082032
v 0.000387 -0.019758 0.054383
v 0.006126 -0.043393 0.063980
v 0.001341 -0.019691 0.053976
v 0.007080 -0.043326 0.063573
v 0.002091 -0.019798 0.053264
v 0.007830 -0.043433 0.062862
v 0.002522 -0.020062 0.052356
v 0.008261 -0.043697 0.061954
v 0.002570 -0.020443 0.051390
v 0.008309 -0.044078 0.060988
v 0.002226 -0.020882 0.050513
v 0.007965 -0.044517 0.060111
v 0.001544 -0.021314 0.049859
v 0.007283 -0.044949 0.059456
v 0.000626 -0.021672 0.049527
v 0.006365 -0.045306 0.059124
v -0.000387 -0.021901 0.049567
v 0.005353 -0.045536 0.059165
v -0.001341 -0.021967 0.049974
v 0.004399 -0.045602 0.059572
v -0.002091 -0.021861 0.050686
v 0.003649 -0.045495 0.060283
v -0.002522 -0.021597 0.051594
v 0.003217 -0.045231 0.061191
v -0.002570 -0.021216 0.052560
v 0.003169 -0.044851 0.062157
v -0.002226 -0.020776 0.053437
v 0.003513 -0.044411 0.063034
v -0.001544 -0.020345 0.054091
v 0.004195 -0.043980 0.063688
v -0.000626 -0.019987 0.054423
v 0.005113 -0.043622 0.064021
v 0.005561 -0.043226 0.062770
v 0.000865 -0.056244 0.075533
v 0.006213 -0.043388 0.062844
v 0.001517 -0.056406 0.075607
v 0.006792 -0.043715 0.062724
v 0.002096 -0.056732 0.075487
v 0.007211 -0.044155 0.062430
v 0.002515 -0.057173 0.075192
v 0.007406 -0.044642 0.062004
v 0.002710 -0.057660 0.074767
v 0.007348 -0.045102 0.061513
v 0.002651 -0.058120 0.074276
v 0.007044 -0.045465 0.061031
v 0.002348 -0.058483 0.073794
v 0.006542 -0.045676 0.060632
v 0.001845 -0.058694 0.073394
v 0.005917 -0.045702 0.060375
v 0.001221 -0.058720 0.073138
v 0.005266 -0.045540 0.060301
v 0.000569 -0.058558 0.073064
v 0.004686 -0.045214 0.060420
v -0.000010 -0.058231 0.073183
v 0.004267 -0.044774 0.060715
v -0.000429 -0.057791 0.073478
v 0.004072 -0.044286 0.061141
v -0.000624 -0.057304 0.073903
v 0.004131 -0.043826 0.061632
v -0.000565 -0.056844 0.074394
v 0.004434 -0.043463 0.062114
v -0.000262 -0.056481 0.074876
v 0.004937 -0.043252 0.062513
v 0.000241 -0.056270 0.075276
v 0.006017 -0.042991 0.062438
v 0.016160 -0.052405 0.075201
v 0.006544 -0.042997 0.062015
v 0.016687 -0.052411 0.074778
v 0.006948 -0.043226 0.061525
v 0.017091 -0.052640 0.074288
v 0.007168 -0.043643 0.061042
v 0.017312 -0.053058 0.073805
v 0.007171 -0.044186 0.060640
v 0.017314 -0.053600 0.073402
v 0.006956 -0.044771 0.060379
v 0.017099 -0.054185 0.073142
v 0.006555 -0.045309 0.060301
v 0.016698 -0.054724 0.073063
v 0.006030 -0.045719 0.060415
v 0.016174 -0.055133 0.073178
v 0.005461 -0.045938 0.060707
v 0.015604 -0.055352 0.073469
v 0.004934 -0.045932 0.061129
v 0.015078 -0.055346 0.073892
v 0.004530 -0.045703 0.061620
v 0.014673 -0.055117 0.074383
v 0.004310 -0.045285 0.062103
v 0.014453 -0.054699 0.074866
v 0.004307 -0.044742 0.062505
v 0.014451 -0.054157 0.075268
v 0.004523 -0.044157 0.062766
v 0.014666 -0.053572 0.075528
v 0.004923 -0.043619 0.062844
v 0.015067 -0.053033 0.075607
v 0.005448 -0.043209 0.062729
v 0.015591 -0.052624 0.075492
v 0.006641 -0.043901 0.062939
v 0.018107 -0.058763 0.061497
v 0.006968 -0.043599 0.062432
v 0.018434 -0.058460 0.060990
v 0.007109 -0.043429 0.061793
v 0.018575 -0.058290 0.060351
v 0.007041 -0.043416 0.061121
v 0.018507 -0.058277 0.059679
v 0.006775 -0.043563 0.060518
v 0.018241 -0.058424 0.059076
v 0.006351 -0.043847 0.060075
v 0.017817 -0.058708 0.058633
v 0.005834 -0.044225 0.059860
v 0.017300 -0.059086 0.058418
v 0.005303 -0.044639 0.059906
v 0.016769 -0.059501 0.058464
v 0.004838 -0.045027 0.060206
v 0.016304 -0.059888 0.058764
v 0.004510 -0.045329 0.060713
v 0.015976 -0.060191 0.059271
v 0.004369 -0.045500 0.061352
v 0.015835 -0.060361 0.059910
v 0.004437 -0.045512 0.062024
v 0.015903 -0.060374 0.060582
v 0.004703 -0.045366 0.062627
v 0.016169 -0.060227 0.061185
v 0.005127 -0.045082 0.063070
v 0.016593 -0.059943 0.061628
v 0.005644 -0.044704 0.063285
v 0.017110 -0.059565 0.061843
v 0.006176 -0.044289 0.063239
v 0.017642 -0.059150 0.061797
v 0.005410 -0.044537 0.063271
v 0.002036 -0.063001 0.061829
v 0.006074 -0.044657 0.063260
v 0.002701 -0.063122 0.061818
v 0.006688 -0.044748 0.062993
v 0.003314 -0.063213 0.061551
v 0.007157 -0.044796 0.062509
v 0.003784 -0.063261 0.061067
v 0.007410 -0.044794 0.061883
v 0.004037 -0.063258 0.060441
v 0.007409 -0.044741 0.061209
v 0.004036 -0.063206 0.059767
v 0.007154 -0.044646 0.060591
v 0.003780 -0.063111 0.059149
v 0.006683 -0.044523 0.060122
v 0.003310 -0.062988 0.058680
v 0.006069 -0.044392 0.059874
v 0.002695 -0.062857 0.058432
v 0.005404 -0.044271 0.059885
v 0.002031 -0.062736 0.058443
v 0.004790 -0.044180 0.060152
v 0.001417 -0.062645 0.058710
v 0.004321 -0.044132 0.060636
v 0.000948 -0.062597 0.059194
v 0.004068 -0.044135 0.061262
v 0.000694 -0.062599 0.059820
v 0.004069 -0.044187 0.061936
v 0.000696 -0.062652 0.060494
v 0.004324 -0.044282 0.062554
v 0.000951 -0.062747 0.061112
v 0.004795 -0.044405 0.063023
v 0.001422 -0.062870 0.061581
v -0.000593 -0.018893 0.053705
v -0.014449 -0.035879 0.067958
v 0.000286 -0.019268 0.054114
v -0.013570 -0.036254 0.068367
v 0.001122 -0.019880 0.054197
v -0.012734 -0.036866 0.068450
v 0.001787 -0.020637 0.053941
v -0.012069 -0.037623 0.068194
v 0.002180 -0.021423 0.053386
v -0.011676 -0.038409 0.067639
v 0.002241 -0.022119 0.052617
v -0.011615 -0.039105 0.066870
v 0.001961 -0.022618 0.051749
v -0.011895 -0.039604 0.066002
v 0.001382 -0.022845 0.050916
v -0.012473 -0.039831 0.065169
v 0.000593 -0.022766 0.050244
v -0.013262 -0.039752 0.064497
v -0.000286 -0.022391 0.049836
v -0.014141 -0.039377 0.064089
v -0.001122 -0.021779 0.049753
v -0.014977 -0.038765 0.064006
v -0.001787 -0.021022 0.050009
v -0.015642 -0.038008 0.064261
v -0.002180 -0.020236 0.050563
v -0.016035 -0.037222 0.064816
v -0.002241 -0.019540 0.051333
v -0.016096 -0.036526 0.065586
v -0.001961 -0.019041 0.052200
v -0.015816 -0.036027 0.066453
v -0.001382 -0.018814 0.053034
v -0.015238 -0.035800 0.067286
v -0.013917 -0.036095 0.066409
v -0.025375 -0.038062 0.081216
v -0.013387 -0.036249 0.066798
v -0.024845 -0.038216 0.081606
v -0.012929 -0.036642 0.067101
v -0.024386 -0.038609 0.081908
v -0.012611 -0.037214 0.067271
v -0.024069 -0.039181 0.082078
v -0.012483 -0.037877 0.067282
v -0.023941 -0.039844 0.082089
v -0.012564 -0.038531 0.067132
v -0.024022 -0.040498 0.081940
v -0.012842 -0.039076 0.066845
v -0.024299 -0.041043 0.081652
v -0.013273 -0.039429 0.066464
v -0.024731 -0.041396 0.081271
v -0.013794 -0.039536 0.066047
v -0.025252 -0.041503 0.080854
v -0.014324 -0.039382 0.065657
v -0.025782 -0.041349 0.080465
v -0.014782 -0.038989 0.065355
v -0.026240 -0.040956 0.080162
v -0.015100 -0.038417 0.065185
v -0.026558 -0.040384 0.079992
v -0.015228 -0.037754 0.065174
v -0.026686 -0.039721 0.079981
v -0.015147 -0.037100 0.065323
v -0.026605 -0.039067 0.080131
v -0.014870 -0.036555 0.065611
v -0.026327 -0.038522 0.080418
v -0.014438 -0.036202 0.065992
v -0.025895 -0.038169 0.080799
v -0.013844 -0.036453 0.067296
v -0.013468 -0.048073 0.082104
v -0.013182 -0.036552 0.067202
v -0.012807 -0.048172 0.082009
v -0.012623 -0.036844 0.066959
v -0.012248 -0.048463 0.081766
v -0.012252 -0.037283 0.066605
v -0.011876 -0.048903 0.081412
v -0.012125 -0.037804 0.066193
v -0.011749 -0.049423 0.081001
v -0.012261 -0.038326 0.065787
v -0.011885 -0.049945 0.080594
v -0.012640 -0.038770 0.065448
v -0.012264 -0.050390 0.080255
v -0.013204 -0.039070 0.065227
v -0.012829 -0.050689 0.080035
v -0.013868 -0.039178 0.065159
v -0.013492 -0.050797 0.079967
v -0.014529 -0.039079 0.065254
v -0.014154 -0.050698 0.080061
v -0.015088 -0.038787 0.065497
v -0.014713 -0.050407 0.080304
v -0.015459 -0.038348 0.065851
v -0.015084 -0.049967 0.080658
v -0.015587 -0.037828 0.066262
v -0.015211 -0.049447 0.081070
v -0.015450 -0.037305 0.066669
v -0.015075 -0.048925 0.081476
v -0.015071 -0.036861 0.067008
v -0.014696 -0.048480 0.081815
v -0.014507 -0.036562 0.067228
v -0.014131 -0.048181 0.082036
v -0.014245 -0.037526 0.067890
v -0.019131 -0.055595 0.069895
v -0.013593 -0.037697 0.067935
v -0.018480 -0.055767 0.069940
v -0.012981 -0.037886 0.067721
v -0.017867 -0.055956 0.069726
v -0.012503 -0.038065 0.067279
v -0.017389 -0.056134 0.069284
v -0.012230 -0.038205 0.066677
v -0.017116 -0.056275 0.068682
v -0.012204 -0.038287 0.066007
v -0.017090 -0.056356 0.068012
v -0.012430 -0.038296 0.065370
v -0.017316 -0.056366 0.067375
v -0.012873 -0.038233 0.064864
v -0.017759 -0.056302 0.066869
v -0.013466 -0.038105 0.064566
v -0.018352 -0.056175 0.066571
v -0.014118 -0.037934 0.064520
v -0.019004 -0.056004 0.066525
v -0.014730 -0.037745 0.064735
v -0.019616 -0.055815 0.066740
v -0.015209 -0.037566 0.065177
v -0.020095 -0.055636 0.067182
v -0.015482 -0.037426 0.065778
v -0.020368 -0.055495 0.067783
v -0.015507 -0.037345 0.066449
v -0.020393 -0.055414 0.068454
v -0.015281 -0.037335 0.067085
v -0.020167 -0.055405 0.069090
v -0.014838 -0.037399 0.067591
v -0.019724 -0.055468 0.069596
v 0.000000 0.004098 0.022227
v -0.020829 0.004098 0.051975
v 0.001285 0.003786 0.023127
v -0.019545 0.003786 0.052874
v 0.002374 0.002898 0.023890
v -0.018456 0.002898 0.053637
v 0.003101 0.001568 0.024399
v -0.017728 0.001568 0.054147
v 0.003357 0.000000 0.024578
v -0.017472 0.000000 0.054325
v 0.003101 -0.001568 0.024399
v -0.017728 -0.001568 0.054147
v 0.002374 -0.002898 0.023890
v -0.018456 -0.002898 0.053637
v 0.001285 -0.003786 0.023127
v -0.019545 -0.003786 0.052874
v 0.000000 -0.004098 0.022227
v -0.020829 -0.004098 0.051975
v -0.001285 -0.003786 0.021328
v -0.022114 -0.003786 0.051075
v -0.002374 -0.002898 0.020565
v -0.023203 -0.002898 0.050313
v -0.003101 -0.001568 0.020056
v -0.023931 -0.001568 0.049803
v -0.003357 0.000000 0.019877
v -0.024186 0.000000 0.049624
v -0.003101 0.001568 0.020056
v -0.023931 0.001568 0.049803
v -0.002374 0.002898 0.020565
v -0.023203 0.002898 0.050313
v -0.001285 0.003786 0.021328
v -0.022114 0.003786 0.051075
v -0.020819 0.002599 0.051390
v -0.021754 0.008338 0.076882
v -0.019801 0.002405 0.051471
v -0.020736 0.008144 0.076963
v -0.018940 0.001845 0.051629
v -0.019875 0.007584 0.077121
v -0.018366 0.001004 0.051839
v -0.019301 0.006743 0.077331
v -0.018167 0.000011 0.052070
v -0.019103 0.005750 0.077562
v -0.018374 -0.000985 0.052287
v -0.019309 0.004754 0.077779
v -0.018955 -0.001830 0.052456
v -0.019890 0.003909 0.077948
v -0.019820 -0.002397 0.052552
v -0.020756 0.003342 0.078044
v -0.020840 -0.002599 0.052560
v -0.021775 0.003140 0.078052
v -0.021858 -0.002405 0.052479
v -0.022793 0.003334 0.077971
v -0.022719 -0.001845 0.052321
v -0.023654 0.003894 0.077813
v -0.023293 -0.001004 0.052111
v -0.024228 0.004735 0.077603
v -0.023491 -0.000011 0.051880
v -0.024427 0.005729 0.077372
v -0.023285 0.000985 0.051663
v -0.024220 0.006724 0.077155
v -0.022704 0.001830 0.051494
v -0.023639 0.007569 0.076986
v -0.021838 0.002397 0.051398
v -0.022773 0.008136 0.076890
v -0.021707 0.007451 0.077718
v -0.013525 0.004717 0.094451
v -0.021115 0.007343 0.077411
v -0.012933 0.004609 0.094144
v -0.020622 0.006991 0.077113
v -0.012440 0.004256 0.093846
v -0.020303 0.006448 0.076868
v -0.012121 0.003713 0.093601
v -0.020206 0.005797 0.076714
v -0.012025 0.003063 0.093447
v -0.020347 0.005137 0.076675
v -0.012165 0.002403 0.093408
v -0.020704 0.004569 0.076757
v -0.012522 0.001835 0.093490
v -0.021222 0.004180 0.076947
v -0.013040 0.001445 0.093680
v -0.021822 0.004027 0.077215
v -0.013641 0.001293 0.093948
v -0.022414 0.004135 0.077523
v -0.014233 0.001401 0.094255
v -0.022907 0.004488 0.077821
v -0.014726 0.001753 0.094554
v -0.023226 0.005031 0.078066
v -0.015045 0.002296 0.094799
v -0.023323 0.005681 0.078219
v -0.015141 0.002947 0.094952
v -0.023182 0.006341 0.078258
v -0.015001 0.003606 0.094991
v -0.022825 0.006909 0.078177
v -0.014644 0.004174 0.094910
v -0.022307 0.007299 0.077987
v -0.014126 0.004564 0.094720
v -0.021857 0.007401 0.077944
v -0.028747 0.002211 0.094677
v -0.021234 0.007239 0.078150
v -0.028125 0.002049 0.094883
v -0.020692 0.006849 0.078253
v -0.027583 0.001659 0.094985
v -0.020314 0.006290 0.078235
v -0.027204 0.001099 0.094968
v -0.020156 0.005647 0.078101
v -0.027046 0.000456 0.094834
v -0.020243 0.005018 0.077870
v -0.027133 -0.000172 0.094603
v -0.020562 0.004499 0.077577
v -0.027452 -0.000691 0.094310
v -0.021063 0.004169 0.077268
v -0.027954 -0.001022 0.094001
v -0.021672 0.004077 0.076990
v -0.028562 -0.001113 0.093722
v -0.022295 0.004239 0.076783
v -0.029185 -0.000951 0.093516
v -0.022837 0.004630 0.076681
v -0.029727 -0.000561 0.093414
v -0.023215 0.005189 0.076699
v -0.030106 -0.000002 0.093432
v -0.023373 0.005832 0.076833
v -0.030263 0.000641 0.093566
v -0.023286 0.006461 0.077064
v -0.030176 0.001270 0.093797
v -0.022967 0.006980 0.077356
v -0.029858 0.001789 0.094089
v -0.022466 0.007310 0.077665
v -0.029356 0.002120 0.094398
v -0.021512 0.007212 0.076593
v -0.030797 0.016716 0.089930
v -0.020963 0.007197 0.076986
v -0.030248 0.016701 0.090323
v -0.020536 0.006959 0.077453
v -0.029821 0.016463 0.090789
v -0.020296 0.006536 0.077921
v -0.029581 0.016040 0.091258
v -0.020280 0.005992 0.078321
v -0.029564 0.015496 0.091658
v -0.020489 0.005409 0.078590
v -0.029774 0.014913 0.091927
v -0.020893 0.004876 0.078689
v -0.030178 0.014380 0.092026
v -0.021429 0.004475 0.078601
v -0.030714 0.013979 0.091938
v -0.022017 0.004266 0.078341
v -0.031301 0.013770 0.091678
v -0.022566 0.004282 0.077948
v -0.031851 0.013786 0.091285
v -0.022993 0.004519 0.077481
v -0.032278 0.014023 0.090818
v -0.023233 0.004942 0.077012
v -0.032518 0.014447 0.090349
v -0.023249 0.005487 0.076613
v -0.032534 0.014991 0.089950
v -0.023040 0.006070 0.076343
v -0.032324 0.015574 0.089680
v -0.022636 0.006602 0.076245
v -0.031921 0.016107 0.089582
v -0.022100 0.007004 0.076333
v -0.031384 0.016508 0.089669
v -0.021962 0.007062 0.076367
v -0.016175 0.019022 0.089704
v -0.021321 0.006885 0.076247
v -0.015534 0.018845 0.089584
v -0.020748 0.006534 0.076313
v -0.014961 0.018494 0.089650
v -0.020329 0.006062 0.076554
v -0.014542 0.018022 0.089891
v -0.020129 0.005541 0.076935
v -0.014342 0.017501 0.090271
v -0.020178 0.005050 0.077396
v -0.014390 0.017010 0.090733
v -0.020468 0.004664 0.077868
v -0.014681 0.016624 0.091205
v -0.020956 0.004442 0.078279
v -0.015168 0.016402 0.091616
v -0.021567 0.004417 0.078567
v -0.015779 0.016377 0.091904
v -0.022208 0.004593 0.078687
v -0.016420 0.016553 0.092024
v -0.022781 0.004944 0.078621
v -0.016994 0.016904 0.091958
v -0.023200 0.005416 0.078380
v -0.017413 0.017376 0.091716
v -0.023400 0.005937 0.077999
v -0.017613 0.017897 0.091336
v -0.023351 0.006428 0.077538
v -0.017564 0.018388 0.090875
v -0.023061 0.006814 0.077065
v -0.017274 0.018774 0.090402
v -0.022573 0.007037 0.076654
v -0.016786 0.018997 0.089991
v -0.021057 0.002247 0.053386
v -0.028641 -0.011608 0.074223
v -0.020068 0.001989 0.053575
v -0.027652 -0.011866 0.074411
v -0.019195 0.001428 0.053519
v -0.026779 -0.012427 0.074356
v -0.018571 0.000650 0.053229
v -0.026155 -0.013206 0.074065
v -0.018290 -0.000228 0.052748
v -0.025874 -0.014083 0.073584
v -0.018396 -0.001071 0.052149
v -0.025980 -0.014926 0.072985
v -0.018873 -0.001750 0.051523
v -0.026457 -0.015606 0.072360
v -0.019647 -0.002164 0.050966
v -0.027231 -0.016019 0.071803
v -0.020602 -0.002247 0.050563
v -0.028185 -0.016103 0.071400
v -0.021591 -0.001989 0.050375
v -0.029174 -0.015845 0.071212
v -0.022464 -0.001428 0.050430
v -0.030047 -0.015284 0.071267
v -0.023088 -0.000650 0.050721
v -0.030672 -0.014505 0.071558
v -0.023368 0.000228 0.051202
v -0.030952 -0.013628 0.072039
v -0.023262 0.001071 0.051801
v -0.030846 -0.012785 0.072638
v -0.022786 0.001750 0.052427
v -0.030370 -0.012105 0.073263
v -0.022012 0.002164 0.052983
v -0.029595 -0.011692 0.073820
v -0.028395 -0.012126 0.072735
v -0.036645 -0.011294 0.089637
v -0.027801 -0.012251 0.073031
v -0.036050 -0.011419 0.089933
v -0.027300 -0.012620 0.073294
v -0.035549 -0.011789 0.090196
v -0.026969 -0.013177 0.073483
v -0.035218 -0.012346 0.090385
v -0.026857 -0.013838 0.073570
v -0.035106 -0.013006 0.090472
v -0.026982 -0.014501 0.073542
v -0.035231 -0.013670 0.090443
v -0.027325 -0.015066 0.073402
v -0.035574 -0.014235 0.090304
v -0.027834 -0.015447 0.073172
v -0.036083 -0.014615 0.090074
v -0.028431 -0.015585 0.072888
v -0.036680 -0.014754 0.089790
v -0.029025 -0.015460 0.072592
v -0.037274 -0.014629 0.089494
v -0.029526 -0.015091 0.072329
v -0.037775 -0.014260 0.089231
v -0.029858 -0.014534 0.072140
v -0.038107 -0.013702 0.089042
v -0.029969 -0.013873 0.072053
v -0.038218 -0.013042 0.088955
v -0.029844 -0.013210 0.072081
v -0.038093 -0.012378 0.088983
v -0.029501 -0.012645 0.072221
v -0.037750 -0.011814 0.089123
v -0.028992 -0.012264 0.072451
v -0.037241 -0.011433 0.089352
v -0.028327 -0.012233 0.073409
v -0.023181 -0.018733 0.090311
v -0.027697 -0.012323 0.073183
v -0.022551 -0.018824 0.090084
v -0.027176 -0.012647 0.072900
v -0.022030 -0.019148 0.089801
v -0.026844 -0.013155 0.072603
v -0.021697 -0.019655 0.089505
v -0.026750 -0.013769 0.072338
v -0.021604 -0.020270 0.089240
v -0.026909 -0.014397 0.072145
v -0.021763 -0.020897 0.089047
v -0.027298 -0.014942 0.072054
v -0.022152 -0.021442 0.088956
v -0.027856 -0.015322 0.072078
v -0.022710 -0.021822 0.088980
v -0.028499 -0.015478 0.072214
v -0.023353 -0.021979 0.089115
v -0.029129 -0.015388 0.072440
v -0.023983 -0.021888 0.089342
v -0.029650 -0.015064 0.072723
v -0.024504 -0.021564 0.089625
v -0.029983 -0.014556 0.073020
v -0.024836 -0.021056 0.089922
v -0.030076 -0.013942 0.073285
v -0.024930 -0.020442 0.090187
v -0.029917 -0.013314 0.073478
v -0.024770 -0.019815 0.090379
v -0.029528 -0.012769 0.073569
v -0.024382 -0.019269 0.090471
v -0.028970 -0.012389 0.073545
v -0.023824 -0.018890 0.090447
v -0.028455 -0.013148 0.074391
v -0.029151 -0.030323 0.082068
v -0.027790 -0.013218 0.074295
v -0.028486 -0.030393 0.081972
v -0.027219 -0.013384 0.073974
v -0.027916 -0.030560 0.081650
v -0.026831 -0.013623 0.073475
v -0.027527 -0.030798 0.081152
v -0.026683 -0.013897 0.072876
v -0.027380 -0.031072 0.080552
v -0.026799 -0.014165 0.072266
v -0.027496 -0.031340 0.079943
v -0.027161 -0.014385 0.071740
v -0.027857 -0.031561 0.079417
v -0.027713 -0.014525 0.071377
v -0.028409 -0.031701 0.079053
v -0.028372 -0.014563 0.071232
v -0.029068 -0.031739 0.078909
v -0.029037 -0.014494 0.071328
v -0.029733 -0.031669 0.079004
v -0.029607 -0.014327 0.071649
v -0.030303 -0.031502 0.079326
v -0.029995 -0.014088 0.072148
v -0.030692 -0.031263 0.079825
v -0.030143 -0.013814 0.072747
v -0.030839 -0.030989 0.080424
v -0.030027 -0.013546 0.073357
v -0.030724 -0.030722 0.081034
v -0.029666 -0.013326 0.073883
v -0.030362 -0.030501 0.081560
v -0.029113 -0.013186 0.074246
v -0.029810 -0.030361 0.081923
v -0.028894 -0.012460 0.073717
v -0.042986 -0.022304 0.081394
v -0.028459 -0.012751 0.074144
v -0.042551 -0.022594 0.081821
v -0.028016 -0.013209 0.074368
v -0.042108 -0.023053 0.082045
v -0.027634 -0.013766 0.074355
v -0.041726 -0.023610 0.082032
v -0.027371 -0.014337 0.074108
v -0.041463 -0.024180 0.081784
v -0.027266 -0.014834 0.073662
v -0.041358 -0.024678 0.081339
v -0.027336 -0.015182 0.073088
v -0.041428 -0.025026 0.080765
v -0.027570 -0.015329 0.072471
v -0.041661 -0.025172 0.080148
v -0.027932 -0.015251 0.071906
v -0.042024 -0.025094 0.079583
v -0.028367 -0.014960 0.071479
v -0.042459 -0.024804 0.079156
v -0.028810 -0.014502 0.071255
v -0.042902 -0.024345 0.078932
v -0.029192 -0.013945 0.071268
v -0.043284 -0.023788 0.078944
v -0.029455 -0.013374 0.071515
v -0.043547 -0.023218 0.079192
v -0.029560 -0.012877 0.071961
v -0.043652 -0.022720 0.079637
v -0.029490 -0.012529 0.072535
v -0.043582 -0.022372 0.080212
v -0.029257 -0.012382 0.073152
v -0.043349 -0.022226 0.080829
v -0.021216 0.002570 0.052560
v -0.044851 -0.003169 0.062157
v -0.020776 0.002226 0.053437
v -0.044411 -0.003513 0.063034
v -0.020345 0.001544 0.054091
v -0.043980 -0.004195 0.063688
v -0.019987 0.000626 0.054423
v -0.043622 -0.005113 0.064021
v -0.019758 -0.000387 0.054383
v -0.043393 -0.006126 0.063980
v -0.019691 -0.001341 0.053976
v -0.043326 -0.007080 0.063573
v -0.019798 -0.002091 0.053264
v -0.043433 -0.007830 0.062862
v -0.020062 -0.002522 0.052356
v -0.043697 -0.008261 0.061954
v -0.020443 -0.002570 0.051390
v -0.044078 -0.008309 0.060988
v -0.020882 -0.002226 0.050513
v -0.044517 -0.007965 0.060111
v -0.021314 -0.001544 0.049859
v -0.044949 -0.007283 0.059456
v -0.021672 -0.000626 0.049527
v -0.045306 -0.006365 0.059124
v -0.021901 0.000387 0.049567
v -0.045536 -0.005353 0.059165
v -0.021967 0.001341 0.049974
v -0.045602 -0.004399 0.059572
v -0.021861 0.002091 0.050686
v -0.045495 -0.003649 0.060283
v -0.021597 0.002522 0.051594
v -0.045231 -0.003217 0.061191
v -0.044286 -0.004072 0.061141
v -0.057304 0.000624 0.073903
v -0.043826 -0.004131 0.061632
v -0.056844 0.000565 0.074394
v -0.043463 -0.004434 0.062114
v -0.056481 0.000262 0.074876
v -0.043252 -0.004937 0.062513
v -0.056270 -0.000241 0.075276
v -0.043226 -0.005561 0.062770
v -0.056244 -0.000865 0.075533
v -0.043388 -0.006213 0.062844
v -0.056406 -0.001517 0.075607
v -0.043715 -0.006792 0.062724
v -0.056732 -0.002096 0.075487
v -0.044155 -0.007211 0.062430
v -0.057173 -0.002515 0.075192
v -0.044642 -0.007406 0.062004
v -0.057660 -0.002710 0.074767
v -0.045102 -0.007348 0.061513
v -0.058120 -0.002651 0.074276
v -0.045465 -0.007044 0.061031
v -0.058483 -0.002348 0.073794
v -0.045676 -0.006542 0.060632
v -0.058694 -0.001845 0.073394
v -0.045702 -0.005917 0.060375
v -0.058720 -0.001221 0.073138
v -0.045540 -0.005266 0.060301
v -0.058558 -0.000569 0.073064
v -0.045214 -0.004686 0.060420
v -0.058231 0.000010 0.073183
v -0.044774 -0.004267 0.060715
v -0.057791 0.000429 0.073478
v -0.045366 -0.004703 0.062627
v -0.060227 -0.016169 0.061185
v -0.045082 -0.005127 0.063070
v -0.059943 -0.016593 0.061628
v -0.044704 -0.005644 0.063285
v -0.059565 -0.017110 0.061843
v -0.044289 -0.006176 0.063239
v -0.059150 -0.017642 0.061797
v -0.043901 -0.006641 0.062939
v -0.058763 -0.018107 0.061497
v -0.043599 -0.006968 0.062432
v -0.058460 -0.018434 0.060990
v -0.043429 -0.007109 0.061793
v -0.058290 -0.018575 0.060351
v -0.043416 -0.007041 0.061121
v -0.058277 -0.018507 0.059679
v -0.043563 -0.006775 0.060518
v -0.058424 -0.018241 0.059076
v -0.043847 -0.006351 0.060075
v -0.058708 -0.017817 0.058633
v -0.044225 -0.005834 0.059860
v -0.059086 -0.017300 0.058418
v -0.044639 -0.005303 0.059906
v -0.059501 -0.016769 0.058464
v -0.045027 -0.004838 0.060206
v -0.059888 -0.016304 0.058764
v -0.045329 -0.004510 0.060713
v -0.060191 -0.015976 0.059271
v -0.045500 -0.004369 0.061352
v -0.060361 -0.015835 0.059910
v -0.045512 -0.004437 0.062024
v -0.060374 -0.015903 0.060582
v -0.044135 -0.004068 0.061262
v -0.062599 -0.000694 0.059820
v -0.044187 -0.004069 0.061936
v -0.062652 -0.000696 0.060494
v -0.044282 -0.004324 0.062554
v -0.062747 -0.000951 0.061112
v -0.044405 -0.004795 0.063023
v -0.062870 -0.001422 0.061581
v -0.044537 -0.005410 0.063271
v -0.063001 -0.002036 0.061829
v -0.044657 -0.006074 0.063260
v -0.063122 -0.002701 0.061818
v -0.044748 -0.006688 0.062993
v -0.063213 -0.003314 0.061551
v -0.044796 -0.007157 0.062509
v -0.063261 -0.003784 0.061067
v -0.044794 -0.007410 0.061883
v -0.063258 -0.004037 0.060441
v -0.044741 -0.007409 0.061209
v -0.063206 -0.004036 0.059767
v -0.044646 -0.007154 0.060591
v -0.063111 -0.003780 0.059149
v -0.044523 -0.006683 0.060122
v -0.062988 -0.003310 0.058680
v -0.044392 -0.006069 0.059874
v -0.062857 -0.002695 0.058432
v -0.044271 -0.005404 0.059885
v -0.062736 -0.002031 0.058443
v -0.044180 -0.004790 0.060152
v -0.062645 -0.001417 0.058710
v -0.044132 -0.004321 0.060636
v -0.062597 -0.000948 0.059194
v -0.020236 0.002180 0.050563
v -0.037222 0.016035 0.064816
v -0.019540 0.002241 0.051333
v -0.036526 0.016096 0.065586
v -0.019041 0.001961 0.052200
v -0.036027 0.015816 0.066453
v -0.018814 0.001382 0.053034
v -0.035800 0.015238 0.067286
v -0.018893 0.000593 0.053705
v -0.035879 0.014449 0.067958
v -0.019268 -0.000286 0.054114
v -0.036254 0.013570 0.068367
v -0.019880 -0.001122 0.054197
v -0.036866 0.012734 0.068450
v -0.020637 -0.001787 0.053941
v -0.037623 0.012069 0.068194
v -0.021423 -0.002180 0.053386
v -0.038409 0.011676 0.067639
v -0.022119 -0.002241 0.052617
v -0.039105 0.011615 0.066870
v -0.022618 -0.001961 0.051749
v -0.039604 0.011895 0.066002
v -0.022845 -0.001382 0.050916
v -0.039831 0.012473 0.065169
v -0.022766 -0.000593 0.050244
v -0.039752 0.013262 0.064497
v -0.022391 0.000286 0.049836
v -0.039377 0.014141 0.064089
v -0.021779 0.001122 0.049753
v -0.038765 0.014977 0.064006
v -0.021022 0.001787 0.050009
v -0.038008 0.015642 0.064261
v -0.037754 0.015228 0.065174
v -0.039721 0.026686 0.079981
v -0.037100 0.015147 0.065323
v -0.039067 0.026605 0.080131
v -0.036555 0.014870 0.065611
v -0.038522 0.026327 0.080418
v -0.036202 0.014438 0.065992
v -0.038169 0.025895 0.080799
v -0.036095 0.013917 0.066409
v -0.038062 0.025375 0.081216
v -0.036249 0.013387 0.066798
v -0.038216 0.024845 0.081606
v -0.036642 0.012929 0.067101
v -0.038609 0.024386 0.081908
v -0.037214 0.012611 0.067271
v -0.039181 0.024069 0.082078
v -0.037877 0.012483 0.067282
v -0.039844 0.023941 0.082089
v -0.038531 0.012564 0.067132
v -0.040498 0.024022 0.081940
v -0.039076 0.012842 0.066845
v -0.041043 0.024299 0.081652
v -0.039429 0.013273 0.066464
v -0.041396 0.024731 0.081271
v -0.039536 0.013794 0.066047
v -0.041503 0.025252 0.080854
v -0.039382 0.014324 0.065657
v -0.041349 0.025782 0.080465
v -0.038989 0.014782 0.065355
v -0.040956 0.026240 0.080162
v -0.038417 0.015100 0.065185
v -0.040384 0.026558 0.079992
v -0.037828 0.015587 0.066262
v -0.049447 0.015211 0.081070
v -0.037305 0.015450 0.066669
v -0.048925 0.015075 0.081476
v -0.036861 0.015071 0.067008
v -0.048480 0.014696 0.081815
v -0.036562 0.014507 0.067228
v -0.048181 0.014131 0.082036
v -0.036453 0.013844 0.067296
v -0.048073 0.013468 0.082104
v -0.036552 0.013182 0.067202
v -0.048172 0.012807 0.082009
v -0.036844 0.012623 0.066959
v -0.048463 0.012248 0.081766
v -0.037283 0.012252 0.066605
v -0.048903 0.011876 0.081412
v -0.037804 0.012125 0.066193
v -0.049423 0.011749 0.081001
v -0.038326 0.012261 0.065787
v -0.049945 0.011885 0.080594
v -0.038770 0.012640 0.065448
v -0.050390 0.012264 0.080255
v -0.039070 0.013204 0.065227
v -0.050689 0.012829 0.080035
v -0.039178 0.013868 0.065159
v -0.050797 0.013492 0.079967
v -0.039079 0.014529 0.065254
v -0.050698 0.014154 0.080061
v -0.038787 0.015088 0.065497
v -0.050407 0.014713 0.080304
v -0.038348 0.015459 0.065851
v -0.049967 0.015084 0.080658
v -0.037426 0.015482 0.065778
v -0.055495 0.020368 0.067783
v -0.037345 0.015507 0.066449
v -0.055414 0.020393 0.068454
v -0.037335 0.015281 0.067085
v -0.055405 0.020167 0.069090
v -0.037399 0.014838 0.067591
v -0.055468 0.019724 0.069596
v -0.037526 0.014245 0.067890
v -0.055595 0.019131 0.069895
v -0.037697 0.013593 0.067935
v -0.055767 0.018480 0.069940
v -0.037886 0.012981 0.067721
v -0.055956 0.017867 0.069726
v -0.038065 0.012503 0.067279
v -0.056134 0.017389 0.069284
v -0.038205 0.012230 0.066677
v -0.056275 0.017116 0.068682
v -0.038287 0.012204 0.066007
v -0.056356 0.017090 0.068012
v -0.038296 0.012430 0.065370
v -0.056366 0.017316 0.067375
v -0.038233 0.012873 0.064864
v -0.056302 0.017759 0.066869
v -0.038105 0.013466 0.064566
v -0.056175 0.018352 0.066571
v -0.037934 0.014118 0.064520
v -0.056004 0.019004 0.066525
v -0.037745 0.014730 0.064735
v -0.055815 0.019616 0.066740
v -0.037566 0.015209 0.065177
v -0.055636 0.020095 0.067182
v -0.037194 0.014353 0.064690
v -0.045612 0.031072 0.066695
v -0.036699 0.014553 0.065103
v -0.045116 0.031272 0.067108
v -0.036373 0.014647 0.065688
v -0.044790 0.031366 0.067693
v -0.036267 0.014620 0.066355
v -0.044685 0.031339 0.068360
v -0.036397 0.014477 0.067002
v -0.044814 0.031196 0.069007
v -0.036743 0.014239 0.067531
v -0.045160 0.030959 0.069537
v -0.037252 0.013943 0.067863
v -0.045669 0.030663 0.069868
v -0.037847 0.013634 0.067945
v -0.046264 0.030353 0.069950
v -0.038437 0.013358 0.067766
v -0.046854 0.030078 0.069771
v -0.038933 0.013158 0.067352
v -0.047350 0.029878 0.069357
v -0.039258 0.013065 0.066768
v -0.047675 0.029784 0.068773
v -0.039364 0.013091 0.066101
v -0.047781 0.029810 0.068106
v -0.039234 0.013234 0.065454
v -0.047652 0.029953 0.067459
v -0.038888 0.013472 0.064924
v -0.047306 0.030191 0.066929
v -0.038379 0.013768 0.064593
v -0.046797 0.030487 0.066598
v -0.037784 0.014077 0.064511
v -0.046202 0.030796 0.066516
vn 0.0981 0.9952 -0.0000
vn 0.2903 0.9569 -0.0000
vn 0.4713 0.8820 -0.0000
vn 0.6344 0.7730 -0.0000
vn 0.7730 0.6344 -0.0000
vn 0.8820 0.4713 -0.0000
vn 0.9569 0.2903 -0.0000
vn 0.9952 0.0981 -0.0000
vn 0.9952 -0.0981 -0.0000
vn 0.9569 -0.2903 -0.0000
vn 0.8820 -0.4713 -0.0000
vn 0.7730 -0.6344 -0.0000
vn 0.6344 -0.7730 -0.0000
vn 0.4713 -0.8820 -0.0000
vn 0.2903 -0.9569 -0.0000
vn 0.0981 -0.9952 -0.0000
vn -0.0981 -0.9952 -0.0000
vn -0.2903 -0.9569 -0.0000
vn -0.4713 -0.8820 -0.0000
vn -0.6344 -0.7730 -0.0000
vn -0.7730 -0.6344 -0.0000
vn -0.8820 -0.4713 -0.0000
vn -0.9569 -0.2903 -0.0000
vn -0.9952 -0.0981 -0.0000
vn -0.9952 0.0981 -0.0000
vn -0.9569 0.2903 -0.0000
vn -0.8820 0.4713 -0.0000
vn -0.7730 0.6344 -0.0000
vn -0.6344 0.7730 -0.0000
vn -0.4713 0.8820 -0.0000
vn -0.0000 -0.0000 1.0000
vn -0.2903 0.9569 -0.0000
vn -0.0981 0.9952 -0.0000
vn -0.0000 -0.0000 -1.0000
vn 0.1951 0.9808 -0.0000
vn 0.5557 0.8314 -0.0000
vn 0.8314 0.5557 -0.0000
vn 0.9808 0.1951 -0.0000
vn 0.9808 -0.1951 -0.0000
vn 0.8314 -0.5557 -0.0000
vn 0.5557 -0.8314 -0.0000
vn 0.1951 -0.9808 -0.0000
vn -0.1951 -0.9808 -0.0000
vn -0.5557 -0.8314 -0.0000
vn -0.8314 -0.5557 -0.0000
vn -0.9808 -0.1951 -0.0000
vn -0.9808 0.1951 -0.0000
vn -0.8314 0.5557 -0.0000
vn -0.5557 0.8314 -0.0000
vn -0.1951 0.9808 -0.0000
vn 0.1598 0.9808 -0.1119
vn 0.4550 0.8316 -0.3186
vn 0.6811 0.5556 -0.4769
vn 0.8034 0.1951 -0.5626
vn 0.8034 -0.1951 -0.5626
vn 0.6811 -0.5556 -0.4769
vn 0.4550 -0.8316 -0.3186
vn 0.1598 -0.9808 -0.1119
vn -0.1598 -0.9808 0.1119
vn -0.4551 -0.8314 0.3187
vn -0.6812 -0.5554 0.4770
vn -0.8033 -0.1948 0.5628
vn -0.8033 0.1948 0.5628
vn -0.6812 0.5554 0.4770
vn 0.5736 -0.0000 0.8191
vn -0.4549 0.8316 0.3186
vn -0.1598 0.9808 0.1119
vn -0.5736 -0.0000 -0.8191
vn 0.1991 0.9576 0.2083
vn 0.5584 0.8135 0.1626
vn 0.8333 0.5451 0.0921
vn 0.9809 0.1942 0.0077
vn 0.9794 -0.1862 -0.0779
vn 0.8286 -0.5388 -0.1517
vn 0.5520 -0.8089 -0.2024
vn 0.1913 -0.9560 -0.2222
vn -0.1991 -0.9576 -0.2083
vn -0.5584 -0.8135 -0.1626
vn -0.8332 -0.5452 -0.0922
vn -0.9809 -0.1943 -0.0077
vn -0.9794 0.1861 0.0778
vn -0.8287 0.5387 0.1517
vn 0.0357 -0.2196 0.9749
vn -0.5523 0.8087 0.2023
vn -0.1912 0.9561 0.2223
vn -0.0358 0.2196 -0.9749
vn 0.2081 0.9764 -0.0578
vn 0.5276 0.8409 0.1206
vn 0.7669 0.5772 0.2806
vn 0.8893 0.2255 0.3979
vn 0.8763 -0.1598 0.4546
vn 0.7297 -0.5217 0.4420
vn 0.4722 -0.8036 0.3622
vn 0.1428 -0.9633 0.2273
vn -0.2081 -0.9764 0.0578
vn -0.5280 -0.8406 -0.1208
vn -0.7669 -0.5772 -0.2807
vn -0.8892 -0.2256 -0.3979
vn -0.8762 0.1601 -0.4546
vn -0.7297 0.5217 -0.4420
vn -0.4346 0.1453 0.8889
vn -0.4721 0.8037 -0.3622
vn -0.1428 0.9633 -0.2272
vn 0.4346 -0.1452 -0.8888
vn 0.1288 0.9309 -0.3418
vn 0.4720 0.7681 -0.4326
vn 0.7428 0.4888 -0.4575
vn 0.9008 0.1346 -0.4127
vn 0.9217 -0.2396 -0.3052
vn 0.8021 -0.5777 -0.1512
vn 0.5606 -0.8277 0.0259
vn 0.2334 -0.9518 0.1991
vn -0.1291 -0.9308 0.3419
vn -0.4718 -0.7683 0.4326
vn -0.7428 -0.4888 0.4575
vn -0.9008 -0.1350 0.4128
vn -0.9216 0.2397 0.3051
vn -0.8023 0.5775 0.1513
vn 0.3660 0.2757 0.8888
vn -0.5607 0.8276 -0.0258
vn -0.2337 0.9517 -0.1990
vn -0.3661 -0.2756 -0.8888
vn 0.3104 0.8629 0.3988
vn 0.5974 0.7885 0.1460
vn 0.7939 0.5941 -0.1293
vn 0.8696 0.3089 -0.3852
vn 0.8127 -0.0230 -0.5822
vn 0.6319 -0.3518 -0.6906
vn 0.3552 -0.6266 -0.6937
vn 0.0243 -0.8061 -0.5913
vn -0.3103 -0.8629 -0.3989
vn -0.5976 -0.7884 -0.1459
vn -0.7940 -0.5940 0.1295
vn -0.8696 -0.3090 0.3851
vn -0.8127 0.0229 0.5822
vn -0.6321 0.3515 0.6906
vn 0.4932 -0.5049 0.7084
vn -0.3552 0.6265 0.6938
vn -0.0244 0.8060 0.5914
vn -0.4932 0.5048 -0.7084
vn 0.0722 0.7268 0.6831
vn 0.4297 0.5716 0.6990
vn 0.7219 0.3294 0.6086
vn 0.9042 0.0370 0.4255
vn 0.9488 -0.2613 0.1774
vn 0.8490 -0.5194 -0.0973
vn 0.6197 -0.6987 -0.3575
vn 0.2961 -0.7714 -0.5633
vn -0.0723 -0.7267 -0.6831
vn -0.4296 -0.5716 -0.6990
vn -0.4297 -0.5716 -0.6990
vn -0.7219 -0.3294 -0.6086
vn -0.9042 -0.0370 -0.4255
vn -0.9489 0.2609 -0.1778
vn -0.8489 0.5196 0.0976
vn -0.3075 -0.6353 0.7084
vn -0.6200 0.6985 0.3573
vn -0.2964 0.7714 0.5631
vn 0.3075 0.6353 -0.7085
vn 0.1020 0.8108 -0.5763
vn 0.4583 0.6541 -0.6018
vn 0.7451 0.3975 -0.5355
vn 0.9183 0.0805 -0.3877
vn 0.9515 -0.2488 -0.1809
vn 0.8402 -0.5397 0.0531
vn 0.6007 -0.7490 0.2795
vn 0.2695 -0.8442 0.4633
vn -0.1020 -0.8108 0.5763
vn -0.4585 -0.6540 0.6017
vn -0.7452 -0.3975 0.5355
vn -0.9181 -0.0808 0.3879
vn -0.9516 0.2484 0.1812
vn -0.8400 0.5400 -0.0533
vn 0.2900 0.5299 0.7970
vn -0.6007 0.7491 -0.2795
vn -0.2695 0.8442 -0.4633
vn -0.2901 -0.5299 -0.7969
vn 0.1855 0.9817 -0.0423
vn 0.5076 0.8364 -0.2066
vn 0.7530 0.5636 -0.3398
vn 0.8836 0.2048 -0.4211
vn 0.8796 -0.1849 -0.4384
vn 0.7414 -0.5469 -0.3888
vn 0.4911 -0.8248 -0.2802
vn 0.1655 -0.9777 -0.1289
vn -0.1854 -0.9818 0.0422
vn -0.5078 -0.8363 0.2067
vn -0.7531 -0.5634 0.3398
vn -0.8836 -0.2048 0.4211
vn -0.8796 0.1849 0.4384
vn -0.7418 0.5463 0.3889
vn 0.4381 -0.0442 0.8978
vn -0.4908 0.8250 0.2801
vn -0.1655 0.9777 0.1289
vn -0.4382 0.0442 -0.8978
vn 0.2360 0.9289 -0.2854
vn 0.5749 0.8070 -0.1352
vn 0.8265 0.5618 0.0356
vn 0.9519 0.2316 0.2008
vn 0.9324 -0.1341 0.3355
vn 0.7713 -0.4790 0.4191
vn 0.4923 -0.7516 0.4390
vn 0.1385 -0.9095 0.3920
vn -0.2363 -0.9289 0.2852
vn -0.5748 -0.8071 0.1352
vn -0.8263 -0.5621 -0.0354
vn -0.9519 -0.2317 -0.2006
vn -0.9325 0.1341 -0.3355
vn -0.7710 0.4795 -0.4191
vn -0.2734 0.3453 0.8978
vn -0.4924 0.7516 -0.4390
vn -0.1387 0.9094 -0.3920
vn 0.2734 -0.3453 -0.8978
vn 0.1713 0.3962 -0.9020
vn 0.5351 0.3265 -0.7791
vn 0.8173 0.2072 -0.5377
vn 0.9751 0.0563 -0.2144
vn 0.9845 -0.1033 0.1417
vn 0.8438 -0.2471 0.4763
vn 0.5749 -0.3532 0.7381
vn 0.2184 -0.4056 0.8876
vn -0.1716 -0.3962 0.9020
vn -0.5350 -0.3266 0.7792
vn -0.8172 -0.2072 0.5378
vn -0.9752 -0.0562 0.2142
vn -0.9845 0.1034 -0.1419
vn -0.8441 0.2469 -0.4760
vn 0.0370 0.9123 0.4079
vn -0.5750 0.3532 -0.7380
vn -0.2180 0.4056 -0.8877
vn -0.0370 -0.9123 -0.4078
vn -0.1552 0.7361 -0.6589
vn 0.1034 0.5155 -0.8507
vn 0.3461 0.2165 -0.9129
vn 0.5362 -0.1156 -0.8361
vn 0.6447 -0.4300 -0.6321
vn 0.6550 -0.6789 -0.3318
vn 0.5656 -0.8245 0.0190
vn 0.3899 -0.8445 0.3671
vn 0.1552 -0.7361 0.6589
vn -0.1034 -0.5155 0.8507
vn -0.3463 -0.2162 0.9129
vn -0.5362 0.1156 0.8361
vn -0.6447 0.4300 0.6321
vn -0.6550 0.6787 0.3320
vn 0.7486 0.5228 0.4078
vn -0.5656 0.8245 -0.0189
vn -0.3901 0.8445 -0.3669
vn -0.7486 -0.5228 -0.4079
vn -0.0639 0.9179 -0.3916
vn 0.1028 0.7215 -0.6847
vn 0.2539 0.4152 -0.8736
vn 0.3663 0.0458 -0.9294
vn 0.4229 -0.3307 -0.8437
vn 0.4152 -0.6565 -0.6298
vn 0.3441 -0.8829 -0.3195
vn 0.2210 -0.9745 0.0386
vn 0.0639 -0.9179 0.3916
vn -0.1028 -0.7216 0.6847
vn -0.2538 -0.4154 0.8735
vn -0.3663 -0.0461 0.9294
vn -0.4229 0.3307 0.8436
vn -0.4151 0.6566 0.6297
vn 0.9039 0.2194 0.3671
vn -0.3442 0.8828 0.3197
vn -0.2209 0.9745 -0.0387
vn -0.9039 -0.2195 -0.3671
vn 0.2401 0.9645 0.1100
vn 0.4827 0.8578 -0.1766
vn 0.6516 0.6205 -0.4363
vn 0.7213 0.2886 -0.6296
vn 0.6813 -0.0868 -0.7269
vn 0.5375 -0.4494 -0.7136
vn 0.3116 -0.7437 -0.5915
vn 0.0386 -0.9244 -0.3795
vn -0.2402 -0.9645 -0.1098
vn -0.4827 -0.8577 0.1768
vn -0.6516 -0.6204 0.4364
vn -0.7214 -0.2888 0.6295
vn -0.6812 0.0871 0.7269
vn -0.5375 0.4494 0.7135
vn 0.6915 -0.2495 0.6779
vn -0.3117 0.7435 0.5916
vn -0.0386 0.9244 0.3795
vn -0.6915 0.2493 -0.6779
vn 0.0084 0.7798 -0.6260
vn 0.3392 0.5985 -0.7258
vn 0.6183 0.3259 -0.7151
vn 0.8032 0.0040 -0.5957
vn 0.8659 -0.3188 -0.3855
vn 0.7967 -0.5931 -0.1164
vn 0.6064 -0.7768 0.1701
vn 0.3233 -0.8424 0.4310
vn -0.0085 -0.7798 0.6260
vn -0.3392 -0.5984 0.7258
vn -0.6183 -0.3259 0.7151
vn -0.8033 -0.0039 0.5956
vn -0.8659 0.3188 0.3854
vn -0.7968 0.5929 0.1165
vn 0.5001 0.5389 0.6779
vn -0.6064 0.7767 -0.1700
vn -0.3236 0.8424 -0.4309
vn -0.5000 -0.5388 -0.6780
vn -0.4471 0.4851 -0.7515
vn -0.2525 0.2084 -0.9449
vn -0.0187 -0.1008 -0.9947
vn 0.2173 -0.3940 -0.8931
vn 0.4205 -0.6274 -0.6555
vn 0.5596 -0.7653 -0.3182
vn 0.6136 -0.7867 0.0682
vn 0.5741 -0.6884 0.4432
vn 0.4473 -0.4853 0.7513
vn 0.2525 -0.2084 0.9449
vn 0.0188 0.1007 0.9947
vn -0.2175 0.3942 0.8929
vn -0.4204 0.6274 0.6555
vn -0.5596 0.7653 0.3181
vn 0.7894 0.6091 -0.0766
vn -0.6136 0.7867 -0.0677
vn -0.5741 0.6885 -0.4431
vn -0.7894 -0.6090 0.0766
vn 0.1785 0.9838 -0.0157
vn 0.1350 0.9084 -0.3958
vn 0.0710 0.6945 -0.7160
vn -0.0039 0.3750 -0.9270
vn -0.0781 -0.0015 -0.9969
vn -0.1405 -0.3780 -0.9151
vn -0.1815 -0.6968 -0.6939
vn -0.1948 -0.9095 -0.3672
vn -0.1785 -0.9838 0.0161
vn -0.1350 -0.9083 0.3960
vn -0.0709 -0.6945 0.7160
vn 0.0039 -0.3750 0.9270
vn 0.0781 0.0017 0.9969
vn 0.1405 0.3781 0.9150
vn 0.9808 -0.1792 -0.0765
vn 0.1815 0.6968 0.6939
vn 0.1948 0.9096 0.3669
vn -0.9808 0.1792 0.0766
vn 0.3602 0.8460 0.3931
vn 0.5891 0.8041 0.0798
vn 0.7280 0.6400 -0.2457
vn 0.7564 0.3786 -0.5334
vn 0.6694 0.0588 -0.7406
vn 0.4805 -0.2693 -0.8346
vn 0.2185 -0.5566 -0.8015
vn -0.0766 -0.7590 -0.6465
vn -0.3604 -0.8460 -0.3928
vn -0.5891 -0.8041 -0.0797
vn -0.7281 -0.6398 0.2458
vn -0.7564 -0.3784 0.5336
vn -0.6695 -0.0590 0.7405
vn -0.4805 0.2693 0.8346
vn 0.6496 -0.5300 0.5451
vn -0.2182 0.5569 0.8014
vn 0.0769 0.7591 0.6464
vn -0.6496 0.5299 -0.5452
vn 0.2289 0.7844 0.5765
vn 0.5819 0.6788 0.4479
vn 0.8460 0.4701 0.2514
vn 0.9818 0.1894 0.0162
vn 0.9679 -0.1197 -0.2212
vn 0.8067 -0.4107 -0.4249
vn 0.5225 -0.6393 -0.5641
vn 0.1590 -0.7705 -0.6173
vn -0.2289 -0.7844 -0.5765
vn -0.5819 -0.6788 -0.4479
vn -0.8462 -0.4699 -0.2512
vn -0.9818 -0.1895 -0.0162
vn -0.9679 0.1197 0.2212
vn -0.8065 0.4109 0.4251
vn 0.1045 -0.6086 0.7865
vn -0.5225 0.6393 0.5641
vn -0.1590 0.7705 0.6173
vn -0.1045 0.6086 -0.7865
vn 0.1464 0.9793 -0.1397
vn 0.4313 0.8275 -0.3595
vn 0.6503 0.5498 -0.5242
vn 0.7703 0.1883 -0.6092
vn 0.7730 -0.2016 -0.6015
vn 0.6579 -0.5613 -0.5021
vn 0.4428 -0.8351 -0.3263
vn 0.1604 -0.9819 -0.1009
vn -0.1468 -0.9792 0.1401
vn -0.4314 -0.8275 0.3595
vn -0.6505 -0.5494 0.5244
vn -0.7703 -0.1885 0.6092
vn -0.7730 0.2016 0.6015
vn -0.6579 0.5613 0.5021
vn 0.6172 0.0200 0.7866
vn -0.4426 0.8353 0.3262
vn -0.1604 0.9819 0.1009
vn -0.6173 -0.0197 -0.7865
vn 0.2535 0.9650 0.0674
vn 0.2802 0.9060 -0.3173
vn 0.2643 0.7090 -0.6539
vn 0.2081 0.4039 -0.8908
vn 0.1203 0.0378 -0.9920
vn 0.0141 -0.3346 -0.9422
vn -0.0942 -0.6559 -0.7490
vn -0.1882 -0.8772 -0.4417
vn -0.2535 -0.9650 -0.0672
vn -0.2802 -0.9058 0.3177
vn -0.2643 -0.7090 0.6539
vn -0.2081 -0.4040 0.8908
vn -0.1202 -0.0375 0.9920
vn -0.0141 0.3345 0.9423
vn 0.9598 -0.2595 0.1066
vn 0.0942 0.6558 0.7490
vn 0.1882 0.8772 0.4417
vn -0.9599 0.2595 -0.1065
vn 0.5122 0.3518 0.7835
vn 0.7536 0.4382 0.4900
vn 0.8806 0.4580 0.1221
vn 0.8736 0.4081 -0.2650
vn 0.7336 0.2960 -0.6118
vn 0.4819 0.1389 -0.8652
vn 0.1568 -0.0394 -0.9868
vn -0.1918 -0.2115 -0.9584
vn -0.5118 -0.3517 -0.7838
vn -0.7535 -0.4381 -0.4903
vn -0.8807 -0.4579 -0.1213
vn -0.8736 -0.4081 0.2650
vn -0.7335 -0.2958 0.6120
vn -0.4819 -0.1388 0.8651
vn 0.4472 -0.8881 0.1064
vn -0.1566 0.0395 0.9869
vn 0.1920 0.2116 0.9583
vn -0.4472 0.8881 -0.1065
vn 0.1952 0.8034 0.5625
vn 0.5556 0.6811 0.4769
vn 0.8316 0.4549 0.3186
vn 0.9808 0.1598 0.1119
vn 0.9808 -0.1598 -0.1119
vn 0.8316 -0.4550 -0.3186
vn 0.5554 -0.6812 -0.4770
vn 0.1951 -0.8034 -0.5626
vn -0.1951 -0.8034 -0.5626
vn -0.5554 -0.6812 -0.4770
vn -0.8316 -0.4550 -0.3186
vn -0.9808 -0.1598 -0.1119
vn -0.9808 0.1598 0.1119
vn -0.8316 0.4549 0.3186
vn -0.0000 -0.5736 0.8191
vn -0.5556 0.6811 0.4769
vn -0.1952 0.8034 0.5625
vn -0.0000 0.5736 -0.8191
vn 0.1861 0.9794 0.0778
vn 0.5387 0.8287 0.1517
vn 0.8089 0.5520 0.2024
vn 0.9561 0.1912 0.2223
vn 0.9576 -0.1991 0.2083
vn 0.8135 -0.5584 0.1626
vn 0.5451 -0.8333 0.0921
vn 0.1942 -0.9809 0.0077
vn -0.1862 -0.9794 -0.0779
vn -0.5387 -0.8288 -0.1517
vn -0.8089 -0.5520 -0.2024
vn -0.9560 -0.1913 -0.2222
vn -0.9576 0.1991 -0.2083
vn -0.8134 0.5585 -0.1626
vn -0.2196 -0.0357 0.9749
vn -0.5452 0.8332 -0.0922
vn -0.1943 0.9809 -0.0077
vn 0.2196 0.0358 -0.9749
vn 0.1597 0.8763 -0.4545
vn 0.5216 0.7298 -0.4420
vn 0.8037 0.4721 -0.3622
vn 0.9633 0.1429 -0.2272
vn 0.9764 -0.2081 -0.0578
vn 0.8406 -0.5280 0.1208
vn 0.5772 -0.7669 0.2806
vn 0.2255 -0.8893 0.3979
vn -0.1598 -0.8763 0.4546
vn -0.5217 -0.7297 0.4420
vn -0.8036 -0.4722 0.3622
vn -0.9633 -0.1428 0.2273
vn -0.9763 0.2084 0.0577
vn -0.8406 0.5280 -0.1208
vn 0.1453 0.4346 0.8889
vn -0.5772 0.7669 -0.2807
vn -0.2258 0.8892 -0.3979
vn -0.1452 -0.4346 -0.8888
vn 0.2393 0.9217 0.3054
vn 0.5776 0.8022 0.1512
vn 0.8276 0.5607 -0.0258
vn 0.9517 0.2341 -0.1988
vn 0.9309 -0.1288 -0.3418
vn 0.7683 -0.4717 -0.4326
vn 0.4887 -0.7429 -0.4575
vn 0.1346 -0.9008 -0.4127
vn -0.2396 -0.9217 -0.3052
vn -0.5777 -0.8021 -0.1512
vn -0.8275 -0.5608 0.0258
vn -0.9518 -0.2334 0.1991
vn -0.9308 0.1291 0.3419
vn -0.7684 0.4717 0.4326
vn 0.2757 -0.3660 0.8888
vn -0.4888 0.7428 0.4575
vn -0.1350 0.9008 0.4128
vn -0.2756 0.3661 -0.8888
vn 0.0233 0.8126 0.5823
vn 0.3514 0.6322 0.6906
vn 0.6267 0.3550 0.6937
vn 0.8060 0.0246 0.5915
vn 0.8629 -0.3104 0.3988
vn 0.7885 -0.5974 0.1460
vn 0.5939 -0.7940 -0.1295
vn 0.3089 -0.8696 -0.3852
vn -0.0230 -0.8127 -0.5822
vn -0.3518 -0.6319 -0.6906
vn -0.6263 -0.3555 -0.6938
vn -0.8061 -0.0243 -0.5913
vn -0.8629 0.3103 -0.3989
vn -0.7884 0.5977 -0.1457
vn -0.5049 -0.4932 0.7084
vn -0.5939 0.7940 0.1295
vn -0.3088 0.8696 0.3853
vn 0.5048 0.4932 -0.7084
vn 0.2609 0.9489 -0.1778
vn 0.5194 0.8490 0.0973
vn 0.6987 0.6197 0.3576
vn 0.7714 0.2964 0.5631
vn 0.7268 -0.0722 0.6831
vn 0.5716 -0.4296 0.6990
vn 0.3294 -0.7219 0.6086
vn 0.0370 -0.9042 0.4255
vn -0.2613 -0.9488 0.1774
vn -0.5193 -0.8490 -0.0973
vn -0.6985 -0.6201 -0.3573
vn -0.7714 -0.2961 -0.5633
vn -0.7267 0.0723 -0.6831
vn -0.5715 0.4298 -0.6990
vn -0.6353 0.3075 0.7084
vn -0.3293 0.7219 -0.6086
vn -0.0370 0.9042 -0.4255
vn 0.6353 -0.3075 -0.7085
vn 0.2484 0.9516 0.1812
vn 0.5399 0.8400 -0.0533
vn 0.7490 0.6008 -0.2794
vn 0.8442 0.2695 -0.4633
vn 0.8108 -0.1020 -0.5763
vn 0.6541 -0.4583 -0.6018
vn 0.3975 -0.7451 -0.5355
vn 0.0805 -0.9183 -0.3877
vn -0.2484 -0.9516 -0.1812
vn -0.5397 -0.8402 0.0531
vn -0.7490 -0.6007 0.2795
vn -0.8442 -0.2698 0.4631
vn -0.8108 0.1020 0.5763
vn -0.6540 0.4585 0.6017
vn 0.5299 -0.2900 0.7970
vn -0.3974 0.7452 0.5355
vn -0.0808 0.9181 0.3879
vn -0.5299 0.2901 -0.7969
vn 0.1845 0.8796 0.4384
vn 0.5463 0.7418 0.3889
vn 0.8249 0.4909 0.2802
vn 0.9777 0.1655 0.1289
vn 0.9818 -0.1852 -0.0421
vn 0.8364 -0.5076 -0.2066
vn 0.5636 -0.7530 -0.3398
vn 0.2049 -0.8835 -0.4211
vn -0.1849 -0.8796 -0.4384
vn -0.5465 -0.7417 -0.3889
vn -0.8248 -0.4911 -0.2802
vn -0.9777 -0.1655 -0.1289
vn -0.9818 0.1854 0.0422
vn -0.8363 0.5078 0.2067
vn -0.0442 -0.4381 0.8978
vn -0.5634 0.7531 0.3398
vn -0.2053 0.8835 0.4211
vn 0.0442 0.4382 -0.8978
vn 0.1033 0.9845 -0.1416
vn 0.2470 0.8440 -0.4761
vn 0.3532 0.5750 -0.7380
vn 0.4056 0.2180 -0.8877
vn 0.3962 -0.1713 -0.9020
vn 0.3265 -0.5351 -0.7791
vn 0.2070 -0.8176 -0.5373
vn 0.0563 -0.9751 -0.2144
vn -0.1032 -0.9845 0.1415
vn -0.2469 -0.8441 0.4759
vn -0.3532 -0.5750 0.7380
vn -0.4056 -0.2184 0.8876
vn -0.3962 0.1714 0.9020
vn -0.3265 0.5351 0.7792
vn 0.9123 -0.0370 0.4079
vn -0.2072 0.8175 0.5374
vn -0.0562 0.9752 0.2142
vn -0.9123 0.0370 -0.4078
vn 0.4300 0.6447 0.6321
vn 0.6787 0.6550 0.3320
vn 0.8245 0.5655 -0.0190
vn 0.8446 0.3901 -0.3669
vn 0.7361 0.1552 -0.6589
vn 0.5155 -0.1034 -0.8507
vn 0.2165 -0.3461 -0.9129
vn -0.1156 -0.5362 -0.8361
vn -0.4300 -0.6447 -0.6321
vn -0.6788 -0.6550 -0.3319
vn -0.8244 -0.5656 0.0188
vn -0.8445 -0.3899 0.3671
vn -0.7361 -0.1552 0.6589
vn -0.5154 0.1034 0.8507
vn 0.5228 -0.7486 0.4078
vn -0.2166 0.3460 0.9129
vn 0.1156 0.5362 0.8361
vn -0.5228 0.7486 -0.4079
vn 0.3303 0.4229 0.8439
vn 0.6566 0.4151 0.6297
vn 0.8829 0.3442 0.3196
vn 0.9745 0.2209 -0.0387
vn 0.9179 0.0639 -0.3916
vn 0.7215 -0.1028 -0.6847
vn 0.4153 -0.2539 -0.8735
vn 0.0458 -0.3663 -0.9294
vn -0.3307 -0.4229 -0.8437
vn -0.6565 -0.4152 -0.6298
vn -0.8829 -0.3441 -0.3195
vn -0.9745 -0.2208 0.0389
vn -0.9180 -0.0640 0.3914
vn -0.7216 0.1028 0.6847
vn 0.2194 -0.9039 0.3671
vn -0.4154 0.2538 0.8735
vn -0.0460 0.3663 0.9294
vn -0.2195 0.9039 -0.3671
vn 0.0868 0.6813 0.7268
vn 0.4495 0.5374 0.7135
vn 0.7435 0.3117 0.5916
vn 0.9243 0.0388 0.3797
vn 0.9645 -0.2401 0.1100
vn 0.8578 -0.4827 -0.1766
vn 0.6205 -0.6516 -0.4363
vn 0.2886 -0.7213 -0.6296
vn -0.0868 -0.6813 -0.7269
vn -0.4497 -0.5373 -0.7135
vn -0.7437 -0.3116 -0.5915
vn -0.9244 -0.0386 -0.3795
vn -0.9644 0.2406 -0.1095
vn -0.8578 0.4826 0.1767
vn -0.2495 -0.6915 0.6779
vn -0.6205 0.6516 0.4363
vn -0.2889 0.7213 0.6294
vn 0.2497 0.6915 -0.6779
vn 0.3187 0.8659 0.3855
vn 0.5929 0.7968 0.1165
vn 0.7768 0.6063 -0.1702
vn 0.8424 0.3236 -0.4309
vn 0.7798 -0.0084 -0.6260
vn 0.5981 -0.3396 -0.7259
vn 0.3260 -0.6183 -0.7152
vn 0.0040 -0.8032 -0.5957
vn -0.3187 -0.8659 -0.3856
vn -0.5931 -0.7967 -0.1164
vn -0.7768 -0.6063 0.1702
vn -0.8424 -0.3233 0.4311
vn -0.7798 0.0085 0.6260
vn -0.5984 0.3392 0.7258
vn 0.5389 -0.5001 0.6779
vn -0.3259 0.6183 0.7151
vn -0.0039 0.8033 0.5956
vn -0.5388 0.5000 -0.6780
vn 0.6274 0.4204 0.6555
vn 0.7654 0.5597 0.3178
vn 0.7867 0.6136 -0.0677
vn 0.6884 0.5741 -0.4433
vn 0.4851 0.4471 -0.7515
vn 0.2084 0.2525 -0.9449
vn -0.1005 0.0189 -0.9948
vn -0.3940 -0.2173 -0.8931
vn -0.6274 -0.4205 -0.6554
vn -0.7653 -0.5596 -0.3182
vn -0.7867 -0.6136 0.0682
vn -0.6883 -0.5740 0.4435
vn -0.4851 -0.4470 0.7516
vn -0.2084 -0.2525 0.9449
vn 0.6091 -0.7894 -0.0766
vn 0.1007 -0.0188 0.9947
vn 0.3940 0.2173 0.8931
vn -0.6090 0.7894 0.0766
vn 0.0017 -0.0781 0.9969
vn 0.3781 -0.1405 0.9150
vn 0.6968 -0.1815 0.6939
vn 0.9096 -0.1948 0.3669
vn 0.9838 -0.1785 -0.0157
vn 0.9083 -0.1350 -0.3959
vn 0.6945 -0.0710 -0.7160
vn 0.3750 0.0039 -0.9270
vn -0.0016 0.0781 -0.9969
vn -0.3780 0.1405 -0.9151
vn -0.6968 0.1815 -0.6939
vn -0.9094 0.1948 -0.3675
vn -0.9838 0.1785 0.0161
vn -0.9083 0.1350 0.3960
vn -0.1792 -0.9808 -0.0765
vn -0.6945 0.0709 0.7160
vn -0.3750 -0.0039 0.9270
vn 0.1792 0.9808 0.0766
vn -0.0590 0.6695 0.7405
vn 0.2694 0.4805 0.8346
vn 0.5567 0.2185 0.8015
vn 0.7590 -0.0766 0.6465
vn 0.8460 -0.3602 0.3931
vn 0.8040 -0.5893 0.0794
vn 0.6398 -0.7282 -0.2459
vn 0.3782 -0.7564 -0.5337
vn 0.0589 -0.6694 -0.7405
vn -0.2694 -0.4804 -0.8346
vn -0.5567 -0.2185 -0.8015
vn -0.7590 0.0766 -0.6465
vn -0.8460 0.3605 -0.3928
vn -0.8041 0.5892 -0.0794
vn -0.5300 -0.6496 0.5451
vn -0.6398 0.7281 0.2458
vn -0.3784 0.7564 0.5336
vn 0.5299 0.6496 -0.5452
vn 0.1198 0.9678 0.2213
vn 0.4109 0.8065 0.4251
vn 0.6393 0.5225 0.5641
vn 0.7705 0.1590 0.6173
vn 0.7844 -0.2289 0.5765
vn 0.6788 -0.5819 0.4479
vn 0.4701 -0.8460 0.2514
vn 0.1897 -0.9817 0.0163
vn -0.1197 -0.9678 -0.2212
vn -0.4109 -0.8066 -0.4250
vn -0.6393 -0.5225 -0.5641
vn -0.7705 -0.1590 -0.6173
vn -0.7844 0.2289 -0.5765
vn -0.6788 0.5819 -0.4479
vn -0.6086 -0.1045 0.7865
vn -0.4699 0.8462 -0.2512
vn -0.1895 0.9817 -0.0163
vn 0.6086 0.1045 -0.7865
vn 0.2016 0.7730 0.6015
vn 0.5613 0.6579 0.5021
vn 0.8352 0.4427 0.3262
vn 0.9819 0.1603 0.1008
vn 0.9792 -0.1467 -0.1400
vn 0.8275 -0.4313 -0.3595
vn 0.5498 -0.6503 -0.5242
vn 0.1883 -0.7703 -0.6092
vn -0.2016 -0.7730 -0.6015
vn -0.5613 -0.6579 -0.5021
vn -0.8351 -0.4429 -0.3264
vn -0.9819 -0.1603 -0.1008
vn -0.9792 0.1468 0.1401
vn -0.8275 0.4314 0.3595
vn 0.0200 -0.6172 0.7866
vn -0.5497 0.6504 0.5243
vn -0.1885 0.7703 0.6092
vn -0.0196 0.6173 -0.7865
vn -0.0376 0.1202 0.9920
vn 0.3345 0.0141 0.9423
vn 0.6558 -0.0942 0.7491
vn 0.8772 -0.1882 0.4417
vn 0.9650 -0.2535 0.0674
vn 0.9060 -0.2802 -0.3173
vn 0.7090 -0.2643 -0.6539
vn 0.4040 -0.2081 -0.8908
vn 0.0378 -0.1203 -0.9920
vn -0.3346 -0.0141 -0.9422
vn -0.6559 0.0942 -0.7490
vn -0.8771 0.1882 -0.4419
vn -0.9650 0.2535 -0.0673
vn -0.9058 0.2802 0.3177
vn -0.2595 -0.9598 0.1066
vn -0.7090 0.2643 0.6539
vn -0.4039 0.2081 0.8908
vn 0.2595 0.9599 -0.1065
vn 0.1598 0.9808 0.1119
vn 0.4551 0.8314 0.3187
vn 0.6812 0.5554 0.4770
vn 0.8033 0.1948 0.5628
vn 0.8033 -0.1948 0.5628
vn 0.6812 -0.5554 0.4770
vn 0.4549 -0.8316 0.3186
vn 0.1598 -0.9808 0.1119
vn -0.1598 -0.9808 -0.1119
vn -0.4550 -0.8316 -0.3186
vn -0.6811 -0.5556 -0.4769
vn -0.8034 -0.1951 -0.5626
vn -0.8034 0.1951 -0.5626
vn -0.6811 0.5556 -0.4769
vn -0.5736 -0.0000 0.8191
vn -0.4550 0.8316 -0.3186
vn -0.1598 0.9808 -0.1119
vn 0.5736 -0.0000 -0.8191
vn 0.1991 0.9576 -0.2083
vn 0.5584 0.8135 -0.1626
vn 0.8332 0.5452 -0.0922
vn 0.9809 0.1943 -0.0077
vn 0.9794 -0.1861 0.0778
vn 0.8287 -0.5387 0.1517
vn 0.5523 -0.8087 0.2023
vn 0.1912 -0.9561 0.2223
vn -0.1991 -0.9576 0.2083
vn -0.5584 -0.8135 0.1626
vn -0.8333 -0.5451 0.0921
vn -0.9809 -0.1942 0.0077
vn -0.9794 0.1862 -0.0779
vn -0.8286 0.5388 -0.1517
vn -0.0357 0.2196 0.9749
vn -0.5520 0.8089 -0.2024
vn -0.1913 0.9560 -0.2222
vn 0.0358 -0.2196 -0.9749
vn 0.2081 0.9764 0.0578
vn 0.5280 0.8406 -0.1208
vn 0.7669 0.5772 -0.2807
vn 0.8892 0.2256 -0.3979
vn 0.8762 -0.1601 -0.4546
vn 0.7297 -0.5217 -0.4420
vn 0.4721 -0.8037 -0.3622
vn 0.1428 -0.9633 -0.2272
vn -0.2081 -0.9764 -0.0578
vn -0.5276 -0.8409 0.1206
vn -0.7669 -0.5772 0.2806
vn -0.8893 -0.2255 0.3979
vn -0.8763 0.1598 0.4546
vn -0.7297 0.5217 0.4420
vn 0.4346 -0.1453 0.8889
vn -0.4722 0.8036 0.3622
vn -0.1428 0.9633 0.2273
vn -0.4346 0.1452 -0.8888
vn 0.1291 0.9308 0.3419
vn 0.4718 0.7683 0.4326
vn 0.7428 0.4888 0.4575
vn 0.9008 0.1350 0.4128
vn 0.9216 -0.2397 0.3051
vn 0.8023 -0.5775 0.1513
vn 0.5607 -0.8276 -0.0258
vn 0.2337 -0.9517 -0.1990
vn -0.1288 -0.9309 -0.3418
vn -0.4720 -0.7681 -0.4326
vn -0.7428 -0.4888 -0.4575
vn -0.9008 -0.1346 -0.4127
vn -0.9217 0.2396 -0.3052
vn -0.8021 0.5777 -0.1512
vn -0.3660 -0.2757 0.8888
vn -0.5606 0.8277 0.0259
vn -0.2334 0.9518 0.1991
vn 0.3661 0.2756 -0.8888
vn 0.3103 0.8629 -0.3989
vn 0.5976 0.7884 -0.1459
vn 0.7940 0.5940 0.1295
vn 0.8696 0.3090 0.3851
vn 0.8127 -0.0229 0.5822
vn 0.6321 -0.3515 0.6906
vn 0.3552 -0.6265 0.6938
vn 0.0244 -0.8060 0.5914
vn -0.3104 -0.8629 0.3988
vn -0.5974 -0.7885 0.1460
vn -0.7939 -0.5941 -0.1293
vn -0.8696 -0.3089 -0.3852
vn -0.8127 0.0230 -0.5822
vn -0.6319 0.3518 -0.6906
vn -0.4932 0.5049 0.7084
vn -0.3552 0.6266 -0.6937
vn -0.0243 0.8061 -0.5913
vn 0.4932 -0.5048 -0.7084
vn 0.0723 0.7267 -0.6831
vn 0.4296 0.5716 -0.6990
vn 0.4297 0.5716 -0.6990
vn 0.7219 0.3294 -0.6086
vn 0.9042 0.0370 -0.4255
vn 0.9489 -0.2609 -0.1778
vn 0.8489 -0.5196 0.0976
vn 0.6200 -0.6985 0.3573
vn 0.2964 -0.7714 0.5631
vn -0.0722 -0.7268 0.6831
vn -0.4297 -0.5716 0.6990
vn -0.7219 -0.3294 0.6086
vn -0.9042 -0.0370 0.4255
vn -0.9488 0.2613 0.1774
vn -0.8490 0.5194 -0.0973
vn 0.3075 0.6353 0.7084
vn -0.6197 0.6987 -0.3575
vn -0.2961 0.7714 -0.5633
vn -0.3075 -0.6353 -0.7085
vn 0.1020 0.8108 0.5763
vn 0.4585 0.6540 0.6017
vn 0.7452 0.3975 0.5355
vn 0.9181 0.0808 0.3879
vn 0.9516 -0.2484 0.1812
vn 0.8400 -0.5400 -0.0533
vn 0.6007 -0.7491 -0.2795
vn 0.2695 -0.8442 -0.4633
vn -0.1020 -0.8108 -0.5763
vn -0.4583 -0.6541 -0.6018
vn -0.7451 -0.3975 -0.5355
vn -0.9183 -0.0805 -0.3877
vn -0.9515 0.2488 -0.1809
vn -0.8402 0.5397 0.0531
vn -0.2900 -0.5299 0.7970
vn -0.6007 0.7490 0.2795
vn -0.2695 0.8442 0.4633
vn 0.2901 0.5299 -0.7969
vn 0.1854 0.9818 0.0422
vn 0.5078 0.8363 0.2067
vn 0.7531 0.5634 0.3398
vn 0.8836 0.2048 0.4211
vn 0.8796 -0.1849 0.4384
vn 0.7418 -0.5463 0.3889
vn 0.4908 -0.8250 0.2801
vn 0.1655 -0.9777 0.1289
vn -0.1855 -0.9817 -0.0423
vn -0.5076 -0.8364 -0.2066
vn -0.7530 -0.5636 -0.3398
vn -0.8836 -0.2048 -0.4211
vn -0.8796 0.1849 -0.4384
vn -0.7414 0.5469 -0.3888
vn -0.4381 0.0442 0.8978
vn -0.4911 0.8248 -0.2802
vn -0.1655 0.9777 -0.1289
vn 0.4382 -0.0442 -0.8978
vn 0.2363 0.9289 0.2852
vn 0.5748 0.8071 0.1352
vn 0.8263 0.5621 -0.0354
vn 0.9519 0.2317 -0.2006
vn 0.9325 -0.1341 -0.3355
vn 0.7710 -0.4795 -0.4191
vn 0.4924 -0.7516 -0.4390
vn 0.1387 -0.9094 -0.3920
vn -0.2360 -0.9289 -0.2854
vn -0.5749 -0.8070 -0.1352
vn -0.8265 -0.5618 0.0356
vn -0.9519 -0.2316 0.2008
vn -0.9324 0.1341 0.3355
vn -0.7713 0.4790 0.4191
vn 0.2734 -0.3453 0.8978
vn -0.4923 0.7516 0.4390
vn -0.1385 0.9095 0.3920
vn -0.2734 0.3453 -0.8978
vn 0.1716 0.3962 0.9020
vn 0.5350 0.3266 0.7792
vn 0.8172 0.2072 0.5378
vn 0.9752 0.0562 0.2142
vn 0.9845 -0.1034 -0.1419
vn 0.8441 -0.2469 -0.4760
vn 0.5750 -0.3532 -0.7380
vn 0.2180 -0.4056 -0.8877
vn -0.1713 -0.3962 -0.9020
vn -0.5351 -0.3265 -0.7791
vn -0.8173 -0.2072 -0.5377
vn -0.9751 -0.0563 -0.2144
vn -0.9845 0.1033 0.1417
vn -0.8438 0.2471 0.4763
vn -0.0370 -0.9123 0.4079
vn -0.5749 0.3532 0.7381
vn -0.2184 0.4056 0.8876
vn 0.0370 0.9123 -0.4078
vn -0.1552 0.7361 0.6589
vn 0.1034 0.5155 0.8507
vn 0.3463 0.2162 0.9129
vn 0.5362 -0.1156 0.8361
vn 0.6447 -0.4300 0.6321
vn 0.6550 -0.6787 0.3320
vn 0.5656 -0.8245 -0.0189
vn 0.3901 -0.8446 -0.3669
vn 0.1552 -0.7361 -0.6589
vn -0.1034 -0.5155 -0.8507
vn -0.3461 -0.2165 -0.9129
vn -0.5362 0.1156 -0.8361
vn -0.6447 0.4300 -0.6321
vn -0.6550 0.6789 -0.3318
vn -0.7486 -0.5228 0.4078
vn -0.5656 0.8245 0.0190
vn -0.3899 0.8445 0.3671
vn 0.7486 0.5228 -0.4079
vn -0.0639 0.9179 0.3916
vn 0.1028 0.7216 0.6847
vn 0.2538 0.4154 0.8735
vn 0.3663 0.0461 0.9294
vn 0.4229 -0.3307 0.8436
vn 0.4151 -0.6566 0.6297
vn 0.3442 -0.8828 0.3197
vn 0.2209 -0.9745 -0.0387
vn 0.0639 -0.9179 -0.3916
vn -0.1028 -0.7215 -0.6847
vn -0.2539 -0.4152 -0.8736
vn -0.3663 -0.0458 -0.9294
vn -0.4229 0.3307 -0.8437
vn -0.4152 0.6565 -0.6298
vn -0.9039 -0.2194 0.3671
vn -0.3441 0.8829 -0.3195
vn -0.2210 0.9745 0.0386
vn 0.9039 0.2195 -0.3671
vn 0.2402 0.9645 -0.1098
vn 0.4827 0.8577 0.1768
vn 0.6516 0.6204 0.4364
vn 0.7214 0.2888 0.6295
vn 0.6812 -0.0871 0.7269
vn 0.5375 -0.4494 0.7135
vn 0.3117 -0.7435 0.5916
vn 0.0386 -0.9244 0.3795
vn -0.2401 -0.9645 0.1100
vn -0.4827 -0.8578 -0.1766
vn -0.6516 -0.6205 -0.4363
vn -0.7213 -0.2886 -0.6296
vn -0.6813 0.0868 -0.7269
vn -0.5375 0.4494 -0.7136
vn -0.6915 0.2495 0.6779
vn -0.3116 0.7437 -0.5915
vn -0.0386 0.9244 -0.3795
vn 0.6915 -0.2493 -0.6779
vn -0.4473 0.4853 0.7513
vn -0.2525 0.2084 0.9449
vn -0.0188 -0.1007 0.9947
vn 0.2175 -0.3942 0.8929
vn 0.4204 -0.6274 0.6555
vn 0.5596 -0.7653 0.3181
vn 0.6136 -0.7867 -0.0677
vn 0.5741 -0.6885 -0.4431
vn 0.4471 -0.4851 -0.7515
vn 0.2525 -0.2084 -0.9449
vn 0.0187 0.1008 -0.9947
vn -0.2173 0.3940 -0.8931
vn -0.4205 0.6274 -0.6555
vn -0.5596 0.7653 -0.3182
vn -0.7894 -0.6091 -0.0766
vn -0.6136 0.7867 0.0682
vn -0.5741 0.6884 0.4432
vn 0.7894 0.6090 0.0766
vn 0.1785 0.9838 0.0161
vn 0.1350 0.9083 0.3960
vn 0.0709 0.6945 0.7160
vn -0.0039 0.3750 0.9270
vn -0.0781 -0.0017 0.9969
vn -0.1405 -0.3781 0.9150
vn -0.1815 -0.6968 0.6939
vn -0.1948 -0.9096 0.3669
vn -0.1785 -0.9838 -0.0157
vn -0.1350 -0.9084 -0.3958
vn -0.0710 -0.6945 -0.7160
vn 0.0039 -0.3750 -0.9270
vn 0.0781 0.0015 -0.9969
vn 0.1405 0.3780 -0.9151
vn -0.9808 0.1792 -0.0765
vn 0.1815 0.6968 -0.6939
vn 0.1948 0.9095 -0.3672
vn 0.9808 -0.1792 0.0766
vn 0.3604 0.8460 -0.3928
vn 0.5891 0.8041 -0.0797
vn 0.7281 0.6398 0.2458
vn 0.7564 0.3784 0.5336
vn 0.6695 0.0590 0.7405
vn 0.4805 -0.2693 0.8346
vn 0.2182 -0.5569 0.8014
vn -0.0769 -0.7591 0.6464
vn -0.3602 -0.8460 0.3931
vn -0.5891 -0.8041 0.0798
vn -0.7280 -0.6400 -0.2457
vn -0.7564 -0.3786 -0.5334
vn -0.6694 -0.0588 -0.7406
vn -0.4805 0.2693 -0.8346
vn -0.6496 0.5300 0.5451
vn -0.2185 0.5566 -0.8015
vn 0.0766 0.7590 -0.6465
vn 0.6496 -0.5299 -0.5452
vn 0.2289 0.7844 -0.5765
vn 0.5819 0.6788 -0.4479
vn 0.8462 0.4699 -0.2512
vn 0.9818 0.1895 -0.0162
vn 0.9679 -0.1197 0.2212
vn 0.8065 -0.4109 0.4251
vn 0.5225 -0.6393 0.5641
vn 0.1590 -0.7705 0.6173
vn -0.2289 -0.7844 0.5765
vn -0.5819 -0.6788 0.4479
vn -0.8460 -0.4701 0.2514
vn -0.9818 -0.1894 0.0162
vn -0.9679 0.1197 -0.2212
vn -0.8067 0.4107 -0.4249
vn -0.1045 0.6086 0.7865
vn -0.5225 0.6393 -0.5641
vn -0.1590 0.7705 -0.6173
vn 0.1045 -0.6086 -0.7865
vn 0.1468 0.9792 0.1401
vn 0.4314 0.8275 0.3595
vn 0.6505 0.5494 0.5244
vn 0.7703 0.1885 0.6092
vn 0.7730 -0.2016 0.6015
vn 0.6579 -0.5613 0.5021
vn 0.4426 -0.8353 0.3262
vn 0.1604 -0.9819 0.1009
vn -0.1464 -0.9793 -0.1397
vn -0.4313 -0.8275 -0.3595
vn -0.6503 -0.5498 -0.5242
vn -0.7703 -0.1883 -0.6092
vn -0.7730 0.2016 -0.6015
vn -0.6579 0.5613 -0.5021
vn -0.6172 -0.0200 0.7866
vn -0.4428 0.8351 -0.3263
vn -0.1604 0.9819 -0.1009
vn 0.6173 0.0196 -0.7865
vn 0.2535 0.9650 -0.0672
vn 0.2802 0.9058 0.3177
vn 0.2643 0.7090 0.6539
vn 0.2081 0.4040 0.8908
vn 0.1202 0.0375 0.9920
vn 0.0141 -0.3345 0.9423
vn -0.0942 -0.6558 0.7490
vn -0.1882 -0.8772 0.4417
vn -0.2535 -0.9650 0.0674
vn -0.2802 -0.9060 -0.3173
vn -0.2643 -0.7090 -0.6539
vn -0.2081 -0.4039 -0.8908
vn -0.1203 -0.0378 -0.9920
vn -0.0141 0.3346 -0.9422
vn -0.9598 0.2595 0.1066
vn 0.0942 0.6559 -0.7490
vn 0.1882 0.8772 -0.4417
vn 0.9599 -0.2595 -0.1065
vn 0.5118 0.3517 -0.7838
vn 0.7535 0.4381 -0.4903
vn 0.8807 0.4579 -0.1213
vn 0.8736 0.4081 0.2650
vn 0.7335 0.2958 0.6120
vn 0.4819 0.1388 0.8651
vn 0.1566 -0.0395 0.9869
vn -0.1920 -0.2116 0.9583
vn -0.5122 -0.3518 0.7835
vn -0.7536 -0.4382 0.4900
vn -0.8806 -0.4580 0.1221
vn -0.8736 -0.4081 -0.2650
vn -0.7336 -0.2960 -0.6118
vn -0.4819 -0.1389 -0.8652
vn -0.4472 0.8881 0.1064
vn -0.1568 0.0394 -0.9868
vn 0.1918 0.2115 -0.9584
vn 0.4472 -0.8881 -0.1065
vt 1.000000 0.500000
vt 1.000000 1.000000
vt 0.968750 1.000000
vt 0.968750 0.500000
vt 0.937500 1.000000
vt 0.937500 0.500000
vt 0.906250 1.000000
vt 0.906250 0.500000
vt 0.875000 1.000000
vt 0.875000 0.500000
vt 0.843750 1.000000
vt 0.843750 0.500000
vt 0.812500 1.000000
vt 0.812500 0.500000
vt 0.781250 1.000000
vt 0.781250 0.500000
vt 0.750000 1.000000
vt 0.750000 0.500000
vt 0.718750 1.000000
vt 0.718750 0.500000
vt 0.687500 1.000000
vt 0.687500 0.500000
vt 0.656250 1.000000
vt 0.656250 0.500000
vt 0.625000 1.000000
vt 0.625000 0.500000
vt 0.593750 1.000000
vt 0.593750 0.500000
vt 0.562500 1.000000
vt 0.562500 0.500000
vt 0.531250 1.000000
vt 0.531250 0.500000
vt 0.500000 1.000000
vt 0.500000 0.500000
vt 0.468750 1.000000
vt 0.468750 0.500000
vt 0.437500 1.000000
vt 0.437500 0.500000
vt 0.406250 1.000000
vt 0.406250 0.500000
vt 0.375000 1.000000
vt 0.375000 0.500000
vt 0.343750 1.000000
vt 0.343750 0.500000
vt 0.312500 1.000000
vt 0.312500 0.500000
vt 0.281250 1.000000
vt 0.281250 0.500000
vt 0.250000 1.000000
vt 0.250000 0.500000
vt 0.218750 1.000000
vt 0.218750 0.500000
vt 0.187500 1.000000
vt 0.187500 0.500000
vt 0.156250 1.000000
vt 0.156250 0.500000
vt 0.125000 1.000000
vt 0.125000 0.500000
vt 0.093750 1.000000
vt 0.093750 0.500000
vt 0.062500 1.000000
vt 0.062500 0.500000
vt 0.296822 0.485388
vt 0.250000 0.490000
vt 0.203178 0.485388
vt 0.158156 0.471731
vt 0.116663 0.449553
vt 0.080294 0.419706
vt 0.050447 0.383337
vt 0.028269 0.341844
vt 0.014612 0.296822
vt 0.010000 0.250000
vt 0.014612 0.203178
vt 0.028269 0.158156
vt 0.050447 0.116663
vt 0.080294 0.080294
vt 0.116663 0.050447
vt 0.158156 0.028269
vt 0.203178 0.014612
vt 0.250000 0.010000
vt 0.296822 0.014612
vt 0.341844 0.028269
vt 0.383337 0.050447
vt 0.419706 0.080294
vt 0.449553 0.116663
vt 0.471731 0.158156
vt 0.485388 0.203178
vt 0.490000 0.250000
vt 0.485388 0.296822
vt 0.471731 0.341844
vt 0.449553 0.383337
vt 0.419706 0.419706
vt 0.383337 0.449553
vt 0.341844 0.471731
vt 0.031250 1.000000
vt 0.031250 0.500000
vt 0.000000 1.000000
vt 0.000000 0.500000
vt 0.750000 0.490000
vt 0.796822 0.485388
vt 0.841844 0.471731
vt 0.883337 0.449553
vt 0.919706 0.419706
vt 0.949553 0.383337
vt 0.971731 0.341844
vt 0.985388 0.296822
vt 0.990000 0.250000
vt 0.985388 0.203178
vt 0.971731 0.158156
vt 0.949553 0.116663
vt 0.919706 0.080294
vt 0.883337 0.050447
vt 0.841844 0.028269
vt 0.796822 0.014612
vt 0.750000 0.010000
vt 0.703178 0.014612
vt 0.658156 0.028269
vt 0.616663 0.050447
vt 0.580294 0.080294
vt 0.550447 0.116663
vt 0.528269 0.158156
vt 0.514612 0.203178
vt 0.510000 0.250000
vt 0.514612 0.296822
vt 0.528269 0.341844
vt 0.550447 0.383337
vt 0.580294 0.419706
vt 0.616663 0.449553
vt 0.658156 0.471731
vt 0.703178 0.485388
s 1
usemtl 00ff66_mat
f 1/1/1 2/2/1 4/3/1 3/4/1
f 3/4/2 4/3/2 6/5/2 5/6/2
f 5/6/3 6/5/3 8/7/3 7/8/3
f 7/8/4 8/7/4 10/9/4 9/10/4
f 9/10/5 10/9/5 12/11/5 11/12/5
f 11/12/6 12/11/6 14/13/6 13/14/6
f 13/14/7 14/13/7 16/15/7 15/16/7
f 15/16/8 16/15/8 18/17/8 17/18/8
f 17/18/9 18/17/9 20/19/9 19/20/9
f 19/20/10 20/19/10 22/21/10 21/22/10
f 21/22/11 22/21/11 24/23/11 23/24/11
f 23/24/12 24/23/12 26/25/12 25/26/12
f 25/26/13 26/25/13 28/27/13 27/28/13
f 27/28/14 28/27/14 30/29/14 29/30/14
f 29/30/15 30/29/15 32/31/15 31/32/15
f 31/32/16 32/31/16 34/33/16 33/34/16
f 33/34/17 34/33/17 36/35/17 35/36/17
f 35/36/18 36/35/18 38/37/18 37/38/18
f 37/38/19 38/37/19 40/39/19 39/40/19
f 39/40/20 40/39/20 42/41/20 41/42/20
f 41/42/21 42/41/21 44/43/21 43/44/21
f 43/44/22 44/43/22 46/45/22 45/46/22
f 45/46/23 46/45/23 48/47/23 47/48/23
f 47/48/24 48/47/24 50/49/24 49/50/24
f 49/50/25 50/49/25 52/51/25 51/52/25
f 51/52/26 52/51/26 54/53/26 53/54/26
f 53/54/27 54/53/27 56/55/27 55/56/27
f 55/56/28 56/55/28 58/57/28 57/58/28
f 57/58/29 58/57/29 60/59/29 59/60/29
f 59/60/30 60/59/30 62/61/30 61/62/30
f 4/63/31 2/64/31 64/65/31 62/66/31 60/67/31 58/68/31 56/69/31 54/70/31 52/71/31 50/72/31 48/73/31 46/74/31 44/75/31 42/76/31 40/77/31 38/78/31 36/79/31 34/80/31 32/81/31 30/82/31 28/83/31 26/84/31 24/85/31 22/86/31 20/87/31 18/88/31 16/89/31 14/90/31 12/91/31 10/92/31 8/93/31 6/94/31
f 61/62/32 62/61/32 64/95/32 63/96/32
f 63/96/33 64/95/33 2/97/33 1/98/33
f 1/99/34 3/100/34 5/101/34 7/102/34 9/103/34 11/104/34 13/105/34 15/106/34 17/107/34 19/108/34 21/109/34 23/110/34 25/111/34 27/112/34 29/113/34 31/114/34 33/115/34 35/116/34 37/117/34 39/118/34 41/119/34 43/120/34 45/121/34 47/122/34 49/123/34 51/124/34 53/125/34 55/126/34 57/127/34 59/128/34 61/129/34 63/130/34
f 65/1/35 66/2/35 68/5/35 67/6/35
f 67/6/36 68/5/36 70/9/36 69/10/36
f 69/10/37 70/9/37 72/13/37 71/14/37
f 71/14/38 72/13/38 74/17/38 73/18/38
f 73/18/39 74/17/39 76/21/39 75/22/39
f 75/22/40 76/21/40 78/25/40 77/26/40
f 77/26/41 78/25/41 80/29/41 79/30/41
f 79/30/42 80/29/42 82/33/42 81/34/42
f 81/34/43 82/33/43 84/37/43 83/38/43
f 83/38/44 84/37/44 86/41/44 85/42/44
f 85/42/45 86/41/45 88/45/45 87/46/45
f 87/46/46 88/45/46 90/49/46 89/50/46
f 89/50/47 90/49/47 92/53/47 91/54/47
f 91/54/48 92/53/48 94/57/48 93/58/48
f 68/94/31 66/64/31 96/66/31 94/68/31 92/70/31 90/72/31 88/74/31 86/76/31 84/78/31 82/80/31 80/82/31 78/84/31 76/86/31 74/88/31 72/90/31 70/92/31
f 93/58/49 94/57/49 96/61/49 95/62/49
f 95/62/50 96/61/50 66/97/50 65/98/50
f 65/99/34 67/101/34 69/103/34 71/105/34 73/107/34 75/109/34 77/111/34 79/113/34 81/115/34 83/117/34 85/119/34 87/121/34 89/123/34 91/125/34 93/127/34 95/129/34
f 97/1/51 98/2/51 100/5/51 99/6/51
f 99/6/52 100/5/52 102/9/52 101/10/52
f 101/10/53 102/9/53 104/13/53 103/14/53
f 103/14/54 104/13/54 106/17/54 105/18/54
f 105/18/55 106/17/55 108/21/55 107/22/55
f 107/22/56 108/21/56 110/25/56 109/26/56
f 109/26/57 110/25/57 112/29/57 111/30/57
f 111/30/58 112/29/58 114/33/58 113/34/58
f 113/34/59 114/33/59 116/37/59 115/38/59
f 115/38/60 116/37/60 118/41/60 117/42/60
f 117/42/61 118/41/61 120/45/61 119/46/61
f 119/46/62 120/45/62 122/49/62 121/50/62
f 121/50/63 122/49/63 124/53/63 123/54/63
f 123/54/64 124/53/64 126/57/64 125/58/64
f 100/94/65 98/64/65 128/66/65 126/68/65 124/70/65 122/72/65 120/74/65 118/76/65 116/78/65 114/80/65 112/82/65 110/84/65 108/86/65 106/88/65 104/90/65 102/92/65
f 125/58/66 126/57/66 128/61/66 127/62/66
f 127/62/67 128/61/67 98/97/67 97/98/67
f 97/99/68 99/101/68 101/103/68 103/105/68 105/107/68 107/109/68 109/111/68 111/113/68 113/115/68 115/117/68 117/119/68 119/121/68 121/123/68 123/125/68 125/127/68 127/129/68
f 129/1/69 130/2/69 132/5/69 131/6/69
f 131/6/70 132/5/70 134/9/70 133/10/70
f 133/10/71 134/9/71 136/13/71 135/14/71
f 135/14/72 136/13/72 138/17/72 137/18/72
f 137/18/73 138/17/73 140/21/73 139/22/73
f 139/22/74 140/21/74 142/25/74 141/26/74
f 141/26/75 142/25/75 144/29/75 143/30/75
f 143/30/76 144/29/76 146/33/76 145/34/76
f 145/34/77 146/33/77 148/37/77 147/38/77
f 147/38/78 148/37/78 150/41/78 149/42/78
f 149/42/79 150/41/79 152/45/79 151/46/79
f 151/46/80 152/45/80 154/49/80 153/50/80
f 153/50/81 154/49/81 156/53/81 155/54/81
f 155/54/82 156/53/82 158/57/82 157/58/82
f 132/94/83 130/64/83 160/66/83 158/68/83 156/70/83 154/72/83 152/74/83 150/76/83 148/78/83 146/80/83 144/82/83 142/84/83 140/86/83 138/88/83 136/90/83 134/92/83
f 157/58/84 158/57/84 160/61/84 159/62/84
f 159/62/85 160/61/85 130/97/85 129/98/85
f 129/99/86 131/101/86 133/103/86 135/105/86 137/107/86 139/109/86 141/111/86 143/113/86 145/115/86 147/117/86 149/119/86 151/121/86 153/123/86 155/125/86 157/127/86 159/129/86
f 161/1/87 162/2/87 164/5/87 163/6/87
f 163/6/88 164/5/88 166/9/88 165/10/88
f 165/10/89 166/9/89 168/13/89 167/14/89
f 167/14/90 168/13/90 170/17/90 169/18/90
f 169/18/91 170/17/91 172/21/91 171/22/91
f 171/22/92 172/21/92 174/25/92 173/26/92
f 173/26/93 174/25/93 176/29/93 175/30/93
f 175/30/94 176/29/94 178/33/94 177/34/94
f 177/34/95 178/33/95 180/37/95 179/38/95
f 179/38/96 180/37/96 182/41/96 181/42/96
f 181/42/97 182/41/97 184/45/97 183/46/97
f 183/46/98 184/45/98 186/49/98 185/50/98
f 185/50/99 186/49/99 188/53/99 187/54/99
f 187/54/100 188/53/100 190/57/100 189/58/100
f 164/94/101 162/64/101 192/66/101 190/68/101 188/70/101 186/72/101 184/74/101 182/76/101 180/78/101 178/80/101 176/82/101 174/84/101 172/86/101 170/88/101 168/90/101 166/92/101
f 189/58/102 190/57/102 192/61/102 191/62/102
f 191/62/103 192/61/103 162/97/103 161/98/103
f 161/99/104 163/101/104 165/103/104 167/105/104 169/107/104 171/109/104 173/111/104 175/113/104 177/115/104 179/117/104 181/119/104 183/121/104 185/123/104 187/125/104 189/127/104 191/129/104
f 193/1/105 194/2/105 196/5/105 195/6/105
f 195/6/106 196/5/106 198/9/106 197/10/106
f 197/10/107 198/9/107 200/13/107 199/14/107
f 199/14/108 200/13/108 202/17/108 201/18/108
f 201/18/109 202/17/109 204/21/109 203/22/109
f 203/22/110 204/21/110 206/25/110 205/26/110
f 205/26/111 206/25/111 208/29/111 207/30/111
f 207/30/112 208/29/112 210/33/112 209/34/112
f 209/34/113 210/33/113 212/37/113 211/38/113
f 211/38/114 212/37/114 214/41/114 213/42/114
f 213/42/115 214/41/115 216/45/115 215/46/115
f 215/46/116 216/45/116 218/49/116 217/50/116
f 217/50/117 218/49/117 220/53/117 219/54/117
f 219/54/118 220/53/118 222/57/118 221/58/118
f 196/94/119 194/64/119 224/66/119 222/68/119 220/70/119 218/72/119 216/74/119 214/76/119 212/78/119 210/80/119 208/82/119 206/84/119 204/86/119 202/88/119 200/90/119 198/92/119
f 221/58/120 222/57/120 224/61/120 223/62/120
f 223/62/121 224/61/121 194/97/121 193/98/121
f 193/99/122 195/101/122 197/103/122 199/105/122 201/107/122 203/109/122 205/111/122 207/113/122 209/115/122 211/117/122 213/119/122 215/121/122 217/123/122 219/125/122 221/127/122 223/129/122
f 225/1/123 226/2/123 228/5/123 227/6/123
f 227/6/124 228/5/124 230/9/124 229/10/124
f 229/10/125 230/9/125 232/13/125 231/14/125
f 231/14/126 232/13/126 234/17/126 233/18/126
f 233/18/127 234/17/127 236/21/127 235/22/127
f 235/22/128 236/21/128 238/25/128 237/26/128
f 237/26/129 238/25/129 240/29/129 239/30/129
f 239/30/130 240/29/130 242/33/130 241/34/130
f 241/34/131 242/33/131 244/37/131 243/38/131
f 243/38/132 244/37/132 246/41/132 245/42/132
f 245/42/133 246/41/133 248/45/133 247/46/133
f 247/46/134 248/45/134 250/49/134 249/50/134
f 249/50/135 250/49/135 252/53/135 251/54/135
f 251/54/136 252/53/136 254/57/136 253/58/136
f 228/94/137 226/64/137 256/66/137 254/68/137 252/70/137 250/72/137 248/74/137 246/76/137 244/78/137 242/80/137 240/82/137 238/84/137 236/86/137 234/88/137 232/90/137 230/92/137
f 253/58/138 254/57/138 256/61/138 255/62/138
f 255/62/139 256/61/139 226/97/139 225/98/139
f 225/99/140 227/101/140 229/103/140 231/105/140 233/107/140 235/109/140 237/111/140 239/113/140 241/115/140 243/117/140 245/119/140 247/121/140 249/123/140 251/125/140 253/127/140 255/129/140
f 257/1/141 258/2/141 260/5/141 259/6/141
f 259/6/142 260/5/142 262/9/142 261/10/142
f 261/10/143 262/9/143 264/13/143 263/14/143
f 263/14/144 264/13/144 266/17/144 265/18/144
f 265/18/145 266/17/145 268/21/145 267/22/145
f 267/22/146 268/21/146 270/25/146 269/26/146
f 269/26/147 270/25/147 272/29/147 271/30/147
f 271/30/148 272/29/148 274/33/148 273/34/148
f 273/34/149 274/33/149 276/37/149 275/38/149
f 275/38/150 276/37/150 278/41/150 277/42/151
f 277/42/152 278/41/152 280/45/152 279/46/152
f 279/46/153 280/45/153 282/49/153 281/50/153
f 281/50/154 282/49/154 284/53/154 283/54/154
f 283/54/155 284/53/155 286/57/155 285/58/155
f 260/94/156 258/64/156 288/66/156 286/68/156 284/70/156 282/72/156 280/74/156 278/76/156 276/78/156 274/80/156 272/82/156 270/84/156 268/86/156 266/88/156 264/90/156 262/92/156
f 285/58/157 286/57/157 288/61/157 287/62/157
f 287/62/158 288/61/158 258/97/158 257/98/158
f 257/99/159 259/101/159 261/103/159 263/105/159 265/107/159 267/109/159 269/111/159 271/113/159 273/115/159 275/117/159 277/119/159 279/121/159 281/123/159 283/125/159 285/127/159 287/129/159
f 289/1/160 290/2/160 292/5/160 291/6/160
f 291/6/161 292/5/161 294/9/161 293/10/161
f 293/10/162 294/9/162 296/13/162 295/14/162
f 295/14/163 296/13/163 298/17/163 297/18/163
f 297/18/164 298/17/164 300/21/164 299/22/164
f 299/22/165 300/21/165 302/25/165 301/26/165
f 301/26/166 302/25/166 304/29/166 303/30/166
f 303/30/167 304/29/167 306/33/167 305/34/167
f 305/34/168 306/33/168 308/37/168 307/38/168
f 307/38/169 308/37/169 310/41/169 309/42/169
f 309/42/170 310/41/170 312/45/170 311/46/170
f 311/46/171 312/45/171 314/49/171 313/50/171
f 313/50/172 314/49/172 316/53/172 315/54/172
f 315/54/173 316/53/173 318/57/173 317/58/173
f 292/94/174 290/64/174 320/66/174 318/68/174 316/70/174 314/72/174 312/74/174 310/76/174 308/78/174 306/80/174 304/82/174 302/84/174 300/86/174 298/88/174 296/90/174 294/92/174
f 317/58/175 318/57/175 320/61/175 319/62/175
f 319/62/176 320/61/176 290/97/176 289/98/176
f 289/99/177 291/101/177 293/103/177 295/105/177 297/107/177 299/109/177 301/111/177 303/113/177 305/115/177 307/117/177 309/119/177 311/121/177 313/123/177 315/125/177 317/127/177 319/129/177
f 321/1/178 322/2/178 324/5/178 323/6/178
f 323/6/179 324/5/179 326/9/179 325/10/179
f 325/10/180 326/9/180 328/13/180 327/14/180
f 327/14/181 328/13/181 330/17/181 329/18/181
f 329/18/182 330/17/182 332/21/182 331/22/182
f 331/22/183 332/21/183 334/25/183 333/26/183
f 333/26/184 334/25/184 336/29/184 335/30/184
f 335/30/185 336/29/185 338/33/185 337/34/185
f 337/34/186 338/33/186 340/37/186 339/38/186
f 339/38/187 340/37/187 342/41/187 341/42/187
f 341/42/188 342/41/188 344/45/188 343/46/188
f 343/46/189 344/45/189 346/49/189 345/50/189
f 345/50/190 346/49/190 348/53/190 347/54/190
f 347/54/191 348/53/191 350/57/191 349/58/191
f 324/94/192 322/64/192 352/66/192 350/68/192 348/70/192 346/72/192 344/74/192 342/76/192 340/78/192 338/80/192 336/82/192 334/84/192 332/86/192 330/88/192 328/90/192 326/92/192
f 349/58/193 350/57/193 352/61/193 351/62/193
f 351/62/194 352/61/194 322/97/194 321/98/194
f 321/99/195 323/101/195 325/103/195 327/105/195 329/107/195 331/109/195 333/111/195 335/113/195 337/115/195 339/117/195 341/119/195 343/121/195 345/123/195 347/125/195 349/127/195 351/129/195
f 353/1/196 354/2/196 356/5/196 355/6/196
f 355/6/197 356/5/197 358/9/197 357/10/197
f 357/10/198 358/9/198 360/13/198 359/14/198
f 359/14/199 360/13/199 362/17/199 361/18/199
f 361/18/200 362/17/200 364/21/200 363/22/200
f 363/22/201 364/21/201 366/25/201 365/26/201
f 365/26/202 366/25/202 368/29/202 367/30/202
f 367/30/203 368/29/203 370/33/203 369/34/203
f 369/34/204 370/33/204 372/37/204 371/38/204
f 371/38/205 372/37/205 374/41/205 373/42/205
f 373/42/206 374/41/206 376/45/206 375/46/206
f 375/46/207 376/45/207 378/49/207 377/50/207
f 377/50/208 378/49/208 380/53/208 379/54/208
f 379/54/209 380/53/209 382/57/209 381/58/209
f 356/94/210 354/64/210 384/66/210 382/68/210 380/70/210 378/72/210 376/74/210 374/76/210 372/78/210 370/80/210 368/82/210 366/84/210 364/86/210 362/88/210 360/90/210 358/92/210
f 381/58/211 382/57/211 384/61/211 383/62/211
f 383/62/212 384/61/212 354/97/212 353/98/212
f 353/99/213 355/101/213 357/103/213 359/105/213 361/107/213 363/109/213 365/111/213 367/113/213 369/115/213 371/117/213 373/119/213 375/121/213 377/123/213 379/125/213 381/127/213 383/129/213
f 385/1/214 386/2/214 388/5/214 387/6/214
f 387/6/215 388/5/215 390/9/215 389/10/215
f 389/10/216 390/9/216 392/13/216 391/14/216
f 391/14/217 392/13/217 394/17/217 393/18/217
f 393/18/218 394/17/218 396/21/218 395/22/218
f 395/22/219 396/21/219 398/25/219 397/26/219
f 397/26/220 398/25/220 400/29/220 399/30/220
f 399/30/221 400/29/221 402/33/221 401/34/221
f 401/34/222 402/33/222 404/37/222 403/38/222
f 403/38/223 404/37/223 406/41/223 405/42/223
f 405/42/224 406/41/224 408/45/224 407/46/224
f 407/46/225 408/45/225 410/49/225 409/50/225
f 409/50/226 410/49/226 412/53/226 411/54/226
f 411/54/227 412/53/227 414/57/227 413/58/227
f 388/94/228 386/64/228 416/66/228 414/68/228 412/70/228 410/72/228 408/74/228 406/76/228 404/78/228 402/80/228 400/82/228 398/84/228 396/86/228 394/88/228 392/90/228 390/92/228
f 413/58/229 414/57/229 416/61/229 415/62/229
f 415/62/230 416/61/230 386/97/230 385/98/230
f 385/99/231 387/101/231 389/103/231 391/105/231 393/107/231 395/109/231 397/111/231 399/113/231 401/115/231 403/117/231 405/119/231 407/121/231 409/123/231 411/125/231 413/127/231 415/129/231
f 417/1/232 418/2/232 420/5/232 419/6/232
f 419/6/233 420/5/233 422/9/233 421/10/233
f 421/10/234 422/9/234 424/13/234 423/14/234
f 423/14/235 424/13/235 426/17/235 425/18/235
f 425/18/236 426/17/236 428/21/236 427/22/236
f 427/22/237 428/21/237 430/25/237 429/26/237
f 429/26/238 430/25/238 432/29/238 431/30/238
f 431/30/239 432/29/239 434/33/239 433/34/239
f 433/34/240 434/33/240 436/37/240 435/38/240
f 435/38/241 436/37/241 438/41/241 437/42/241
f 437/42/242 438/41/242 440/45/242 439/46/242
f 439/46/243 440/45/243 442/49/243 441/50/243
f 441/50/244 442/49/244 444/53/244 443/54/244
f 443/54/245 444/53/245 446/57/245 445/58/245
f 420/94/246 418/64/246 448/66/246 446/68/246 444/70/246 442/72/246 440/74/246 438/76/246 436/78/246 434/80/246 432/82/246 430/84/246 428/86/246 426/88/246 424/90/246 422/92/246
f 445/58/247 446/57/247 448/61/247 447/62/247
f 447/62/248 448/61/248 418/97/248 417/98/248
f 417/99/249 419/101/249 421/103/249 423/105/249 425/107/249 427/109/249 429/111/249 431/113/249 433/115/249 435/117/249 437/119/249 439/121/249 441/123/249 443/125/249 445/127/249 447/129/249
f 449/1/250 450/2/250 452/5/250 451/6/250
f 451/6/251 452/5/251 454/9/251 453/10/251
f 453/10/252 454/9/252 456/13/252 455/14/252
f 455/14/253 456/13/253 458/17/253 457/18/253
f 457/18/254 458/17/254 460/21/254 459/22/254
f 459/22/255 460/21/255 462/25/255 461/26/255
f 461/26/256 462/25/256 464/29/256 463/30/256
f 463/30/257 464/29/257 466/33/257 465/34/257
f 465/34/258 466/33/258 468/37/258 467/38/258
f 467/38/259 468/37/259 470/41/259 469/42/259
f 469/42/260 470/41/260 472/45/260 471/46/260
f 471/46/261 472/45/261 474/49/261 473/50/261
f 473/50/262 474/49/262 476/53/262 475/54/262
f 475/54/263 476/53/263 478/57/263 477/58/263
f 452/94/264 450/64/264 480/66/264 478/68/264 476/70/264 474/72/264 472/74/264 470/76/264 468/78/264 466/80/264 464/82/264 462/84/264 460/86/264 458/88/264 456/90/264 454/92/264
f 477/58/265 478/57/265 480/61/265 479/62/265
f 479/62/266 480/61/266 450/97/266 449/98/266
f 449/99/267 451/101/267 453/103/267 455/105/267 457/107/267 459/109/267 461/111/267 463/113/267 465/115/267 467/117/267 469/119/267 471/121/267 473/123/267 475/125/267 477/127/267 479/129/267
f 481/1/268 482/2/268 484/5/268 483/6/268
f 483/6/269 484/5/269 486/9/269 485/10/269
f 485/10/270 486/9/270 488/13/270 487/14/270
f 487/14/271 488/13/271 490/17/271 489/18/271
f 489/18/272 490/17/272 492/21/272 491/22/272
f 491/22/273 492/21/273 494/25/273 493/26/273
f 493/26/274 494/25/274 496/29/274 495/30/274
f 495/30/275 496/29/275 498/33/275 497/34/275
f 497/34/276 498/33/276 500/37/276 499/38/276
f 499/38/277 500/37/277 502/41/277 501/42/277
f 501/42/278 502/41/278 504/45/278 503/46/278
f 503/46/279 504/45/279 506/49/279 505/50/279
f 505/50/280 506/49/280 508/53/280 507/54/280
f 507/54/281 508/53/281 510/57/281 509/58/281
f 484/94/282 482/64/282 512/66/282 510/68/282 508/70/282 506/72/282 504/74/282 502/76/282 500/78/282 498/80/282 496/82/282 494/84/282 492/86/282 490/88/282 488/90/282 486/92/282
f 509/58/283 510/57/283 512/61/283 511/62/283
f 511/62/284 512/61/284 482/97/284 481/98/284
f 481/99/285 483/101/285 485/103/285 487/105/285 489/107/285 491/109/285 493/111/285 495/113/285 497/115/285 499/117/285 501/119/285 503/121/285 505/123/285 507/125/285 509/127/285 511/129/285
f 513/1/286 514/2/286 516/5/286 515/6/286
f 515/6/287 516/5/287 518/9/287 517/10/287
f 517/10/288 518/9/288 520/13/288 519/14/288
f 519/14/289 520/13/289 522/17/289 521/18/289
f 521/18/290 522/17/290 524/21/290 523/22/290
f 523/22/291 524/21/291 526/25/291 525/26/291
f 525/26/292 526/25/292 528/29/292 527/30/292
f 527/30/293 528/29/293 530/33/293 529/34/293
f 529/34/294 530/33/294 532/37/294 531/38/294
f 531/38/295 532/37/295 534/41/295 533/42/295
f 533/42/296 534/41/296 536/45/296 535/46/296
f 535/46/297 536/45/297 538/49/297 537/50/297
f 537/50/298 538/49/298 540/53/298 539/54/298
f 539/54/299 540/53/299 542/57/299 541/58/299
f 516/94/300 514/64/300 544/66/300 542/68/300 540/70/300 538/72/300 536/74/300 534/76/300 532/78/300 530/80/300 528/82/300 526/84/300 524/86/300 522/88/300 520/90/300 518/92/300
f 541/58/301 542/57/301 544/61/301 543/62/301
f 543/62/302 544/61/302 514/97/302 513/98/302
f 513/99/303 515/101/303 517/103/303 519/105/303 521/107/303 523/109/303 525/111/303 527/113/303 529/115/303 531/117/303 533/119/303 535/121/303 537/123/303 539/125/303 541/127/303 543/129/303
f 545/1/304 546/2/304 548/5/304 547/6/304
f 547/6/305 548/5/305 550/9/305 549/10/305
f 549/10/306 550/9/306 552/13/306 551/14/306
f 551/14/307 552/13/307 554/17/307 553/18/307
f 553/18/308 554/17/308 556/21/308 555/22/308
f 555/22/309 556/21/309 558/25/309 557/26/309
f 557/26/310 558/25/310 560/29/310 559/30/310
f 559/30/311 560/29/311 562/33/311 561/34/311
f 561/34/312 562/33/312 564/37/312 563/38/312
f 563/38/313 564/37/313 566/41/313 565/42/313
f 565/42/314 566/41/314 568/45/314 567/46/314
f 567/46/315 568/45/315 570/49/315 569/50/315
f 569/50/316 570/49/316 572/53/316 571/54/316
f 571/54/317 572/53/317 574/57/317 573/58/317
f 548/94/318 546/64/318 576/66/318 574/68/318 572/70/318 570/72/318 568/74/318 566/76/318 564/78/318 562/80/318 560/82/318 558/84/318 556/86/318 554/88/318 552/90/318 550/92/318
f 573/58/319 574/57/319 576/61/319 575/62/319
f 575/62/320 576/61/320 546/97/320 545/98/320
f 545/99/321 547/101/321 549/103/321 551/105/321 553/107/321 555/109/321 557/111/321 559/113/321 561/115/321 563/117/321 565/119/321 567/121/321 569/123/321 571/125/321 573/127/321 575/129/321
f 577/1/322 578/2/322 580/5/322 579/6/322
f 579/6/323 580/5/323 582/9/323 581/10/323
f 581/10/324 582/9/324 584/13/324 583/14/324
f 583/14/325 584/13/325 586/17/325 585/18/325
f 585/18/326 586/17/326 588/21/326 587/22/326
f 587/22/327 588/21/327 590/25/327 589/26/327
f 589/26/328 590/25/328 592/29/328 591/30/328
f 591/30/329 592/29/329 594/33/329 593/34/329
f 593/34/330 594/33/330 596/37/330 595/38/330
f 595/38/331 596/37/331 598/41/331 597/42/331
f 597/42/332 598/41/332 600/45/332 599/46/332
f 599/46/333 600/45/333 602/49/333 601/50/333
f 601/50/334 602/49/334 604/53/334 603/54/334
f 603/54/335 604/53/335 606/57/335 605/58/335
f 580/94/336 578/64/336 608/66/336 606/68/336 604/70/336 602/72/336 600/74/336 598/76/336 596/78/336 594/80/336 592/82/336 590/84/336 588/86/336 586/88/336 584/90/336 582/92/336
f 605/58/337 606/57/337 608/61/337 607/62/337
f 607/62/338 608/61/338 578/97/338 577/98/338
f 577/99/339 579/101/339 581/103/339 583/105/339 585/107/339 587/109/339 589/111/339 591/113/339 593/115/339 595/117/339 597/119/339 599/121/339 601/123/339 603/125/339 605/127/339 607/129/339
f 609/1/340 610/2/340 612/5/340 611/6/340
f 611/6/341 612/5/341 614/9/341 613/10/341
f 613/10/342 614/9/342 616/13/342 615/14/342
f 615/14/343 616/13/343 618/17/343 617/18/343
f 617/18/344 618/17/344 620/21/344 619/22/344
f 619/22/345 620/21/345 622/25/345 621/26/345
f 621/26/346 622/25/346 624/29/346 623/30/346
f 623/30/347 624/29/347 626/33/347 625/34/347
f 625/34/348 626/33/348 628/37/348 627/38/348
f 627/38/349 628/37/349 630/41/349 629/42/349
f 629/42/350 630/41/350 632/45/350 631/46/350
f 631/46/351 632/45/351 634/49/351 633/50/351
f 633/50/352 634/49/352 636/53/352 635/54/352
f 635/54/353 636/53/353 638/57/353 637/58/353
f 612/94/354 610/64/354 640/66/354 638/68/354 636/70/354 634/72/354 632/74/354 630/76/354 628/78/354 626/80/354 624/82/354 622/84/354 620/86/354 618/88/354 616/90/354 614/92/354
f 637/58/355 638/57/355 640/61/355 639/62/355
f 639/62/356 640/61/356 610/97/356 609/98/356
f 609/99/357 611/101/357 613/103/357 615/105/357 617/107/357 619/109/357 621/111/357 623/113/357 625/115/357 627/117/357 629/119/357 631/121/357 633/123/357 635/125/357 637/127/357 639/129/357
f 641/1/358 642/2/358 644/5/358 643/6/358
f 643/6/359 644/5/359 646/9/359 645/10/359
f 645/10/360 646/9/360 648/13/360 647/14/360
f 647/14/361 648/13/361 650/17/361 649/18/361
f 649/18/362 650/17/362 652/21/362 651/22/362
f 651/22/363 652/21/363 654/25/363 653/26/363
f 653/26/364 654/25/364 656/29/364 655/30/364
f 655/30/365 656/29/365 658/33/365 657/34/365
f 657/34/366 658/33/366 660/37/366 659/38/366
f 659/38/367 660/37/367 662/41/367 661/42/367
f 661/42/368 662/41/368 664/45/368 663/46/368
f 663/46/369 664/45/369 666/49/369 665/50/369
f 665/50/370 666/49/370 668/53/370 667/54/370
f 667/54/371 668/53/371 670/57/371 669/58/371
f 644/94/372 642/64/372 672/66/372 670/68/372 668/70/372 666/72/372 664/74/372 662/76/372 660/78/372 658/80/372 656/82/372 654/84/372 652/86/372 650/88/372 648/90/372 646/92/372
f 669/58/373 670/57/373 672/61/373 671/62/373
f 671/62/374 672/61/374 642/97/374 641/98/374
f 641/99/375 643/101/375 645/103/375 647/105/375 649/107/375 651/109/375 653/111/375 655/113/375 657/115/375 659/117/375 661/119/375 663/121/375 665/123/375 667/125/375 669/127/375 671/129/375
f 673/1/376 674/2/376 676/5/376 675/6/376
f 675/6/377 676/5/377 678/9/377 677/10/377
f 677/10/378 678/9/378 680/13/378 679/14/378
f 679/14/379 680/13/379 682/17/379 681/18/379
f 681/18/380 682/17/380 684/21/380 683/22/380
f 683/22/381 684/21/381 686/25/381 685/26/381
f 685/26/382 686/25/382 688/29/382 687/30/382
f 687/30/383 688/29/383 690/33/383 689/34/383
f 689/34/384 690/33/384 692/37/384 691/38/384
f 691/38/385 692/37/385 694/41/385 693/42/385
f 693/42/386 694/41/386 696/45/386 695/46/386
f 695/46/387 696/45/387 698/49/387 697/50/387
f 697/50/388 698/49/388 700/53/388 699/54/388
f 699/54/389 700/53/389 702/57/389 701/58/389
f 676/94/390 674/64/390 704/66/390 702/68/390 700/70/390 698/72/390 696/74/390 694/76/390 692/78/390 690/80/390 688/82/390 686/84/390 684/86/390 682/88/390 680/90/390 678/92/390
f 701/58/391 702/57/391 704/61/391 703/62/391
f 703/62/392 704/61/392 674/97/392 673/98/392
f 673/99/393 675/101/393 677/103/393 679/105/393 681/107/393 683/109/393 685/111/393 687/113/393 689/115/393 691/117/393 693/119/393 695/121/393 697/123/393 699/125/393 701/127/393 703/129/393
f 705/1/394 706/2/394 708/5/394 707/6/394
f 707/6/395 708/5/395 710/9/395 709/10/395
f 709/10/396 710/9/396 712/13/396 711/14/396
f 711/14/397 712/13/397 714/17/397 713/18/397
f 713/18/398 714/17/398 716/21/398 715/22/398
f 715/22/399 716/21/399 718/25/399 717/26/399
f 717/26/400 718/25/400 720/29/400 719/30/400
f 719/30/401 720/29/401 722/33/401 721/34/401
f 721/34/402 722/33/402 724/37/402 723/38/402
f 723/38/403 724/37/403 726/41/403 725/42/403
f 725/42/404 726/41/404 728/45/404 727/46/404
f 727/46/405 728/45/405 730/49/405 729/50/405
f 729/50/406 730/49/406 732/53/406 731/54/406
f 731/54/407 732/53/407 734/57/407 733/58/407
f 708/94/408 706/64/408 736/66/408 734/68/408 732/70/408 730/72/408 728/74/408 726/76/408 724/78/408 722/80/408 720/82/408 718/84/408 716/86/408 714/88/408 712/90/408 710/92/408
f 733/58/409 734/57/409 736/61/409 735/62/409
f 735/62/410 736/61/410 706/97/410 705/98/410
f 705/99/411 707/101/411 709/103/411 711/105/411 713/107/411 715/109/411 717/111/411 719/113/411 721/115/411 723/117/411 725/119/411 727/121/411 729/123/411 731/125/411 733/127/411 735/129/411
f 737/1/412 738/2/412 740/5/412 739/6/412
f 739/6/413 740/5/413 742/9/413 741/10/413
f 741/10/414 742/9/414 744/13/414 743/14/414
f 743/14/415 744/13/415 746/17/415 745/18/415
f 745/18/416 746/17/416 748/21/416 747/22/416
f 747/22/417 748/21/417 750/25/417 749/26/417
f 749/26/418 750/25/418 752/29/418 751/30/418
f 751/30/419 752/29/419 754/33/419 753/34/419
f 753/34/420 754/33/420 756/37/420 755/38/420
f 755/38/421 756/37/421 758/41/421 757/42/421
f 757/42/422 758/41/422 760/45/422 759/46/422
f 759/46/423 760/45/423 762/49/423 761/50/423
f 761/50/424 762/49/424 764/53/424 763/54/424
f 763/54/425 764/53/425 766/57/425 765/58/425
f 740/94/426 738/64/426 768/66/426 766/68/426 764/70/426 762/72/426 760/74/426 758/76/426 756/78/426 754/80/426 752/82/426 750/84/426 748/86/426 746/88/426 744/90/426 742/92/426
f 765/58/427 766/57/427 768/61/427 767/62/427
f 767/62/428 768/61/428 738/97/428 737/98/428
f 737/99/429 739/101/429 741/103/429 743/105/429 745/107/429 747/109/429 749/111/429 751/113/429 753/115/429 755/117/429 757/119/429 759/121/429 761/123/429 763/125/429 765/127/429 767/129/429
f 769/1/430 770/2/430 772/5/430 771/6/430
f 771/6/431 772/5/431 774/9/431 773/10/431
f 773/10/432 774/9/432 776/13/432 775/14/432
f 775/14/433 776/13/433 778/17/433 777/18/433
f 777/18/434 778/17/434 780/21/434 779/22/434
f 779/22/435 780/21/435 782/25/435 781/26/435
f 781/26/436 782/25/436 784/29/436 783/30/436
f 783/30/437 784/29/437 786/33/437 785/34/437
f 785/34/438 786/33/438 788/37/438 787/38/438
f 787/38/439 788/37/439 790/41/439 789/42/439
f 789/42/440 790/41/440 792/45/440 791/46/440
f 791/46/441 792/45/441 794/49/441 793/50/441
f 793/50/442 794/49/442 796/53/442 795/54/442
f 795/54/443 796/53/443 798/57/443 797/58/443
f 772/94/444 770/64/444 800/66/444 798/68/444 796/70/444 794/72/444 792/74/444 790/76/444 788/78/444 786/80/444 784/82/444 782/84/444 780/86/444 778/88/444 776/90/444 774/92/444
f 797/58/445 798/57/445 800/61/445 799/62/445
f 799/62/446 800/61/446 770/97/446 769/98/446
f 769/99/447 771/101/447 773/103/447 775/105/447 777/107/447 779/109/447 781/111/447 783/113/447 785/115/447 787/117/447 789/119/447 791/121/447 793/123/447 795/125/447 797/127/447 799/129/447
f 801/1/448 802/2/448 804/5/448 803/6/448
f 803/6/449 804/5/449 806/9/449 805/10/449
f 805/10/450 806/9/450 808/13/450 807/14/450
f 807/14/451 808/13/451 810/17/451 809/18/451
f 809/18/452 810/17/452 812/21/452 811/22/452
f 811/22/453 812/21/453 814/25/453 813/26/453
f 813/26/454 814/25/454 816/29/454 815/30/454
f 815/30/455 816/29/455 818/33/455 817/34/455
f 817/34/456 818/33/456 820/37/456 819/38/456
f 819/38/457 820/37/457 822/41/457 821/42/457
f 821/42/458 822/41/458 824/45/458 823/46/458
f 823/46/459 824/45/459 826/49/459 825/50/459
f 825/50/460 826/49/460 828/53/460 827/54/460
f 827/54/461 828/53/461 830/57/461 829/58/461
f 804/94/462 802/64/462 832/66/462 830/68/462 828/70/462 826/72/462 824/74/462 822/76/462 820/78/462 818/80/462 816/82/462 814/84/462 812/86/462 810/88/462 808/90/462 806/92/462
f 829/58/463 830/57/463 832/61/463 831/62/463
f 831/62/464 832/61/464 802/97/464 801/98/464
f 801/99/465 803/101/465 805/103/465 807/105/465 809/107/465 811/109/465 813/111/465 815/113/465 817/115/465 819/117/465 821/119/465 823/121/465 825/123/465 827/125/465 829/127/465 831/129/465
f 833/1/466 834/2/466 836/5/466 835/6/466
f 835/6/467 836/5/467 838/9/467 837/10/467
f 837/10/468 838/9/468 840/13/468 839/14/468
f 839/14/469 840/13/469 842/17/469 841/18/469
f 841/18/470 842/17/470 844/21/470 843/22/470
f 843/22/471 844/21/471 846/25/471 845/26/471
f 845/26/472 846/25/472 848/29/472 847/30/472
f 847/30/473 848/29/473 850/33/473 849/34/473
f 849/34/474 850/33/474 852/37/474 851/38/474
f 851/38/475 852/37/475 854/41/475 853/42/475
f 853/42/476 854/41/476 856/45/476 855/46/476
f 855/46/477 856/45/477 858/49/477 857/50/477
f 857/50/478 858/49/478 860/53/478 859/54/478
f 859/54/479 860/53/479 862/57/479 861/58/479
f 836/94/480 834/64/480 864/66/480 862/68/480 860/70/480 858/72/480 856/74/480 854/76/480 852/78/480 850/80/480 848/82/480 846/84/480 844/86/480 842/88/480 840/90/480 838/92/480
f 861/58/481 862/57/481 864/61/481 863/62/481
f 863/62/482 864/61/482 834/97/482 833/98/482
f 833/99/483 835/101/483 837/103/483 839/105/483 841/107/483 843/109/483 845/111/483 847/113/483 849/115/483 851/117/483 853/119/483 855/121/483 857/123/483 859/125/483 861/127/483 863/129/483
f 865/1/484 866/2/484 868/5/484 867/6/484
f 867/6/485 868/5/485 870/9/485 869/10/485
f 869/10/486 870/9/486 872/13/486 871/14/486
f 871/14/487 872/13/487 874/17/487 873/18/487
f 873/18/488 874/17/488 876/21/488 875/22/488
f 875/22/489 876/21/489 878/25/489 877/26/489
f 877/26/490 878/25/490 880/29/490 879/30/490
f 879/30/491 880/29/491 882/33/491 881/34/491
f 881/34/492 882/33/492 884/37/492 883/38/492
f 883/38/493 884/37/493 886/41/493 885/42/493
f 885/42/494 886/41/494 888/45/494 887/46/494
f 887/46/495 888/45/495 890/49/495 889/50/495
f 889/50/496 890/49/496 892/53/496 891/54/496
f 891/54/497 892/53/497 894/57/497 893/58/497
f 868/94/498 866/64/498 896/66/498 894/68/498 892/70/498 890/72/498 888/74/498 886/76/498 884/78/498 882/80/498 880/82/498 878/84/498 876/86/498 874/88/498 872/90/498 870/92/498
f 893/58/499 894/57/499 896/61/499 895/62/499
f 895/62/500 896/61/500 866/97/500 865/98/500
f 865/99/501 867/101/501 869/103/501 871/105/501 873/107/501 875/109/501 877/111/501 879/113/501 881/115/501 883/117/501 885/119/501 887/121/501 889/123/501 891/125/501 893/127/501 895/129/501
f 897/1/502 898/2/502 900/5/502 899/6/502
f 899/6/503 900/5/503 902/9/503 901/10/503
f 901/10/504 902/9/504 904/13/504 903/14/504
f 903/14/505 904/13/505 906/17/505 905/18/505
f 905/18/506 906/17/506 908/21/506 907/22/506
f 907/22/507 908/21/507 910/25/507 909/26/507
f 909/26/508 910/25/508 912/29/508 911/30/508
f 911/30/509 912/29/509 914/33/509 913/34/509
f 913/34/510 914/33/510 916/37/510 915/38/510
f 915/38/511 916/37/511 918/41/511 917/42/511
f 917/42/512 918/41/512 920/45/512 919/46/512
f 919/46/513 920/45/513 922/49/513 921/50/513
f 921/50/514 922/49/514 924/53/514 923/54/514
f 923/54/515 924/53/515 926/57/515 925/58/515
f 900/94/516 898/64/516 928/66/516 926/68/516 924/70/516 922/72/516 920/74/516 918/76/516 916/78/516 914/80/516 912/82/516 910/84/516 908/86/516 906/88/516 904/90/516 902/92/516
f 925/58/517 926/57/517 928/61/517 927/62/517
f 927/62/518 928/61/518 898/97/518 897/98/518
f 897/99/519 899/101/519 901/103/519 903/105/519 905/107/519 907/109/519 909/111/519 911/113/519 913/115/519 915/117/519 917/119/519 919/121/519 921/123/519 923/125/519 925/127/519 927/129/519
f 929/1/520 930/2/520 932/5/520 931/6/520
f 931/6/521 932/5/521 934/9/521 933/10/521
f 933/10/522 934/9/522 936/13/522 935/14/522
f 935/14/523 936/13/523 938/17/523 937/18/523
f 937/18/524 938/17/524 940/21/524 939/22/524
f 939/22/525 940/21/525 942/25/525 941/26/525
f 941/26/526 942/25/526 944/29/526 943/30/526
f 943/30/527 944/29/527 946/33/527 945/34/527
f 945/34/528 946/33/528 948/37/528 947/38/528
f 947/38/529 948/37/529 950/41/529 949/42/529
f 949/42/530 950/41/530 952/45/530 951/46/530
f 951/46/531 952/45/531 954/49/531 953/50/531
f 953/50/532 954/49/532 956/53/532 955/54/532
f 955/54/533 956/53/533 958/57/533 957/58/533
f 932/94/534 930/64/534 960/66/534 958/68/534 956/70/534 954/72/534 952/74/534 950/76/534 948/78/534 946/80/534 944/82/534 942/84/534 940/86/534 938/88/534 936/90/534 934/92/534
f 957/58/535 958/57/535 960/61/535 959/62/535
f 959/62/536 960/61/536 930/97/536 929/98/536
f 929/99/537 931/101/537 933/103/537 935/105/537 937/107/537 939/109/537 941/111/537 943/113/537 945/115/537 947/117/537 949/119/537 951/121/537 953/123/537 955/125/537 957/127/537 959/129/537
f 961/1/538 962/2/538 964/5/538 963/6/538
f 963/6/539 964/5/539 966/9/539 965/10/539
f 965/10/540 966/9/540 968/13/540 967/14/540
f 967/14/541 968/13/541 970/17/541 969/18/541
f 969/18/542 970/17/542 972/21/542 971/22/542
f 971/22/543 972/21/543 974/25/543 973/26/543
f 973/26/544 974/25/544 976/29/544 975/30/544
f 975/30/545 976/29/545 978/33/545 977/34/545
f 977/34/546 978/33/546 980/37/546 979/38/546
f 979/38/547 980/37/547 982/41/547 981/42/547
f 981/42/548 982/41/548 984/45/548 983/46/548
f 983/46/549 984/45/549 986/49/549 985/50/549
f 985/50/550 986/49/550 988/53/550 987/54/550
f 987/54/551 988/53/551 990/57/551 989/58/551
f 964/94/552 962/64/552 992/66/552 990/68/552 988/70/552 986/72/552 984/74/552 982/76/552 980/78/552 978/80/552 976/82/552 974/84/552 972/86/552 970/88/552 968/90/552 966/92/552
f 989/58/553 990/57/553 992/61/553 991/62/553
f 991/62/554 992/61/554 962/97/554 961/98/554
f 961/99/555 963/101/555 965/103/555 967/105/555 969/107/555 971/109/555 973/111/555 975/113/555 977/115/555 979/117/555 981/119/555 983/121/555 985/123/555 987/125/555 989/127/555 991/129/555
f 993/1/556 994/2/556 996/5/556 995/6/556
f 995/6/557 996/5/557 998/9/557 997/10/557
f 997/10/558 998/9/558 1000/13/558 999/14/558
f 999/14/559 1000/13/559 1002/17/559 1001/18/559
f 1001/18/560 1002/17/560 1004/21/560 1003/22/560
f 1003/22/561 1004/21/561 1006/25/561 1005/26/561
f 1005/26/562 1006/25/562 1008/29/562 1007/30/562
f 1007/30/563 1008/29/563 1010/33/563 1009/34/563
f 1009/34/564 1010/33/564 1012/37/564 1011/38/564
f 1011/38/565 1012/37/565 1014/41/565 1013/42/565
f 1013/42/566 1014/41/566 1016/45/566 1015/46/566
f 1015/46/567 1016/45/567 1018/49/567 1017/50/567
f 1017/50/568 1018/49/568 1020/53/568 1019/54/568
f 1019/54/569 1020/53/569 1022/57/569 1021/58/569
f 996/94/570 994/64/570 1024/66/570 1022/68/570 1020/70/570 1018/72/570 1016/74/570 1014/76/570 1012/78/570 1010/80/570 1008/82/570 1006/84/570 1004/86/570 1002/88/570 1000/90/570 998/92/570
f 1021/58/571 1022/57/571 1024/61/571 1023/62/571
f 1023/62/572 1024/61/572 994/97/572 993/98/572
f 993/99/573 995/101/573 997/103/573 999/105/573 1001/107/573 1003/109/573 1005/111/573 1007/113/573 1009/115/573 1011/117/573 1013/119/573 1015/121/573 1017/123/573 1019/125/573 1021/127/573 1023/129/573
f 1025/1/574 1026/2/574 1028/5/574 1027/6/574
f 1027/6/575 1028/5/575 1030/9/575 1029/10/575
f 1029/10/576 1030/9/576 1032/13/576 1031/14/576
f 1031/14/577 1032/13/577 1034/17/577 1033/18/577
f 1033/18/578 1034/17/578 1036/21/578 1035/22/578
f 1035/22/579 1036/21/579 1038/25/579 1037/26/579
f 1037/26/580 1038/25/580 1040/29/580 1039/30/580
f 1039/30/581 1040/29/581 1042/33/581 1041/34/581
f 1041/34/582 1042/33/582 1044/37/582 1043/38/582
f 1043/38/583 1044/37/583 1046/41/583 1045/42/583
f 1045/42/584 1046/41/584 1048/45/584 1047/46/584
f 1047/46/585 1048/45/585 1050/49/585 1049/50/585
f 1049/50/586 1050/49/586 1052/53/586 1051/54/586
f 1051/54/587 1052/53/587 1054/57/587 1053/58/587
f 1028/94/588 1026/64/588 1056/66/588 1054/68/588 1052/70/588 1050/72/588 1048/74/588 1046/76/588 1044/78/588 1042/80/588 1040/82/588 1038/84/588 1036/86/588 1034/88/588 1032/90/588 1030/92/588
f 1053/58/589 1054/57/589 1056/61/589 1055/62/589
f 1055/62/590 1056/61/590 1026/97/590 1025/98/590
f 1025/99/591 1027/101/591 1029/103/591 1031/105/591 1033/107/591 1035/109/591 1037/111/591 1039/113/591 1041/115/591 1043/117/591 1045/119/591 1047/121/591 1049/123/591 1051/125/591 1053/127/591 1055/129/591
f 1057/1/592 1058/2/592 1060/5/592 1059/6/592
f 1059/6/593 1060/5/593 1062/9/593 1061/10/593
f 1061/10/594 1062/9/594 1064/13/594 1063/14/594
f 1063/14/595 1064/13/595 1066/17/595 1065/18/595
f 1065/18/596 1066/17/596 1068/21/596 1067/22/596
f 1067/22/597 1068/21/597 1070/25/597 1069/26/597
f 1069/26/598 1070/25/598 1072/29/598 1071/30/598
f 1071/30/599 1072/29/599 1074/33/599 1073/34/599
f 1073/34/600 1074/33/600 1076/37/600 1075/38/600
f 1075/38/601 1076/37/601 1078/41/601 1077/42/601
f 1077/42/602 1078/41/602 1080/45/602 1079/46/602
f 1079/46/603 1080/45/603 1082/49/603 1081/50/603
f 1081/50/604 1082/49/604 1084/53/604 1083/54/604
f 1083/54/605 1084/53/605 1086/57/605 1085/58/605
f 1060/94/606 1058/64/606 1088/66/606 1086/68/606 1084/70/606 1082/72/606 1080/74/606 1078/76/606 1076/78/606 1074/80/606 1072/82/606 1070/84/606 1068/86/606 1066/88/606 1064/90/606 1062/92/606
f 1085/58/607 1086/57/607 1088/61/607 1087/62/607
f 1087/62/608 1088/61/608 1058/97/608 1057/98/608
f 1057/99/609 1059/101/609 1061/103/609 1063/105/609 1065/107/609 1067/109/609 1069/111/609 1071/113/609 1073/115/609 1075/117/609 1077/119/609 1079/121/609 1081/123/609 1083/125/609 1085/127/609 1087/129/609
f 1089/1/610 1090/2/610 1092/5/610 1091/6/610
f 1091/6/611 1092/5/611 1094/9/611 1093/10/611
f 1093/10/612 1094/9/612 1096/13/612 1095/14/612
f 1095/14/613 1096/13/613 1098/17/613 1097/18/613
f 1097/18/614 1098/17/614 1100/21/614 1099/22/614
f 1099/22/615 1100/21/615 1102/25/615 1101/26/615
f 1101/26/616 1102/25/616 1104/29/616 1103/30/616
f 1103/30/617 1104/29/617 1106/33/617 1105/34/617
f 1105/34/618 1106/33/618 1108/37/618 1107/38/618
f 1107/38/619 1108/37/619 1110/41/619 1109/42/619
f 1109/42/620 1110/41/620 1112/45/620 1111/46/620
f 1111/46/621 1112/45/621 1114/49/621 1113/50/621
f 1113/50/622 1114/49/622 1116/53/622 1115/54/622
f 1115/54/623 1116/53/623 1118/57/623 1117/58/623
f 1092/94/624 1090/64/624 1120/66/624 1118/68/624 1116/70/624 1114/72/624 1112/74/624 1110/76/624 1108/78/624 1106/80/624 1104/82/624 1102/84/624 1100/86/624 1098/88/624 1096/90/624 1094/92/624
f 1117/58/625 1118/57/625 1120/61/625 1119/62/625
f 1119/62/626 1120/61/626 1090/97/626 1089/98/626
f 1089/99/627 1091/101/627 1093/103/627 1095/105/627 1097/107/627 1099/109/627 1101/111/627 1103/113/627 1105/115/627 1107/117/627 1109/119/627 1111/121/627 1113/123/627 1115/125/627 1117/127/627 1119/129/627
f 1121/1/628 1122/2/628 1124/5/628 1123/6/628
f 1123/6/629 1124/5/629 1126/9/629 1125/10/629
f 1125/10/630 1126/9/630 1128/13/630 1127/14/630
f 1127/14/631 1128/13/631 1130/17/631 1129/18/631
f 1129/18/632 1130/17/632 1132/21/632 1131/22/632
f 1131/22/633 1132/21/633 1134/25/633 1133/26/633
f 1133/26/634 1134/25/634 1136/29/634 1135/30/634
f 1135/30/635 1136/29/635 1138/33/635 1137/34/635
f 1137/34/636 1138/33/636 1140/37/636 1139/38/636
f 1139/38/637 1140/37/637 1142/41/637 1141/42/637
f 1141/42/638 1142/41/638 1144/45/638 1143/46/638
f 1143/46/639 1144/45/639 1146/49/639 1145/50/639
f 1145/50/640 1146/49/640 1148/53/640 1147/54/640
f 1147/54/641 1148/53/641 1150/57/641 1149/58/641
f 1124/94/642 1122/64/642 1152/66/642 1150/68/642 1148/70/642 1146/72/642 1144/74/642 1142/76/642 1140/78/642 1138/80/642 1136/82/642 1134/84/642 1132/86/642 1130/88/642 1128/90/642 1126/92/642
f 1149/58/643 1150/57/643 1152/61/643 1151/62/643
f 1151/62/644 1152/61/644 1122/97/644 1121/98/644
f 1121/99/645 1123/101/645 1125/103/645 1127/105/645 1129/107/645 1131/109/645 1133/111/645 1135/113/645 1137/115/645 1139/117/645 1141/119/645 1143/121/645 1145/123/645 1147/125/645 1149/127/645 1151/129/645
f 1153/1/646 1154/2/646 1156/5/646 1155/6/646
f 1155/6/647 1156/5/647 1158/9/647 1157/10/647
f 1157/10/648 1158/9/648 1160/13/648 1159/14/648
f 1159/14/649 1160/13/649 1162/17/649 1161/18/649
f 1161/18/650 1162/17/650 1164/21/650 1163/22/650
f 1163/22/651 1164/21/651 1166/25/651 1165/26/651
f 1165/26/652 1166/25/652 1168/29/652 1167/30/652
f 1167/30/653 1168/29/653 1170/33/653 1169/34/653
f 1169/34/654 1170/33/654 1172/37/654 1171/38/654
f 1171/38/655 1172/37/655 1174/41/655 1173/42/655
f 1173/42/656 1174/41/656 1176/45/656 1175/46/656
f 1175/46/657 1176/45/657 1178/49/657 1177/50/657
f 1177/50/658 1178/49/658 1180/53/658 1179/54/658
f 1179/54/659 1180/53/659 1182/57/659 1181/58/659
f 1156/94/660 1154/64/660 1184/66/660 1182/68/660 1180/70/660 1178/72/660 1176/74/660 1174/76/660 1172/78/660 1170/80/660 1168/82/660 1166/84/660 1164/86/660 1162/88/660 1160/90/660 1158/92/660
f 1181/58/661 1182/57/661 1184/61/661 1183/62/661
f 1183/62/662 1184/61/662 1154/97/662 1153/98/662
f 1153/99/663 1155/101/663 1157/103/663 1159/105/663 1161/107/663 1163/109/663 1165/111/663 1167/113/663 1169/115/663 1171/117/663 1173/119/663 1175/121/663 1177/123/663 1179/125/663 1181/127/663 1183/129/663
f 1185/1/664 1186/2/664 1188/5/664 1187/6/664
f 1187/6/665 1188/5/665 1190/9/665 1189/10/665
f 1189/10/666 1190/9/666 1192/13/666 1191/14/666
f 1191/14/667 1192/13/667 1194/17/667 1193/18/667
f 1193/18/668 1194/17/668 1196/21/668 1195/22/668
f 1195/22/669 1196/21/669 1198/25/669 1197/26/669
f 1197/26/670 1198/25/670 1200/29/670 1199/30/670
f 1199/30/671 1200/29/671 1202/33/671 1201/34/671
f 1201/34/672 1202/33/672 1204/37/672 1203/38/672
f 1203/38/673 1204/37/673 1206/41/673 1205/42/673
f 1205/42/674 1206/41/674 1208/45/674 1207/46/674
f 1207/46/675 1208/45/675 1210/49/675 1209/50/675
f 1209/50/676 1210/49/676 1212/53/676 1211/54/676
f 1211/54/677 1212/53/677 1214/57/677 1213/58/677
f 1188/94/678 1186/64/678 1216/66/678 1214/68/678 1212/70/678 1210/72/678 1208/74/678 1206/76/678 1204/78/678 1202/80/678 1200/82/678 1198/84/678 1196/86/678 1194/88/678 1192/90/678 1190/92/678
f 1213/58/679 1214/57/679 1216/61/679 1215/62/679
f 1215/62/680 1216/61/680 1186/97/680 1185/98/680
f 1185/99/681 1187/101/681 1189/103/681 1191/105/681 1193/107/681 1195/109/681 1197/111/681 1199/113/681 1201/115/681 1203/117/681 1205/119/681 1207/121/681 1209/123/681 1211/125/681 1213/127/681 1215/129/681
f 1217/1/682 1218/2/682 1220/5/682 1219/6/682
f 1219/6/683 1220/5/683 1222/9/683 1221/10/683
f 1221/10/684 1222/9/684 1224/13/684 1223/14/684
f 1223/14/685 1224/13/685 1226/17/685 1225/18/685
f 1225/18/686 1226/17/686 1228/21/686 1227/22/686
f 1227/22/687 1228/21/687 1230/25/687 1229/26/687
f 1229/26/688 1230/25/688 1232/29/688 1231/30/688
f 1231/30/689 1232/29/689 1234/33/689 1233/34/689
f 1233/34/690 1234/33/690 1236/37/690 1235/38/690
f 1235/38/691 1236/37/691 1238/41/691 1237/42/691
f 1237/42/692 1238/41/692 1240/45/692 1239/46/692
f 1239/46/693 1240/45/693 1242/49/693 1241/50/693
f 1241/50/694 1242/49/694 1244/53/694 1243/54/694
f 1243/54/695 1244/53/695 1246/57/695 1245/58/695
f 1220/94/696 1218/64/696 1248/66/696 1246/68/696 1244/70/696 1242/72/696 1240/74/696 1238/76/696 1236/78/696 1234/80/696 1232/82/696 1230/84/696 1228/86/696 1226/88/696 1224/90/696 1222/92/696
f 1245/58/697 1246/57/697 1248/61/697 1247/62/697
f 1247/62/698 1248/61/698 1218/97/698 1217/98/698
f 1217/99/699 1219/101/699 1221/103/699 1223/105/699 1225/107/699 1227/109/699 1229/111/699 1231/113/699 1233/115/699 1235/117/699 1237/119/699 1239/121/699 1241/123/699 1243/125/699 1245/127/699 1247/129/699
f 1249/1/700 1250/2/700 1252/5/700 1251/6/700
f 1251/6/701 1252/5/701 1254/9/701 1253/10/701
f 1253/10/702 1254/9/702 1256/13/702 1255/14/702
f 1255/14/703 1256/13/703 1258/17/703 1257/18/703
f 1257/18/704 1258/17/704 1260/21/704 1259/22/704
f 1259/22/705 1260/21/705 1262/25/705 1261/26/705
f 1261/26/706 1262/25/706 1264/29/706 1263/30/706
f 1263/30/707 1264/29/707 1266/33/707 1265/34/707
f 1265/34/708 1266/33/708 1268/37/708 1267/38/708
f 1267/38/709 1268/37/709 1270/41/709 1269/42/709
f 1269/42/710 1270/41/710 1272/45/710 1271/46/710
f 1271/46/711 1272/45/711 1274/49/711 1273/50/711
f 1273/50/712 1274/49/712 1276/53/712 1275/54/712
f 1275/54/713 1276/53/713 1278/57/713 1277/58/713
f 1252/94/714 1250/64/714 1280/66/714 1278/68/714 1276/70/714 1274/72/714 1272/74/714 1270/76/714 1268/78/714 1266/80/714 1264/82/714 1262/84/714 1260/86/714 1258/88/714 1256/90/714 1254/92/714
f 1277/58/715 1278/57/715 1280/61/715 1279/62/715
f 1279/62/716 1280/61/716 1250/97/716 1249/98/716
f 1249/99/717 1251/101/717 1253/103/717 1255/105/717 1257/107/717 1259/109/717 1261/111/717 1263/113/717 1265/115/717 1267/117/717 1269/119/717 1271/121/717 1273/123/717 1275/125/717 1277/127/717 1279/129/717
f 1281/1/718 1282/2/718 1284/5/718 1283/6/718
f 1283/6/719 1284/5/719 1286/9/719 1285/10/719
f 1285/10/720 1286/9/720 1288/13/720 1287/14/720
f 1287/14/721 1288/13/721 1290/17/721 1289/18/721
f 1289/18/722 1290/17/722 1292/21/722 1291/22/722
f 1291/22/723 1292/21/723 1294/25/723 1293/26/723
f 1293/26/724 1294/25/724 1296/29/724 1295/30/724
f 1295/30/725 1296/29/725 1298/33/725 1297/34/725
f 1297/34/726 1298/33/726 1300/37/726 1299/38/726
f 1299/38/727 1300/37/727 1302/41/727 1301/42/727
f 1301/42/728 1302/41/728 1304/45/728 1303/46/728
f 1303/46/729 1304/45/729 1306/49/729 1305/50/729
f 1305/50/730 1306/49/730 1308/53/730 1307/54/730
f 1307/54/731 1308/53/731 1310/57/731 1309/58/731
f 1284/94/732 1282/64/732 1312/66/732 1310/68/732 1308/70/732 1306/72/732 1304/74/732 1302/76/732 1300/78/732 1298/80/732 1296/82/732 1294/84/732 1292/86/732 1290/88/732 1288/90/732 1286/92/732
f 1309/58/733 1310/57/733 1312/61/733 1311/62/733
f 1311/62/734 1312/61/734 1282/97/734 1281/98/734
f 1281/99/735 1283/101/735 1285/103/735 1287/105/735 1289/107/735 1291/109/735 1293/111/735 1295/113/735 1297/115/735 1299/117/735 1301/119/735 1303/121/735 1305/123/735 1307/125/735 1309/127/735 1311/129/735
f 1313/1/736 1314/2/736 1316/5/736 1315/6/736
f 1315/6/737 1316/5/737 1318/9/737 1317/10/737
f 1317/10/738 1318/9/738 1320/13/738 1319/14/738
f 1319/14/739 1320/13/739 1322/17/739 1321/18/739
f 1321/18/740 1322/17/740 1324/21/740 1323/22/740
f 1323/22/741 1324/21/741 1326/25/741 1325/26/741
f 1325/26/742 1326/25/742 1328/29/742 1327/30/742
f 1327/30/743 1328/29/743 1330/33/743 1329/34/743
f 1329/34/744 1330/33/744 1332/37/744 1331/38/744
f 1331/38/745 1332/37/745 1334/41/745 1333/42/745
f 1333/42/746 1334/41/746 1336/45/746 1335/46/746
f 1335/46/747 1336/45/747 1338/49/747 1337/50/747
f 1337/50/748 1338/49/748 1340/53/748 1339/54/748
f 1339/54/749 1340/53/749 1342/57/749 1341/58/749
f 1316/94/750 1314/64/750 1344/66/750 1342/68/750 1340/70/750 1338/72/750 1336/74/750 1334/76/750 1332/78/750 1330/80/750 1328/82/750 1326/84/750 1324/86/750 1322/88/750 1320/90/750 1318/92/750
f 1341/58/751 1342/57/751 1344/61/751 1343/62/751
f 1343/62/752 1344/61/752 1314/97/752 1313/98/752
f 1313/99/753 1315/101/753 1317/103/753 1319/105/753 1321/107/753 1323/109/753 1325/111/753 1327/113/753 1329/115/753 1331/117/753 1333/119/753 1335/121/753 1337/123/753 1339/125/753 1341/127/753 1343/129/753
f 1345/1/754 1346/2/754 1348/5/754 1347/6/754
f 1347/6/755 1348/5/755 1350/9/755 1349/10/755
f 1349/10/756 1350/9/756 1352/13/756 1351/14/756
f 1351/14/757 1352/13/757 1354/17/757 1353/18/757
f 1353/18/758 1354/17/758 1356/21/758 1355/22/758
f 1355/22/759 1356/21/759 1358/25/759 1357/26/759
f 1357/26/760 1358/25/760 1360/29/760 1359/30/760
f 1359/30/761 1360/29/761 1362/33/761 1361/34/761
f 1361/34/762 1362/33/762 1364/37/762 1363/38/762
f 1363/38/763 1364/37/763 1366/41/763 1365/42/763
f 1365/42/764 1366/41/764 1368/45/764 1367/46/764
f 1367/46/765 1368/45/765 1370/49/765 1369/50/765
f 1369/50/766 1370/49/766 1372/53/766 1371/54/766
f 1371/54/767 1372/53/767 1374/57/767 1373/58/767
f 1348/94/768 1346/64/768 1376/66/768 1374/68/768 1372/70/768 1370/72/768 1368/74/768 1366/76/768 1364/78/768 1362/80/768 1360/82/768 1358/84/768 1356/86/768 1354/88/768 1352/90/768 1350/92/768
f 1373/58/769 1374/57/769 1376/61/769 1375/62/769
f 1375/62/770 1376/61/770 1346/97/770 1345/98/770
f 1345/99/771 1347/101/771 1349/103/771 1351/105/771 1353/107/771 1355/109/771 1357/111/771 1359/113/771 1361/115/771 1363/117/771 1365/119/771 1367/121/771 1369/123/771 1371/125/771 1373/127/771 1375/129/771
f 1377/1/772 1378/2/772 1380/5/772 1379/6/772
f 1379/6/773 1380/5/773 1382/9/773 1381/10/773
f 1381/10/774 1382/9/774 1384/13/774 1383/14/774
f 1383/14/775 1384/13/775 1386/17/775 1385/18/775
f 1385/18/776 1386/17/776 1388/21/776 1387/22/776
f 1387/22/777 1388/21/777 1390/25/777 1389/26/777
f 1389/26/778 1390/25/778 1392/29/778 1391/30/778
f 1391/30/779 1392/29/779 1394/33/779 1393/34/779
f 1393/34/780 1394/33/780 1396/37/780 1395/38/780
f 1395/38/781 1396/37/781 1398/41/781 1397/42/781
f 1397/42/782 1398/41/782 1400/45/782 1399/46/782
f 1399/46/783 1400/45/783 1402/49/783 1401/50/783
f 1401/50/784 1402/49/784 1404/53/784 1403/54/784
f 1403/54/785 1404/53/785 1406/57/785 1405/58/785
f 1380/94/786 1378/64/786 1408/66/786 1406/68/786 1404/70/786 1402/72/786 1400/74/786 1398/76/786 1396/78/786 1394/80/786 1392/82/786 1390/84/786 1388/86/786 1386/88/786 1384/90/786 1382/92/786
f 1405/58/787 1406/57/787 1408/61/787 1407/62/787
f 1407/62/788 1408/61/788 1378/97/788 1377/98/788
f 1377/99/789 1379/101/789 1381/103/789 1383/105/789 1385/107/789 1387/109/789 1389/111/789 1391/113/789 1393/115/789 1395/117/789 1397/119/789 1399/121/789 1401/123/789 1403/125/789 1405/127/789 1407/129/789
f 1409/1/790 1410/2/790 1412/5/790 1411/6/790
f 1411/6/791 1412/5/791 1414/9/791 1413/10/791
f 1413/10/792 1414/9/792 1416/13/792 1415/14/792
f 1415/14/793 1416/13/793 1418/17/793 1417/18/793
f 1417/18/794 1418/17/794 1420/21/794 1419/22/794
f 1419/22/795 1420/21/795 1422/25/795 1421/26/795
f 1421/26/796 1422/25/796 1424/29/796 1423/30/796
f 1423/30/797 1424/29/797 1426/33/797 1425/34/797
f 1425/34/798 1426/33/798 1428/37/798 1427/38/798
f 1427/38/799 1428/37/799 1430/41/799 1429/42/799
f 1429/42/800 1430/41/800 1432/45/800 1431/46/800
f 1431/46/801 1432/45/801 1434/49/801 1433/50/801
f 1433/50/802 1434/49/802 1436/53/802 1435/54/802
f 1435/54/803 1436/53/803 1438/57/803 1437/58/803
f 1412/94/804 1410/64/804 1440/66/804 1438/68/804 1436/70/804 1434/72/804 1432/74/804 1430/76/804 1428/78/804 1426/80/804 1424/82/804 1422/84/804 1420/86/804 1418/88/804 1416/90/804 1414/92/804
f 1437/58/805 1438/57/805 1440/61/805 1439/62/805
f 1439/62/806 1440/61/806 1410/97/806 1409/98/806
f 1409/99/807 1411/101/807 1413/103/807 1415/105/807 1417/107/807 1419/109/807 1421/111/807 1423/113/807 1425/115/807 1427/117/807 1429/119/807 1431/121/807 1433/123/807 1435/125/807 1437/127/807 1439/129/807
f 1441/1/808 1442/2/808 1444/5/808 1443/6/808
f 1443/6/809 1444/5/809 1446/9/809 1445/10/809
f 1445/10/810 1446/9/810 1448/13/810 1447/14/810
f 1447/14/811 1448/13/811 1450/17/811 1449/18/811
f 1449/18/812 1450/17/812 1452/21/812 1451/22/812
f 1451/22/813 1452/21/813 1454/25/813 1453/26/813
f 1453/26/814 1454/25/814 1456/29/814 1455/30/814
f 1455/30/815 1456/29/815 1458/33/815 1457/34/815
f 1457/34/816 1458/33/816 1460/37/816 1459/38/816
f 1459/38/817 1460/37/817 1462/41/817 1461/42/817
f 1461/42/818 1462/41/818 1464/45/818 1463/46/818
f 1463/46/819 1464/45/819 1466/49/819 1465/50/819
f 1465/50/820 1466/49/820 1468/53/820 1467/54/820
f 1467/54/821 1468/53/821 1470/57/821 1469/58/821
f 1444/94/822 1442/64/822 1472/66/822 1470/68/822 1468/70/822 1466/72/822 1464/74/822 1462/76/822 1460/78/822 1458/80/822 1456/82/822 1454/84/822 1452/86/822 1450/88/822 1448/90/822 1446/92/822
f 1469/58/823 1470/57/823 1472/61/823 1471/62/823
f 1471/62/824 1472/61/824 1442/97/824 1441/98/824
f 1441/99/825 1443/101/825 1445/103/825 1447/105/825 1449/107/825 1451/109/825 1453/111/825 1455/113/825 1457/115/825 1459/117/825 1461/119/825 1463/121/825 1465/123/825 1467/125/825 1469/127/825 1471/129/825
f 1473/1/826 1474/2/826 1476/5/826 1475/6/826
f 1475/6/827 1476/5/827 1478/9/827 1477/10/827
f 1477/10/828 1478/9/828 1480/13/828 1479/14/828
f 1479/14/829 1480/13/829 1482/17/829 1481/18/829
f 1481/18/830 1482/17/830 1484/21/830 1483/22/830
f 1483/22/831 1484/21/831 1486/25/831 1485/26/831
f 1485/26/832 1486/25/832 1488/29/832 1487/30/832
f 1487/30/833 1488/29/833 1490/33/833 1489/34/833
f 1489/34/834 1490/33/834 1492/37/834 1491/38/834
f 1491/38/835 1492/37/835 1494/41/835 1493/42/835
f 1493/42/836 1494/41/836 1496/45/836 1495/46/836
f 1495/46/837 1496/45/837 1498/49/837 1497/50/837
f 1497/50/838 1498/49/838 1500/53/838 1499/54/838
f 1499/54/839 1500/53/839 1502/57/839 1501/58/839
f 1476/94/840 1474/64/840 1504/66/840 1502/68/840 1500/70/840 1498/72/840 1496/74/840 1494/76/840 1492/78/840 1490/80/840 1488/82/840 1486/84/840 1484/86/840 1482/88/840 1480/90/840 1478/92/840
f 1501/58/841 1502/57/841 1504/61/841 1503/62/841
f 1503/62/842 1504/61/842 1474/97/842 1473/98/842
f 1473/99/843 1475/101/843 1477/103/843 1479/105/843 1481/107/843 1483/109/843 1485/111/843 1487/113/843 1489/115/843 1491/117/843 1493/119/843 1495/121/843 1497/123/843 1499/125/843 1501/127/843 1503/129/843
f 1505/1/844 1506/2/844 1508/5/844 1507/6/844
f 1507/6/845 1508/5/845 1510/9/845 1509/10/845
f 1509/10/846 1510/9/846 1512/13/846 1511/14/846
f 1511/14/847 1512/13/847 1514/17/847 1513/18/847
f 1513/18/848 1514/17/848 1516/21/848 1515/22/848
f 1515/22/849 1516/21/849 1518/25/849 1517/26/849
f 1517/26/850 1518/25/850 1520/29/850 1519/30/850
f 1519/30/851 1520/29/851 1522/33/851 1521/34/851
f 1521/34/852 1522/33/852 1524/37/852 1523/38/852
f 1523/38/853 1524/37/853 1526/41/853 1525/42/853
f 1525/42/854 1526/41/854 1528/45/854 1527/46/854
f 1527/46/855 1528/45/855 1530/49/855 1529/50/855
f 1529/50/856 1530/49/856 1532/53/856 1531/54/856
f 1531/54/857 1532/53/857 1534/57/857 1533/58/857
f 1508/94/858 1506/64/858 1536/66/858 1534/68/858 1532/70/858 1530/72/858 1528/74/858 1526/76/858 1524/78/858 1522/80/858 1520/82/858 1518/84/858 1516/86/858 1514/88/858 1512/90/858 1510/92/858
f 1533/58/859 1534/57/859 1536/61/859 1535/62/859
f 1535/62/860 1536/61/860 1506/97/860 1505/98/860
f 1505/99/861 1507/101/861 1509/103/861 1511/105/861 1513/107/861 1515/109/861 1517/111/861 1519/113/861 1521/115/861 1523/117/861 1525/119/861 1527/121/861 1529/123/861 1531/125/861 1533/127/861 1535/129/861
f 1537/1/862 1538/2/862 1540/5/862 1539/6/862
f 1539/6/863 1540/5/863 1542/9/863 1541/10/864
f 1541/10/865 1542/9/865 1544/13/865 1543/14/865
f 1543/14/866 1544/13/866 1546/17/866 1545/18/866
f 1545/18/867 1546/17/867 1548/21/867 1547/22/867
f 1547/22/868 1548/21/868 1550/25/868 1549/26/868
f 1549/26/869 1550/25/869 1552/29/869 1551/30/869
f 1551/30/870 1552/29/870 1554/33/870 1553/34/870
f 1553/34/871 1554/33/871 1556/37/871 1555/38/871
f 1555/38/872 1556/37/872 1558/41/872 1557/42/872
f 1557/42/873 1558/41/873 1560/45/873 1559/46/873
f 1559/46/874 1560/45/874 1562/49/874 1561/50/874
f 1561/50/875 1562/49/875 1564/53/875 1563/54/875
f 1563/54/876 1564/53/876 1566/57/876 1565/58/876
f 1540/94/877 1538/64/877 1568/66/877 1566/68/877 1564/70/877 1562/72/877 1560/74/877 1558/76/877 1556/78/877 1554/80/877 1552/82/877 1550/84/877 1548/86/877 1546/88/877 1544/90/877 1542/92/877
f 1565/58/878 1566/57/878 1568/61/878 1567/62/878
f 1567/62/879 1568/61/879 1538/97/879 1537/98/879
f 1537/99/880 1539/101/880 1541/103/880 1543/105/880 1545/107/880 1547/109/880 1549/111/880 1551/113/880 1553/115/880 1555/117/880 1557/119/880 1559/121/880 1561/123/880 1563/125/880 1565/127/880 1567/129/880
f 1569/1/881 1570/2/881 1572/5/881 1571/6/881
f 1571/6/882 1572/5/882 1574/9/882 1573/10/882
f 1573/10/883 1574/9/883 1576/13/883 1575/14/883
f 1575/14/884 1576/13/884 1578/17/884 1577/18/884
f 1577/18/885 1578/17/885 1580/21/885 1579/22/885
f 1579/22/886 1580/21/886 1582/25/886 1581/26/886
f 1581/26/887 1582/25/887 1584/29/887 1583/30/887
f 1583/30/888 1584/29/888 1586/33/888 1585/34/888
f 1585/34/889 1586/33/889 1588/37/889 1587/38/889
f 1587/38/890 1588/37/890 1590/41/890 1589/42/890
f 1589/42/891 1590/41/891 1592/45/891 1591/46/891
f 1591/46/892 1592/45/892 1594/49/892 1593/50/892
f 1593/50/893 1594/49/893 1596/53/893 1595/54/893
f 1595/54/894 1596/53/894 1598/57/894 1597/58/894
f 1572/94/895 1570/64/895 1600/66/895 1598/68/895 1596/70/895 1594/72/895 1592/74/895 1590/76/895 1588/78/895 1586/80/895 1584/82/895 1582/84/895 1580/86/895 1578/88/895 1576/90/895 1574/92/895
f 1597/58/896 1598/57/896 1600/61/896 1599/62/896
f 1599/62/897 1600/61/897 1570/97/897 1569/98/897
f 1569/99/898 1571/101/898 1573/103/898 1575/105/898 1577/107/898 1579/109/898 1581/111/898 1583/113/898 1585/115/898 1587/117/898 1589/119/898 1591/121/898 1593/123/898 1595/125/898 1597/127/898 1599/129/898
f 1601/1/899 1602/2/899 1604/5/899 1603/6/899
f 1603/6/900 1604/5/900 1606/9/900 1605/10/900
f 1605/10/901 1606/9/901 1608/13/901 1607/14/901
f 1607/14/902 1608/13/902 1610/17/902 1609/18/902
f 1609/18/903 1610/17/903 1612/21/903 1611/22/903
f 1611/22/904 1612/21/904 1614/25/904 1613/26/904
f 1613/26/905 1614/25/905 1616/29/905 1615/30/905
f 1615/30/906 1616/29/906 1618/33/906 1617/34/906
f 1617/34/907 1618/33/907 1620/37/907 1619/38/907
f 1619/38/908 1620/37/908 1622/41/908 1621/42/908
f 1621/42/909 1622/41/909 1624/45/909 1623/46/909
f 1623/46/910 1624/45/910 1626/49/910 1625/50/910
f 1625/50/911 1626/49/911 1628/53/911 1627/54/911
f 1627/54/912 1628/53/912 1630/57/912 1629/58/912
f 1604/94/913 1602/64/913 1632/66/913 1630/68/913 1628/70/913 1626/72/913 1624/74/913 1622/76/913 1620/78/913 1618/80/913 1616/82/913 1614/84/913 1612/86/913 1610/88/913 1608/90/913 1606/92/913
f 1629/58/914 1630/57/914 1632/61/914 1631/62/914
f 1631/62/915 1632/61/915 1602/97/915 1601/98/915
f 1601/99/916 1603/101/916 1605/103/916 1607/105/916 1609/107/916 1611/109/916 1613/111/916 1615/113/916 1617/115/916 1619/117/916 1621/119/916 1623/121/916 1625/123/916 1627/125/916 1629/127/916 1631/129/916
f 1633/1/917 1634/2/917 1636/5/917 1635/6/917
f 1635/6/918 1636/5/918 1638/9/918 1637/10/918
f 1637/10/919 1638/9/919 1640/13/919 1639/14/919
f 1639/14/920 1640/13/920 1642/17/920 1641/18/920
f 1641/18/921 1642/17/921 1644/21/921 1643/22/921
f 1643/22/922 1644/21/922 1646/25/922 1645/26/922
f 1645/26/923 1646/25/923 1648/29/923 1647/30/923
f 1647/30/924 1648/29/924 1650/33/924 1649/34/924
f 1649/34/925 1650/33/925 1652/37/925 1651/38/925
f 1651/38/926 1652/37/926 1654/41/926 1653/42/926
f 1653/42/927 1654/41/927 1656/45/927 1655/46/927
f 1655/46/928 1656/45/928 1658/49/928 1657/50/928
f 1657/50/929 1658/49/929 1660/53/929 1659/54/929
f 1659/54/930 1660/53/930 1662/57/930 1661/58/930
f 1636/94/931 1634/64/931 1664/66/931 1662/68/931 1660/70/931 1658/72/931 1656/74/931 1654/76/931 1652/78/931 1650/80/931 1648/82/931 1646/84/931 1644/86/931 1642/88/931 1640/90/931 1638/92/931
f 1661/58/932 1662/57/932 1664/61/932 1663/62/932
f 1663/62/933 1664/61/933 1634/97/933 1633/98/933
f 1633/99/934 1635/101/934 1637/103/934 1639/105/934 1641/107/934 1643/109/934 1645/111/934 1647/113/934 1649/115/934 1651/117/934 1653/119/934 1655/121/934 1657/123/934 1659/125/934 1661/127/934 1663/129/934
f 1665/1/935 1666/2/935 1668/5/935 1667/6/935
f 1667/6/936 1668/5/936 1670/9/936 1669/10/936
f 1669/10/937 1670/9/937 1672/13/937 1671/14/937
f 1671/14/938 1672/13/938 1674/17/938 1673/18/938
f 1673/18/939 1674/17/939 1676/21/939 1675/22/939
f 1675/22/940 1676/21/940 1678/25/940 1677/26/940
f 1677/26/941 1678/25/941 1680/29/941 1679/30/941
f 1679/30/942 1680/29/942 1682/33/942 1681/34/942
f 1681/34/943 1682/33/943 1684/37/943 1683/38/943
f 1683/38/944 1684/37/944 1686/41/944 1685/42/944
f 1685/42/945 1686/41/945 1688/45/945 1687/46/945
f 1687/46/946 1688/45/946 1690/49/946 1689/50/946
f 1689/50/947 1690/49/947 1692/53/947 1691/54/947
f 1691/54/948 1692/53/948 1694/57/948 1693/58/948
f 1668/94/949 1666/64/949 1696/66/949 1694/68/949 1692/70/949 1690/72/949 1688/74/949 1686/76/949 1684/78/949 1682/80/949 1680/82/949 1678/84/949 1676/86/949 1674/88/949 1672/90/949 1670/92/949
f 1693/58/950 1694/57/950 1696/61/950 1695/62/950
f 1695/62/951 1696/61/951 1666/97/951 1665/98/951
f 1665/99/952 1667/101/952 1669/103/952 1671/105/952 1673/107/952 1675/109/952 1677/111/952 1679/113/952 1681/115/952 1683/117/952 1685/119/952 1687/121/952 1689/123/952 1691/125/952 1693/127/952 1695/129/952
f 1697/1/953 1698/2/953 1700/5/953 1699/6/953
f 1699/6/954 1700/5/954 1702/9/954 1701/10/954
f 1701/10/955 1702/9/955 1704/13/955 1703/14/955
f 1703/14/956 1704/13/956 1706/17/956 1705/18/956
f 1705/18/957 1706/17/957 1708/21/957 1707/22/957
f 1707/22/958 1708/21/958 1710/25/958 1709/26/958
f 1709/26/959 1710/25/959 1712/29/959 1711/30/959
f 1711/30/960 1712/29/960 1714/33/960 1713/34/960
f 1713/34/961 1714/33/961 1716/37/961 1715/38/961
f 1715/38/962 1716/37/962 1718/41/962 1717/42/962
f 1717/42/963 1718/41/963 1720/45/963 1719/46/963
f 1719/46/964 1720/45/964 1722/49/964 1721/50/964
f 1721/50/965 1722/49/965 1724/53/965 1723/54/965
f 1723/54/966 1724/53/966 1726/57/966 1725/58/966
f 1700/94/967 1698/64/967 1728/66/967 1726/68/967 1724/70/967 1722/72/967 1720/74/967 1718/76/967 1716/78/967 1714/80/967 1712/82/967 1710/84/967 1708/86/967 1706/88/967 1704/90/967 1702/92/967
f 1725/58/968 1726/57/968 1728/61/968 1727/62/968
f 1727/62/969 1728/61/969 1698/97/969 1697/98/969
f 1697/99/970 1699/101/970 1701/103/970 1703/105/970 1705/107/970 1707/109/970 1709/111/970 1711/113/970 1713/115/970 1715/117/970 1717/119/970 1719/121/970 1721/123/970 1723/125/970 1725/127/970 1727/129/970
f 1729/1/971 1730/2/971 1732/5/971 1731/6/971
f 1731/6/972 1732/5/972 1734/9/972 1733/10/972
f 1733/10/973 1734/9/973 1736/13/973 1735/14/973
f 1735/14/974 1736/13/974 1738/17/974 1737/18/974
f 1737/18/975 1738/17/975 1740/21/975 1739/22/975
f 1739/22/976 1740/21/976 1742/25/976 1741/26/976
f 1741/26/977 1742/25/977 1744/29/977 1743/30/977
f 1743/30/978 1744/29/978 1746/33/978 1745/34/978
f 1745/34/979 1746/33/979 1748/37/979 1747/38/979
f 1747/38/980 1748/37/980 1750/41/980 1749/42/980
f 1749/42/981 1750/41/981 1752/45/981 1751/46/981
f 1751/46/982 1752/45/982 1754/49/982 1753/50/982
f 1753/50/983 1754/49/983 1756/53/983 1755/54/983
f 1755/54/984 1756/53/984 1758/57/984 1757/58/984
f 1732/94/985 1730/64/985 1760/66/985 1758/68/985 1756/70/985 1754/72/985 1752/74/985 1750/76/985 1748/78/985 1746/80/985 1744/82/985 1742/84/985 1740/86/985 1738/88/985 1736/90/985 1734/92/985
f 1757/58/986 1758/57/986 1760/61/986 1759/62/986
f 1759/62/987 1760/61/987 1730/97/987 1729/98/987
f 1729/99/988 1731/101/988 1733/103/988 1735/105/988 1737/107/988 1739/109/988 1741/111/988 1743/113/988 1745/115/988 1747/117/988 1749/119/988 1751/121/988 1753/123/988 1755/125/988 1757/127/988 1759/129/988
f 1761/1/989 1762/2/989 1764/5/989 1763/6/989
f 1763/6/990 1764/5/990 1766/9/990 1765/10/990
f 1765/10/991 1766/9/991 1768/13/991 1767/14/991
f 1767/14/992 1768/13/992 1770/17/992 1769/18/992
f 1769/18/993 1770/17/993 1772/21/993 1771/22/993
f 1771/22/994 1772/21/994 1774/25/994 1773/26/994
f 1773/26/995 1774/25/995 1776/29/995 1775/30/995
f 1775/30/996 1776/29/996 1778/33/996 1777/34/996
f 1777/34/997 1778/33/997 1780/37/997 1779/38/997
f 1779/38/998 1780/37/998 1782/41/998 1781/42/998
f 1781/42/999 1782/41/999 1784/45/999 1783/46/999
f 1783/46/1000 1784/45/1000 1786/49/1000 1785/50/1000
f 1785/50/1001 1786/49/1001 1788/53/1001 1787/54/1001
f 1787/54/1002 1788/53/1002 1790/57/1002 1789/58/1002
f 1764/94/1003 1762/64/1003 1792/66/1003 1790/68/1003 1788/70/1003 1786/72/1003 1784/74/1003 1782/76/1003 1780/78/1003 1778/80/1003 1776/82/1003 1774/84/1003 1772/86/1003 1770/88/1003 1768/90/1003 1766/92/1003
f 1789/58/1004 1790/57/1004 1792/61/1004 1791/62/1004
f 1791/62/1005 1792/61/1005 1762/97/1005 1761/98/1005
f 1761/99/1006 1763/101/1006 1765/103/1006 1767/105/1006 1769/107/1006 1771/109/1006 1773/111/1006 1775/113/1006 1777/115/1006 1779/117/1006 1781/119/1006 1783/121/1006 1785/123/1006 1787/125/1006 1789/127/1006 1791/129/1006
f 1793/1/1007 1794/2/1007 1796/5/1007 1795/6/1007
f 1795/6/1008 1796/5/1008 1798/9/1008 1797/10/1008
f 1797/10/1009 1798/9/1009 1800/13/1009 1799/14/1009
f 1799/14/1010 1800/13/1010 1802/17/1010 1801/18/1010
f 1801/18/1011 1802/17/1011 1804/21/1011 1803/22/1011
f 1803/22/1012 1804/21/1012 1806/25/1012 1805/26/1012
f 1805/26/1013 1806/25/1013 1808/29/1013 1807/30/1013
f 1807/30/1014 1808/29/1014 1810/33/1014 1809/34/1014
f 1809/34/1015 1810/33/1015 1812/37/1015 1811/38/1015
f 1811/38/1016 1812/37/1016 1814/41/1016 1813/42/1016
f 1813/42/1017 1814/41/1017 1816/45/1017 1815/46/1017
f 1815/46/1018 1816/45/1018 1818/49/1018 1817/50/1018
f 1817/50/1019 1818/49/1019 1820/53/1019 1819/54/1019
f 1819/54/1020 1820/53/1020 1822/57/1020 1821/58/1020
f 1796/94/1021 1794/64/1021 1824/66/1021 1822/68/1021 1820/70/1021 1818/72/1021 1816/74/1021 1814/76/1021 1812/78/1021 1810/80/1021 1808/82/1021 1806/84/1021 1804/86/1021 1802/88/1021 1800/90/1021 1798/92/1021
f 1821/58/1022 1822/57/1022 1824/61/1022 1823/62/1022
f 1823/62/1023 1824/61/1023 1794/97/1023 1793/98/1023
f 1793/99/1024 1795/101/1024 1797/103/1024 1799/105/1024 1801/107/1024 1803/109/1024 1805/111/1024 1807/113/1024 1809/115/1024 1811/117/1024 1813/119/1024 1815/121/1024 1817/123/1024 1819/125/1024 1821/127/1024 1823/129/1024
f 1825/1/1025 1826/2/1025 1828/5/1025 1827/6/1025
f 1827/6/1026 1828/5/1026 1830/9/1026 1829/10/1026
f 1829/10/1027 1830/9/1027 1832/13/1027 1831/14/1027
f 1831/14/1028 1832/13/1028 1834/17/1028 1833/18/1028
f 1833/18/1029 1834/17/1029 1836/21/1029 1835/22/1029
f 1835/22/1030 1836/21/1030 1838/25/1030 1837/26/1030
f 1837/26/1031 1838/25/1031 1840/29/1031 1839/30/1031
f 1839/30/1032 1840/29/1032 1842/33/1032 1841/34/1032
f 1841/34/1033 1842/33/1033 1844/37/1033 1843/38/1033
f 1843/38/1034 1844/37/1034 1846/41/1034 1845/42/1034
f 1845/42/1035 1846/41/1035 1848/45/1035 1847/46/1035
f 1847/46/1036 1848/45/1036 1850/49/1036 1849/50/1036
f 1849/50/1037 1850/49/1037 1852/53/1037 1851/54/1037
f 1851/54/1038 1852/53/1038 1854/57/1038 1853/58/1038
f 1828/94/1039 1826/64/1039 1856/66/1039 1854/68/1039 1852/70/1039 1850/72/1039 1848/74/1039 1846/76/1039 1844/78/1039 1842/80/1039 1840/82/1039 1838/84/1039 1836/86/1039 1834/88/1039 1832/90/1039 1830/92/1039
f 1853/58/1040 1854/57/1040 1856/61/1040 1855/62/1040
f 1855/62/1041 1856/61/1041 1826/97/1041 1825/98/1041
f 1825/99/1042 1827/101/1042 1829/103/1042 1831/105/1042 1833/107/1042 1835/109/1042 1837/111/1042 1839/113/1042 1841/115/1042 1843/117/1042 1845/119/1042 1847/121/1042 1849/123/1042 1851/125/1042 1853/127/1042 1855/129/1042
f 1857/1/1043 1858/2/1043 1860/5/1043 1859/6/1043
f 1859/6/1044 1860/5/1044 1862/9/1044 1861/10/1044
f 1861/10/1045 1862/9/1045 1864/13/1045 1863/14/1045
f 1863/14/1046 1864/13/1046 1866/17/1046 1865/18/1046
f 1865/18/1047 1866/17/1047 1868/21/1047 1867/22/1047
f 1867/22/1048 1868/21/1048 1870/25/1048 1869/26/1048
f 1869/26/1049 1870/25/1049 1872/29/1049 1871/30/1049
f 1871/30/1050 1872/29/1050 1874/33/1050 1873/34/1050
f 1873/34/1051 1874/33/1051 1876/37/1051 1875/38/1051
f 1875/38/1052 1876/37/1052 1878/41/1052 1877/42/1052
f 1877/42/1053 1878/41/1053 1880/45/1053 1879/46/1053
f 1879/46/1054 1880/45/1054 1882/49/1054 1881/50/1054
f 1881/50/1055 1882/49/1055 1884/53/1055 1883/54/1055
f 1883/54/1056 1884/53/1056 1886/57/1056 1885/58/1056
f 1860/94/1057 1858/64/1057 1888/66/1057 1886/68/1057 1884/70/1057 1882/72/1057 1880/74/1057 1878/76/1057 1876/78/1057 1874/80/1057 1872/82/1057 1870/84/1057 1868/86/1057 1866/88/1057 1864/90/1057 1862/92/1057
f 1885/58/1058 1886/57/1058 1888/61/1058 1887/62/1058
f 1887/62/1059 1888/61/1059 1858/97/1059 1857/98/1059
f 1857/99/1060 1859/101/1060 1861/103/1060 1863/105/1060 1865/107/1060 1867/109/1060 1869/111/1060 1871/113/1060 1873/115/1060 1875/117/1060 1877/119/1060 1879/121/1060 1881/123/1060 1883/125/1060 1885/127/1060 1887/129/1060
f 1889/1/1061 1890/2/1061 1892/5/1061 1891/6/1061
f 1891/6/1062 1892/5/1062 1894/9/1062 1893/10/1062
f 1893/10/1063 1894/9/1063 1896/13/1063 1895/14/1063
f 1895/14/1064 1896/13/1064 1898/17/1064 1897/18/1064
f 1897/18/1065 1898/17/1065 1900/21/1065 1899/22/1065
f 1899/22/1066 1900/21/1066 1902/25/1066 1901/26/1066
f 1901/26/1067 1902/25/1067 1904/29/1067 1903/30/1067
f 1903/30/1068 1904/29/1068 1906/33/1068 1905/34/1068
f 1905/34/1069 1906/33/1069 1908/37/1069 1907/38/1069
f 1907/38/1070 1908/37/1070 1910/41/1070 1909/42/1070
f 1909/42/1071 1910/41/1071 1912/45/1071 1911/46/1071
f 1911/46/1072 1912/45/1072 1914/49/1072 1913/50/1072
f 1913/50/1073 1914/49/1073 1916/53/1073 1915/54/1073
f 1915/54/1074 1916/53/1074 1918/57/1074 1917/58/1074
f 1892/94/1075 1890/64/1075 1920/66/1075 1918/68/1075 1916/70/1075 1914/72/1075 1912/74/1075 1910/76/1075 1908/78/1075 1906/80/1075 1904/82/1075 1902/84/1075 1900/86/1075 1898/88/1075 1896/90/1075 1894/92/1075
f 1917/58/1076 1918/57/1076 1920/61/1076 1919/62/1076
f 1919/62/1077 1920/61/1077 1890/97/1077 1889/98/1077
f 1889/99/1078 1891/101/1078 1893/103/1078 1895/105/1078 1897/107/1078 1899/109/1078 1901/111/1078 1903/113/1078 1905/115/1078 1907/117/1078 1909/119/1078 1911/121/1078 1913/123/1078 1915/125/1078 1917/127/1078 1919/129/1078
f 1921/1/1079 1922/2/1079 1924/5/1079 1923/6/1079
f 1923/6/1080 1924/5/1080 1926/9/1080 1925/10/1080
f 1925/10/1081 1926/9/1081 1928/13/1081 1927/14/1081
f 1927/14/1082 1928/13/1082 1930/17/1082 1929/18/1082
f 1929/18/1083 1930/17/1083 1932/21/1083 1931/22/1083
f 1931/22/1084 1932/21/1084 1934/25/1084 1933/26/1084
f 1933/26/1085 1934/25/1085 1936/29/1085 1935/30/1085
f 1935/30/1086 1936/29/1086 1938/33/1086 1937/34/1086
f 1937/34/1087 1938/33/1087 1940/37/1087 1939/38/1087
f 1939/38/1088 1940/37/1088 1942/41/1088 1941/42/1088
f 1941/42/1089 1942/41/1089 1944/45/1089 1943/46/1089
f 1943/46/1090 1944/45/1090 1946/49/1090 1945/50/1090
f 1945/50/1091 1946/49/1091 1948/53/1091 1947/54/1091
f 1947/54/1092 1948/53/1092 1950/57/1092 1949/58/1092
f 1924/94/1093 1922/64/1093 1952/66/1093 1950/68/1093 1948/70/1093 1946/72/1093 1944/74/1093 1942/76/1093 1940/78/1093 1938/80/1093 1936/82/1093 1934/84/1093 1932/86/1093 1930/88/1093 1928/90/1093 1926/92/1093
f 1949/58/1094 1950/57/1094 1952/61/1094 1951/62/1094
f 1951/62/1095 1952/61/1095 1922/97/1095 1921/98/1095
f 1921/99/1096 1923/101/1096 1925/103/1096 1927/105/1096 1929/107/1096 1931/109/1096 1933/111/1096 1935/113/1096 1937/115/1096 1939/117/1096 1941/119/1096 1943/121/1096 1945/123/1096 1947/125/1096 1949/127/1096 1951/129/1096
f 1953/1/1097 1954/2/1097 1956/5/1097 1955/6/1097
f 1955/6/1098 1956/5/1098 1958/9/1098 1957/10/1098
f 1957/10/1099 1958/9/1099 1960/13/1099 1959/14/1099
f 1959/14/1100 1960/13/1100 1962/17/1100 1961/18/1100
f 1961/18/1101 1962/17/1101 1964/21/1101 1963/22/1101
f 1963/22/1102 1964/21/1102 1966/25/1102 1965/26/1102
f 1965/26/1103 1966/25/1103 1968/29/1103 1967/30/1103
f 1967/30/1104 1968/29/1104 1970/33/1104 1969/34/1104
f 1969/34/1105 1970/33/1105 1972/37/1105 1971/38/1105
f 1971/38/1106 1972/37/1106 1974/41/1106 1973/42/1106
f 1973/42/1107 1974/41/1107 1976/45/1107 1975/46/1107
f 1975/46/1108 1976/45/1108 1978/49/1108 1977/50/1108
f 1977/50/1109 1978/49/1109 1980/53/1109 1979/54/1109
f 1979/54/1110 1980/53/1110 1982/57/1110 1981/58/1110
f 1956/94/1111 1954/64/1111 1984/66/1111 1982/68/1111 1980/70/1111 1978/72/1111 1976/74/1111 1974/76/1111 1972/78/1111 1970/80/1111 1968/82/1111 1966/84/1111 1964/86/1111 1962/88/1111 1960/90/1111 1958/92/1111
f 1981/58/1112 1982/57/1112 1984/61/1112 1983/62/1112
f 1983/62/1113 1984/61/1113 1954/97/1113 1953/98/1113
f 1953/99/1114 1955/101/1114 1957/103/1114 1959/105/1114 1961/107/1114 1963/109/1114 1965/111/1114 1967/113/1114 1969/115/1114 1971/117/1114 1973/119/1114 1975/121/1114 1977/123/1114 1979/125/1114 1981/127/1114 1983/129/1114
f 1985/1/1115 1986/2/1115 1988/5/1115 1987/6/1115
f 1987/6/1116 1988/5/1116 1990/9/1116 1989/10/1116
f 1989/10/1117 1990/9/1117 1992/13/1117 1991/14/1117
f 1991/14/1118 1992/13/1118 1994/17/1118 1993/18/1118
f 1993/18/1119 1994/17/1119 1996/21/1119 1995/22/1119
f 1995/22/1120 1996/21/1120 1998/25/1120 1997/26/1120
f 1997/26/1121 1998/25/1121 2000/29/1121 1999/30/1121
f 1999/30/1122 2000/29/1122 2002/33/1122 2001/34/1122
f 2001/34/1123 2002/33/1123 2004/37/1123 2003/38/1123
f 2003/38/1124 2004/37/1124 2006/41/1124 2005/42/1124
f 2005/42/1125 2006/41/1125 2008/45/1125 2007/46/1125
f 2007/46/1126 2008/45/1126 2010/49/1126 2009/50/1126
f 2009/50/1127 2010/49/1127 2012/53/1127 2011/54/1127
f 2011/54/1128 2012/53/1128 2014/57/1128 2013/58/1128
f 1988/94/1129 1986/64/1129 2016/66/1129 2014/68/1129 2012/70/1129 2010/72/1129 2008/74/1129 2006/76/1129 2004/78/1129 2002/80/1129 2000/82/1129 1998/84/1129 1996/86/1129 1994/88/1129 1992/90/1129 1990/92/1129
f 2013/58/1130 2014/57/1130 2016/61/1130 2015/62/1130
f 2015/62/1131 2016/61/1131 1986/97/1131 1985/98/1131
f 1985/99/1132 1987/101/1132 1989/103/1132 1991/105/1132 1993/107/1132 1995/109/1132 1997/111/1132 1999/113/1132 2001/115/1132 2003/117/1132 2005/119/1132 2007/121/1132 2009/123/1132 2011/125/1132 2013/127/1132 2015/129/1132
