# Blender 5.0.1
# www.blender.org
mtllib FractalScan.mtl
o Fractal
v 2.867563 -1.726454 -2.487410
v -12.380476 22.227234 -5.165479
v 3.822413 -1.074428 -2.092044
v -11.425626 22.879261 -4.770114
v 4.554319 -0.521664 -1.315137
v -10.693721 23.432022 -3.993206
v 4.951853 -0.152315 -0.274965
v -10.296185 23.801371 -2.953035
v 4.954496 -0.022611 0.870115
v -10.293543 23.931074 -1.807954
v 4.561844 -0.152298 1.945775
v -10.686195 23.801390 -0.732296
v 3.833677 -0.521632 2.788256
v -11.414363 23.432058 0.110185
v 2.880849 -1.074386 3.269296
v -12.367190 22.879301 0.591225
v 1.848422 -1.726408 3.315664
v -13.399618 22.227282 0.637592
v 0.893571 -2.378433 2.920299
v -14.354469 21.575254 0.242228
v 0.161665 -2.931198 2.143391
v -15.086375 21.022488 -0.534679
v -0.235869 -3.300547 1.103219
v -15.483911 20.653141 -1.574851
v -0.238512 -3.430251 -0.041860
v -15.486552 20.523436 -2.719930
v 0.154140 -3.300564 -1.117520
v -15.093901 20.653122 -3.795590
v 0.882307 -2.931230 -1.960001
v -14.365732 21.022455 -4.638071
v 1.835135 -2.378476 -2.441041
v -13.412906 21.575212 -5.119111
v 0.327062 -42.209583 -4.543805
v 3.141946 -1.726463 -4.049776
v 2.047842 -42.217705 -3.891325
v 4.862727 -1.734586 -3.397295
v 3.387302 -42.224594 -2.658590
v 6.202183 -1.741467 -2.164561
v 4.141514 -42.229179 -1.033273
v 6.956397 -1.746057 -0.539244
v 4.195660 -42.230782 0.737182
v 7.010546 -1.747661 1.231215
v 3.541502 -42.229149 2.383249
v 6.356384 -1.746030 2.877280
v 2.278621 -42.224541 3.654319
v 5.093503 -1.741417 4.148351
v 0.599280 -42.217640 4.356891
v 3.414167 -1.734520 4.850922
v -1.240848 -42.209511 4.384001
v 1.574034 -1.726392 4.878029
v -2.961632 -42.201393 3.731518
v -0.146747 -1.718269 4.225549
v -4.301087 -42.194511 2.498784
v -1.486204 -1.711387 2.992815
v -5.055302 -42.189919 0.873467
v -2.240417 -1.706797 1.367498
v -5.109450 -42.188313 -0.896990
v -2.294565 -1.705195 -0.402961
v -4.455290 -42.189945 -2.543055
v -1.640404 -1.706824 -2.049025
v -3.192405 -42.194561 -3.814127
v -0.377523 -1.711438 -3.320097
v -1.513070 -42.201454 -4.516696
v 1.301814 -1.718333 -4.022667
v 1.322242 -43.681744 -10.811232
v 1.424601 -42.209633 -10.793268
v 3.464492 -43.691689 -10.222804
v 3.566851 -42.219574 -10.204840
v 5.452116 -43.701248 -9.245280
v 5.554475 -42.229130 -9.227315
v 7.208723 -43.710041 -7.916226
v 7.311082 -42.237938 -7.898261
v 8.666810 -43.717754 -6.286717
v 8.769174 -42.245647 -6.268754
v 9.770349 -43.724087 -4.419374
v 9.872710 -42.251965 -4.401411
v 10.476928 -43.728779 -2.385959
v 10.579284 -42.256664 -2.367996
v 10.759390 -43.731663 -0.264611
v 10.861749 -42.259548 -0.246647
v 10.606882 -43.732624 1.863144
v 10.709240 -42.260513 1.881105
v 10.025266 -43.731628 3.915536
v 10.127625 -42.259514 3.933502
v 9.036894 -43.728710 5.813696
v 9.139249 -42.256599 5.831659
v 7.679744 -43.723984 7.484677
v 7.782106 -42.251873 7.502645
v 6.005978 -43.717632 8.864267
v 6.108338 -42.245529 8.882236
v 4.079914 -43.709900 9.899446
v 4.182273 -42.237797 9.917413
v 1.975570 -43.701084 10.550437
v 2.077928 -42.228970 10.568402
v -0.226189 -43.691525 10.792218
v -0.123831 -42.219406 10.810182
v -2.440745 -43.681580 10.615500
v -2.338386 -42.209465 10.633462
v -4.582999 -43.671642 10.027066
v -4.480637 -42.199520 10.045035
v -6.570620 -43.662086 9.049545
v -6.468264 -42.189972 9.067510
v -8.327229 -43.653278 7.720489
v -8.224869 -42.181164 7.738456
v -9.785320 -43.645569 6.090980
v -9.682959 -42.173458 6.108946
v -10.888857 -43.639244 4.223639
v -10.786498 -42.167130 4.241602
v -11.595433 -43.634548 2.190221
v -11.493073 -42.162437 2.208190
v -11.877892 -43.631668 0.068876
v -11.775537 -42.159550 0.086842
v -11.725387 -43.630699 -2.058879
v -11.623028 -42.158592 -2.040914
v -11.143768 -43.631699 -4.111271
v -11.041412 -42.159584 -4.093305
v -10.155401 -43.634613 -6.009433
v -10.053040 -42.162498 -5.991467
v -8.798251 -43.639339 -7.680413
v -8.695894 -42.167225 -7.662450
v -7.124485 -43.645687 -9.060002
v -7.022125 -42.173576 -9.042039
v -5.198419 -43.653423 -10.095184
v -5.096060 -42.181309 -10.077219
v -3.094072 -43.662235 -10.746172
v -2.991716 -42.190128 -10.728208
v -0.892318 -43.671806 -10.987953
v -0.789955 -42.199692 -10.969988
v 2.656151 -3.441576 -1.983603
v 7.165376 20.434814 -17.914858
v 3.790752 -3.316300 -1.597840
v 8.299977 20.560091 -17.529095
v 4.707226 -2.948981 -0.905774
v 9.216451 20.927406 -16.837029
v 5.266052 -2.395540 -0.012766
v 9.775278 21.480848 -15.944020
v 5.382152 -1.740233 0.945234
v 9.891377 22.136156 -14.986020
v 5.037851 -1.082825 1.822377
v 9.547075 22.793564 -14.108876
v 4.285566 -0.523401 2.485127
v 8.794790 23.352989 -13.446126
v 3.239825 -0.147127 2.832586
v 7.749049 23.729263 -13.098668
v 2.059832 -0.011288 2.811856
v 6.569055 23.865103 -13.119395
v 0.925231 -0.136563 2.426094
v 5.434454 23.739826 -13.505159
v 0.008756 -0.503882 1.734028
v 4.517981 23.372509 -14.197225
v -0.550070 -1.057323 0.841020
v 3.959155 22.819065 -15.090233
v -0.666170 -1.712629 -0.116980
v 3.843053 22.163759 -16.048233
v -0.321868 -2.370038 -0.994123
v 4.187355 21.506350 -16.925377
v 0.430417 -2.929461 -1.656873
v 4.939642 20.946926 -17.588125
v 1.476158 -3.305737 -2.004332
v 5.985382 20.570650 -17.935585
v 7.185576 22.080463 -17.404129
v 13.394935 42.520084 -17.064573
v 7.883378 21.919138 -17.130720
v 14.092737 42.358761 -16.791170
v 8.426479 21.792955 -16.611662
v 14.635839 42.232578 -16.272114
v 8.732193 21.721121 -15.925971
v 14.941557 42.160744 -15.586419
v 8.753986 21.714575 -15.178038
v 14.963349 42.154198 -14.838489
v 8.488533 21.774311 -14.481726
v 14.697890 42.213928 -14.142173
v 7.976249 21.891233 -13.943046
v 14.185609 42.330853 -13.603493
v 7.295125 22.047548 -13.644006
v 13.504486 42.487164 -13.304452
v 6.548856 22.219450 -13.630127
v 12.758217 42.659073 -13.290576
v 5.851053 22.380772 -13.903529
v 12.060412 42.820389 -13.563983
v 5.307953 22.506958 -14.422588
v 11.517313 42.946579 -14.083035
v 5.002236 22.578787 -15.108281
v 11.211596 43.018410 -14.768730
v 4.980445 22.585337 -15.856216
v 11.189804 43.024956 -15.516662
v 5.245897 22.525600 -16.552526
v 11.455256 42.965218 -16.212976
v 5.758180 22.408676 -17.091206
v 11.967542 42.848297 -16.751657
v 6.439304 22.252361 -17.390247
v 12.648665 42.691986 -17.050695
v 13.265814 43.138824 -16.281693
v 10.860953 56.579540 -10.135551
v 13.737036 43.165031 -16.096195
v 11.332171 56.605751 -9.950055
v 14.107707 43.103638 -15.770853
v 11.702845 56.544350 -9.624713
v 14.321402 42.963982 -15.355186
v 11.916536 56.404690 -9.209048
v 14.345575 42.767323 -14.912478
v 11.940713 56.208038 -8.766343
v 14.176559 42.543610 -14.510137
v 11.771699 55.984322 -8.363991
v 13.840078 42.326897 -14.209400
v 11.435213 55.767601 -8.063256
v 13.387362 42.150166 -14.056059
v 10.982503 55.590885 -7.909919
v 12.887330 42.040340 -14.073460
v 10.482473 55.481056 -7.927320
v 12.416111 42.014133 -14.258955
v 10.011250 55.454849 -8.112815
v 12.045443 42.075535 -14.584301
v 9.640579 55.516243 -8.438156
v 11.831752 42.215191 -14.999965
v 9.426888 55.655910 -8.853827
v 11.807574 42.411846 -15.442669
v 9.402711 55.852562 -9.296532
v 11.976592 42.635559 -15.845018
v 9.571726 56.076275 -9.698877
v 12.313068 42.852276 -16.145754
v 9.908207 56.292992 -9.999611
v 12.765785 43.028999 -16.299089
v 10.360925 56.469711 -10.152955
v 13.312708 42.126858 -16.310188
v 10.975872 55.576572 -22.252609
v 13.777683 42.293232 -16.164989
v 11.440849 55.742954 -22.107418
v 14.135921 42.504726 -15.869473
v 11.799089 55.954445 -21.811895
v 14.332883 42.729130 -15.468616
v 11.996051 56.178848 -21.411041
v 14.338584 42.932293 -15.023453
v 12.001755 56.382015 -20.965872
v 14.152157 43.083282 -14.601754
v 11.815325 56.533005 -20.544174
v 13.801981 43.159115 -14.267721
v 11.465147 56.608833 -20.210140
v 13.341372 43.148235 -14.072198
v 11.004532 56.597950 -20.014626
v 12.840440 43.052315 -14.044967
v 10.503606 56.502026 -19.987389
v 12.375468 42.885937 -14.190161
v 10.038631 56.335651 -20.132584
v 12.017226 42.674446 -14.485682
v 9.680394 56.124161 -20.428104
v 11.820264 42.450035 -14.886534
v 9.483431 55.899754 -20.828964
v 11.814563 42.246872 -15.331697
v 9.477731 55.696590 -21.274117
v 12.000993 42.095879 -15.753399
v 9.664159 55.545597 -21.695822
v 12.351171 42.020054 -16.087433
v 10.014331 55.469772 -22.029856
v 12.811783 42.030933 -16.282951
v 10.474948 55.480652 -22.225376
v 13.031678 41.967339 -16.269247
v 22.760963 52.636772 -22.014860
v 13.422129 41.768719 -16.047693
v 23.151419 52.438164 -21.793304
v 13.759973 41.695076 -15.693674
v 23.489258 52.364510 -21.439287
v 13.993773 41.757603 -15.261086
v 23.723061 52.427048 -21.006701
v 14.087938 41.946800 -14.815777
v 23.817226 52.616241 -20.561390
v 14.028134 42.233852 -14.425554
v 23.757423 52.903286 -20.171165
v 13.823462 42.575058 -14.149819
v 23.552750 53.244492 -19.895430
v 13.505085 42.918472 -14.030550
v 23.234375 53.587914 -19.776161
v 13.121469 43.211823 -14.085906
v 22.850761 53.881256 -19.831516
v 12.731019 43.410431 -14.307456
v 22.460312 54.079872 -20.053064
v 12.393174 43.484081 -14.661477
v 22.122469 54.153519 -20.407087
v 12.159377 43.421547 -15.094068
v 21.888664 54.090984 -20.839682
v 12.065207 43.232357 -15.539372
v 21.794500 53.901791 -21.284981
v 12.125016 42.945305 -15.929597
v 21.854300 53.614746 -21.675203
v 12.329687 42.604103 -16.205332
v 22.058969 53.273540 -21.950939
v 12.648063 42.260685 -16.324602
v 22.377350 52.930119 -22.070211
v 13.453023 42.977276 -16.305273
v 23.114285 53.637711 -9.962319
v 13.785873 42.638912 -16.211226
v 23.447136 53.299347 -9.868272
v 14.010738 42.293034 -15.959811
v 23.672001 52.953468 -9.616857
v 14.093385 41.992302 -15.589314
v 23.754646 52.652733 -9.246362
v 14.021232 41.782494 -15.156127
v 23.682499 52.442928 -8.813179
v 13.805266 41.695568 -14.726207
v 23.466526 52.355995 -8.383259
v 13.478356 41.744736 -14.365008
v 23.139622 52.405170 -8.022055
v 13.090283 41.922531 -14.127512
v 22.751554 52.582970 -7.784558
v 12.700122 42.201878 -14.049878
v 22.361391 52.862312 -7.706923
v 12.367272 42.540241 -14.143927
v 22.028538 53.200680 -7.800978
v 12.142408 42.886124 -14.395341
v 21.803671 53.546562 -8.052384
v 12.059759 43.186855 -14.765842
v 21.721029 53.847294 -8.422889
v 12.131915 43.396656 -15.199023
v 21.793180 54.057091 -8.856071
v 12.347882 43.483589 -15.628944
v 22.009150 54.144028 -9.285992
v 12.674788 43.434418 -15.990146
v 22.336050 54.094849 -9.647192
v 13.062861 43.256622 -16.227640
v 22.724129 53.917053 -9.884690
v 7.311867 21.585434 -17.292179
v -1.735196 38.361008 -24.969786
v 7.950955 22.019665 -17.102524
v -1.096111 38.795231 -24.780128
v 8.425052 22.473726 -16.671503
v -0.622011 39.249298 -24.349108
v 8.661984 22.878500 -16.064739
v -0.385079 39.654072 -23.742350
v 8.625679 23.172359 -15.374609
v -0.421386 39.947933 -23.052214
v 8.321664 23.310568 -14.706173
v -0.725402 40.086143 -22.383778
v 7.796219 23.272085 -14.161198
v -1.250847 40.047657 -21.838808
v 7.129344 23.062769 -13.822653
v -1.917721 39.838345 -21.500257
v 6.422561 22.714485 -13.742074
v -2.624503 39.490063 -21.419680
v 5.783475 22.280256 -13.931730
v -3.263590 39.055832 -21.609339
v 5.309378 21.826195 -14.362753
v -3.737687 38.601765 -22.040359
v 5.072446 21.421417 -14.969515
v -3.974619 38.196995 -22.647121
v 5.108753 21.127560 -15.659648
v -3.938312 37.903133 -23.337254
v 5.412769 20.989351 -16.328085
v -3.634296 37.764927 -24.005690
v 5.938211 21.027834 -16.873058
v -3.108854 37.803406 -24.550661
v 6.605085 21.237152 -17.211603
v -2.441979 38.012726 -24.889208
v -2.037857 38.372005 -24.305647
v 0.708683 51.934853 -30.446218
v -1.562536 38.390556 -24.130783
v 1.184004 51.953403 -30.271351
v -1.181192 38.490551 -23.813400
v 1.565347 52.053406 -29.953979
v -0.951890 38.656780 -23.401842
v 1.794652 52.219624 -29.542416
v -0.909528 38.863914 -22.958750
v 1.837012 52.426765 -29.099319
v -1.060562 39.080433 -22.551584
v 1.685980 52.643288 -28.692158
v -1.381999 39.273376 -22.242331
v 1.364543 52.836227 -28.382904
v -1.824898 39.413353 -22.078074
v 0.921645 52.976208 -28.218647
v -2.321838 39.479076 -22.083818
v 0.424704 53.041924 -28.224390
v -2.797159 39.460518 -22.258684
v -0.050619 53.023373 -28.399256
v -3.178502 39.360523 -22.576063
v -0.431958 52.923374 -28.716633
v -3.407808 39.194302 -22.987625
v -0.661265 52.757156 -29.128197
v -3.450165 38.987164 -23.430717
v -0.703625 52.550014 -29.571289
v -3.299131 38.770649 -23.837883
v -0.552590 52.333496 -29.978456
v -2.977695 38.577705 -24.147133
v -0.231154 52.140556 -30.287708
v -2.534796 38.437717 -24.311394
v 0.211746 52.000572 -30.451969
v -2.012566 39.271183 -24.379305
v -7.049837 52.861279 -21.132334
v -1.559549 39.409718 -24.183290
v -6.596820 52.999821 -20.936317
v -1.200969 39.474545 -23.836771
v -6.238237 53.064640 -20.589804
v -0.991412 39.455788 -23.392511
v -6.028682 53.045883 -20.145546
v -0.962785 39.356304 -22.918140
v -6.000054 52.946404 -19.671171
v -1.119443 39.191238 -22.485878
v -6.156713 52.781334 -19.238911
v -1.437539 38.985729 -22.161528
v -6.474810 52.575825 -18.914562
v -1.868644 38.771049 -21.994480
v -6.905916 52.361149 -18.747511
v -2.347125 38.579891 -22.010155
v -7.384400 52.169991 -18.763191
v -2.800142 38.441360 -22.206175
v -7.837415 52.031460 -18.959206
v -3.158725 38.376534 -22.552692
v -8.195995 51.966637 -19.305723
v -3.368282 38.395290 -22.996958
v -8.405552 51.985390 -19.749983
v -3.396910 38.494774 -23.471321
v -8.434179 52.084869 -20.224352
v -3.240252 38.659832 -23.903585
v -8.277521 52.249928 -20.656616
v -2.922155 38.865345 -24.227932
v -7.959425 52.455441 -20.980963
v -2.491049 39.080021 -24.394983
v -7.528320 52.670124 -21.148010
v -1.937378 38.878643 -24.414629
v -15.355644 45.103912 -27.330399
v -1.723325 39.322395 -24.292536
v -15.141595 45.547657 -27.208309
v -1.578778 39.705719 -24.003311
v -14.997047 45.930984 -26.919085
v -1.525735 39.970264 -23.590992
v -14.944005 46.195530 -26.506762
v -1.572275 40.075771 -23.118340
v -14.990545 46.301033 -26.034113
v -1.711313 40.006161 -22.657322
v -15.129584 46.231422 -25.573092
v -1.921681 39.772030 -22.278114
v -15.339951 45.997295 -25.193888
v -2.171352 39.409035 -22.038458
v -15.589621 45.634300 -24.954233
v -2.422316 38.972431 -21.974833
v -15.840584 45.197693 -24.890606
v -2.636364 38.528690 -22.096930
v -16.054636 44.753956 -25.012705
v -2.780914 38.145359 -22.386156
v -16.199184 44.370628 -25.301922
v -2.833957 37.880810 -22.798477
v -16.252226 44.106071 -25.714249
v -2.787418 37.775314 -23.271124
v -16.205687 44.000572 -26.186897
v -2.648380 37.844921 -23.732147
v -16.066647 44.070190 -26.647917
v -2.438011 38.079052 -24.111351
v -15.856281 44.304310 -27.027119
v -2.188342 38.442039 -24.351006
v -15.606611 44.667309 -27.266777
v -1.760770 37.978218 -23.881859
v -7.395225 44.176239 -36.185169
v -1.358184 38.301319 -23.887701
v -6.992642 44.499344 -36.191013
v -1.080693 38.719456 -23.788046
v -6.715147 44.917480 -36.091354
v -0.970536 39.168964 -23.598066
v -6.604991 45.366989 -35.901382
v -1.044485 39.581417 -23.346680
v -6.678941 45.779434 -35.649998
v -1.291283 39.894012 -23.072166
v -6.925738 46.092033 -35.375473
v -1.673357 40.059170 -22.816307
v -7.307814 46.257187 -35.119617
v -2.132540 40.051743 -22.618065
v -7.766995 46.249760 -34.921379
v -2.598924 39.872856 -22.507607
v -8.233381 46.070881 -34.810921
v -3.001508 39.549751 -22.501766
v -8.635964 45.747776 -34.805069
v -3.278999 39.131615 -22.601416
v -8.913456 45.329636 -34.904724
v -3.389158 38.682106 -22.791393
v -9.023613 44.880131 -35.094707
v -3.315207 38.269653 -23.042780
v -8.949661 44.467678 -35.346096
v -3.068408 37.957058 -23.317303
v -8.702866 44.155079 -35.620605
v -2.686335 37.791901 -23.573158
v -8.320790 43.989918 -35.876465
v -2.227152 37.799332 -23.771400
v -7.861610 43.997353 -36.074715
v 7.163598 20.391737 -16.247213
v 6.273227 28.116196 -35.378929
v 7.896519 20.685524 -16.166943
v 7.006147 28.409985 -35.298656
v 8.472733 21.202257 -15.987746
v 7.582363 28.926722 -35.119469
v 8.804523 21.863274 -15.736898
v 7.914155 29.587734 -34.868622
v 8.841377 22.567932 -15.452594
v 7.951003 30.292395 -34.584312
v 8.577683 23.208960 -15.178118
v 7.687312 30.933428 -34.309837
v 8.053583 23.688765 -14.955250
v 7.163212 31.413231 -34.086971
v 7.348872 23.934303 -14.817923
v 6.458499 31.658762 -33.949638
v 6.570828 23.908190 -14.787045
v 5.680455 31.632654 -33.918766
v 5.837911 23.614403 -14.867312
v 4.947537 31.338863 -33.999035
v 5.261692 23.097668 -15.046512
v 4.371322 30.822124 -34.178230
v 4.929902 22.436653 -15.297359
v 4.039528 30.161118 -34.429081
v 4.893050 21.731993 -15.581661
v 4.002676 29.456453 -34.713379
v 5.156744 21.090963 -15.856140
v 4.266373 28.815428 -34.987862
v 5.680845 20.611158 -16.079008
v 4.790473 28.335623 -35.210728
v 6.385558 20.365622 -16.216335
v 5.495183 28.090084 -35.348057
v 5.938697 29.001406 -35.559132
v 12.243617 39.227905 -44.903305
v 6.395566 28.945105 -35.360401
v 12.700493 39.171604 -44.704559
v 6.788694 29.030289 -35.053337
v 13.093616 39.256783 -44.397507
v 7.058224 29.243982 -34.684700
v 13.363151 39.470478 -44.028862
v 7.163122 29.553656 -34.310596
v 13.468047 39.780151 -43.654766
v 7.087422 29.912159 -33.987995
v 13.392347 40.138653 -43.332150
v 6.842649 30.264919 -33.765999
v 13.147569 40.491417 -43.110161
v 6.466064 30.558231 -33.678406
v 12.770988 40.784729 -43.022572
v 6.014998 30.747440 -33.738560
v 12.319920 40.973930 -43.082726
v 5.558124 30.803738 -33.937298
v 11.863050 41.030228 -43.281456
v 5.164996 30.718554 -34.244354
v 11.469922 40.945053 -43.588520
v 4.895466 30.504862 -34.612999
v 11.200394 40.731358 -43.957153
v 4.790566 30.195190 -34.987095
v 11.095491 40.421688 -44.331257
v 4.866268 29.836683 -35.309704
v 11.171193 40.063179 -44.653866
v 5.111042 29.483919 -35.531700
v 11.415971 39.710411 -44.875858
v 5.487628 29.190611 -35.619289
v 11.792555 39.417107 -44.963444
v 6.321295 29.241692 -35.663715
v 0.087502 39.523190 -44.316936
v 6.730782 29.548498 -35.587593
v 0.496988 39.829998 -44.240822
v 7.025487 29.904928 -35.368568
v 0.791697 40.186424 -44.021786
v 7.160547 30.256718 -35.039974
v 0.926754 40.538216 -43.693192
v 7.115397 30.550297 -34.651821
v 0.881605 40.831799 -43.305038
v 6.896916 30.740990 -34.263222
v 0.663122 41.022488 -42.916443
v 6.538362 30.799751 -33.933331
v 0.304569 41.081245 -42.586552
v 6.094322 30.717638 -33.712372
v -0.139469 40.999138 -42.365589
v 5.632394 30.507156 -33.633976
v -0.601397 40.788651 -42.287205
v 5.222911 30.200342 -33.710091
v -1.010880 40.481838 -42.363308
v 4.928204 29.843910 -33.929123
v -1.305588 40.125408 -42.582340
v 4.793144 29.492126 -34.257725
v -1.440648 39.773624 -42.910942
v 4.838291 29.198540 -34.645866
v -1.395498 39.480045 -43.299095
v 5.056776 29.007853 -35.034473
v -1.177015 39.289345 -43.687687
v 5.415330 28.949095 -35.364361
v -0.818460 39.230591 -44.017578
v 5.859370 29.031202 -35.585320
v -0.374422 39.312698 -44.238541
v 6.642773 28.874054 -34.942753
v -0.712414 27.759171 -48.165966
v 6.947992 29.243330 -35.109684
v -0.407198 28.128447 -48.332893
v 7.105357 29.708681 -35.206451
v -0.249830 28.593798 -48.429668
v 7.090923 30.199266 -35.218330
v -0.264268 29.084385 -48.441544
v 6.906877 30.640398 -35.143505
v -0.448314 29.525517 -48.366714
v 6.581242 30.964914 -34.993382
v -0.773950 29.850037 -48.216591
v 6.163594 31.123417 -34.790798
v -1.191598 30.008535 -48.014011
v 5.717514 31.091770 -34.566612
v -1.637674 29.976887 -47.789814
v 5.310915 30.874794 -34.354935
v -2.044273 29.759914 -47.578148
v 5.005699 30.505516 -34.188011
v -2.349490 29.390635 -47.411224
v 4.848330 30.040167 -34.091248
v -2.506860 28.925287 -47.314453
v 4.862768 29.549582 -34.079365
v -2.492421 28.434700 -47.302574
v 5.046813 29.108452 -34.154190
v -2.308374 27.993568 -47.377399
v 5.372449 28.783930 -34.304317
v -1.982741 27.669048 -47.527531
v 5.790096 28.625431 -34.506897
v -1.565093 27.510548 -47.730110
v 6.236176 28.657076 -34.731094
v -1.119014 27.542194 -47.954308
v 5.638484 28.636381 -34.655422
v 10.822015 27.466503 -48.569580
v 6.114492 28.641832 -34.483799
v 11.298020 27.471954 -48.397964
v 6.569541 28.834936 -34.337303
v 11.753069 27.665058 -48.251461
v 6.934359 29.186291 -34.238235
v 12.117887 28.016413 -48.152393
v 7.153402 29.642406 -34.201691
v 12.336934 28.472530 -48.115845
v 7.193325 30.133842 -34.233208
v 12.376853 28.963966 -48.147373
v 7.048049 30.585787 -34.328011
v 12.231580 29.415911 -48.242172
v 6.739694 30.929438 -34.471661
v 11.923224 29.759556 -48.385815
v 6.315203 31.112463 -34.642277
v 11.498734 29.942587 -48.556435
v 5.839198 31.107014 -34.813900
v 11.022722 29.937134 -48.728058
v 5.384146 30.913906 -34.960392
v 10.567676 29.744032 -48.874554
v 5.019329 30.562555 -35.059456
v 10.202859 29.392675 -48.973610
v 4.800288 30.106438 -35.096001
v 9.983813 28.936560 -49.010162
v 4.760363 29.615000 -35.064484
v 9.943892 28.445120 -48.978642
v 4.905640 29.163054 -34.969681
v 10.089166 27.993179 -48.883850
v 5.213995 28.819408 -34.826038
v 10.397522 27.649536 -48.740196
v 6.582197 20.889257 -16.980295
v 20.948250 32.277767 -28.094862
v 7.163774 20.588263 -16.604820
v 21.529825 31.976772 -27.719383
v 7.700204 20.525021 -16.063749
v 22.066259 31.913532 -27.178320
v 8.109818 20.709164 -15.439468
v 22.475870 32.097672 -26.554037
v 8.330257 21.112650 -14.827003
v 22.696310 32.501167 -25.941572
v 8.327964 21.674065 -14.319607
v 22.694012 33.062572 -25.434172
v 8.103279 22.307920 -13.994518
v 22.469336 33.696438 -25.109089
v 7.690419 22.917732 -13.901237
v 22.056471 34.306248 -25.015804
v 7.152234 23.410662 -14.053959
v 21.518286 34.799168 -25.168524
v 6.570658 23.711657 -14.429434
v 20.936710 35.100166 -25.543995
v 6.034227 23.774895 -14.970502
v 20.400280 35.163410 -26.085064
v 5.624615 23.590755 -15.594783
v 19.990665 34.979267 -26.709352
v 5.404174 23.187265 -16.207249
v 19.770227 34.575779 -27.321814
v 5.406471 22.625856 -16.714645
v 19.772524 34.014370 -27.829210
v 5.631151 21.991995 -17.039734
v 19.997208 33.380505 -28.154297
v 6.044012 21.382183 -17.133013
v 20.410061 32.770695 -28.247578
v 21.392590 33.406677 -27.859703
v 31.788782 45.249218 -27.613163
v 21.744648 33.120686 -27.685047
v 32.140839 44.963226 -27.438509
v 22.018848 32.898304 -27.350033
v 32.415039 44.740849 -27.103497
v 22.173458 32.773380 -26.905657
v 32.569645 44.615925 -26.659121
v 22.184929 32.764942 -26.419573
v 32.581123 44.607479 -26.173038
v 22.051523 32.874264 -25.965782
v 32.447708 44.716805 -25.719242
v 21.793535 33.084702 -25.613373
v 32.189720 44.927242 -25.366831
v 21.450258 33.364220 -25.415987
v 31.846445 45.206764 -25.169453
v 21.073944 33.670277 -25.403685
v 31.470131 45.512817 -25.157148
v 20.721889 33.956264 -25.578337
v 31.118076 45.798809 -25.331802
v 20.447680 34.178646 -25.913351
v 30.843874 46.021187 -25.666813
v 20.293074 34.303566 -26.357727
v 30.689262 46.146111 -26.111191
v 20.281605 34.312012 -26.843809
v 30.677790 46.154552 -26.597271
v 20.415014 34.202690 -27.297602
v 30.811203 46.045235 -27.051062
v 20.672995 33.992249 -27.650013
v 31.069189 45.834797 -27.403473
v 21.016277 33.712727 -27.847397
v 31.412466 45.555271 -27.600859
v 21.357243 32.758671 -27.604168
v 23.468075 44.644993 -36.562103
v 21.837893 32.825443 -27.447405
v 23.948727 44.711765 -36.405338
v 22.226494 33.000767 -27.166454
v 24.337326 44.887085 -36.124393
v 22.463886 33.257950 -26.804098
v 24.574718 45.144272 -35.762032
v 22.513924 33.557846 -26.415487
v 24.624763 45.444168 -35.373425
v 22.368998 33.854794 -26.059795
v 24.479830 45.741108 -35.017731
v 22.051167 34.103577 -25.791166
v 24.161997 45.989891 -34.749111
v 21.608820 34.266331 -25.650503
v 23.719646 46.152653 -34.608437
v 21.109289 34.318275 -25.659214
v 23.220127 46.204601 -34.617153
v 20.628643 34.251507 -25.815975
v 22.739479 46.137825 -34.773914
v 20.240042 34.076183 -26.096924
v 22.350874 45.962498 -35.054859
v 20.002651 33.818996 -26.459286
v 22.113482 45.705315 -35.417221
v 19.952608 33.519104 -26.847889
v 22.063440 45.405422 -35.805832
v 20.097534 33.222157 -27.203587
v 22.208368 45.108482 -36.161530
v 20.415369 32.973377 -27.472212
v 22.526199 44.859692 -36.430145
v 20.857718 32.810619 -27.612877
v 22.968550 44.696938 -36.570820
v 20.897324 32.327152 -26.902206
v 27.447021 33.918259 -40.259254
v 21.354809 32.291779 -26.696882
v 27.904516 33.882893 -40.053925
v 21.793795 32.446209 -26.481630
v 28.343496 34.037319 -39.838680
v 22.147444 32.766930 -26.289228
v 28.697147 34.358032 -39.646278
v 22.361916 33.205101 -26.148960
v 28.911621 34.796211 -39.506001
v 22.404564 33.694038 -26.082186
v 28.954266 35.285145 -39.439232
v 22.268892 34.159283 -26.099072
v 28.818592 35.750393 -39.456112
v 21.975554 34.530018 -26.197035
v 28.525257 36.121124 -39.554081
v 21.569206 34.749802 -26.361177
v 28.118919 36.340908 -39.718220
v 21.111721 34.785175 -26.566505
v 27.661427 36.376278 -39.923542
v 20.672739 34.630745 -26.781750
v 27.222435 36.221855 -40.138794
v 20.319088 34.310032 -26.974154
v 26.868793 35.901134 -40.331200
v 20.104616 33.871845 -27.114422
v 26.654316 35.462955 -40.471470
v 20.061964 33.382919 -27.181198
v 26.611666 34.974030 -40.538246
v 20.197638 32.917667 -27.164320
v 26.747345 34.508778 -40.521355
v 20.490976 32.546936 -27.066347
v 27.040680 34.138042 -40.423393
v 20.911850 32.975677 -27.723526
v 35.746906 34.523014 -31.876095
v 21.017311 32.588501 -27.452633
v 35.852367 34.135834 -31.605200
v 21.155651 32.345951 -27.056761
v 35.990704 33.893284 -31.209335
v 21.305809 32.284958 -26.596184
v 36.140865 33.832283 -30.748751
v 21.444916 32.414795 -26.141005
v 36.279980 33.962124 -30.293570
v 21.551804 32.715698 -25.760530
v 36.386864 34.263031 -29.913097
v 21.610197 33.141869 -25.512682
v 36.445259 34.689194 -29.665249
v 21.611208 33.628414 -25.435190
v 36.446262 35.175747 -29.587757
v 21.554680 34.101273 -25.539858
v 36.389736 35.648602 -29.692430
v 21.449215 34.488445 -25.810749
v 36.284275 36.035774 -29.963318
v 21.310881 34.730999 -26.206621
v 36.145935 36.278328 -30.359186
v 21.160721 34.792004 -26.667198
v 35.995773 36.339325 -30.819769
v 21.021608 34.662159 -27.122381
v 35.856667 36.209492 -31.274948
v 20.914721 34.361256 -27.502851
v 35.749783 35.908585 -31.655418
v 20.856327 33.935081 -27.750702
v 35.691391 35.482414 -31.903271
v 20.855326 33.448536 -27.828192
v 35.690380 34.995869 -31.980759
v 2.867563 -1.726455 -2.487410
v 21.435982 22.072897 0.773407
v 3.731138 -2.387130 -2.108063
v 22.299555 21.412220 1.152754
v 4.385664 -2.947221 -1.344737
v 22.954081 20.852135 1.916080
v 4.731495 -3.321455 -0.313640
v 23.299915 20.477900 2.947177
v 4.715983 -3.452864 0.828254
v 23.284401 20.346489 4.089071
v 4.341487 -3.321438 1.907101
v 22.909903 20.477917 5.167918
v 3.665022 -2.947187 2.758656
v 22.233438 20.852169 6.019472
v 2.789573 -2.387087 3.253277
v 21.357990 21.412264 6.514092
v 1.848420 -1.726409 3.315664
v 20.416838 22.072945 6.576480
v 0.984845 -1.065733 2.936318
v 19.553263 22.733618 6.197134
v 0.330319 -0.505643 2.172992
v 18.898737 23.293707 5.433808
v -0.015513 -0.131408 1.141893
v 18.552902 23.667946 4.402710
v 0.000000 0.000000 0.000000
v 18.568419 23.799353 3.260818
v 0.374496 -0.131426 -1.078847
v 18.942915 23.667925 2.181970
v 1.050961 -0.505676 -1.930400
v 19.619381 23.293676 1.330416
v 1.926409 -1.065775 -2.425022
v 20.494825 22.733578 0.835794
v 21.287025 22.499495 1.841532
v 22.683817 42.956955 6.694393
v 22.009987 22.436991 2.109923
v 23.406776 42.894451 6.962781
v 22.567980 22.319061 2.616575
v 23.964769 42.776520 7.469435
v 22.876062 22.163656 3.284353
v 24.272844 42.621117 8.137212
v 22.887321 21.994440 4.011595
v 24.284109 42.451893 8.864453
v 22.600056 21.837170 4.687585
v 23.996845 42.294628 9.540444
v 22.057987 21.715788 5.209408
v 23.454781 42.173248 10.062268
v 21.343649 21.648781 5.497626
v 22.740435 42.106236 10.350484
v 20.565786 21.646341 5.508355
v 21.962580 42.103802 10.361215
v 19.842831 21.708845 5.239964
v 21.239614 42.166309 10.092824
v 19.284832 21.826778 4.733314
v 20.681627 42.284237 9.586171
v 18.976757 21.982182 4.065536
v 20.373545 42.439640 8.918393
v 18.965494 22.151398 3.338293
v 20.362286 42.608856 8.191151
v 19.252760 22.308670 2.662303
v 20.649548 42.766125 7.515162
v 19.794827 22.430050 2.140478
v 21.191616 42.887501 6.993337
v 20.509169 22.497061 1.852261
v 21.905958 42.954517 6.705121
v 22.566025 42.346672 7.320854
v 17.232534 55.807495 4.188743
v 23.004972 42.568768 7.476898
v 17.671482 56.029594 4.344789
v 23.340120 42.785011 7.792933
v 18.006630 56.245838 4.660824
v 23.520451 42.962498 8.220845
v 18.186964 56.423321 5.088735
v 23.518513 43.074192 8.695489
v 18.185022 56.535015 5.563378
v 23.334600 43.103104 9.144602
v 18.001108 56.563919 6.012488
v 22.996704 43.044819 9.499813
v 17.663214 56.505642 6.367704
v 22.556280 42.908215 9.707047
v 17.222788 56.369041 6.574933
v 22.080366 42.714088 9.734750
v 16.746876 56.174915 6.602638
v 21.641418 42.492004 9.578707
v 16.307934 55.952827 6.446594
v 21.306273 42.275761 9.262671
v 15.972781 55.736580 6.130558
v 21.125940 42.098274 8.834758
v 15.792450 55.559097 5.702647
v 21.127878 41.986580 8.360117
v 15.794388 55.447407 5.228006
v 21.311796 41.957672 7.911002
v 15.978301 55.418495 4.778891
v 21.649687 42.015949 7.555789
v 16.316195 55.476772 4.423678
v 22.090111 42.152557 7.348558
v 16.756620 55.613380 4.216447
v 22.437351 42.182373 7.334996
v 29.674318 55.587357 4.438875
v 22.866238 42.029842 7.528478
v 30.103209 55.434814 4.632352
v 23.212448 41.953506 7.874097
v 30.449417 55.358486 4.977973
v 23.423275 41.965004 8.319237
v 30.660244 55.369976 5.423114
v 23.466637 42.062569 8.796128
v 30.703600 55.467537 5.900004
v 23.335913 42.231358 9.232171
v 30.572884 55.636322 6.336045
v 23.051012 42.445667 9.560980
v 30.287981 55.850639 6.664852
v 22.655312 42.672874 9.732495
v 29.892279 56.077850 6.836370
v 22.209044 42.878391 9.720607
v 29.446014 56.283367 6.824482
v 21.780159 43.030930 9.527125
v 29.017132 56.435902 6.631001
v 21.433947 43.107262 9.181506
v 28.670914 56.512238 6.285383
v 21.223118 43.095772 8.736367
v 28.460083 56.500744 5.840242
v 21.179760 42.998207 8.259477
v 28.416725 56.403183 5.363354
v 21.310486 42.829414 7.823433
v 28.547451 56.234390 4.927309
v 21.595385 42.615105 7.494625
v 28.832352 56.020081 4.598502
v 21.991087 42.387897 7.323111
v 29.228056 55.792873 4.426985
v 22.736933 43.167339 7.525276
v 29.718040 53.837704 16.381718
v 23.120209 42.878498 7.603955
v 30.101315 53.548870 16.460394
v 23.382149 42.536655 7.823278
v 30.363255 53.207020 16.679720
v 23.482866 42.193855 8.149859
v 30.463978 52.864223 17.006302
v 23.407040 41.902298 8.533982
v 30.388153 52.572662 17.390423
v 23.166208 41.706352 8.917161
v 30.147320 52.376713 17.773596
v 22.797037 41.635857 9.241064
v 29.778141 52.306221 18.097506
v 22.355722 41.701546 9.456376
v 29.336828 52.371922 18.312820
v 21.909458 41.893421 9.530328
v 28.890566 52.563782 18.386766
v 21.526180 42.182262 9.451649
v 28.507290 52.852634 18.308092
v 21.264238 42.524105 9.232324
v 28.245354 53.194477 18.088764
v 21.163517 42.866901 8.905741
v 28.144623 53.537270 17.762182
v 21.239342 43.158463 8.521622
v 28.220451 53.828831 17.378063
v 21.480179 43.354408 8.138443
v 28.461281 54.024773 16.994884
v 21.849356 43.424904 7.814540
v 28.830460 54.095268 16.670980
v 22.290663 43.359211 7.599226
v 29.271774 54.029579 16.455664
v 22.397373 43.333660 7.575660
v 16.808025 54.059879 16.196112
v 22.854551 43.419025 7.784701
v 17.265203 54.145256 16.405157
v 23.230839 43.369114 8.106874
v 17.641491 54.095337 16.727327
v 23.468943 43.191502 8.493125
v 17.879601 53.917728 17.113581
v 23.532619 42.913246 8.884661
v 17.943272 53.639465 17.505114
v 23.412169 42.576694 9.221868
v 17.822823 53.302921 17.842321
v 23.125931 42.233105 9.453408
v 17.536589 52.959324 18.073862
v 22.717487 41.934761 9.544033
v 17.128145 52.660980 18.164486
v 22.249018 41.727093 9.479946
v 16.659670 52.453312 18.100397
v 21.791838 41.641727 9.270904
v 16.202486 52.367947 17.891361
v 21.415550 41.691643 8.948733
v 15.826201 52.417866 17.569189
v 21.177444 41.869247 8.562478
v 15.588095 52.595470 17.182934
v 21.113766 42.147511 8.170944
v 15.524422 52.873730 16.791397
v 21.234221 42.484058 7.833738
v 15.644870 53.210278 16.454193
v 21.520454 42.827648 7.602197
v 15.931110 53.553875 16.222652
v 21.928898 43.125992 7.511573
v 16.339552 53.852219 16.132027
v 20.966116 21.043705 2.041581
v 30.180218 37.739811 -7.464373
v 21.654278 20.903042 2.350939
v 30.868380 37.599155 -7.155013
v 22.231625 20.940483 2.861866
v 31.445726 37.636593 -6.644087
v 22.610268 21.150331 3.496577
v 31.824369 37.846439 -6.009377
v 22.732559 21.500629 4.158441
v 31.946655 38.196739 -5.347513
v 22.579876 21.938057 4.746699
v 31.793978 38.634167 -4.759254
v 22.175474 22.396013 5.171791
v 31.389568 39.092125 -4.334164
v 21.580904 22.804787 5.369003
v 30.795012 39.500896 -4.136953
v 20.886700 23.102137 5.308308
v 30.100805 39.798244 -4.197647
v 20.198542 23.242802 4.998949
v 29.412643 39.938911 -4.507004
v 19.621195 23.205360 4.488022
v 28.835297 39.901474 -5.017932
v 19.242550 22.995518 3.853313
v 28.456650 39.691628 -5.652640
v 19.120264 22.645216 3.191448
v 28.334362 39.341328 -6.314505
v 19.272940 22.207787 2.603189
v 28.487040 38.903896 -6.902765
v 19.677347 21.749830 2.178098
v 28.891447 38.445938 -7.327857
v 20.271912 21.341059 1.980887
v 29.486015 38.037170 -7.525067
v 30.372488 38.824768 -7.052678
v 37.898216 52.360199 -5.063542
v 30.780434 38.606670 -6.889870
v 38.306160 52.142109 -4.900735
v 31.090956 38.413292 -6.565860
v 38.616676 51.948723 -4.576725
v 31.256773 38.274071 -6.129976
v 38.782497 51.809502 -4.140841
v 31.252651 38.210209 -5.648576
v 38.778370 51.745632 -3.659442
v 31.079218 38.231415 -5.194950
v 38.604942 51.766842 -3.205814
v 30.762877 38.334476 -4.838158
v 38.288601 51.869907 -2.849023
v 30.351786 38.503696 -4.632518
v 37.877510 52.039120 -2.643384
v 29.908527 38.713306 -4.609339
v 37.434254 52.248730 -2.620205
v 29.500586 38.931400 -4.772148
v 37.026310 52.466835 -2.783013
v 29.190071 39.124779 -5.096158
v 36.715790 52.660206 -3.107024
v 29.024248 39.264004 -5.532042
v 36.549973 52.799431 -3.542907
v 29.028368 39.327866 -6.013444
v 36.554089 52.863293 -4.024305
v 29.201799 39.306652 -6.467070
v 36.727524 52.842083 -4.477936
v 29.518147 39.203594 -6.823861
v 37.043861 52.739025 -4.834724
v 29.929239 39.034382 -7.029500
v 37.454960 52.569805 -5.040364
v 30.375494 38.332504 -6.974055
v 28.030380 51.917507 -12.604841
v 30.840599 38.495754 -6.826277
v 28.495489 52.080769 -12.457059
v 31.199118 38.700611 -6.526978
v 28.854008 52.285618 -12.157761
v 31.396479 38.915882 -6.121723
v 29.051367 52.500893 -11.752510
v 31.402632 39.108795 -5.672211
v 29.057520 52.693802 -11.302993
v 31.216627 39.249985 -5.246873
v 28.871521 52.834995 -10.877658
v 30.866796 39.317955 -4.910464
v 28.521692 52.902969 -10.541248
v 30.406401 39.302357 -4.714201
v 28.061296 52.887363 -10.344985
v 29.905519 39.205566 -4.687961
v 27.560411 52.790573 -10.318744
v 29.440422 39.042313 -4.835742
v 27.095304 52.627327 -10.466525
v 29.081896 38.837463 -5.135040
v 26.736784 52.422466 -10.765826
v 28.884539 38.622192 -5.540294
v 26.539423 52.207195 -11.171080
v 28.878387 38.429272 -5.989807
v 26.533276 52.014278 -11.620590
v 29.064386 38.288078 -6.415146
v 26.719275 51.873093 -12.045928
v 29.414213 38.220112 -6.751551
v 27.069105 51.805130 -12.382339
v 29.874615 38.235714 -6.947816
v 27.529503 51.820724 -12.578599
v 30.117737 37.616558 -6.351542
v 33.460766 43.775509 -19.553703
v 30.604729 37.684162 -6.215102
v 33.947769 43.843124 -19.417259
v 31.021051 37.916935 -6.020185
v 34.364090 44.075897 -19.222347
v 31.303322 38.279438 -5.796469
v 34.646358 44.438385 -18.998629
v 31.408566 38.716465 -5.578011
v 34.751598 44.875427 -18.780169
v 31.320757 39.161503 -5.398070
v 34.663788 45.320457 -18.600231
v 31.053265 39.546783 -5.284040
v 34.396305 45.705742 -18.486202
v 30.646820 39.813671 -5.253279
v 33.989853 45.972626 -18.455439
v 30.163286 39.921516 -5.310473
v 33.506321 46.080463 -18.512636
v 29.676294 39.853901 -5.446916
v 33.019329 46.012856 -18.649076
v 29.259968 39.621128 -5.641831
v 32.603001 45.780087 -18.843992
v 28.977695 39.258636 -5.865547
v 32.320736 45.417591 -19.067707
v 28.872458 38.821598 -6.084005
v 32.215496 44.980556 -19.286167
v 28.960262 38.376564 -6.263946
v 32.303299 44.535519 -19.466105
v 29.227755 37.991280 -6.377977
v 32.570789 44.150238 -19.580137
v 29.634205 37.724403 -6.408737
v 32.977242 43.883354 -19.610895
v 29.912827 38.110069 -6.889281
v 43.126698 44.219440 -12.471521
v 30.176435 37.796982 -6.631021
v 43.390312 43.906357 -12.213260
v 30.434570 37.631886 -6.250963
v 43.648441 43.741261 -11.833204
v 30.647936 37.639912 -5.806974
v 43.861809 43.749287 -11.389214
v 30.784054 37.819836 -5.366640
v 43.997925 43.929207 -10.948880
v 30.822195 38.144260 -4.997006
v 44.036064 44.253639 -10.579245
v 30.756556 38.563805 -4.754341
v 43.970425 44.673180 -10.336577
v 30.597134 39.014595 -4.675588
v 43.811005 45.123978 -10.257826
v 30.368189 39.428001 -4.772737
v 43.582062 45.537376 -10.354976
v 30.104580 39.741085 -5.030997
v 43.318455 45.850460 -10.613239
v 29.846447 39.906181 -5.411052
v 43.060322 46.015553 -10.993294
v 29.633081 39.898159 -5.855044
v 42.846951 46.007534 -11.437284
v 29.496958 39.718235 -6.295374
v 42.710835 45.827606 -11.877617
v 29.458818 39.393806 -6.665010
v 42.672691 45.503174 -12.247252
v 29.524458 38.974258 -6.907680
v 42.738335 45.083633 -12.489919
v 29.683884 38.523468 -6.986431
v 42.897758 44.632843 -12.568673
v 20.930996 21.647587 1.800103
v 41.437122 29.263338 0.793635
v 21.168129 21.006239 2.092512
v 41.674263 28.621988 1.086041
v 21.368469 20.527285 2.625831
v 41.874592 28.143034 1.619362
v 21.501509 20.283642 3.318868
v 42.007622 27.899391 2.312400
v 21.546984 20.312401 4.066114
v 42.053108 27.928152 3.059647
v 21.497992 20.609184 4.753810
v 42.004112 28.224936 3.747340
v 21.361979 21.128811 5.277256
v 41.868103 28.744560 4.270786
v 21.159653 21.792164 5.556764
v 41.665775 29.407919 4.550298
v 20.921818 22.498266 5.549785
v 41.427937 30.114016 4.543318
v 20.684685 23.139616 5.257376
v 41.190800 30.755363 4.250907
v 20.484348 23.618567 4.724057
v 40.990471 31.234316 3.717590
v 20.351313 23.862211 4.031021
v 40.857441 31.477962 3.024551
v 20.305828 23.833452 3.283773
v 40.811947 31.449200 2.277303
v 20.354824 23.536669 2.596078
v 40.860943 31.152418 1.589610
v 20.490835 23.017048 2.072633
v 40.996964 30.632797 1.066163
v 20.693157 22.353685 1.793123
v 41.199284 29.969435 0.786653
v 41.793106 30.003220 1.514953
v 52.430195 40.198990 7.153281
v 42.100502 29.643364 1.611852
v 52.737595 39.839138 7.250179
v 42.306206 29.290403 1.869614
v 52.943298 39.486179 7.507943
v 42.378902 28.998079 2.248995
v 53.015991 39.193859 7.887324
v 42.307526 28.810894 2.692240
v 52.944611 39.006668 8.330568
v 42.102940 28.757341 3.131863
v 52.740025 38.953114 8.770192
v 41.796276 28.845570 3.500942
v 52.433369 39.041348 9.139270
v 41.434246 29.062160 3.743285
v 52.071335 39.257931 9.381613
v 41.071957 29.374128 3.821997
v 51.709042 39.569901 9.460327
v 40.764561 29.733984 3.725095
v 51.401649 39.929756 9.363422
v 40.558849 30.086941 3.467334
v 51.195938 40.282715 9.105662
v 40.486149 30.379263 3.087955
v 51.123245 40.575039 8.726284
v 40.557533 30.566452 2.644711
v 51.194622 40.762226 8.283037
v 40.762127 30.620005 2.205086
v 51.399216 40.815777 7.843412
v 41.068779 30.531775 1.836007
v 51.705872 40.727551 7.474338
v 41.430809 30.315186 1.593665
v 52.067902 40.510960 7.231992
v 41.358070 29.008900 1.610333
v 51.099834 39.217934 -4.822449
v 41.749783 28.816967 1.836332
v 51.491535 39.026009 -4.596447
v 42.093193 28.757750 2.189020
v 51.834946 38.966785 -4.243759
v 42.336033 28.840258 2.614702
v 52.077789 39.049294 -3.818081
v 42.441311 29.051924 3.048569
v 52.183071 39.260963 -3.384212
v 42.393021 29.360535 3.424571
v 52.134766 39.569569 -3.008211
v 42.198490 29.719097 3.685464
v 51.940247 39.928131 -2.747318
v 41.887367 30.073027 3.791528
v 51.629120 40.282063 -2.641252
v 41.506992 30.368448 3.726620
v 51.248737 40.577480 -2.706161
v 41.115276 30.560379 3.500621
v 50.857037 40.769417 -2.932163
v 40.771866 30.619595 3.147930
v 50.513622 40.828629 -3.284850
v 40.529037 30.537090 2.722250
v 50.270790 40.746132 -3.710531
v 40.423756 30.325422 2.288382
v 50.165508 40.534454 -4.144397
v 40.472050 30.016817 1.912385
v 50.213806 40.225849 -4.520398
v 40.666573 29.658251 1.651490
v 50.408329 39.867287 -4.781289
v 40.977703 29.304317 1.545423
v 50.719456 39.513351 -4.887358
v 40.842567 28.922239 1.808817
v 54.394070 27.709845 -5.016718
v 40.977013 28.598194 2.141782
v 54.528511 27.385799 -4.683749
v 41.180805 28.440168 2.554935
v 54.732307 27.227776 -4.270598
v 41.422928 28.472214 2.985370
v 54.974434 27.259817 -3.840165
v 41.666512 28.689453 3.367563
v 55.218018 27.477060 -3.457970
v 41.874470 29.058817 3.643325
v 55.425976 27.846428 -3.182206
v 42.015148 29.524073 3.770678
v 55.566658 28.311680 -3.054856
v 42.067135 30.014383 3.730227
v 55.618641 28.801989 -3.095308
v 42.022514 30.455114 3.528137
v 55.574013 29.242718 -3.297400
v 41.888062 30.779156 3.195167
v 55.439568 29.566761 -3.630367
v 41.684261 30.937185 2.782017
v 55.235771 29.724792 -4.043516
v 41.442142 30.905140 2.351581
v 54.993649 29.692743 -4.473953
v 41.198559 30.687897 1.969388
v 54.750061 29.475504 -4.856145
v 40.990597 30.318533 1.693626
v 54.542103 29.106140 -5.131907
v 40.849915 29.853279 1.566276
v 54.401421 28.640888 -5.259257
v 40.797935 29.362970 1.606727
v 54.349434 28.150578 -5.218808
v 41.899273 29.913940 1.530678
v 56.346115 28.688297 6.776255
v 41.826008 29.422684 1.518618
v 56.272842 28.197035 6.764192
v 41.692841 28.971922 1.681613
v 56.139683 27.746273 6.927188
v 41.520039 28.630276 1.994849
v 55.966885 27.404627 7.240423
v 41.333916 28.449764 2.410639
v 55.780766 27.224112 7.656211
v 41.162815 28.457863 2.865681
v 55.609653 27.232210 8.111254
v 41.032768 28.653339 3.290700
v 55.479610 27.427698 8.536276
v 40.963581 29.006437 3.620991
v 55.410419 27.780788 8.866565
v 40.965786 29.463402 3.806272
v 55.412632 28.237751 9.051845
v 41.039055 29.954660 3.818334
v 55.485897 28.729012 9.063905
v 41.172222 30.405422 3.655339
v 55.619061 29.179771 8.900912
v 41.345020 30.747066 3.342102
v 55.791855 29.521420 8.587677
v 41.531143 30.927582 2.926312
v 55.977978 29.701933 8.171886
v 41.702251 30.919483 2.471270
v 56.149090 29.693836 7.716844
v 41.832291 30.723999 2.046251
v 56.279133 29.498354 7.291824
v 41.901482 30.370905 1.715958
v 56.348324 29.145260 6.961536
v 21.707020 23.100880 2.221194
v 34.395832 34.477982 15.573540
v 22.189007 22.536924 2.261174
v 34.877823 33.914028 15.613518
v 22.478781 21.902328 2.516387
v 35.167595 33.279434 15.868732
v 22.532217 21.293705 2.947981
v 35.221031 32.670807 16.300325
v 22.341187 20.803709 3.490248
v 35.029999 32.180809 16.842592
v 21.934763 20.506939 4.060632
v 34.623581 31.884041 17.412973
v 21.374828 20.448576 4.572299
v 34.063637 31.825678 17.924646
v 20.746630 20.637503 4.947352
v 33.435444 32.014606 18.299698
v 20.145796 21.044962 5.128692
v 32.834610 32.422070 18.481037
v 19.663807 21.608919 5.088712
v 32.352615 32.986027 18.441059
v 19.374033 22.243513 4.833498
v 32.062843 33.620617 18.185846
v 19.320597 22.852139 4.401906
v 32.009403 34.229244 17.754251
v 19.511629 23.342134 3.859641
v 32.200447 34.719234 17.211987
v 19.918051 23.638903 3.289255
v 32.606865 35.016006 16.641602
v 20.477983 23.697268 2.777587
v 33.166798 35.074368 16.129932
v 21.106188 23.508339 2.402533
v 33.794998 34.885445 15.754882
v 33.884815 34.218727 16.072935
v 34.740681 46.096512 25.422007
v 34.349689 34.107487 16.213610
v 35.205547 45.985268 25.562687
v 34.702736 33.896141 16.478161
v 35.558609 45.773933 25.827240
v 34.890228 33.616886 16.826317
v 35.746090 45.494675 26.175388
v 34.883602 33.312233 17.205063
v 35.739471 45.190022 26.554138
v 34.683884 33.028553 17.556746
v 35.539745 44.906334 26.905819
v 34.321476 32.809044 17.827824
v 35.177338 44.686829 27.176895
v 33.851532 32.687111 17.977026
v 34.707397 44.564899 27.326101
v 33.345623 32.681328 17.981642
v 34.201485 44.559116 27.330715
v 32.880753 32.792572 17.840965
v 33.736614 44.670353 27.190035
v 32.527702 33.003906 17.576410
v 33.383572 44.881702 26.925484
v 32.340210 33.283165 17.228258
v 33.196083 45.160954 26.577333
v 32.346836 33.587818 16.849506
v 33.202702 45.465607 26.198586
v 32.546555 33.871506 16.497828
v 33.402420 45.749290 25.846903
v 32.908970 34.091015 16.226751
v 33.764835 45.968807 25.575827
v 33.378899 34.212940 16.077547
v 34.234776 46.090733 25.426622
v 33.819908 33.424858 15.799809
v 44.129551 45.266811 17.308811
v 34.167713 33.126621 15.960396
v 44.477352 44.968571 17.469404
v 34.431404 32.877621 16.283413
v 44.741043 44.719578 17.792418
v 34.570839 32.715755 16.719671
v 44.880478 44.557709 18.228680
v 34.564785 32.665688 17.202768
v 44.874432 44.507637 18.711771
v 34.414177 32.735027 17.659147
v 44.723816 44.576977 19.168150
v 34.141926 32.913212 18.019329
v 44.451572 44.755165 19.528337
v 33.789497 33.173130 18.228485
v 44.099136 45.015087 19.737494
v 33.410530 33.475204 18.254770
v 43.720177 45.317158 19.763775
v 33.062733 33.773434 18.094177
v 43.372364 45.615395 19.603188
v 32.799038 34.022446 17.771166
v 43.108681 45.864391 19.280172
v 32.659599 34.184296 17.334904
v 42.969254 46.026253 18.843906
v 32.665653 34.234371 16.851807
v 42.975296 46.076328 18.360817
v 32.816261 34.165035 16.395432
v 43.125912 46.006989 17.904434
v 33.088509 33.986847 16.035246
v 43.398159 45.828800 17.544254
v 33.440945 33.726929 15.826090
v 43.750584 45.568882 17.335098
v 34.127869 33.776600 15.930541
v 48.239452 35.319019 22.331612
v 34.156975 33.287312 15.917115
v 48.268562 34.829727 22.318186
v 34.103596 32.822800 16.072702
v 48.215187 34.365211 22.473776
v 33.975880 32.453773 16.373621
v 48.087467 33.996185 22.774693
v 33.793240 32.236416 16.774050
v 47.904831 33.778828 23.175117
v 33.583504 32.203819 17.213034
v 47.695099 33.746231 23.614103
v 33.378605 32.360950 17.623741
v 47.490192 33.903358 24.024805
v 33.209717 32.683884 17.943640
v 47.321312 34.226295 24.344709
v 33.102570 33.123451 18.124035
v 47.214157 34.665867 24.525103
v 33.073463 33.612747 18.137461
v 47.185062 35.155151 24.538527
v 33.126842 34.077267 17.981869
v 47.238438 35.619675 24.382942
v 33.254566 34.446289 17.680956
v 47.366158 35.988705 24.082026
v 33.437199 34.663639 17.280525
v 47.548790 36.206059 23.681595
v 33.646927 34.696232 16.841541
v 47.758530 36.238647 23.242611
v 33.851841 34.539112 16.430838
v 47.963432 36.081520 22.831903
v 34.020718 34.216175 16.110935
v 48.132313 35.758591 22.512005
v 34.213600 34.569958 16.769457
v 38.871410 36.148190 31.010590
v 34.583206 34.266701 16.688444
v 39.241020 35.844948 30.929581
v 34.805443 33.839127 16.659016
v 39.463249 35.417362 30.900154
v 34.846474 33.352310 16.685659
v 39.504288 34.930550 30.926790
v 34.700066 32.880375 16.764307
v 39.357872 34.458618 31.005440
v 34.388496 32.495159 16.882994
v 39.046310 34.073406 31.124126
v 33.959206 32.255322 17.023647
v 38.617016 33.833553 31.264786
v 33.477551 32.197365 17.164854
v 38.135361 33.775608 31.405994
v 33.016850 32.330112 17.285118
v 37.674660 33.908360 31.526262
v 32.647240 32.633362 17.366135
v 37.305054 34.211609 31.607269
v 32.425007 33.060940 17.395559
v 37.082821 34.639187 31.636694
v 32.383968 33.547756 17.368921
v 37.041779 35.125999 31.610060
v 32.530376 34.019695 17.290270
v 37.188187 35.597935 31.531410
v 32.841946 34.404907 17.171585
v 37.499752 35.983150 31.412720
v 33.271240 34.644749 17.030930
v 37.929050 36.222992 31.272062
v 33.752895 34.702702 16.889721
v 38.410717 36.280945 31.130856
v 2.894664 -0.011326 -1.941742
v 1.705816 23.865322 14.572257
v 4.011108 -0.147161 -1.559166
v 2.822261 23.729485 14.954834
v 4.875881 -0.523428 -0.876175
v 3.687033 23.353220 15.637826
v 5.357327 -1.082840 0.003253
v 4.168479 22.793810 16.517254
v 5.382152 -1.740233 0.945234
v 4.193304 22.136412 17.459232
v 4.946576 -2.395526 1.806359
v 3.757730 21.481123 18.320360
v 4.116910 -2.948955 2.455527
v 2.928063 20.927691 18.969528
v 3.019467 -3.316265 2.793912
v 1.830619 20.560381 19.307911
v 1.821318 -3.441538 2.769996
v 0.632472 20.435110 19.283998
v 0.704874 -3.305702 2.387420
v -0.483974 20.570946 18.901421
v -0.159898 -2.929434 1.704429
v -1.348746 20.947210 18.218430
v -0.641345 -2.370023 0.825001
v -1.830193 21.506626 17.339001
v -0.666170 -1.712629 -0.116980
v -1.855018 22.164019 16.397020
v -0.230593 -1.057336 -0.978104
v -1.419441 22.819313 15.535896
v 0.599072 -0.503909 -1.627273
v -0.589776 23.372740 14.886727
v 1.696515 -0.136598 -1.965658
v 0.507667 23.740049 14.548342
v 1.497170 22.219749 15.042825
v -1.866804 42.701908 15.202658
v 2.216941 22.374372 15.320084
v -1.147034 42.856525 15.479915
v 2.777193 22.494865 15.842151
v -0.586783 42.977024 16.001982
v 3.092636 22.562893 16.529552
v -0.271343 43.045048 16.689379
v 3.115242 22.568089 17.277626
v -0.248733 43.050247 17.437458
v 2.841574 22.509672 17.972498
v -0.522398 42.991825 18.132328
v 2.313293 22.396530 18.508371
v -1.050681 42.878689 18.668201
v 1.610827 22.245886 18.803667
v -1.753148 42.728043 18.963501
v 0.841117 22.080683 18.813429
v -2.522858 42.562828 18.973257
v 0.121347 21.926056 18.536171
v -3.242628 42.408215 18.695999
v -0.438906 21.805565 18.014103
v -3.802881 42.287724 18.173931
v -0.754347 21.737539 17.326704
v -4.118323 42.219692 17.486534
v -0.776955 21.732342 16.578627
v -4.140929 42.214493 16.738461
v -0.503287 21.790758 15.883758
v -3.867262 42.272915 16.043589
v 0.024994 21.903900 15.347884
v -3.338980 42.386059 15.507715
v 0.727461 22.054543 15.052588
v -2.636514 42.536701 15.212420
v -2.081940 42.083508 15.970444
v 2.190630 55.503860 10.152101
v -1.614675 42.052856 16.155243
v 2.657898 55.473209 10.336897
v -1.235729 42.110435 16.482040
v 3.036842 55.530788 10.663694
v -1.002802 42.247471 16.901083
v 3.269771 55.667820 11.082736
v -0.951345 42.443111 17.348576
v 3.321225 55.863461 11.530230
v -1.089201 42.667564 17.756393
v 3.183370 56.087914 11.938046
v -1.395377 42.886662 18.062445
v 2.877194 56.307003 12.244101
v -1.823263 43.067036 18.220140
v 2.449308 56.487385 12.401796
v -2.307715 43.181252 18.205475
v 1.964855 56.601601 12.387131
v -2.774983 43.211895 18.020674
v 1.497590 56.632248 12.202330
v -3.153927 43.154324 17.693878
v 1.118646 56.574677 11.875533
v -3.386858 43.017281 17.274834
v 0.885715 56.437637 11.456491
v -3.438311 42.821648 16.827343
v 0.834260 56.241997 11.008997
v -3.300457 42.597202 16.419527
v 0.972116 56.017548 10.601180
v -2.994280 42.378109 16.113474
v 1.278292 55.798458 10.295129
v -2.566395 42.197716 15.955775
v 1.706180 55.618076 10.137431
v -1.894394 43.094460 15.966634
v 2.310150 56.505806 22.236851
v -1.452849 42.923855 16.107716
v 2.751695 56.335201 22.377937
v -1.124262 42.708862 16.398035
v 3.080282 56.120216 22.668253
v -0.958661 42.482246 16.793385
v 3.245882 55.893593 23.063602
v -0.981255 42.278473 17.233580
v 3.223289 55.689819 23.503798
v -1.188604 42.128582 17.651611
v 3.015937 55.539928 23.921825
v -1.549143 42.055393 17.983826
v 2.655401 55.466736 24.254045
v -2.007980 42.070038 18.179655
v 2.196564 55.481380 24.449871
v -2.495265 42.170300 18.209286
v 1.709280 55.581642 24.479500
v -2.936810 42.340900 18.068201
v 1.267733 55.752251 24.338419
v -3.265396 42.555885 17.777885
v 0.939149 55.967236 24.048107
v -3.430997 42.782516 17.382536
v 0.773547 56.193863 23.652760
v -3.408402 42.986286 16.942337
v 0.796140 56.397636 23.212557
v -3.201054 43.136181 16.524311
v 1.003491 56.547523 22.794527
v -2.840516 43.209373 16.192095
v 1.364026 56.620712 22.462313
v -2.381678 43.194721 15.996264
v 1.822865 56.606068 22.266485
v -2.153078 43.256290 16.011496
v -10.393725 53.996269 22.018372
v -1.735283 43.450981 16.237846
v -9.975930 54.190960 22.244722
v -1.387446 43.521049 16.593616
v -9.628095 54.261024 22.600496
v -1.162529 43.455818 17.024649
v -9.403176 54.195797 23.031530
v -1.094771 43.265232 17.465321
v -9.335418 54.005203 23.472197
v -1.194485 42.978291 17.848537
v -9.435136 53.718262 23.855415
v -1.446494 42.638691 18.115971
v -9.687140 53.378662 24.122845
v -1.812431 42.298130 18.226892
v -10.053081 53.038101 24.233768
v -2.236586 42.008453 18.164421
v -10.477233 52.748425 24.171303
v -2.654381 41.813759 17.938066
v -10.895028 52.553734 23.944946
v -3.002218 41.743690 17.582298
v -11.242865 52.483665 23.589176
v -3.227138 41.808926 17.151264
v -11.467783 52.548897 23.158146
v -3.294895 41.999512 16.710596
v -11.535542 52.739491 22.717470
v -3.195180 42.286453 16.327375
v -11.435827 53.026424 22.334249
v -2.943173 42.626053 16.059946
v -11.183820 53.366028 22.066826
v -2.577232 42.966618 15.949024
v -10.817881 53.706589 21.955904
v -1.872393 42.243317 15.950784
v -10.045010 52.992298 9.869093
v -1.492717 42.578381 16.053047
v -9.665338 53.327358 9.971363
v -1.219933 42.921661 16.312870
v -9.392553 53.670639 10.231182
v -1.095570 43.220901 16.690693
v -9.268188 53.969879 10.609004
v -1.138558 43.430542 17.128994
v -9.311176 54.179520 11.047309
v -1.342355 43.518665 17.561049
v -9.514971 54.267647 11.479365
v -1.675934 43.471863 17.921082
v -9.848552 54.220848 11.839394
v -2.088511 43.297253 18.154276
v -10.261129 54.046234 12.072591
v -2.517275 43.021423 18.225134
v -10.689893 53.770401 12.143450
v -2.896949 42.686359 18.122868
v -11.069570 53.435341 12.041186
v -3.169732 42.343079 17.863047
v -11.342354 53.092060 11.781360
v -3.294098 42.043839 17.485226
v -11.466714 52.792820 11.403539
v -3.251110 41.834202 17.046919
v -11.423728 52.583183 10.965236
v -3.047313 41.746071 16.614868
v -11.219930 52.495056 10.533181
v -2.713735 41.792881 16.254837
v -10.886352 52.541855 10.173150
v -2.301156 41.967491 16.021643
v -10.473774 52.716461 9.939954
v 1.692193 22.713181 15.166834
v 13.065014 39.386181 23.252626
v 2.270499 22.273275 15.345823
v 13.643319 38.946281 23.431618
v 2.681135 21.814640 15.765707
v 14.053957 38.487648 23.851496
v 2.861583 21.407093 16.362555
v 14.234402 38.080093 24.448347
v 2.784373 21.112675 17.045511
v 14.157192 37.785683 25.131300
v 2.461257 20.976217 17.710594
v 13.834080 37.649231 25.796385
v 1.941431 21.018488 18.256552
v 13.314249 37.691502 26.342342
v 1.304029 21.233057 18.600273
v 12.676850 37.906071 26.686062
v 0.646092 21.587254 18.689421
v 12.018909 38.260262 26.775211
v 0.067785 22.027157 18.510433
v 11.440606 38.700165 26.596226
v -0.342851 22.485794 18.090549
v 11.029966 39.158798 26.176340
v -0.523299 22.893345 17.493698
v 10.849522 39.566357 25.579493
v -0.446089 23.187756 16.810745
v 10.926733 39.860767 24.896536
v -0.122974 23.324215 16.145664
v 11.249846 39.997227 24.231451
v 0.396853 23.281942 15.599704
v 11.769673 39.954952 23.685493
v 1.034254 23.067375 15.255984
v 12.407071 39.740383 23.341776
v 12.760940 39.376862 23.916513
v 11.900946 52.945980 30.388187
v 13.233370 39.353851 24.090878
v 12.373376 52.922966 30.562551
v 13.600544 39.250050 24.405762
v 12.740545 52.819164 30.877438
v 13.806554 39.081272 24.813240
v 12.946560 52.650391 31.284914
v 13.820045 38.873203 25.251261
v 12.960049 52.442322 31.722939
v 13.638959 38.657528 25.653154
v 12.778962 52.226646 32.124828
v 13.290866 38.467087 25.957727
v 12.430871 52.036198 32.429401
v 12.828758 38.330856 26.118614
v 11.968764 51.899975 32.590290
v 12.322989 38.269588 26.111324
v 11.462993 51.838711 32.583000
v 11.850559 38.292610 25.936962
v 10.990562 51.861729 32.408638
v 11.483387 38.396404 25.622070
v 10.623395 51.965523 32.093746
v 11.277373 38.565189 25.214600
v 10.417381 52.134300 31.686274
v 11.263884 38.773247 24.776575
v 10.403890 52.342369 31.248249
v 11.444971 38.988930 24.374685
v 10.584974 52.558037 30.846355
v 11.793064 39.179375 24.070110
v 10.933067 52.748489 30.541784
v 12.255169 39.315605 23.909222
v 11.395174 52.884712 30.380894
v 12.661217 38.478146 23.820915
v 19.585033 52.020016 20.905048
v 13.094675 38.335384 24.013496
v 20.018492 51.877254 21.097631
v 13.443988 38.266895 24.358389
v 20.367807 51.808762 21.442520
v 13.655973 38.283096 24.803080
v 20.579792 51.824966 21.887209
v 13.698363 38.381531 25.279865
v 20.622181 51.923405 22.363997
v 13.564701 38.547215 25.716162
v 20.488514 52.089085 22.800293
v 13.275337 38.754910 26.045546
v 20.199158 52.296783 23.129683
v 12.874321 38.973015 26.217882
v 19.798145 52.514885 23.302017
v 12.422709 39.168312 26.206921
v 19.346533 52.710186 23.291052
v 11.989256 39.311077 26.014336
v 18.913073 52.852943 23.098469
v 11.639939 39.379562 25.669447
v 18.563763 52.921432 22.753582
v 11.427957 39.363361 25.224756
v 18.351778 52.905231 22.308887
v 11.385565 39.264919 24.747974
v 18.309385 52.806797 21.832104
v 11.519227 39.099251 24.311674
v 18.443045 52.641117 21.395807
v 11.808590 38.891544 23.982283
v 18.732414 52.433411 21.066418
v 12.209604 38.673447 23.809956
v 19.133429 52.215317 20.894087
v 12.790931 38.869820 23.795160
v 27.066067 44.967838 26.861317
v 12.943148 38.424271 23.906403
v 27.218285 44.522293 26.972561
v 13.034286 38.039471 24.186253
v 27.309422 44.137489 27.252409
v 13.050475 37.773975 24.592110
v 27.325607 43.871998 27.658264
v 12.989244 37.668228 25.062178
v 27.264378 43.766247 28.128332
v 12.859921 37.738323 25.524902
v 27.135056 43.836334 28.591061
v 12.682189 37.973579 25.909836
v 26.957331 44.071590 28.975990
v 12.483113 38.338184 26.158373
v 26.758244 44.436199 29.224529
v 12.292992 38.776638 26.232676
v 26.568123 44.874653 29.298832
v 12.140775 39.222183 26.121435
v 26.415915 45.320194 29.187592
v 12.049637 39.606987 25.841583
v 26.324774 45.705006 28.907734
v 12.033448 39.872478 25.435732
v 26.308586 45.970486 28.501883
v 12.094678 39.978222 24.965662
v 26.369814 46.076244 28.031813
v 12.224001 39.908142 24.502932
v 26.499144 46.006161 27.569088
v 12.401731 39.672882 24.118004
v 26.676868 45.770897 27.184160
v 12.600813 39.308277 23.869467
v 26.875948 45.406292 26.935621
v 13.092555 39.767296 24.349873
v 19.583876 45.892559 36.803570
v 13.449973 39.440838 24.336105
v 19.941292 45.566097 36.789791
v 13.669154 39.020359 24.425524
v 20.160479 45.145618 36.879227
v 13.716733 38.569866 24.604519
v 20.208057 44.695129 37.058224
v 13.585463 38.157948 24.845842
v 20.076780 44.283207 37.299541
v 13.295325 37.847305 25.112753
v 19.786644 43.972572 37.566448
v 12.890501 37.685246 25.364622
v 19.381824 43.810509 37.818310
v 12.432613 37.696430 25.563091
v 18.923939 43.821693 38.016788
v 11.991373 37.879166 25.677961
v 18.482695 44.004425 38.131653
v 11.633954 38.205616 25.691730
v 18.125273 44.330879 38.145432
v 11.414773 38.626099 25.602310
v 17.906097 44.751362 38.056007
v 11.367192 39.076591 25.423315
v 17.858515 45.201851 37.877010
v 11.498466 39.488510 25.181993
v 17.989784 45.613773 37.635689
v 11.788596 39.799149 24.915079
v 18.279921 45.924416 37.368778
v 12.193421 39.961216 24.663216
v 18.684748 46.086472 37.116913
v 12.651311 39.950024 24.464741
v 19.142632 46.075287 36.918442
v 1.709849 23.905828 16.240923
v 3.671486 31.588062 35.560658
v 2.401467 23.605618 16.313944
v 4.363101 31.287851 35.633678
v 2.905473 23.083828 16.480469
v 4.867108 30.766068 35.800201
v 3.145137 22.419912 16.715145
v 5.106772 30.102142 36.034882
v 3.083976 21.714933 16.982248
v 5.045609 29.397169 36.301983
v 2.731297 21.076223 17.241108
v 4.692933 28.758459 36.560844
v 2.140794 20.601025 17.452324
v 4.102427 28.283255 36.772057
v 1.402365 20.361671 17.583731
v 3.364000 28.043901 36.903465
v 0.628430 20.394609 17.615334
v 2.590066 28.076839 36.935070
v -0.063187 20.694824 17.542311
v 1.898449 28.377052 36.862045
v -0.567192 21.216606 17.375788
v 1.394442 28.898838 36.695518
v -0.806858 21.880527 17.141108
v 1.154778 29.562761 36.460850
v -0.745694 22.585503 16.874008
v 1.215940 30.267740 36.193741
v -0.393016 23.224213 16.615149
v 1.568618 30.906446 35.934883
v 0.197488 23.699419 16.403933
v 2.159122 31.381649 35.723671
v 0.935915 23.938772 16.272524
v 2.897551 31.621000 35.592255
v 3.214117 30.706654 35.358894
v -1.666236 40.968109 44.953079
v 3.678515 30.758560 35.558952
v -1.201838 41.020016 45.153133
v 4.059523 30.669483 35.863880
v -0.820830 40.930935 45.458069
v 4.299142 30.452969 36.227276
v -0.581212 40.714428 45.821453
v 4.360886 30.141989 36.593803
v -0.519465 40.403442 46.187984
v 4.235357 29.783888 36.907661
v -0.644994 40.045338 46.501846
v 3.941667 29.433172 37.121067
v -0.938686 39.694633 46.715260
v 3.524529 29.143251 37.201550
v -1.355825 39.404701 46.795734
v 3.047443 28.958250 37.136829
v -1.832906 39.219707 46.731018
v 2.583047 28.906338 36.936771
v -2.297305 39.167797 46.530960
v 2.202036 28.995419 36.631836
v -2.678315 39.256878 46.226028
v 1.962420 29.211933 36.268448
v -2.917932 39.473385 45.862637
v 1.900676 29.522911 35.901920
v -2.979676 39.784367 45.496113
v 2.026205 29.881020 35.588062
v -2.854147 40.142464 45.182251
v 2.319894 30.231726 35.374645
v -2.560459 40.493179 44.968838
v 2.737033 30.521654 35.294182
v -2.143316 40.783108 44.888367
v 3.563086 30.463293 35.248409
v 11.221454 40.669746 44.151653
v 3.929659 30.152937 35.316998
v 11.588024 40.359386 44.220238
v 4.174611 29.793785 35.527294
v 11.832976 40.000240 44.430527
v 4.260647 29.440519 35.847294
v 11.919012 39.646976 44.750534
v 4.174668 29.146921 36.228268
v 11.833035 39.353378 45.131516
v 3.929771 28.957695 36.612236
v 11.588136 39.164146 45.515476
v 3.563233 28.901634 36.940727
v 11.221598 39.108093 45.843967
v 3.130857 28.987284 37.163734
v 10.789223 39.193737 46.066975
v 2.698469 29.201607 37.247311
v 10.356834 39.408062 46.150555
v 2.331898 29.511969 37.178726
v 9.990266 39.718430 46.081966
v 2.086948 29.871119 36.968433
v 9.745313 40.077576 45.871670
v 2.000910 30.224380 36.648438
v 9.659278 40.430843 45.551674
v 2.086888 30.517979 36.267452
v 9.745252 40.724434 45.170689
v 2.331788 30.707211 35.883484
v 9.990150 40.913666 44.786728
v 2.698325 30.763264 35.554993
v 10.356688 40.969723 44.458241
v 3.130700 30.677614 35.331985
v 10.789064 40.884071 44.235229
v 3.935403 30.826742 35.978291
v 11.129656 29.627092 49.173260
v 4.189114 30.455257 35.802322
v 11.383365 29.255604 48.997299
v 4.281701 29.988956 35.694183
v 11.475955 28.789303 48.889156
v 4.199073 29.498825 35.670341
v 11.393326 28.299171 48.865307
v 3.953805 29.059490 35.734421
v 11.148059 27.859838 48.929386
v 3.583242 28.737829 35.876663
v 10.777496 27.538181 49.071636
v 3.143794 28.582813 36.075417
v 10.338046 27.383163 49.270390
v 2.702366 28.618048 36.300426
v 9.896619 27.418394 49.495396
v 2.326158 28.838163 36.517433
v 9.520413 27.638512 49.712402
v 2.072452 29.209646 36.693394
v 9.266703 28.009995 49.888359
v 1.979862 29.675947 36.801537
v 9.174113 28.476294 49.996506
v 2.062491 30.166073 36.825378
v 9.256743 28.966423 50.020355
v 2.307756 30.605415 36.761303
v 9.502009 29.405758 49.956264
v 2.678321 30.927074 36.619057
v 9.872576 29.727421 49.814030
v 3.117770 31.082087 36.420303
v 10.312022 29.882435 49.615276
v 3.559200 31.046854 36.195301
v 10.753450 29.847202 49.390263
v 2.964743 31.072714 36.271530
v -2.379719 29.928057 50.157448
v 3.439680 31.062782 36.442966
v -1.904782 29.918135 50.328876
v 3.867589 30.865553 36.584698
v -1.476874 29.720896 50.470612
v 4.183324 30.511038 36.675144
v -1.161139 29.366385 50.561062
v 4.338819 30.053215 36.700542
v -1.005643 28.908554 50.586460
v 4.310403 29.561785 36.657028
v -1.034060 28.417130 50.542946
v 4.102399 29.111557 36.551216
v -1.242065 27.966906 50.437130
v 3.746475 28.771078 36.399231
v -1.597987 27.626427 50.285137
v 3.296816 28.592188 36.224190
v -2.047646 27.447536 50.110104
v 2.821881 28.602118 36.052757
v -2.522583 27.457458 49.938671
v 2.393971 28.799347 35.911018
v -2.950491 27.654701 49.796936
v 2.078236 29.153866 35.820576
v -3.266228 28.009212 49.706490
v 1.922740 29.611689 35.795181
v -3.421722 28.467031 49.681095
v 1.951158 30.103119 35.838696
v -3.393305 28.958469 49.724606
v 2.159161 30.553345 35.944500
v -3.185302 29.408697 49.830414
v 2.515087 30.893822 36.096493
v -2.829376 29.749172 49.982414
v 1.059721 23.414896 15.495778
v -11.715441 34.906281 26.889555
v 1.682745 23.709972 15.878528
v -11.092417 35.201359 27.272303
v 2.227577 23.767590 16.421066
v -10.547585 35.258972 27.814844
v 2.611273 23.578978 17.040802
v -10.163889 35.070366 28.434578
v 2.775417 23.172852 17.643385
v -9.999744 34.664238 29.037161
v 2.695020 22.611036 18.137077
v -10.080140 34.102417 29.530853
v 2.382324 21.979065 18.446716
v -10.392838 33.470448 29.840488
v 1.884932 21.373154 18.525160
v -10.890230 32.864536 29.918941
v 1.278566 20.885540 18.360476
v -11.496595 32.376926 29.754255
v 0.655542 20.590464 17.977726
v -12.119619 32.081848 29.371502
v 0.110710 20.532846 17.435186
v -12.664452 32.024227 28.828964
v -0.272985 20.721453 16.815449
v -13.048146 32.212837 28.209230
v -0.437129 21.127586 16.212868
v -13.212291 32.618973 27.606646
v -0.356733 21.689396 15.719178
v -13.131894 33.180782 27.112953
v -0.044036 22.321371 15.409538
v -12.819198 33.812752 26.803314
v 0.453356 22.927282 15.331090
v -12.321805 34.418663 26.724867
v -11.428334 33.773800 27.097116
v -20.171738 45.701256 27.140657
v -11.036753 34.056221 27.278709
v -19.780161 45.983681 27.322243
v -10.731836 34.275517 27.619108
v -19.475243 46.202980 27.662642
v -10.560006 34.398312 28.066507
v -19.303413 46.325771 28.110043
v -10.547421 34.405899 28.552788
v -19.290827 46.333355 28.596321
v -10.695995 34.297134 29.003918
v -19.439402 46.224590 29.047455
v -10.983113 34.088566 29.351215
v -19.726521 46.016022 29.394751
v -11.365061 33.811954 29.541813
v -20.108467 45.739414 29.585348
v -11.783693 33.509411 29.546688
v -20.527098 45.436871 29.590225
v -12.175274 33.226994 29.365099
v -20.918678 45.154449 29.408636
v -12.480190 33.007694 29.024698
v -21.223595 44.935154 29.068235
v -12.652020 32.884903 28.577297
v -21.395428 44.812355 28.620834
v -12.664606 32.877312 28.091017
v -21.408010 44.804771 28.134558
v -12.516028 32.986080 27.639889
v -21.259438 44.913540 27.683424
v -12.228913 33.194645 27.292589
v -20.972319 45.122101 27.336126
v -11.846968 33.471252 27.101995
v -20.590370 45.398708 27.145533
v -11.373602 34.421318 27.368460
v -11.831655 46.304993 36.616467
v -10.902546 34.350086 27.523537
v -11.360600 46.233768 36.771545
v -10.538589 34.170994 27.800161
v -10.996643 46.054680 37.048172
v -10.337134 33.911316 28.156214
v -10.795189 45.794994 37.404221
v -10.328859 33.610569 28.537489
v -10.786911 45.494255 37.785503
v -10.515016 33.314552 28.885948
v -10.973066 45.198238 38.133961
v -10.867269 33.068325 29.148531
v -11.325319 44.952011 38.396545
v -11.331987 32.909370 29.285273
v -11.790036 44.793056 38.533287
v -11.838426 32.861900 29.275349
v -12.296477 44.745583 38.523357
v -12.309481 32.933125 29.120268
v -12.767529 44.816803 38.368279
v -12.673437 33.112213 28.843647
v -13.131488 44.995895 38.091656
v -12.874890 33.371899 28.487595
v -13.332946 45.255577 37.735603
v -12.883171 33.672638 28.106318
v -13.341222 45.556324 37.354328
v -12.697011 33.968655 27.757858
v -13.155062 45.852337 37.005875
v -12.344758 34.214878 27.495274
v -12.802813 46.098568 36.743282
v -11.880039 34.373837 27.358530
v -12.338093 46.257523 36.606544
v -11.773327 34.855553 28.080984
v -18.099232 36.483093 41.477310
v -11.311225 34.886532 28.287123
v -17.637123 36.514080 41.683441
v -10.894001 34.727982 28.498547
v -17.219904 36.355522 41.894871
v -10.585178 34.404045 28.683084
v -16.911079 36.031586 42.079414
v -10.431767 33.964031 28.812639
v -16.757668 35.591568 42.208961
v -10.457124 33.474934 28.867474
v -16.783026 35.102467 42.263802
v -10.657391 33.011204 28.839258
v -16.983294 34.638744 42.235580
v -11.002077 32.643448 28.732277
v -17.327978 34.270996 42.128601
v -11.438707 32.427662 28.562822
v -17.764612 34.055199 41.959145
v -11.900810 32.396679 28.356686
v -18.226713 34.024216 41.752998
v -12.318033 32.555229 28.145252
v -18.643932 34.182766 41.541576
v -12.626859 32.879173 27.960718
v -18.952755 34.506706 41.357044
v -12.780271 33.319183 27.831171
v -19.106169 34.946720 41.227486
v -12.754911 33.808285 27.776329
v -19.080812 35.435825 41.172649
v -12.554646 34.272007 27.804548
v -18.880547 35.899548 41.200874
v -12.209959 34.639759 27.911528
v -18.535858 36.267296 41.307858
v -11.848876 34.208572 27.243858
v -26.460135 35.879890 31.435701
v -11.689682 34.594154 27.524179
v -26.300940 36.265465 31.716022
v -11.517748 34.834717 27.925947
v -26.129009 36.506031 32.117786
v -11.359259 34.893635 28.387987
v -25.970514 36.564945 32.579830
v -11.238333 34.761951 28.839977
v -25.849592 36.433266 33.031822
v -11.173381 34.459698 29.213089
v -25.784637 36.131016 33.404934
v -11.174298 34.032906 29.450529
v -25.785555 35.704220 33.642372
v -11.240938 33.546535 29.516146
v -25.852196 35.217850 33.707989
v -11.363158 33.074642 29.399954
v -25.974413 34.745956 33.591793
v -11.522351 32.689064 29.119625
v -26.133606 34.360382 33.311470
v -11.694283 32.448505 28.717863
v -26.305536 34.119812 32.909714
v -11.852776 32.389576 28.255816
v -26.464035 34.060890 32.447659
v -11.973701 32.521263 27.803829
v -26.584957 34.192577 31.995674
v -12.038653 32.823513 27.430714
v -26.649906 34.494823 31.622559
v -12.037737 33.250313 27.193277
v -26.648993 34.921623 31.385122
v -11.971094 33.736679 27.127661
v -26.582352 35.407986 31.319506
v -12.588760 21.800577 -4.107766
v -11.140162 42.264893 -8.461243
v -11.857584 21.856226 -3.837934
v -10.408989 42.320538 -8.191411
v -11.283592 21.968359 -3.328475
v -9.834995 42.432678 -7.681951
v -10.954170 22.119911 -2.656951
v -9.505571 42.584225 -7.010428
v -10.919468 22.287806 -1.925595
v -9.470871 42.752121 -6.279073
v -11.184769 22.446476 -1.245750
v -9.736171 42.910793 -5.599227
v -11.709681 22.571774 -0.720915
v -10.261084 43.036091 -5.074391
v -12.414296 22.644625 -0.430992
v -10.965699 43.108940 -4.784469
v -13.191338 22.653931 -0.420118
v -11.742743 43.118248 -4.773596
v -13.922515 22.598278 -0.689952
v -12.473918 43.062599 -5.043429
v -14.496506 22.486145 -1.199410
v -13.047909 42.950459 -5.552888
v -14.825928 22.334597 -1.870935
v -13.377331 42.798908 -6.224411
v -14.860632 22.166704 -2.602291
v -13.412034 42.631020 -6.955766
v -14.595331 22.008032 -3.282136
v -13.146735 42.472351 -7.635611
v -14.070417 21.882730 -3.806971
v -12.621820 42.347050 -8.160447
v -13.365804 21.809883 -4.096894
v -11.917206 42.274193 -8.450372
v -11.173102 42.874874 -7.819890
v -3.971900 56.275116 -4.359980
v -10.765319 42.648796 -7.669313
v -3.564118 56.049034 -4.209404
v -10.460473 42.429234 -7.358597
v -3.259274 55.829472 -3.898690
v -10.304972 42.249611 -6.935044
v -3.103770 55.649849 -3.475135
v -10.322488 42.137276 -6.463134
v -3.121288 55.537510 -3.003229
v -10.510357 42.109322 -6.014715
v -3.309157 55.509556 -2.554807
v -10.839975 42.170013 -5.658051
v -3.638779 55.570251 -2.198143
v -11.261164 42.310104 -5.447441
v -4.059963 55.710346 -1.987538
v -11.709799 42.508278 -5.414950
v -4.508598 55.908516 -1.955045
v -12.117582 42.734352 -5.565526
v -4.916380 56.134594 -2.105616
v -12.422429 42.953915 -5.876240
v -5.221226 56.354160 -2.416338
v -12.577929 43.133541 -6.299794
v -5.376728 56.533783 -2.839889
v -12.560413 43.245884 -6.771704
v -5.359211 56.646118 -3.311797
v -12.372545 43.273834 -7.220122
v -5.171346 56.674068 -3.760219
v -12.042925 43.213139 -7.576787
v -4.841726 56.613380 -4.116881
v -11.621737 43.073040 -7.787399
v -4.420537 56.473278 -4.327489
v -11.278863 43.040188 -7.801723
v -16.648125 56.496281 -4.577805
v -10.829056 43.188534 -7.604571
v -16.198317 56.644630 -4.380652
v -10.472483 43.261215 -7.257133
v -15.841743 56.717304 -4.033216
v -10.263426 43.247181 -6.812306
v -15.632685 56.703278 -3.588387
v -10.233714 43.148563 -6.337811
v -15.602973 56.604656 -3.113887
v -10.387867 42.980370 -5.905877
v -15.757126 56.436462 -2.681960
v -10.702421 42.768211 -5.582275
v -16.071680 56.224304 -2.358354
v -11.129484 42.544384 -5.416263
v -16.498743 56.000473 -2.192341
v -11.604043 42.342964 -5.433115
v -16.973303 55.799057 -2.209195
v -12.053850 42.194622 -5.630270
v -17.423107 55.650719 -2.406348
v -12.410422 42.121933 -5.977705
v -17.779680 55.578026 -2.753787
v -12.619479 42.135967 -6.422534
v -17.988737 55.592060 -3.198616
v -12.649192 42.234589 -6.897032
v -18.018450 55.690681 -3.673110
v -12.495039 42.402786 -7.328961
v -17.864298 55.858879 -4.105039
v -12.180485 42.614944 -7.652567
v -17.549744 56.071037 -4.428643
v -11.753422 42.838772 -7.818579
v -17.122679 56.294868 -4.594656
v -11.116417 42.052898 -7.635511
v -16.608881 52.791935 -16.230684
v -10.693226 42.338039 -7.549830
v -16.185694 53.077084 -16.145006
v -10.383951 42.676998 -7.322198
v -15.876418 53.416054 -15.917366
v -10.235669 43.018188 -6.987270
v -15.728133 53.757229 -15.582439
v -10.270956 43.309650 -6.596034
v -15.763422 54.048695 -15.191205
v -10.484444 43.507023 -6.208055
v -15.976908 54.246056 -14.803230
v -10.843626 43.580231 -5.882396
v -16.336090 54.319279 -14.477572
v -11.293820 43.518162 -5.668643
v -16.786289 54.257202 -14.263816
v -11.766494 43.330250 -5.599329
v -17.258957 54.069290 -14.194503
v -12.189682 43.045101 -5.685009
v -17.682148 53.784145 -14.280186
v -12.498960 42.706135 -5.912640
v -17.991426 53.445175 -14.507818
v -12.647242 42.364948 -6.247569
v -18.139708 53.103992 -14.842745
v -12.611953 42.073490 -6.638807
v -18.104418 52.812534 -15.233981
v -12.398469 41.876129 -7.026786
v -17.890932 52.615170 -15.621955
v -12.039286 41.802910 -7.352442
v -17.531750 52.541954 -15.947618
v -11.589087 41.864979 -7.566196
v -17.081556 52.604027 -16.161373
v -11.478892 41.889606 -7.589154
v -4.400901 52.572796 -15.948338
v -11.033882 41.799919 -7.382250
v -3.955891 52.483112 -15.741440
v -10.650923 41.845978 -7.058905
v -3.572934 52.529175 -15.418096
v -10.388317 42.020775 -6.668351
v -3.310324 52.703960 -15.027539
v -10.286037 42.297684 -6.270041
v -3.208046 52.980881 -14.629229
v -10.359663 42.634563 -5.924621
v -3.281671 53.317757 -14.283805
v -10.597980 42.980125 -5.684669
v -3.519988 53.663326 -14.043855
v -10.964708 43.281761 -5.586720
v -3.886719 53.964954 -13.945909
v -11.404016 43.493538 -5.645688
v -4.326023 54.176727 -14.004877
v -11.849025 43.583218 -5.852595
v -4.771032 54.266415 -14.211781
v -12.231985 43.537163 -6.175935
v -5.153991 54.220356 -14.535120
v -12.494593 43.362370 -6.566492
v -5.416601 54.045567 -14.925680
v -12.596870 43.085453 -6.964797
v -5.518878 53.768642 -15.323989
v -12.523247 42.748569 -7.310223
v -5.445254 53.431767 -15.669411
v -12.284929 42.403015 -7.550173
v -5.206937 53.086201 -15.909358
v -11.918201 42.101383 -7.648122
v -4.840209 52.784580 -16.007307
v -12.707109 23.257980 -3.872168
v -19.595457 40.010452 6.041970
v -11.999852 23.391983 -3.559458
v -18.888195 40.144451 6.354679
v -11.428118 23.348669 -3.049518
v -18.316462 40.101139 6.864623
v -11.078949 23.134628 -2.419981
v -17.967297 39.887104 7.494158
v -11.005504 22.782450 -1.766688
v -17.893850 39.534920 8.147450
v -11.218965 22.345747 -1.189098
v -18.107307 39.098221 8.725040
v -11.686834 21.891005 -0.775144
v -18.575178 38.643471 9.138995
v -12.337878 21.487453 -0.587845
v -19.226223 38.239929 9.326292
v -13.072989 21.196529 -0.655719
v -19.961332 37.949009 9.258421
v -13.780248 21.062525 -0.968428
v -20.668591 37.814995 8.945710
v -14.351981 21.105843 -1.478370
v -21.240326 37.858315 8.435767
v -14.701149 21.319880 -2.107908
v -21.589491 38.072353 7.806230
v -14.774593 21.672062 -2.761200
v -21.662937 38.424534 7.152936
v -14.561132 22.108765 -3.338789
v -21.449474 38.861237 6.575348
v -14.093266 22.563505 -3.752743
v -20.981611 39.315979 6.161396
v -13.442219 22.967056 -3.940041
v -20.330563 39.719532 5.974095
v -19.554173 38.923866 6.427164
v -25.193344 52.520393 4.769130
v -19.116179 39.137962 6.595246
v -24.755356 52.734501 4.937213
v -18.779003 39.327965 6.923934
v -24.418177 52.924503 5.265902
v -18.593975 39.464958 7.363189
v -24.233149 53.061489 5.705155
v -18.589264 39.528080 7.846139
v -24.228439 53.124611 6.188105
v -18.765587 39.507721 8.299257
v -24.404762 53.104256 6.641226
v -19.096104 39.406979 8.653563
v -24.735277 53.003513 6.995529
v -19.530485 39.241188 8.855112
v -25.169659 52.837723 7.197081
v -20.002617 39.035603 8.873228
v -25.641790 52.632141 7.215193
v -20.440605 38.821503 8.705144
v -26.079781 52.418041 7.047111
v -20.777782 38.631500 8.376456
v -26.416956 52.228035 6.718424
v -20.962809 38.494507 7.937198
v -26.601984 52.091045 6.279167
v -20.967520 38.431385 7.454249
v -26.606697 52.027927 5.796217
v -20.791197 38.451748 7.001132
v -26.430370 52.048279 5.343096
v -20.460686 38.552490 6.646829
v -26.099857 52.149021 4.988795
v -20.026299 38.718269 6.445276
v -25.665476 52.314816 4.787241
v -19.482744 39.415661 6.517793
v -15.251083 52.962627 12.479682
v -19.040636 39.248169 6.661538
v -14.808977 52.795132 12.623423
v -18.710844 39.039810 6.955795
v -14.479185 52.586777 12.917682
v -18.543579 38.822304 7.355768
v -14.311919 52.369267 13.317654
v -18.564302 38.628765 7.800563
v -14.332642 52.175724 13.762447
v -18.769861 38.488659 8.222470
v -14.538198 52.035614 14.184355
v -19.128956 38.423309 8.557249
v -14.897299 51.970272 14.519136
v -19.586922 38.442677 8.753939
v -15.355267 51.989632 14.715825
v -20.074041 38.543800 8.782594
v -15.842382 52.090755 14.744480
v -20.516150 38.711296 8.638849
v -16.284491 52.258251 14.600739
v -20.845938 38.919651 8.344595
v -16.614281 52.466610 14.306479
v -21.013206 39.137157 7.944620
v -16.781548 52.684116 13.906507
v -20.992481 39.330700 7.499824
v -16.760826 52.877651 13.461708
v -20.786922 39.470802 7.077919
v -16.555265 53.017761 13.039808
v -20.427828 39.536156 6.743138
v -16.196167 53.083107 12.705022
v -19.969862 39.516788 6.546449
v -15.738202 53.063751 12.508336
v -19.640882 40.132484 7.157791
v -22.127056 46.296810 20.510334
v -19.163599 40.060390 7.292527
v -21.649769 46.224716 20.645073
v -18.779915 39.823780 7.481715
v -21.266085 45.988113 20.834257
v -18.548237 39.458668 7.696550
v -21.034409 45.622997 21.049095
v -18.503838 39.020645 7.904332
v -20.990007 45.184971 21.256874
v -18.653479 38.576397 8.073421
v -21.139654 44.740723 21.425964
v -18.974379 38.193546 8.178077
v -21.460554 44.357872 21.530622
v -19.417685 37.930389 8.202370
v -21.903856 44.094715 21.554914
v -19.915901 37.826984 8.142593
v -22.402075 43.991314 21.495140
v -20.393187 37.899071 8.007859
v -22.879356 44.063408 21.360403
v -20.776871 38.135681 7.818671
v -23.263042 44.300003 21.171215
v -21.008549 38.500797 7.603836
v -23.494717 44.665119 20.956379
v -21.052946 38.938816 7.396054
v -23.539120 45.103142 20.748598
v -20.903305 39.383068 7.226965
v -23.389477 45.547401 20.579510
v -20.582403 39.765919 7.122311
v -23.068577 45.930244 20.474857
v -20.139097 40.029079 7.098017
v -22.625273 46.193401 20.450563
v -19.914207 39.641926 6.608044
v -32.271214 45.855839 12.340669
v -19.607269 39.952076 6.873912
v -31.964272 46.165989 12.606537
v -19.326380 40.114193 7.257960
v -31.683390 46.328110 12.990585
v -19.114305 40.103607 7.701723
v -31.471310 46.317516 13.434349
v -19.003334 39.921913 8.137643
v -31.360338 46.135830 13.870266
v -19.010357 39.596783 8.499352
v -31.367359 45.810696 14.231974
v -19.134304 39.177715 8.731785
v -31.491310 45.391628 14.464410
v -19.356312 38.728500 8.799552
v -31.713314 44.942410 14.532181
v -19.642576 38.317535 8.692343
v -31.999577 44.531448 14.424972
v -19.949514 38.007381 8.426476
v -32.306522 44.221294 14.159101
v -20.230404 37.845268 8.042427
v -32.587406 44.059170 13.775056
v -20.442476 37.855854 7.598665
v -32.799484 44.069763 13.331289
v -20.553448 38.037548 7.162746
v -32.910454 44.251457 12.895370
v -20.546427 38.362679 6.801037
v -32.903435 44.576584 12.533662
v -20.422476 38.781746 6.568605
v -32.779484 44.995659 12.301228
v -20.200472 39.230965 6.500833
v -32.557480 45.444874 12.233459
v -12.826137 22.655172 -4.128372
v -32.260994 30.446112 -2.933890
v -12.500015 23.293560 -3.820347
v -31.934874 31.084503 -2.625865
v -12.233276 23.769617 -3.275373
v -31.668139 31.560560 -2.080891
v -12.066525 24.010862 -2.576419
v -31.501383 31.801805 -1.381936
v -12.025148 23.980572 -1.829893
v -31.460005 31.771511 -0.635412
v -12.115444 23.683352 -1.149447
v -31.550304 31.474291 0.045035
v -12.323668 23.164454 -0.638673
v -31.758530 30.955399 0.555808
v -12.618120 22.502882 -0.375333
v -32.052979 30.293819 0.819147
v -12.953971 21.799347 -0.399516
v -32.388828 29.590284 0.794965
v -13.280090 21.160954 -0.707542
v -32.714947 28.951895 0.486943
v -13.546829 20.684898 -1.252514
v -32.981686 28.475842 -0.058033
v -13.713581 20.443653 -1.951469
v -33.148438 28.234596 -0.756988
v -13.754957 20.473946 -2.697996
v -33.189816 28.264885 -1.503513
v -13.664660 20.771164 -3.378441
v -33.099525 28.562103 -2.183961
v -13.456437 21.290060 -3.889213
v -32.891296 29.080999 -2.694732
v -13.161985 21.951637 -4.152555
v -32.596848 29.742577 -2.958076
v -32.008156 29.702438 -2.230674
v -41.220676 39.994610 -7.618983
v -31.650932 30.059193 -2.125028
v -40.863449 40.351364 -7.513337
v -31.396313 30.409708 -1.858683
v -40.608829 40.701881 -7.246992
v -31.283062 30.700623 -1.472185
v -40.495583 40.992794 -6.860495
v -31.328423 30.887636 -1.024376
v -40.540939 41.179813 -6.412685
v -31.525488 30.942291 -0.583430
v -40.738010 41.234467 -5.971737
v -31.844257 30.856260 -0.216478
v -41.056778 41.148438 -5.604784
v -32.236206 30.642645 0.020616
v -41.448723 40.934822 -5.367694
v -32.641651 30.333961 0.091754
v -41.854176 40.626137 -5.296553
v -32.998871 29.977211 -0.013889
v -42.211391 40.269375 -5.402198
v -33.253494 29.626692 -0.280238
v -42.466015 39.918865 -5.668547
v -33.366745 29.335779 -0.666737
v -42.579266 39.627953 -6.055046
v -33.321388 29.148758 -1.114546
v -42.533905 39.440937 -6.502853
v -33.124317 29.094109 -1.555492
v -42.336838 39.386284 -6.943799
v -32.805550 29.180134 -1.922445
v -42.018066 39.472313 -7.310752
v -32.413609 29.393753 -2.159536
v -41.626122 39.685928 -7.547844
v -32.304703 30.699835 -2.110993
v -40.621887 40.978741 4.571808
v -31.886576 30.887819 -1.880356
v -40.203758 41.166737 4.802446
v -31.535183 30.943413 -1.526266
v -39.852360 41.222340 5.156538
v -31.304014 30.858160 -1.102633
v -39.621193 41.137074 5.580169
v -31.228268 30.645025 -0.673949
v -39.545448 40.923943 6.008851
v -31.319477 30.336462 -0.305481
v -39.636662 40.615383 6.377323
v -31.563755 29.979443 -0.053320
v -39.880928 40.258362 6.629484
v -31.923908 29.628326 0.044142
v -40.241085 39.907249 6.726946
v -32.345112 29.336567 -0.027930
v -40.662292 39.615475 6.654871
v -32.763241 29.148577 -0.258568
v -41.080418 39.427494 6.424233
v -33.114635 29.092981 -0.612658
v -41.431812 39.371895 6.070143
v -33.345798 29.178238 -1.036292
v -41.662983 39.457150 5.646509
v -33.421543 29.391371 -1.464976
v -41.738728 39.670284 5.217827
v -33.330338 29.699932 -1.833445
v -41.647518 39.978848 4.849358
v -33.086063 30.056953 -2.085606
v -41.403244 40.335865 4.597199
v -32.725903 30.408068 -2.183065
v -41.043091 40.686985 4.499737
v -32.807877 30.790699 -1.910339
v -46.520321 29.688557 4.886950
v -32.628498 31.112833 -1.569491
v -46.340942 30.010696 5.227801
v -32.402897 31.268320 -1.152510
v -46.115337 30.166180 5.644777
v -32.165428 31.233486 -0.722889
v -45.877869 30.131346 6.074396
v -31.952238 31.013636 -0.346033
v -45.664680 29.911499 6.451256
v -31.795780 30.642241 -0.079309
v -45.508224 29.540106 6.717980
v -31.719881 30.175842 0.036670
v -45.432320 29.073704 6.833961
v -31.736090 29.685442 -0.015747
v -45.448524 28.583303 6.781541
v -31.841944 29.245701 -0.228584
v -45.554382 28.143562 6.568708
v -32.021320 28.923563 -0.569434
v -45.733761 27.821428 6.227854
v -32.246918 28.768078 -0.986410
v -45.959354 27.665941 5.810878
v -32.484383 28.802910 -1.416033
v -46.196827 27.700775 5.381258
v -32.697578 29.022760 -1.792890
v -46.410015 27.920620 5.004395
v -32.854031 29.394154 -2.059613
v -46.566475 28.292015 4.737677
v -32.929939 29.860559 -2.175594
v -46.642376 28.758415 4.621694
v -32.913731 30.350958 -2.123175
v -46.626163 29.248816 4.674111
v -31.889648 29.790691 -2.212784
v -46.497417 28.701813 -7.486606
v -31.894573 30.282305 -2.212852
v -46.502342 29.193424 -7.486668
v -31.965010 30.733706 -2.038846
v -46.572784 29.644829 -7.312666
v -32.090237 31.076181 -1.717260
v -46.698009 29.987309 -6.991080
v -32.251194 31.257589 -1.297057
v -46.858963 30.168715 -6.570877
v -32.423370 31.250311 -0.842202
v -47.031143 30.161432 -6.116018
v -32.580559 31.055450 -0.421944
v -47.188332 29.966576 -5.695759
v -32.698826 30.702686 -0.100266
v -47.306595 29.613810 -5.374087
v -32.760162 30.245707 0.073861
v -47.367939 29.156828 -5.199958
v -32.755245 29.754095 0.073928
v -47.363018 28.665211 -5.199890
v -32.684803 29.302691 -0.100077
v -47.292576 28.213808 -5.373894
v -32.559578 28.960215 -0.421661
v -47.167347 27.871332 -5.695483
v -32.398621 28.778809 -0.841868
v -47.006393 27.689930 -6.115684
v -32.226440 28.786083 -1.296724
v -46.834213 27.697206 -6.570539
v -32.069252 28.980940 -1.716981
v -46.677029 27.892065 -6.990799
v -31.950987 29.333714 -2.038658
v -46.558762 28.244835 -7.312475
v -12.252669 21.195272 -3.742830
v -23.350590 32.698063 -16.815964
v -11.692577 21.754543 -3.689143
v -22.790499 33.257328 -16.762276
v -11.314790 22.385778 -3.418482
v -22.412712 33.888569 -16.491615
v -11.176823 22.992882 -2.972052
v -22.274742 34.495670 -16.045187
v -11.299675 23.483421 -2.417822
v -22.397596 34.986210 -15.490954
v -11.664649 23.782724 -1.840162
v -22.762571 35.285515 -14.913299
v -12.216178 23.845221 -1.327020
v -23.314098 35.348003 -14.400153
v -12.870298 23.661396 -0.956515
v -23.968218 35.164188 -14.029651
v -13.527426 23.259237 -0.785055
v -24.625349 34.762024 -13.858191
v -14.087517 22.699966 -0.838742
v -25.185438 34.202755 -13.911878
v -14.465304 22.068735 -1.109404
v -25.563225 33.571522 -14.182535
v -14.603273 21.461632 -1.555832
v -25.701195 32.964424 -14.628966
v -14.480421 20.971090 -2.110065
v -25.578341 32.473877 -15.183199
v -14.115445 20.671787 -2.687724
v -25.213366 32.174580 -15.760857
v -13.563916 20.609291 -3.200866
v -24.661839 32.112083 -16.274000
v -12.909797 20.793116 -3.571369
v -24.007717 32.295902 -16.644505
v -23.825298 32.960922 -16.310194
v -23.028383 44.853134 -25.369196
v -23.345264 33.067764 -16.166855
v -22.548347 44.959980 -25.225855
v -22.963078 33.275429 -15.897191
v -22.166161 45.167648 -24.956186
v -22.736921 33.552311 -15.542251
v -21.940004 45.444534 -24.601250
v -22.701221 33.856251 -15.156075
v -21.904305 45.748470 -24.215080
v -22.861423 34.140984 -14.797458
v -22.064503 46.033195 -23.856457
v -23.193130 34.363144 -14.520990
v -22.396210 46.255360 -23.579992
v -23.645840 34.488926 -14.368766
v -22.848921 46.381142 -23.427765
v -24.150637 34.499180 -14.363954
v -23.353716 46.391392 -23.422953
v -24.630667 34.392334 -14.507290
v -23.833750 46.284550 -23.566296
v -25.012854 34.184669 -14.776958
v -24.215939 46.076881 -23.835962
v -25.239012 33.907787 -15.131900
v -24.442095 45.799999 -24.190899
v -25.274710 33.603844 -15.518070
v -24.477791 45.496063 -24.577068
v -25.114510 33.319122 -15.876695
v -24.317591 45.211338 -24.935692
v -24.782808 33.096954 -16.153160
v -23.985889 44.989166 -25.212162
v -24.330093 32.971176 -16.305384
v -23.533178 44.863388 -25.364389
v -23.779772 33.755283 -16.563938
v -32.436634 45.683327 -17.782873
v -23.390739 34.050007 -16.396114
v -32.047600 45.978050 -17.615046
v -23.092632 34.296013 -16.067060
v -31.749491 46.224064 -17.285994
v -22.930828 34.455864 -15.626874
v -31.587687 46.383919 -16.845808
v -22.929962 34.505219 -15.142565
v -31.586819 46.433262 -16.361498
v -23.090170 34.436550 -14.687873
v -31.747028 46.364601 -15.906805
v -23.387060 34.260334 -14.332009
v -32.043922 46.188385 -15.550946
v -23.775429 34.003384 -14.129162
v -32.432293 45.931427 -15.348102
v -24.196159 33.704823 -14.110209
v -32.853020 45.632862 -15.329141
v -24.585192 33.410088 -14.278040
v -33.242054 45.338146 -15.496968
v -24.883301 33.164085 -14.607090
v -33.540165 45.092125 -15.826027
v -25.045105 33.004230 -15.047276
v -33.701965 44.932285 -16.266211
v -25.045967 32.954880 -15.531586
v -33.702827 44.882931 -16.750525
v -24.885761 33.023540 -15.986280
v -33.542618 44.951595 -17.205212
v -24.588871 33.199764 -16.342142
v -33.245735 45.127808 -17.561071
v -24.200500 33.456718 -16.544989
v -32.857365 45.384758 -17.763922
v -23.520920 33.400833 -16.441830
v -37.408714 35.077065 -22.803619
v -23.423817 33.889572 -16.443317
v -37.311607 35.565807 -22.805109
v -23.412596 34.354031 -16.276388
v -37.300388 36.030266 -22.638187
v -23.488972 34.723488 -15.966464
v -37.376766 36.399719 -22.328259
v -23.641317 34.941711 -15.560718
v -37.529106 36.617939 -21.922506
v -23.846437 34.975468 -15.120927
v -37.734230 36.651699 -21.482716
v -24.073107 34.819622 -14.714036
v -37.960896 36.495857 -21.075830
v -24.286812 34.497894 -14.402001
v -38.174603 36.174122 -20.763798
v -24.455027 34.059273 -14.232327
v -38.342815 35.735508 -20.594118
v -24.552134 33.570534 -14.230837
v -38.439922 35.246769 -20.592630
v -24.563351 33.106075 -14.397762
v -38.451141 34.782307 -20.759560
v -24.486975 32.736614 -14.707691
v -38.374760 34.412849 -21.069485
v -24.334631 32.518394 -15.113441
v -38.222424 34.194622 -21.475227
v -24.129509 32.484638 -15.553227
v -38.017300 34.160873 -21.915020
v -23.902842 32.640484 -15.960115
v -37.790630 34.316723 -22.321907
v -23.689133 32.962215 -16.272146
v -37.576927 34.638447 -22.633942
v -23.545628 32.605942 -15.622295
v -27.979639 34.246346 -29.824146
v -23.134083 32.905849 -15.695948
v -27.568096 34.546253 -29.897806
v -22.852539 33.331242 -15.714963
v -27.286551 34.971642 -29.916819
v -22.743853 33.817341 -15.676449
v -27.177864 35.457741 -29.878311
v -22.824572 34.290154 -15.586270
v -27.258583 35.930557 -29.788130
v -23.082409 34.677696 -15.458156
v -27.516418 36.318092 -29.660015
v -23.478109 34.920967 -15.311605
v -27.912117 36.561367 -29.513460
v -23.951429 34.982933 -15.168933
v -28.385443 36.623333 -29.370792
v -24.430313 34.854160 -15.051859
v -28.864326 36.494556 -29.253716
v -24.841858 34.554253 -14.978207
v -29.275866 36.194653 -29.180069
v -25.123402 34.128868 -14.959194
v -29.557417 35.769268 -29.161053
v -25.232088 33.642769 -14.997703
v -29.666100 35.283169 -29.199564
v -25.151367 33.169952 -15.087876
v -29.585381 34.810352 -29.289738
v -24.893534 32.782417 -15.215997
v -29.327543 34.422806 -29.417858
v -24.497835 32.539139 -15.362548
v -28.931847 34.179535 -29.564402
v -24.024511 32.477173 -15.505220
v -28.458527 34.117573 -29.707085
vn 0.3218 0.0996 -0.9415
vn 0.5860 0.2884 -0.7572
vn 0.7742 0.4422 -0.4529
vn 0.8451 0.5310 -0.0621
vn 0.7734 0.5310 0.3463
vn 0.5735 0.4422 0.6896
vn 0.2929 0.2884 0.9116
vn -0.0182 0.0996 0.9949
vn -0.3218 -0.0996 0.9415
vn -0.5860 -0.2884 0.7572
vn -0.7742 -0.4422 0.4529
vn -0.8451 -0.5310 0.0621
vn -0.7734 -0.5310 -0.3463
vn -0.5735 -0.4422 -0.6896
vn -0.5346 0.8399 -0.0939
vn -0.2929 -0.2884 -0.9116
vn 0.0182 -0.0996 -0.9949
vn 0.5346 -0.8399 0.0939
vn 0.3545 -0.0132 -0.9350
vn 0.6766 -0.0381 -0.7354
vn 0.9055 -0.0578 -0.4204
vn 0.9972 -0.0690 -0.0306
vn 0.9271 -0.0690 0.3685
vn 0.7081 -0.0578 0.7037
vn 0.3855 -0.0381 0.9219
vn 0.0147 -0.0132 0.9998
vn -0.3545 0.0132 0.9350
vn -0.6766 0.0381 0.7354
vn -0.9055 0.0578 0.4204
vn -0.9972 0.0690 0.0306
vn -0.9271 0.0690 -0.3685
vn -0.7081 0.0578 -0.7037
vn 0.0044 1.0000 0.0008
vn -0.3855 0.0381 -0.9219
vn -0.0147 0.0132 -0.9998
vn -0.0044 -1.0000 -0.0008
vn 0.2648 -0.0066 -0.9643
vn 0.4412 -0.0197 -0.8972
vn 0.6029 -0.0322 -0.7971
vn 0.7444 -0.0436 -0.6663
vn 0.8596 -0.0536 -0.5082
vn 0.9428 -0.0616 -0.3277
vn 0.9890 -0.0672 -0.1318
vn 0.9950 -0.0701 0.0713
vn 0.9597 -0.0701 0.2720
vn 0.8849 -0.0672 0.4609
vn 0.7747 -0.0615 0.6294
vn 0.6350 -0.0536 0.7707
vn 0.4728 -0.0436 0.8801
vn 0.2953 -0.0322 0.9549
vn 0.1091 -0.0197 0.9938
vn -0.0796 -0.0066 0.9968
vn -0.2648 0.0066 0.9643
vn -0.4412 0.0197 0.8972
vn -0.6030 0.0322 0.7971
vn -0.7444 0.0436 0.6663
vn -0.8596 0.0536 0.5082
vn -0.9428 0.0616 0.3277
vn -0.9890 0.0672 0.1318
vn -0.9950 0.0701 -0.0713
vn -0.9597 0.0701 -0.2720
vn -0.8849 0.0672 -0.4609
vn -0.7747 0.0615 -0.6294
vn -0.6350 0.0536 -0.7707
vn -0.4728 0.0436 -0.8801
vn -0.2953 0.0322 -0.9549
vn -0.1091 0.0197 -0.9938
vn 0.0796 0.0066 -0.9968
vn 0.3206 -0.5669 -0.7589
vn 0.6396 -0.5066 -0.5782
vn 0.8725 -0.3743 -0.3140
vn 0.9833 -0.1821 0.0054
vn 0.9411 0.0458 0.3351
vn 0.7417 0.2697 0.6142
vn 0.4227 0.4464 0.7887
vn 0.0484 0.5480 0.8351
vn -0.3206 0.5669 0.7589
vn -0.6396 0.5066 0.5782
vn -0.8725 0.3743 0.3140
vn -0.9833 0.1821 -0.0054
vn -0.9411 -0.0458 -0.3351
vn -0.7417 -0.2697 -0.6142
vn 0.1038 0.8150 -0.5701
vn -0.4227 -0.4464 -0.7887
vn -0.0484 -0.5480 -0.8351
vn -0.1038 -0.8150 0.5701
vn 0.3454 -0.0894 -0.9342
vn 0.6557 -0.1870 -0.7315
vn 0.8721 -0.2580 -0.4158
vn 0.9565 -0.2901 -0.0304
vn 0.8899 -0.2764 0.3630
vn 0.6829 -0.2190 0.6969
vn 0.3737 -0.1288 0.9186
vn 0.0138 -0.0208 0.9997
vn -0.3454 0.0894 0.9342
vn -0.6557 0.1870 0.7315
vn -0.8721 0.2580 0.4158
vn -0.9565 0.2901 0.0304
vn -0.8899 0.2764 -0.3630
vn -0.6829 0.2190 -0.6969
vn 0.2245 0.9745 0.0020
vn -0.3737 0.1288 -0.9186
vn -0.0138 0.0208 -0.9997
vn -0.2245 -0.9745 -0.0020
vn 0.3075 0.4407 -0.8434
vn 0.6388 0.4116 -0.6501
vn 0.8826 0.3167 -0.3473
vn 0.9857 0.1671 0.0204
vn 0.9238 -0.0097 0.3827
vn 0.7173 -0.1795 0.6732
vn 0.4129 -0.3166 0.8540
vn 0.0576 -0.4066 0.9118
vn -0.3075 -0.4407 0.8434
vn -0.6388 -0.4116 0.6501
vn -0.8826 -0.3168 0.3473
vn -0.9857 -0.1671 -0.0204
vn -0.9238 0.0097 -0.3827
vn -0.7173 0.1795 -0.6732
vn -0.2095 0.8893 0.4065
vn -0.4129 0.3166 -0.8540
vn -0.0576 0.4066 -0.9118
vn 0.2095 -0.8893 -0.4065
vn 0.3841 -0.3165 -0.8674
vn 0.6890 -0.1894 -0.6996
vn 0.9039 -0.0314 -0.4266
vn 0.9875 0.1381 -0.0757
vn 0.9094 0.2898 0.2983
vn 0.6779 0.3924 0.6216
vn 0.3444 0.4288 0.8352
vn -0.0268 0.4001 0.9161
vn -0.3841 0.3165 0.8674
vn -0.6890 0.1894 0.6996
vn -0.9039 0.0314 0.4266
vn -0.9875 -0.1381 0.0757
vn -0.9094 -0.2898 -0.2983
vn -0.6779 -0.3924 -0.6216
vn -0.1931 0.8935 -0.4053
vn -0.3444 -0.4288 -0.8352
vn 0.0268 -0.4001 -0.9161
vn 0.1931 -0.8935 0.4053
vn 0.1605 -0.5774 -0.8005
vn 0.4369 -0.7016 -0.5629
vn 0.6469 -0.7220 -0.2453
vn 0.7631 -0.6370 0.1093
vn 0.7667 -0.4554 0.4525
vn 0.6517 -0.2003 0.7316
vn 0.4322 0.0891 0.8974
vn 0.1450 0.3633 0.9203
vn -0.1605 0.5774 0.8005
vn -0.4369 0.7016 0.5629
vn -0.6469 0.7220 0.2453
vn -0.7631 0.6370 -0.1093
vn -0.7667 0.4554 -0.4525
vn -0.6517 0.2003 -0.7316
vn 0.5891 0.6914 -0.4183
vn -0.4322 -0.0891 -0.8973
vn -0.1450 -0.3633 -0.9203
vn -0.5891 -0.6914 0.4183
vn 0.4140 0.1581 -0.8964
vn 0.6417 -0.1320 -0.7555
vn 0.7692 -0.4013 -0.4973
vn 0.7776 -0.6069 -0.1644
vn 0.6684 -0.7190 0.1904
vn 0.4601 -0.7233 0.5149
vn 0.1830 -0.6199 0.7631
vn -0.1236 -0.4223 0.8980
vn -0.4140 -0.1581 0.8964
vn -0.6417 0.1320 0.7555
vn -0.7692 0.4012 0.4973
vn -0.7776 0.6069 0.1644
vn -0.6684 0.7190 -0.1904
vn -0.4601 0.7233 -0.5149
vn 0.5804 0.6908 0.4312
vn -0.1830 0.6199 -0.7631
vn 0.1236 0.4223 -0.8980
vn -0.5804 -0.6908 -0.4312
vn 0.3986 -0.1952 -0.8961
vn 0.6641 0.0161 -0.7474
vn 0.8431 0.2329 -0.4846
vn 0.8965 0.4227 -0.1328
vn 0.7995 0.5459 0.2507
vn 0.5680 0.5756 0.5883
vn 0.2552 0.5128 0.8197
vn -0.0812 0.3782 0.9221
vn -0.3986 0.1952 0.8961
vn -0.6641 -0.0161 0.7474
vn -0.8431 -0.2329 0.4846
vn -0.8965 -0.4227 0.1328
vn -0.7995 -0.5459 -0.2507
vn -0.5680 -0.5756 -0.5883
vn -0.4442 0.8157 -0.3707
vn -0.2552 -0.5128 -0.8197
vn 0.0812 -0.3782 -0.9221
vn 0.4442 -0.8157 0.3707
vn 0.3246 -0.4439 -0.8352
vn 0.6431 -0.4201 -0.6403
vn 0.8739 -0.3360 -0.3512
vn 0.9800 -0.1988 -0.0008
vn 0.9327 -0.0260 0.3598
vn 0.7313 0.1529 0.6647
vn 0.4143 0.3044 0.8577
vn 0.0430 0.4048 0.9134
vn -0.3246 0.4439 0.8352
vn -0.6431 0.4201 0.6403
vn -0.8739 0.3360 0.3512
vn -0.9800 0.1988 0.0008
vn -0.9327 0.0260 -0.3598
vn -0.7313 -0.1529 -0.6647
vn 0.1232 0.8944 -0.4299
vn -0.4143 -0.3044 -0.8577
vn -0.0430 -0.4048 -0.9134
vn -0.1233 -0.8944 0.4299
vn 0.2909 0.3230 -0.9006
vn 0.6026 0.3897 -0.6964
vn 0.8354 0.3998 -0.3772
vn 0.9388 0.3442 0.0155
vn 0.8835 0.2300 0.4080
vn 0.6854 0.0812 0.7236
vn 0.3921 -0.0738 0.9170
vn 0.0533 -0.2133 0.9755
vn -0.2909 -0.3230 0.9006
vn -0.6026 -0.3897 0.6964
vn -0.8354 -0.3998 0.3772
vn -0.9388 -0.3442 -0.0155
vn -0.8835 -0.2300 -0.4080
vn -0.6854 -0.0812 -0.7236
vn -0.3685 0.9051 0.2121
vn -0.3921 0.0738 -0.9170
vn -0.0533 0.2133 -0.9755
vn 0.3685 -0.9051 -0.2121
vn 0.2689 0.1328 -0.9540
vn 0.3865 0.4582 -0.8004
vn 0.4496 0.7244 -0.5226
vn 0.4431 0.8832 -0.1535
vn 0.3636 0.8987 0.2454
vn 0.2260 0.7679 0.5994
vn 0.0574 0.5223 0.8509
vn -0.1148 0.2076 0.9715
vn -0.2689 -0.1328 0.9540
vn -0.3865 -0.4582 0.8004
vn -0.4496 -0.7244 0.5226
vn -0.4431 -0.8832 0.1535
vn -0.3636 -0.8987 -0.2453
vn -0.2260 -0.7678 -0.5995
vn -0.8629 0.4684 -0.1895
vn -0.0574 -0.5223 -0.8508
vn 0.1148 -0.2076 -0.9715
vn 0.8629 -0.4684 0.1895
vn 0.5128 -0.6491 -0.5619
vn 0.7569 -0.3747 -0.5354
vn 0.9011 -0.0383 -0.4319
vn 0.9121 0.3199 -0.2565
vn 0.7705 0.6366 -0.0322
vn 0.4975 0.8447 0.1977
vn 0.1528 0.9089 0.3879
vn -0.1992 0.8355 0.5121
vn -0.5128 0.6491 0.5619
vn -0.7569 0.3747 0.5354
vn -0.9011 0.0383 0.4319
vn -0.9121 -0.3199 0.2565
vn -0.7705 -0.6366 0.0322
vn -0.4975 -0.8447 -0.1977
vn -0.3625 0.4368 -0.8233
vn -0.1528 -0.9089 -0.3879
vn 0.1992 -0.8355 -0.5121
vn 0.3625 -0.4368 0.8233
vn 0.3808 -0.8511 -0.3614
vn 0.6869 -0.6622 -0.2993
vn 0.9042 -0.3797 -0.1954
vn 0.9979 -0.0288 -0.0581
vn 0.9343 0.3436 0.0952
vn 0.7088 0.6649 0.2355
vn 0.3675 0.8682 0.3334
vn -0.0162 0.9269 0.3750
vn -0.3808 0.8511 0.3614
vn -0.6869 0.6622 0.2993
vn -0.9042 0.3797 0.1954
vn -0.9979 0.0288 0.0581
vn -0.9343 -0.3436 -0.0952
vn -0.7088 -0.6649 -0.2355
vn -0.0493 0.3759 -0.9253
vn -0.3675 -0.8682 -0.3334
vn 0.0162 -0.9269 -0.3750
vn 0.0493 -0.3759 0.9253
vn 0.1977 -0.7249 -0.6599
vn 0.5120 -0.7297 -0.4531
vn 0.7527 -0.6321 -0.1839
vn 0.8894 -0.4420 0.1165
vn 0.8951 -0.1786 0.4085
vn 0.7567 0.1206 0.6426
vn 0.4925 0.4018 0.7720
vn 0.1539 0.6131 0.7748
vn -0.1977 0.7249 0.6599
vn -0.5120 0.7297 0.4531
vn -0.7527 0.6321 0.1839
vn -0.8894 0.4420 -0.1164
vn -0.8951 0.1786 -0.4085
vn -0.7567 -0.1206 -0.6426
vn 0.3655 0.6641 -0.6522
vn -0.4925 -0.4018 -0.7720
vn -0.1539 -0.6131 -0.7748
vn -0.3655 -0.6641 0.6522
vn 0.4486 -0.4005 -0.7990
vn 0.7040 -0.1563 -0.6928
vn 0.8672 0.1188 -0.4836
vn 0.9021 0.3882 -0.1887
vn 0.7860 0.6005 0.1472
vn 0.5365 0.7097 0.4567
vn 0.2096 0.7009 0.6818
vn -0.1334 0.5896 0.7966
vn -0.4486 0.4005 0.7990
vn -0.7040 0.1563 0.6928
vn -0.8672 -0.1188 0.4836
vn -0.9021 -0.3882 0.1887
vn -0.7860 -0.6005 -0.1472
vn -0.5365 -0.7097 -0.4567
vn -0.4175 0.7007 -0.5786
vn -0.2096 -0.7009 -0.6818
vn 0.1334 -0.5896 -0.7966
vn 0.4175 -0.7007 0.5786
vn 0.6597 -0.6850 -0.3092
vn 0.8254 -0.3681 -0.4281
vn 0.8733 0.0139 -0.4869
vn 0.7834 0.4066 -0.4700
vn 0.5620 0.7373 -0.3748
vn 0.2514 0.9427 -0.2193
vn -0.0882 0.9955 -0.0349
vn -0.4042 0.9025 0.1487
vn -0.6597 0.6850 0.3092
vn -0.8254 0.3681 0.4281
vn -0.8733 -0.0139 0.4869
vn -0.7834 -0.4066 0.4700
vn -0.5620 -0.7373 0.3748
vn -0.2514 -0.9427 0.2193
vn -0.4468 -0.0348 -0.8939
vn 0.0882 -0.9955 0.0349
vn 0.4042 -0.9025 -0.1487
vn 0.4468 0.0348 0.8939
vn -0.0166 -0.9968 0.0776
vn 0.3276 -0.9235 0.1997
vn 0.6210 -0.7272 0.2925
vn 0.8343 -0.4285 0.3468
vn 0.9343 -0.0533 0.3525
vn 0.8875 0.3485 0.3013
vn 0.6873 0.6991 0.1972
vn 0.3742 0.9253 0.0616
vn 0.0166 0.9968 -0.0776
vn -0.3276 0.9235 -0.1997
vn -0.6210 0.7272 -0.2925
vn -0.8343 0.4285 -0.3468
vn -0.9343 0.0533 -0.3525
vn -0.8875 -0.3485 -0.3013
vn 0.3388 -0.0876 -0.9368
vn -0.6873 -0.6991 -0.1972
vn -0.3742 -0.9253 -0.0616
vn -0.3388 0.0876 0.9368
vn 0.0576 -0.7335 -0.6772
vn 0.3337 -0.8395 -0.4289
vn 0.5565 -0.8217 -0.1227
vn 0.6992 -0.6863 0.2005
vn 0.7415 -0.4482 0.4992
vn 0.6713 -0.1357 0.7286
vn 0.4927 0.2041 0.8459
vn 0.2340 0.5116 0.8267
vn -0.0576 0.7335 0.6772
vn -0.3337 0.8395 0.4289
vn -0.5565 0.8217 0.1227
vn -0.6992 0.6863 -0.2005
vn -0.7415 0.4482 -0.4992
vn -0.6713 0.1357 -0.7286
vn 0.6368 0.5184 -0.5707
vn -0.4926 -0.2041 -0.8459
vn -0.2340 -0.5116 -0.8267
vn -0.6368 -0.5184 0.5707
vn 0.2795 -0.2259 -0.9332
vn 0.5248 -0.4456 -0.7253
vn 0.6903 -0.5975 -0.4081
vn 0.7515 -0.6591 -0.0292
vn 0.6989 -0.6209 0.3550
vn 0.5395 -0.4879 0.6863
vn 0.2971 -0.2798 0.9129
vn 0.0092 -0.0289 0.9995
vn -0.2795 0.2259 0.9332
vn -0.5248 0.4456 0.7253
vn -0.6903 0.5975 0.4081
vn -0.7515 0.6591 0.0292
vn -0.6989 0.6209 -0.3550
vn -0.5395 0.4879 -0.6863
vn 0.6309 0.7758 -0.0014
vn -0.2971 0.2798 -0.9129
vn -0.0092 0.0289 -0.9995
vn -0.6309 -0.7758 0.0014
vn 0.3215 -0.6057 -0.7279
vn 0.6405 -0.5315 -0.5543
vn 0.8737 -0.3821 -0.3012
vn 0.9852 -0.1711 0.0052
vn 0.9438 0.0750 0.3219
vn 0.7440 0.3129 0.5905
vn 0.4235 0.4960 0.7580
vn 0.0480 0.5957 0.8018
vn -0.3215 0.6056 0.7279
vn -0.6405 0.5315 0.5543
vn -0.8737 0.3821 0.3012
vn -0.9852 0.1711 -0.0051
vn -0.9438 -0.0750 -0.3219
vn -0.7439 -0.3129 -0.5905
vn 0.0921 0.7825 -0.6158
vn -0.4235 -0.4960 -0.7580
vn -0.0480 -0.5957 -0.8018
vn -0.0921 -0.7825 0.6158
vn -0.0194 -0.9916 -0.1276
vn 0.3137 -0.9486 0.0408
vn 0.5963 -0.7775 0.1998
vn 0.8004 -0.4984 0.3331
vn 0.8958 -0.1359 0.4231
vn 0.8529 0.2650 0.4498
vn 0.6640 0.6313 0.4008
vn 0.3647 0.8866 0.2844
vn 0.0194 0.9916 0.1276
vn -0.3137 0.9486 -0.0408
vn -0.5963 0.7775 -0.1998
vn -0.8004 0.4984 -0.3331
vn -0.8958 0.1359 -0.4231
vn -0.8529 -0.2650 -0.4498
vn 0.4135 0.0877 -0.9063
vn -0.6640 -0.6313 -0.4008
vn -0.3647 -0.8866 -0.2844
vn -0.4135 -0.0877 0.9063
vn -0.1586 -0.5947 -0.7882
vn -0.0526 -0.8596 -0.5083
vn 0.0608 -0.9867 -0.1505
vn 0.1630 -0.9608 0.2243
vn 0.2395 -0.7931 0.5600
vn 0.2807 -0.5110 0.8125
vn 0.2811 -0.1515 0.9477
vn 0.2389 0.2370 0.9417
vn 0.1586 0.5947 0.7882
vn 0.0526 0.8596 0.5083
vn -0.0608 0.9867 0.1505
vn -0.1630 0.9608 -0.2243
vn -0.2395 0.7931 -0.5600
vn -0.2807 0.5110 -0.8125
vn 0.9515 0.0465 -0.3041
vn -0.2811 0.1515 -0.9477
vn -0.2389 -0.2370 -0.9417
vn -0.9515 -0.0465 0.3041
vn 0.3201 -0.1210 -0.9396
vn 0.5725 -0.3448 -0.7439
vn 0.7379 -0.5161 -0.4348
vn 0.7910 -0.6090 -0.0593
vn 0.7234 -0.6090 0.3253
vn 0.5456 -0.5161 0.6602
vn 0.2848 -0.3447 0.8945
vn -0.0192 -0.1210 0.9925
vn -0.3201 0.1210 0.9396
vn -0.5725 0.3448 0.7439
vn -0.7379 0.5161 0.4348
vn -0.7910 0.6090 0.0593
vn -0.7234 0.6090 -0.3253
vn -0.5456 0.5161 -0.6603
vn 0.5761 0.8111 0.1012
vn -0.2848 0.3447 -0.8945
vn 0.0192 0.1210 -0.9925
vn -0.5761 -0.8111 -0.1012
vn 0.3561 0.1926 -0.9144
vn 0.6813 0.1246 -0.7213
vn 0.9106 0.0355 -0.4118
vn 0.9977 -0.0611 -0.0297
vn 0.9222 -0.1478 0.3575
vn 0.7021 -0.2094 0.6806
vn 0.3825 -0.2379 0.8928
vn 0.0141 -0.2317 0.9727
vn -0.3561 -0.1926 0.9144
vn -0.6813 -0.1246 0.7213
vn -0.9106 -0.0355 0.4118
vn -0.9977 0.0611 0.0297
vn -0.9222 0.1478 -0.3575
vn -0.7021 0.2094 -0.6806
vn 0.0001 0.9740 0.2266
vn -0.3825 0.2379 -0.8928
vn -0.0141 0.2317 -0.9727
vn -0.0001 -0.9740 -0.2266
vn 0.3658 -0.0710 -0.9280
vn 0.6543 0.0844 -0.7515
vn 0.8577 0.2332 -0.4582
vn 0.9329 0.3513 -0.0789
vn 0.8520 0.4126 0.3223
vn 0.6289 0.4038 0.6645
vn 0.3154 0.3318 0.8890
vn -0.0308 0.2149 0.9761
vn -0.3658 0.0710 0.9280
vn -0.6543 -0.0844 0.7516
vn -0.8577 -0.2332 0.4582
vn -0.9329 -0.3513 0.0789
vn -0.8520 -0.4126 -0.3223
vn -0.6289 -0.4038 -0.6644
vn -0.3796 0.9002 -0.2134
vn -0.3154 -0.3318 -0.8891
vn 0.0308 -0.2149 -0.9761
vn 0.3796 -0.9002 0.2134
vn 0.2812 -0.3452 -0.8954
vn 0.5758 -0.4573 -0.6778
vn 0.7864 -0.5023 -0.3595
vn 0.8813 -0.4722 0.0165
vn 0.8414 -0.3689 0.3950
vn 0.6687 -0.2067 0.7142
vn 0.3916 -0.0126 0.9201
vn 0.0573 0.1812 0.9818
vn -0.2812 0.3452 0.8954
vn -0.5758 0.4573 0.6778
vn -0.7864 0.5023 0.3595
vn -0.8813 0.4722 -0.0165
vn -0.8414 0.3689 -0.3950
vn -0.6687 0.2067 -0.7142
vn 0.4130 0.8842 -0.2184
vn -0.3916 0.0126 -0.9201
vn -0.0573 -0.1812 -0.9818
vn -0.4130 -0.8842 0.2184
vn 0.4503 0.3771 -0.8093
vn 0.7155 0.1051 -0.6907
vn 0.8677 -0.1847 -0.4615
vn 0.8820 -0.4427 -0.1619
vn 0.7616 -0.6287 0.1572
vn 0.5307 -0.7193 0.4483
vn 0.2235 -0.7049 0.6731
vn -0.1195 -0.5866 0.8010
vn -0.4503 -0.3771 0.8093
vn -0.7155 -0.1051 0.6907
vn -0.8677 0.1847 0.4615
vn -0.8820 0.4427 0.1619
vn -0.7616 0.6287 -0.1572
vn -0.5307 0.7193 -0.4483
vn 0.3973 0.6915 0.6033
vn -0.2235 0.7049 -0.6731
vn 0.1195 0.5866 -0.8010
vn -0.3973 -0.6915 -0.6033
vn 0.1989 0.6748 -0.7107
vn 0.5256 0.6823 -0.5082
vn 0.7841 0.5820 -0.2157
vn 0.9169 0.3804 0.1212
vn 0.8931 0.1160 0.4347
vn 0.7281 -0.1569 0.6673
vn 0.4644 -0.3950 0.7926
vn 0.1438 -0.5733 0.8066
vn -0.1990 -0.6748 0.7107
vn -0.5256 -0.6823 0.5082
vn -0.7841 -0.5820 0.2157
vn -0.9169 -0.3804 -0.1212
vn -0.8931 -0.1160 -0.4347
vn -0.7281 0.1569 -0.6673
vn -0.3962 0.7168 0.5738
vn -0.4644 0.3950 -0.7926
vn -0.1438 0.5733 -0.8066
vn 0.3962 -0.7168 -0.5738
vn 0.2346 -0.5755 -0.7834
vn 0.5415 -0.6213 -0.5664
vn 0.7705 -0.5781 -0.2685
vn 0.8903 -0.4495 0.0734
vn 0.8763 -0.2488 0.4125
vn 0.7220 -0.0046 0.6918
vn 0.4506 0.2407 0.8596
vn 0.1125 0.4440 0.8889
vn -0.2346 0.5755 0.7834
vn -0.5415 0.6213 0.5664
vn -0.7705 0.5781 0.2685
vn -0.8903 0.4495 -0.0734
vn -0.8763 0.2488 -0.4125
vn -0.7220 0.0046 -0.6918
vn 0.3796 0.7869 -0.4866
vn -0.4506 -0.2407 -0.8596
vn -0.1125 -0.4440 -0.8889
vn -0.3796 -0.7869 0.4866
vn 0.3450 -0.0541 -0.9370
vn 0.6259 -0.2389 -0.7424
vn 0.8132 -0.3884 -0.4334
vn 0.8761 -0.4789 -0.0560
vn 0.8035 -0.4953 0.3303
vn 0.6075 -0.4354 0.6644
vn 0.3204 -0.3097 0.8953
vn -0.0135 -0.1380 0.9903
vn -0.3450 0.0541 0.9370
vn -0.6259 0.2389 0.7424
vn -0.8132 0.3884 0.4334
vn -0.8761 0.4789 0.0560
vn -0.8035 0.4953 -0.3303
vn -0.6075 0.4354 -0.6644
vn 0.4295 0.8947 0.1224
vn -0.3204 0.3097 -0.8952
vn 0.0135 0.1380 -0.9903
vn -0.4295 -0.8947 -0.1224
vn 0.3822 -0.2967 -0.8751
vn 0.6877 -0.1735 -0.7050
vn 0.9033 -0.0216 -0.4284
vn 0.9874 0.1400 -0.0736
vn 0.9097 0.2830 0.3039
vn 0.6788 0.3781 0.6295
vn 0.3460 0.4096 0.8441
vn -0.0248 0.3791 0.9250
vn -0.3822 0.2967 0.8751
vn -0.6877 0.1735 0.7050
vn -0.9033 0.0216 0.4284
vn -0.9874 -0.1400 0.0736
vn -0.9097 -0.2830 -0.3039
vn -0.6788 -0.3781 -0.6295
vn -0.1945 0.9024 -0.3846
vn -0.3460 -0.4096 -0.8441
vn 0.0248 -0.3791 -0.9250
vn 0.1945 -0.9024 0.3846
vn 0.2273 -0.9033 -0.3638
vn 0.5552 -0.7987 -0.2320
vn 0.8073 -0.5861 -0.0690
vn 0.9527 -0.2838 0.1088
vn 0.9575 0.0765 0.2781
vn 0.8024 0.4367 0.4069
vn 0.5099 0.7228 0.4663
vn 0.1438 0.8824 0.4480
vn -0.2274 0.9033 0.3638
vn -0.5552 0.7987 0.2320
vn -0.8073 0.5861 0.0690
vn -0.9527 0.2838 -0.1088
vn -0.9575 -0.0765 -0.2781
vn -0.8024 -0.4366 -0.4069
vn 0.1952 0.4005 -0.8953
vn -0.5099 -0.7229 -0.4663
vn -0.1438 -0.8824 -0.4480
vn -0.1952 -0.4005 0.8953
vn -0.0225 -0.6474 -0.7618
vn 0.1841 -0.8497 -0.4941
vn 0.3594 -0.9200 -0.1561
vn 0.4797 -0.8542 0.2007
vn 0.5299 -0.6637 0.5279
vn 0.5020 -0.3728 0.7804
vn 0.3969 -0.0200 0.9177
vn 0.2279 0.3406 0.9122
vn 0.0225 0.6474 0.7618
vn -0.1841 0.8497 0.4941
vn -0.3594 0.9200 0.1561
vn -0.4797 0.8542 -0.2007
vn -0.5299 0.6637 -0.5279
vn -0.5020 0.3728 -0.7804
vn 0.8358 0.3669 -0.4083
vn -0.3969 0.0199 -0.9176
vn -0.2279 -0.3406 -0.9122
vn -0.8358 -0.3669 0.4083
vn 0.0971 -0.3829 -0.9187
vn 0.2196 -0.6834 -0.6962
vn 0.3079 -0.8775 -0.3676
vn 0.3488 -0.9371 0.0148
vn 0.3370 -0.8555 0.3932
vn 0.2748 -0.6457 0.7124
vn 0.1709 -0.3379 0.9255
vn 0.0403 0.0235 0.9989
vn -0.0971 0.3829 0.9187
vn -0.2196 0.6834 0.6962
vn -0.3079 0.8775 0.3676
vn -0.3488 0.9371 -0.0148
vn -0.3370 0.8555 -0.3932
vn -0.2748 0.6457 -0.7124
vn 0.9456 0.3178 -0.0698
vn -0.1709 0.3379 -0.9256
vn -0.0403 -0.0235 -0.9989
vn -0.9456 -0.3178 0.0698
vn 0.3959 0.0922 -0.9136
vn 0.6060 -0.2076 -0.7679
vn 0.7218 -0.4744 -0.5039
vn 0.7266 -0.6670 -0.1647
vn 0.6219 -0.7579 0.1971
vn 0.4245 -0.7352 0.5285
vn 0.1629 -0.6022 0.7816
vn -0.1252 -0.3769 0.9177
vn -0.3959 -0.0922 0.9136
vn -0.6060 0.2076 0.7679
vn -0.7218 0.4744 0.5039
vn -0.7266 0.6670 0.1647
vn -0.6219 0.7579 -0.1971
vn -0.4245 0.7352 -0.5285
vn 0.6493 0.6575 0.3822
vn -0.1629 0.6022 -0.7816
vn 0.1252 0.3769 -0.9177
vn -0.6493 -0.6575 -0.3822
vn 0.1410 -0.6206 -0.7714
vn 0.4195 -0.7355 -0.5320
vn 0.6339 -0.7421 -0.2178
vn 0.7568 -0.6408 0.1290
vn 0.7687 -0.4425 0.4619
vn 0.6619 -0.1718 0.7297
vn 0.4485 0.1293 0.8844
vn 0.1643 0.4088 0.8977
vn -0.1410 0.6206 0.7714
vn -0.4195 0.7355 0.5320
vn -0.6339 0.7421 0.2178
vn -0.7568 0.6408 -0.1290
vn -0.7687 0.4425 -0.4619
vn -0.6619 0.1718 -0.7297
vn 0.5912 0.6590 -0.4650
vn -0.4485 -0.1293 -0.8844
vn -0.1643 -0.4088 -0.8977
vn -0.5912 -0.6590 0.4650
vn -0.3553 -0.7375 -0.5743
vn -0.2131 -0.9430 -0.2556
vn -0.0403 -0.9945 0.0967
vn 0.1335 -0.8957 0.4241
vn 0.2847 -0.6712 0.6844
vn 0.3958 -0.3519 0.8483
vn 0.4515 0.0257 0.8919
vn 0.4392 0.4108 0.7990
vn 0.3552 0.7375 0.5743
vn 0.2131 0.9430 0.2556
vn 0.0403 0.9945 -0.0967
vn -0.1335 0.8957 -0.4241
vn -0.2847 0.6712 -0.6844
vn -0.3958 0.3519 -0.8483
vn 0.8682 -0.1315 -0.4785
vn -0.4515 -0.0257 -0.8919
vn -0.4392 -0.4108 -0.7990
vn -0.8682 0.1315 0.4785
vn 0.3391 -0.0275 -0.9403
vn 0.2829 -0.3990 -0.8722
vn 0.1849 -0.7133 -0.6760
vn 0.0579 -0.9250 -0.3756
vn -0.0801 -0.9967 -0.0124
vn -0.2066 -0.9114 0.3560
vn -0.2999 -0.6824 0.6666
vn -0.3457 -0.3511 0.8702
vn -0.3391 0.0275 0.9403
vn -0.2829 0.3990 0.8722
vn -0.1849 0.7133 0.6760
vn -0.0579 0.9250 0.3756
vn 0.0801 0.9967 0.0124
vn 0.2066 0.9114 -0.3560
vn 0.9250 -0.1466 0.3504
vn 0.2999 0.6824 -0.6666
vn 0.3457 0.3511 -0.8702
vn -0.9250 0.1466 -0.3505
vn 0.4965 0.3686 -0.7859
vn 0.7074 0.0392 -0.7057
vn 0.8053 -0.2942 -0.5146
vn 0.7781 -0.5773 -0.2475
vn 0.6357 -0.7702 0.0522
vn 0.4014 -0.8495 0.3424
vn 0.1068 -0.8046 0.5841
vn -0.2086 -0.6376 0.7416
vn -0.4965 -0.3686 0.7859
vn -0.7074 -0.0392 0.7057
vn -0.8054 0.2942 0.5146
vn -0.7781 0.5773 0.2475
vn -0.6357 0.7702 -0.0522
vn -0.4014 0.8495 -0.3424
vn 0.5482 0.5153 0.6587
vn -0.1068 0.8046 -0.5841
vn 0.2086 0.6376 -0.7416
vn -0.5482 -0.5153 -0.6587
vn 0.3598 0.5609 -0.7456
vn 0.6915 0.4154 -0.5910
vn 0.9205 0.1985 -0.3365
vn 0.9983 -0.0525 -0.0247
vn 0.9136 -0.2901 0.2849
vn 0.6932 -0.4760 0.5413
vn 0.3794 -0.5890 0.7136
vn 0.0142 -0.6191 0.7852
vn -0.3598 -0.5609 0.7456
vn -0.6915 -0.4154 0.5910
vn -0.9205 -0.1985 0.3365
vn -0.9983 0.0525 0.0247
vn -0.9136 0.2901 -0.2849
vn -0.6932 0.4760 -0.5413
vn -0.0032 0.7792 0.6267
vn -0.3794 0.5890 -0.7136
vn -0.0142 0.6191 -0.7852
vn 0.0032 -0.7792 -0.6267
vn 0.3073 -0.1478 -0.9401
vn 0.5487 -0.3830 -0.7431
vn 0.7063 -0.5597 -0.4334
vn 0.7566 -0.6513 -0.0580
vn 0.6920 -0.6440 0.3262
vn 0.5221 -0.5388 0.6612
vn 0.2725 -0.3514 0.8957
vn -0.0189 -0.1102 0.9937
vn -0.3073 0.1478 0.9401
vn -0.5487 0.3830 0.7432
vn -0.7063 0.5597 0.4334
vn -0.7566 0.6513 0.0580
vn -0.6920 0.6440 -0.3262
vn -0.5221 0.5388 -0.6612
vn 0.6246 0.7759 0.0882
vn -0.2725 0.3513 -0.8957
vn 0.0189 0.1102 -0.9937
vn -0.6246 -0.7759 -0.0882
vn 0.4081 0.0493 -0.9116
vn 0.4196 -0.3313 -0.8451
vn 0.3688 -0.6607 -0.6538
vn 0.2631 -0.8931 -0.3648
vn 0.1167 -0.9930 -0.0180
vn -0.0493 -0.9408 0.3354
vn -0.2084 -0.7412 0.6381
vn -0.3346 -0.4264 0.8404
vn -0.4081 -0.0493 0.9116
vn -0.4196 0.3313 0.8451
vn -0.3688 0.6608 0.6538
vn -0.2631 0.8931 0.3648
vn -0.1167 0.9930 0.0180
vn 0.0493 0.9408 -0.3353
vn 0.9003 0.0417 0.4332
vn 0.2085 0.7412 -0.6381
vn 0.3346 0.4264 -0.8404
vn -0.9003 -0.0417 -0.4332
vn 0.5737 0.7722 -0.2732
vn 0.8308 0.4540 -0.3220
vn 0.9465 0.0625 -0.3165
vn 0.9088 -0.3254 -0.2612
vn 0.7400 -0.6508 -0.1699
vn 0.4726 -0.8794 -0.0571
vn 0.1378 -0.9884 0.0645
vn -0.2285 -0.9566 0.1807
vn -0.5737 -0.7722 0.2732
vn -0.8308 -0.4540 0.3220
vn -0.9465 -0.0625 0.3165
vn -0.9088 0.3255 0.2612
vn -0.7400 0.6508 0.1699
vn -0.4726 0.8794 0.0571
vn 0.2722 0.0754 0.9593
vn -0.1378 0.9884 -0.0645
vn 0.2284 0.9566 -0.1807
vn -0.2722 -0.0754 -0.9593
vn 0.3301 0.5480 -0.7686
vn 0.6661 0.4464 -0.5975
vn 0.9065 0.2697 -0.3247
vn 0.9989 0.0458 0.0057
vn 0.9263 -0.1821 0.3300
vn 0.7133 -0.3743 0.5925
vn 0.4043 -0.5066 0.7615
vn 0.0428 -0.5669 0.8227
vn -0.3301 -0.5480 0.7686
vn -0.6661 -0.4464 0.5975
vn -0.9065 -0.2697 0.3247
vn -0.9989 -0.0458 -0.0057
vn -0.9263 0.1821 -0.3300
vn -0.7133 0.3743 -0.5925
vn -0.0966 0.8150 0.5713
vn -0.4043 0.5066 -0.7615
vn -0.0428 0.5669 -0.8227
vn 0.0966 -0.8150 -0.5713
vn 0.3467 0.0642 -0.9358
vn 0.6639 0.1148 -0.7390
vn 0.8929 0.1500 -0.4246
vn 0.9863 0.1622 -0.0309
vn 0.9160 0.1475 0.3731
vn 0.6963 0.1088 0.7094
vn 0.3770 0.0547 0.9246
vn 0.0139 -0.0055 0.9999
vn -0.3467 -0.0642 0.9358
vn -0.6639 -0.1148 0.7390
vn -0.8929 -0.1500 0.4246
vn -0.9863 -0.1622 0.0309
vn -0.9160 -0.1475 -0.3731
vn -0.6963 -0.1088 -0.7094
vn -0.2099 0.9777 -0.0005
vn -0.3770 -0.0547 -0.9246
vn -0.0139 0.0055 -0.9999
vn 0.2099 -0.9777 0.0005
vn 0.3007 -0.4583 -0.8364
vn 0.6163 -0.4701 -0.6318
vn 0.8462 -0.4146 -0.3348
vn 0.9551 -0.2956 0.0194
vn 0.9163 -0.1271 0.3797
vn 0.7281 0.0641 0.6825
vn 0.4240 0.2432 0.8724
vn 0.0617 0.3804 0.9228
vn -0.3007 0.4583 0.8364
vn -0.6163 0.4701 0.6318
vn -0.8462 0.4145 0.3348
vn -0.9551 0.2956 -0.0194
vn -0.9163 0.1271 -0.3797
vn -0.7281 -0.0641 -0.6825
vn 0.2209 0.8841 -0.4119
vn -0.4241 -0.2432 -0.8724
vn -0.0617 -0.3804 -0.9228
vn -0.2209 -0.8841 0.4119
vn 0.3903 0.2867 -0.8749
vn 0.6981 0.1118 -0.7073
vn 0.9011 -0.0836 -0.4254
vn 0.9609 -0.2666 -0.0741
vn 0.8684 -0.4056 0.2853
vn 0.6451 -0.4801 0.5944
vn 0.3307 -0.4828 0.8109
vn -0.0302 -0.4155 0.9091
vn -0.3903 -0.2867 0.8749
vn -0.6981 -0.1118 0.7073
vn -0.9011 0.0836 0.4254
vn -0.9609 0.2666 0.0741
vn -0.8684 0.4056 -0.2853
vn -0.6451 0.4801 -0.5944
vn 0.2073 0.8837 0.4197
vn -0.3307 0.4828 -0.8109
vn 0.0302 0.4155 -0.9091
vn -0.2073 -0.8837 -0.4197
vn 0.1659 0.5753 -0.8010
vn 0.4569 0.6748 -0.5796
vn 0.6912 0.6749 -0.2585
vn 0.8185 0.5624 0.1174
vn 0.8063 0.3533 0.4744
vn 0.6629 0.0931 0.7429
vn 0.4268 -0.1693 0.8883
vn 0.1395 -0.3997 0.9060
vn -0.1659 -0.5753 0.8010
vn -0.4569 -0.6748 0.5796
vn -0.6911 -0.6749 0.2585
vn -0.8185 -0.5624 -0.1174
vn -0.8063 -0.3533 -0.4744
vn -0.6629 -0.0931 -0.7429
vn -0.5563 0.7281 0.4005
vn -0.4268 0.1693 -0.8883
vn -0.1395 0.3997 -0.9060
vn 0.5563 -0.7281 -0.4005
vn 0.4101 -0.1926 -0.8915
vn 0.6467 0.0615 -0.7603
vn 0.7979 0.3163 -0.5132
vn 0.8288 0.5321 -0.1732
vn 0.7201 0.6631 0.2044
vn 0.4910 0.6808 0.5435
vn 0.1932 0.5903 0.7837
vn -0.1202 0.4181 0.9004
vn -0.4101 0.1926 0.8915
vn -0.6467 -0.0615 0.7603
vn -0.7979 -0.3163 0.5132
vn -0.8288 -0.5321 0.1732
vn -0.7201 -0.6631 -0.2044
vn -0.4910 -0.6808 -0.5435
vn -0.5410 0.7368 -0.4055
vn -0.1932 -0.5903 -0.7837
vn 0.1201 -0.4181 -0.9004
vn 0.5410 -0.7368 0.4055
vn 0.4024 0.1624 -0.9009
vn 0.6612 -0.0898 -0.7448
vn 0.8179 -0.3290 -0.4720
vn 0.8470 -0.5163 -0.1268
vn 0.7463 -0.6229 0.2348
vn 0.5343 -0.6350 0.5579
vn 0.2437 -0.5527 0.7969
vn -0.0843 -0.3877 0.9179
vn -0.4024 -0.1624 0.9009
vn -0.6612 0.0898 0.7448
vn -0.8179 0.3290 0.4720
vn -0.8470 0.5163 0.1268
vn -0.7463 0.6229 -0.2348
vn -0.5343 0.6350 -0.5579
vn 0.4766 0.7864 0.3929
vn -0.2437 0.5527 -0.7969
vn 0.0843 0.3877 -0.9179
vn -0.4766 -0.7864 -0.3929
vn 0.3318 0.4232 -0.8431
vn 0.6643 0.3557 -0.6574
vn 0.9036 0.2298 -0.3617
vn 0.9980 0.0635 -0.0006
vn 0.9271 -0.1118 0.3577
vn 0.7129 -0.2645 0.6494
vn 0.4013 -0.3735 0.8364
vn 0.0389 -0.4282 0.9029
vn -0.3318 -0.4231 0.8431
vn -0.6643 -0.3556 0.6574
vn -0.9036 -0.2298 0.3617
vn -0.9980 -0.0635 0.0006
vn -0.9271 0.1119 -0.3577
vn -0.7129 0.2645 -0.6494
vn -0.1147 0.8959 0.4291
vn -0.4013 0.3735 -0.8364
vn -0.0388 0.4282 -0.9029
vn 0.1147 -0.8959 -0.4291
vn 0.2863 -0.3393 -0.8960
vn 0.5836 -0.4447 -0.6794
vn 0.7962 -0.4850 -0.3619
vn 0.8915 -0.4528 0.0142
vn 0.8502 -0.3500 0.3934
vn 0.6744 -0.1913 0.7131
vn 0.3934 -0.0032 0.9194
vn 0.0553 0.1831 0.9815
vn -0.2863 0.3393 0.8960
vn -0.5836 0.4447 0.6794
vn -0.7962 0.4850 0.3619
vn -0.8915 0.4528 -0.0142
vn -0.8502 0.3500 -0.3933
vn -0.6744 0.1913 -0.7131
vn 0.3917 0.8936 -0.2193
vn -0.3934 0.0032 -0.9194
vn -0.0553 -0.1831 -0.9815
vn -0.3917 -0.8936 0.2193
vn 0.2672 -0.1465 -0.9524
vn 0.3767 -0.4848 -0.7893
vn 0.4284 -0.7482 -0.5066
vn 0.4152 -0.8976 -0.1478
vn 0.3393 -0.9114 0.2329
vn 0.2119 -0.7873 0.5790
vn 0.0519 -0.5430 0.8381
vn -0.1165 -0.2148 0.9697
vn -0.2672 0.1465 0.9524
vn -0.3767 0.4849 0.7893
vn -0.4284 0.7482 0.5066
vn -0.4152 0.8976 0.1478
vn -0.3393 0.9114 -0.2329
vn -0.2119 0.7873 -0.5790
vn 0.9109 0.3611 0.1999
vn -0.0519 0.5430 -0.8381
vn 0.1165 0.2148 -0.9697
vn -0.9109 -0.3611 -0.1999
vn 0.5367 0.6121 -0.5808
vn 0.7824 0.2907 -0.5508
vn 0.8991 -0.0763 -0.4311
vn 0.8721 -0.4225 -0.2468
vn 0.7170 -0.6964 -0.0312
vn 0.4625 -0.8670 0.1854
vn 0.1410 -0.9155 0.3768
vn -0.2091 -0.8299 0.5172
vn -0.5367 -0.6121 0.5808
vn -0.7824 -0.2907 0.5508
vn -0.8991 0.0763 0.4311
vn -0.8721 0.4225 0.2468
vn -0.7170 0.6964 0.0312
vn -0.4625 0.8670 -0.1854
vn 0.3762 0.3762 0.8467
vn -0.1410 0.9155 -0.3768
vn 0.2091 0.8300 -0.5172
vn -0.3762 -0.3762 -0.8467
vn 0.4023 0.8360 -0.3733
vn 0.7309 0.6055 -0.3150
vn 0.9418 0.2684 -0.2024
vn 0.9925 -0.1080 -0.0578
vn 0.8869 -0.4532 0.0901
vn 0.6581 -0.7202 0.2196
vn 0.3430 -0.8843 0.3168
vn -0.0243 -0.9281 0.3715
vn -0.4023 -0.8360 0.3733
vn -0.7309 -0.6055 0.3150
vn -0.9418 -0.2684 0.2024
vn -0.9925 0.1080 0.0578
vn -0.8869 0.4532 -0.0901
vn -0.6581 0.7202 -0.2196
vn 0.0531 0.3498 0.9353
vn -0.3430 0.8843 -0.3168
vn 0.0243 0.9281 -0.3715
vn -0.0531 -0.3498 -0.9353
vn 0.2057 0.7188 -0.6641
vn 0.5401 0.6974 -0.4711
vn 0.8031 0.5633 -0.1940
vn 0.9358 0.3304 0.1227
vn 0.9089 0.0447 0.4145
vn 0.7400 -0.2366 0.6295
vn 0.4717 -0.4720 0.7448
vn 0.1449 -0.6381 0.7562
vn -0.2057 -0.7188 0.6641
vn -0.5401 -0.6974 0.4711
vn -0.8032 -0.5633 0.1940
vn -0.9358 -0.3304 -0.1227
vn -0.9089 -0.0447 -0.4145
vn -0.7401 0.2366 -0.6295
vn -0.3518 0.6837 0.6394
vn -0.4717 0.4720 -0.7448
vn -0.1449 0.6381 -0.7562
vn 0.3518 -0.6837 -0.6394
vn 0.4590 0.3630 -0.8109
vn 0.7113 0.0759 -0.6988
vn 0.8508 -0.2235 -0.4756
vn 0.8558 -0.4848 -0.1804
vn 0.7312 -0.6682 0.1371
vn 0.5006 -0.7511 0.4304
vn 0.1973 -0.7243 0.6606
vn -0.1386 -0.5899 0.7955
vn -0.4590 -0.3630 0.8109
vn -0.7112 -0.0759 0.6988
vn -0.8508 0.2236 0.4756
vn -0.8558 0.4848 0.1804
vn -0.7312 0.6682 -0.1371
vn -0.5006 0.7511 -0.4304
vn 0.4439 0.6586 0.6077
vn -0.1973 0.7243 -0.6607
vn 0.1386 0.5899 -0.7955
vn -0.4439 -0.6586 -0.6077
vn 0.7021 0.6335 -0.3252
vn 0.8550 0.2721 -0.4414
vn 0.8666 -0.1226 -0.4837
vn 0.7490 -0.4841 -0.4524
vn 0.5296 -0.7687 -0.3586
vn 0.2368 -0.9474 -0.2153
vn -0.0982 -0.9945 -0.0369
vn -0.4312 -0.8890 0.1543
vn -0.7021 -0.6335 0.3252
vn -0.8550 -0.2721 0.4414
vn -0.8666 0.1226 0.4837
vn -0.7490 0.4841 0.4524
vn -0.5296 0.7687 0.3586
vn -0.2368 0.9474 0.2153
vn 0.4435 -0.1180 0.8885
vn 0.0982 0.9945 0.0369
vn 0.4312 0.8890 -0.1543
vn -0.4435 0.1180 -0.8885
vn -0.0077 0.9968 0.0792
vn 0.3509 0.9125 0.2103
vn 0.6683 0.6750 0.3128
vn 0.8759 0.3176 0.3633
vn 0.9322 -0.0850 0.3518
vn 0.8423 -0.4565 0.2866
vn 0.6374 -0.7483 0.1836
vn 0.3496 -0.9351 0.0575
vn 0.0077 -0.9968 -0.0792
vn -0.3509 -0.9125 -0.2103
vn -0.6683 -0.6750 -0.3128
vn -0.8759 -0.3176 -0.3633
vn -0.9322 0.0851 -0.3518
vn -0.8423 0.4565 -0.2866
vn -0.3400 -0.0634 0.9383
vn -0.6374 0.7483 -0.1836
vn -0.3497 0.9351 -0.0575
vn 0.3400 0.0634 -0.9383
vn 0.0637 0.7375 -0.6723
vn 0.3509 0.8265 -0.4402
vn 0.5972 0.7917 -0.1288
vn 0.7521 0.6230 0.2150
vn 0.7786 0.3476 0.5224
vn 0.6777 0.0248 0.7349
vn 0.4806 -0.2873 0.8286
vn 0.2234 -0.5497 0.8049
vn -0.0637 -0.7375 0.6723
vn -0.3509 -0.8265 0.4402
vn -0.5972 -0.7917 0.1288
vn -0.7521 -0.6230 -0.2150
vn -0.7786 -0.3476 -0.5224
vn -0.6777 -0.0248 -0.7349
vn -0.6088 0.5711 0.5507
vn -0.4806 0.2872 -0.8286
vn -0.2234 0.5497 -0.8049
vn 0.6088 -0.5710 -0.5507
vn 0.2823 0.2104 -0.9360
vn 0.5403 0.3988 -0.7409
vn 0.7286 0.5357 -0.4269
vn 0.8061 0.5910 -0.0301
vn 0.7474 0.5465 0.3779
vn 0.5653 0.4118 0.7147
vn 0.3038 0.2193 0.9271
vn 0.0093 0.0032 1.0000
vn -0.2823 -0.2104 0.9360
vn -0.5403 -0.3988 0.7409
vn -0.7286 -0.5357 0.4268
vn -0.8061 -0.5910 0.0301
vn -0.7474 -0.5465 -0.3779
vn -0.5654 -0.4118 -0.7147
vn -0.5857 0.8105 0.0025
vn -0.3038 -0.2193 -0.9271
vn -0.0093 -0.0032 -1.0000
vn 0.5857 -0.8105 -0.0025
vn 0.3318 0.5873 -0.7382
vn 0.6688 0.4725 -0.5740
vn 0.9087 0.2776 -0.3117
vn 0.9994 0.0343 0.0054
vn 0.9253 -0.2101 0.3158
vn 0.7121 -0.4139 0.5671
vn 0.4035 -0.5522 0.7295
vn 0.0420 -0.6126 0.7893
vn -0.3318 -0.5873 0.7382
vn -0.6688 -0.4725 0.5740
vn -0.9087 -0.2776 0.3117
vn -0.9994 -0.0343 -0.0054
vn -0.9253 0.2101 -0.3158
vn -0.7121 0.4139 -0.5671
vn -0.0854 0.7814 0.6182
vn -0.4035 0.5522 -0.7295
vn -0.0420 0.6126 -0.7893
vn 0.0854 -0.7814 -0.6182
vn -0.0105 0.9920 -0.1255
vn 0.3353 0.9411 0.0440
vn 0.6431 0.7352 0.2144
vn 0.8470 0.3988 0.3515
vn 0.9043 0.0010 0.4269
vn 0.8179 -0.3795 0.4323
vn 0.6190 -0.6895 0.3761
vn 0.3403 -0.9007 0.2701
vn 0.0105 -0.9920 0.1255
vn -0.3353 -0.9411 -0.0440
vn -0.6431 -0.7352 -0.2144
vn -0.8470 -0.3988 -0.3515
vn -0.9043 -0.0010 -0.4269
vn -0.8179 0.3796 -0.4324
vn -0.4112 0.1226 0.9033
vn -0.6190 0.6895 -0.3761
vn -0.3403 0.9007 -0.2701
vn 0.4112 -0.1226 -0.9033
vn -0.1497 0.6211 -0.7693
vn -0.0442 0.8654 -0.4992
vn 0.0699 0.9863 -0.1497
vn 0.1759 0.9568 0.2317
vn 0.2552 0.7726 0.5814
vn 0.2929 0.4644 0.8358
vn 0.2841 0.0898 0.9546
vn 0.2333 -0.2890 0.9285
vn 0.1497 -0.6211 0.7693
vn 0.0442 -0.8654 0.4992
vn -0.0698 -0.9863 0.1497
vn -0.1759 -0.9568 -0.2317
vn -0.2552 -0.7726 -0.5814
vn -0.2929 -0.4643 -0.8358
vn -0.9387 0.1691 0.3004
vn -0.2841 -0.0899 -0.9546
vn -0.2333 0.2890 -0.9285
vn 0.9387 -0.1691 -0.3004
vn 0.3524 -0.2185 -0.9100
vn 0.6720 -0.1993 -0.7132
vn 0.9006 -0.1505 -0.4078
vn 0.9966 -0.0769 -0.0296
vn 0.9324 0.0109 0.3613
vn 0.7152 0.0966 0.6922
vn 0.3898 0.1651 0.9060
vn 0.0162 0.2070 0.9782
vn -0.3524 0.2185 0.9100
vn -0.6720 0.1993 0.7132
vn -0.9006 0.1505 0.4078
vn -0.9966 0.0769 0.0297
vn -0.9324 -0.0109 -0.3613
vn -0.7152 -0.0966 -0.6922
vn 0.0085 0.9745 -0.2241
vn -0.3898 -0.1651 -0.9060
vn -0.0162 -0.2070 -0.9782
vn -0.0085 -0.9745 0.2241
vn 0.3669 0.0428 -0.9293
vn 0.6479 -0.1557 -0.7457
vn 0.8314 -0.3317 -0.4459
vn 0.8864 -0.4567 -0.0758
vn 0.8039 -0.5107 0.3049
vn 0.5990 -0.4862 0.6363
vn 0.3054 -0.3886 0.8693
vn -0.0327 -0.2334 0.9718
vn -0.3669 -0.0428 0.9293
vn -0.6479 0.1557 0.7457
vn -0.8314 0.3317 0.4459
vn -0.8864 0.4567 0.0758
vn -0.8038 0.5107 -0.3049
vn -0.5990 0.4862 -0.6363
vn 0.4073 0.8850 0.2258
vn -0.3054 0.3886 -0.8693
vn 0.0327 0.2334 -0.9718
vn -0.4073 -0.8850 -0.2258
vn 0.2857 0.3296 -0.8999
vn 0.5949 0.4039 -0.6950
vn 0.8265 0.4197 -0.3752
vn 0.9301 0.3668 0.0180
vn 0.8765 0.2513 0.4107
vn 0.6808 0.0978 0.7259
vn 0.3906 -0.0642 0.9183
vn 0.0552 -0.2117 0.9758
vn -0.2857 -0.3296 0.8999
vn -0.5949 -0.4039 0.6950
vn -0.8265 -0.4197 0.3752
vn -0.9301 -0.3668 -0.0180
vn -0.8765 -0.2513 -0.4107
vn -0.6808 -0.0978 -0.7259
vn -0.3882 0.8971 0.2108
vn -0.3906 0.0642 -0.9183
vn -0.0552 0.2117 -0.9758
vn 0.3883 -0.8971 -0.2108
vn 0.4399 -0.4132 -0.7974
vn 0.7063 -0.1856 -0.6832
vn 0.8807 0.0762 -0.4675
vn 0.9257 0.3385 -0.1687
vn 0.8165 0.5523 0.1683
vn 0.5682 0.6714 0.4758
vn 0.2369 0.6781 0.6958
vn -0.1145 0.5844 0.8033
vn -0.4399 0.4132 0.7974
vn -0.7063 0.1856 0.6832
vn -0.8807 -0.0762 0.4675
vn -0.9257 -0.3385 0.1687
vn -0.8165 -0.5523 -0.1683
vn -0.5682 -0.6714 -0.4758
vn -0.3736 0.7274 -0.5756
vn -0.2369 -0.6780 -0.6958
vn 0.1145 -0.5844 -0.8033
vn 0.3736 -0.7274 0.5756
vn 0.1917 -0.6804 -0.7073
vn 0.4996 -0.7144 -0.4900
vn 0.7347 -0.6468 -0.2045
vn 0.8671 -0.4849 0.1145
vn 0.8715 -0.2451 0.4248
vn 0.7370 0.0397 0.6748
vn 0.4811 0.3199 0.8162
vn 0.1519 0.5447 0.8248
vn -0.1917 0.6804 0.7073
vn -0.4996 0.7144 0.4900
vn -0.7347 0.6468 0.2045
vn -0.8671 0.4849 -0.1145
vn -0.8715 0.2451 -0.4248
vn -0.7370 -0.0397 -0.6748
vn 0.4137 0.6943 -0.5889
vn -0.4811 -0.3199 -0.8162
vn -0.1519 -0.5447 -0.8248
vn -0.4137 -0.6943 0.5889
vn 0.2414 0.5658 -0.7884
vn 0.5664 0.5796 -0.5858
vn 0.8170 0.5029 -0.2822
vn 0.9374 0.3395 0.0776
vn 0.8985 0.1195 0.4224
vn 0.7173 -0.1120 0.6877
vn 0.4386 -0.3173 0.8408
vn 0.1067 -0.4735 0.8743
vn -0.2414 -0.5658 0.7884
vn -0.5664 -0.5796 0.5858
vn -0.8170 -0.5029 0.2822
vn -0.9374 -0.3395 -0.0776
vn -0.8985 -0.1195 -0.4224
vn -0.7173 0.1120 -0.6877
vn -0.3616 0.8031 0.4736
vn -0.4386 0.3173 -0.8408
vn -0.1067 0.4735 -0.8743
vn 0.3616 -0.8031 -0.4736
vn 0.3457 0.0290 -0.9379
vn 0.6362 0.1721 -0.7521
vn 0.8440 0.2955 -0.4477
vn 0.9246 0.3764 -0.0582
vn 0.8500 0.3950 0.3485
vn 0.6344 0.3473 0.6906
vn 0.3285 0.2474 0.9115
vn -0.0124 0.1160 0.9932
vn -0.3457 -0.0290 0.9379
vn -0.6362 -0.1721 0.7521
vn -0.8440 -0.2955 0.4476
vn -0.9246 -0.3764 0.0582
vn -0.8500 -0.3950 -0.3485
vn -0.6344 -0.3473 -0.6906
vn -0.4003 0.9092 -0.1149
vn -0.3285 -0.2474 -0.9115
vn 0.0124 -0.1160 -0.9932
vn 0.4003 -0.9091 0.1149
vn 0.3880 0.2670 -0.8821
vn 0.6958 0.0959 -0.7118
vn 0.8995 -0.0931 -0.4268
vn 0.9606 -0.2684 -0.0720
vn 0.8693 -0.3996 0.2909
vn 0.6469 -0.4673 0.6027
vn 0.3327 -0.4650 0.8204
vn -0.0280 -0.3953 0.9181
vn -0.3880 -0.2670 0.8821
vn -0.6958 -0.0959 0.7118
vn -0.8995 0.0931 0.4268
vn -0.9606 0.2684 0.0720
vn -0.8693 0.3996 -0.2909
vn -0.6469 0.4673 -0.6026
vn 0.2088 0.8931 0.3984
vn -0.3327 0.4650 -0.8204
vn 0.0280 0.3953 -0.9181
vn -0.2088 -0.8931 -0.3984
vn 0.2399 0.8976 -0.3697
vn 0.5933 0.7672 -0.2437
vn 0.8608 0.5037 -0.0723
vn 0.9819 0.1528 0.1123
vn 0.9384 -0.2123 0.2727
vn 0.7564 -0.5288 0.3850
vn 0.4761 -0.7613 0.4401
vn 0.1325 -0.8903 0.4357
vn -0.2399 -0.8976 0.3697
vn -0.5933 -0.7672 0.2437
vn -0.8608 -0.5037 0.0723
vn -0.9819 -0.1528 -0.1123
vn -0.9384 0.2123 -0.2727
vn -0.7564 0.5288 -0.3850
vn -0.1913 0.4048 0.8942
vn -0.4761 0.7613 -0.4401
vn -0.1325 0.8903 -0.4357
vn 0.1913 -0.4048 -0.8942
vn -0.0165 0.6601 -0.7510
vn 0.1937 0.8450 -0.4984
vn 0.3827 0.9097 -0.1612
vn 0.5163 0.8292 0.2142
vn 0.5647 0.6083 0.5578
vn 0.5194 0.2919 0.8032
vn 0.3962 -0.0576 0.9164
vn 0.2206 -0.3872 0.8952
vn 0.0165 -0.6601 0.7510
vn -0.1937 -0.8450 0.4984
vn -0.3827 -0.9097 0.1612
vn -0.5163 -0.8292 -0.2142
vn -0.5647 -0.6083 -0.5578
vn -0.5194 -0.2919 -0.8032
vn -0.7995 0.4544 0.3929
vn -0.3962 0.0575 -0.9164
vn -0.2206 0.3872 -0.8952
vn 0.7995 -0.4544 -0.3929
vn 0.1002 0.3904 -0.9152
vn 0.2276 0.6754 -0.7014
vn 0.3246 0.8675 -0.3769
vn 0.3729 0.9277 0.0170
vn 0.3606 0.8362 0.4131
vn 0.2898 0.6098 0.7377
vn 0.1761 0.2954 0.9390
vn 0.0399 -0.0534 0.9978
vn -0.1002 -0.3904 0.9152
vn -0.2276 -0.6754 0.7014
vn -0.3246 -0.8675 0.3769
vn -0.3729 -0.9277 -0.0170
vn -0.3606 -0.8362 -0.4131
vn -0.2898 -0.6098 -0.7377
vn -0.9013 0.4279 0.0673
vn -0.1761 -0.2954 -0.9390
vn -0.0399 0.0534 -0.9978
vn 0.9013 -0.4279 -0.0673
vn 0.3937 -0.1245 -0.9108
vn 0.6142 0.1435 -0.7760
vn 0.7529 0.4006 -0.5221
vn 0.7772 0.6047 -0.1738
vn 0.6706 0.7110 0.2116
vn 0.4527 0.6966 0.5566
vn 0.1721 0.5734 0.8010
vn -0.1221 0.3724 0.9200
vn -0.3937 0.1245 0.9108
vn -0.6142 -0.1435 0.7760
vn -0.7529 -0.4006 0.5221
vn -0.7772 -0.6047 0.1738
vn -0.6706 -0.7110 -0.2116
vn -0.4527 -0.6966 -0.5566
vn -0.6045 0.7114 -0.3584
vn -0.1720 -0.5734 -0.8010
vn 0.1221 -0.3724 -0.9200
vn 0.6045 -0.7114 0.3584
vn 0.1466 0.6198 -0.7709
vn 0.4395 0.7118 -0.5479
vn 0.6782 0.6981 -0.2296
vn 0.8120 0.5670 0.1384
vn 0.8071 0.3388 0.4835
vn 0.6710 0.0627 0.7388
vn 0.4411 -0.2103 0.8725
vn 0.1577 -0.4454 0.8813
vn -0.1466 -0.6198 0.7709
vn -0.4395 -0.7118 0.5479
vn -0.6782 -0.6981 0.2296
vn -0.8120 -0.5670 -0.1384
vn -0.8072 -0.3388 -0.4835
vn -0.6710 -0.0627 -0.7388
vn -0.5600 0.6982 0.4461
vn -0.4411 0.2103 -0.8725
vn -0.1577 0.4454 -0.8813
vn 0.5600 -0.6982 -0.4461
vn -0.3336 0.7665 -0.5488
vn -0.1984 0.9486 -0.2464
vn -0.0314 0.9947 0.0980
vn 0.1448 0.8881 0.4362
vn 0.3008 0.6367 0.7101
vn 0.4078 0.2823 0.8684
vn 0.4485 -0.1096 0.8870
vn 0.4211 -0.4753 0.7725
vn 0.3337 -0.7665 0.5488
vn 0.1984 -0.9486 0.2464
vn 0.0314 -0.9947 -0.0980
vn -0.1448 -0.8881 -0.4362
vn -0.3008 -0.6367 -0.7101
vn -0.4078 -0.2823 -0.8684
vn -0.8758 -0.0226 0.4822
vn -0.4485 0.1096 -0.8870
vn -0.4211 0.4753 -0.7725
vn 0.8758 0.0226 -0.4822
vn 0.3394 0.0033 -0.9407
vn 0.2882 0.3832 -0.8775
vn 0.1924 0.7082 -0.6793
vn 0.0661 0.9251 -0.3740
vn -0.0705 0.9975 -0.0107
vn -0.1952 0.9156 0.3515
vn -0.2891 0.6961 0.6571
vn -0.3394 0.3744 0.8629
vn -0.3394 -0.0033 0.9407
vn -0.2882 -0.3832 0.8775
vn -0.1924 -0.7082 0.6793
vn -0.0661 -0.9251 0.3740
vn 0.0705 -0.9975 0.0107
vn 0.1952 -0.9156 -0.3515
vn -0.9351 -0.0094 -0.3541
vn 0.2891 -0.6961 -0.6571
vn 0.3394 -0.3744 -0.8629
vn 0.9351 0.0094 0.3541
vn 0.4842 -0.4108 -0.7725
vn 0.7025 -0.1196 -0.7016
vn 0.8266 0.1992 -0.5264
vn 0.8256 0.5008 -0.2602
vn 0.6854 0.7259 0.0569
vn 0.4305 0.8268 0.3620
vn 0.1163 0.7926 0.5986
vn -0.2016 0.6441 0.7379
vn -0.4842 0.4108 0.7725
vn -0.7025 0.1196 0.7016
vn -0.8266 -0.1992 0.5264
vn -0.8255 -0.5008 0.2602
vn -0.6854 -0.7259 -0.0569
vn -0.4305 -0.8268 -0.3620
vn -0.5188 0.5798 -0.6282
vn -0.1163 -0.7926 -0.5986
vn 0.2016 -0.6441 -0.7379
vn 0.5188 -0.5798 0.6282
vn 0.3489 -0.5826 -0.7341
vn 0.6647 -0.4804 -0.5722
vn 0.8928 -0.3093 -0.3275
vn 0.9960 -0.0856 -0.0247
vn 0.9424 0.1605 0.2936
vn 0.7292 0.3831 0.5670
vn 0.3992 0.5385 0.7421
vn 0.0199 0.6050 0.7960
vn -0.3489 0.5826 0.7341
vn -0.6647 0.4804 0.5722
vn -0.8928 0.3093 0.3275
vn -0.9960 0.0856 0.0247
vn -0.9424 -0.1605 -0.2936
vn -0.7292 -0.3831 -0.5670
vn 0.0101 0.7853 -0.6190
vn -0.3991 -0.5385 -0.7421
vn -0.0199 -0.6050 -0.7960
vn -0.0101 -0.7853 0.6190
vn 0.3093 0.1282 -0.9423
vn 0.5628 0.3311 -0.7574
vn 0.7432 0.4931 -0.4523
vn 0.8108 0.5822 -0.0608
vn 0.7415 0.5737 0.3479
vn 0.5496 0.4695 0.6910
vn 0.2804 0.2968 0.9128
vn -0.0181 0.0887 0.9959
vn -0.3094 -0.1282 0.9423
vn -0.5628 -0.3311 0.7574
vn -0.7432 -0.4931 0.4523
vn -0.8108 -0.5822 0.0608
vn -0.7415 -0.5737 -0.3479
vn -0.5496 -0.4695 -0.6910
vn -0.5792 0.8111 -0.0816
vn -0.2804 -0.2968 -0.9128
vn 0.0181 -0.0887 -0.9959
vn 0.5792 -0.8111 0.0816
vn 0.4067 -0.0836 -0.9098
vn 0.4271 0.2967 -0.8542
vn 0.3828 0.6389 -0.6673
vn 0.2774 0.8857 -0.3722
vn 0.1274 0.9917 -0.0167
vn -0.0410 0.9405 0.3374
vn -0.2000 0.7474 0.6336
vn -0.3272 0.4475 0.8323
vn -0.4067 0.0836 0.9098
vn -0.4271 -0.2967 0.8542
vn -0.3828 -0.6389 0.6673
vn -0.2774 -0.8857 0.3722
vn -0.1274 -0.9917 0.0167
vn 0.0410 -0.9405 -0.3374
vn -0.8871 0.1750 -0.4272
vn 0.2000 -0.7474 -0.6336
vn 0.3273 -0.4475 -0.8323
vn 0.8871 -0.1750 0.4272
vn 0.4649 -0.7525 0.4666
vn 0.3191 -0.4175 -0.8508
vn 0.6844 -0.5948 0.4217
vn 0.4688 -0.1839 -0.8640
vn 0.8395 -0.3630 0.4044
vn 0.5283 0.0971 -0.8435
vn 0.9041 -0.0784 0.4200
vn 0.4766 0.3873 -0.7892
vn 0.8541 0.2188 0.4719
vn 0.3129 0.6321 -0.7089
vn 0.6875 0.4698 0.5537
vn 0.4382 0.6220 0.6489
vn 0.0693 0.7829 -0.6183
vn 0.1597 0.6558 0.7379
vn -0.2042 0.8204 -0.5340
vn -0.1024 0.5810 0.8074
vn -0.4649 0.7525 -0.4665
vn -0.3192 0.4175 0.8508
vn -0.6844 0.5948 -0.4217
vn -0.4688 0.1839 0.8639
vn -0.8395 0.3630 -0.4043
vn -0.5283 -0.0971 0.8435
vn -0.9041 0.0784 -0.4201
vn -0.4766 -0.3873 0.7892
vn -0.8541 -0.2188 -0.4718
vn -0.3130 -0.6322 0.7088
vn -0.4382 -0.6221 -0.6488
vn -0.0693 -0.7829 0.6183
vn -0.1597 -0.6557 -0.7379
vn 0.2042 -0.8204 0.5340
vn 0.1025 -0.5810 -0.8074
vn 0.1090 -0.0197 0.9938
vn -0.6029 0.0322 0.7971
vn 0.0045 1.0000 0.0008
vn 0.0044 1.0000 0.0007
vn -0.0044 -1.0000 -0.0007
vn -0.0045 -1.0000 -0.0008
vn -0.7416 -0.2697 -0.6142
vn 0.8826 0.3168 -0.3473
vn 0.4128 -0.3166 0.8540
vn -0.8826 -0.3167 0.3473
vn -0.2095 0.8893 0.4064
vn -0.2094 0.8893 0.4065
vn 0.2095 -0.8893 -0.4064
vn 0.2094 -0.8893 -0.4065
vn 0.6889 -0.1894 -0.6996
vn -0.1932 0.8935 -0.4053
vn -0.1931 0.8936 -0.4053
vn 0.1932 -0.8935 0.4053
vn 0.1932 -0.8935 0.4054
vn 0.1931 -0.8935 0.4054
vn 0.4322 0.0891 0.8973
vn 0.5890 0.6914 -0.4183
vn -0.5890 -0.6914 0.4183
vn -0.5891 -0.6914 0.4184
vn 0.7692 -0.4012 -0.4973
vn -0.7692 0.4013 0.4973
vn 0.5804 0.6908 0.4313
vn 0.5803 0.6908 0.4313
vn 0.1237 0.4223 -0.8980
vn -0.5804 -0.6908 -0.4313
vn -0.5804 -0.6907 -0.4313
vn -0.5805 -0.6907 -0.4312
vn -0.4442 0.8156 -0.3707
vn 0.4442 -0.8156 0.3707
vn 0.1233 0.8944 -0.4299
vn -0.1233 -0.8944 0.4300
vn -0.1232 -0.8944 0.4299
vn -0.3686 0.9051 0.2120
vn -0.3685 0.9051 0.2120
vn -0.3686 0.9051 0.2121
vn 0.3686 -0.9051 -0.2121
vn 0.3686 -0.9051 -0.2120
vn 0.3685 -0.9051 -0.2120
vn 0.3636 0.8987 0.2453
vn 0.0574 0.5223 0.8508
vn -0.3636 -0.8987 -0.2454
vn -0.2260 -0.7679 -0.5994
vn -0.8630 0.4684 -0.1895
vn -0.8629 0.4684 -0.1896
vn -0.0574 -0.5223 -0.8509
vn 0.8630 -0.4684 0.1895
vn 0.8629 -0.4685 0.1895
vn 0.4975 0.8446 0.1977
vn -0.4975 -0.8446 -0.1977
vn -0.3625 0.4369 -0.8233
vn -0.3625 0.4367 -0.8233
vn -0.3626 0.4368 -0.8233
vn -0.0493 0.3759 -0.9254
vn -0.0493 0.3760 -0.9253
vn -0.0494 0.3759 -0.9253
vn 0.7566 0.1207 0.6426
vn 0.3656 0.6640 -0.6523
vn 0.3656 0.6641 -0.6522
vn 0.3654 0.6641 -0.6522
vn 0.3655 0.6642 -0.6522
vn 0.3655 0.6640 -0.6523
vn -0.3656 -0.6641 0.6522
vn 0.5365 0.7096 0.4567
vn -0.1335 0.5896 0.7966
vn -0.4175 0.7007 -0.5785
vn -0.4174 0.7007 -0.5785
vn -0.4176 0.7007 -0.5785
vn 0.4175 -0.7008 0.5785
vn 0.4174 -0.7007 0.5786
vn 0.4175 -0.7007 0.5785
vn -0.4468 -0.0349 -0.8940
vn -0.4468 -0.0347 -0.8939
vn -0.4468 -0.0347 -0.8940
vn -0.4468 -0.0348 -0.8940
vn -0.4468 -0.0349 -0.8939
vn 0.4468 0.0348 0.8940
vn 0.4468 0.0347 0.8940
vn 0.3388 -0.0875 -0.9368
vn 0.3387 -0.0877 -0.9368
vn 0.3387 -0.0876 -0.9368
vn 0.3387 -0.0875 -0.9368
vn -0.6872 -0.6991 -0.1972
vn -0.3388 0.0875 0.9368
vn -0.3387 0.0876 0.9368
vn -0.3387 0.0877 0.9368
vn 0.3336 -0.8395 -0.4289
vn -0.3336 0.8395 0.4289
vn 0.6368 0.5184 -0.5708
vn -0.4927 -0.2041 -0.8459
vn 0.6989 -0.6209 0.3551
vn 0.6310 0.7758 -0.0014
vn 0.6309 0.7759 -0.0014
vn 0.6310 0.7758 -0.0015
vn -0.6310 -0.7758 0.0014
vn -0.6309 -0.7759 0.0014
vn 0.7439 0.3129 0.5905
vn 0.4236 0.4960 0.7580
vn -0.3215 0.6057 0.7279
vn -0.9852 0.1711 -0.0052
vn 0.0921 0.7825 -0.6157
vn 0.0921 0.7826 -0.6157
vn 0.0922 0.7825 -0.6157
vn 0.0922 0.7825 -0.6158
vn -0.4236 -0.4960 -0.7580
vn -0.0921 -0.7825 0.6157
vn 0.5964 -0.7775 0.1998
vn -0.5964 0.7774 -0.1998
vn 0.4135 0.0877 -0.9062
vn 0.4135 0.0878 -0.9063
vn 0.4136 0.0877 -0.9062
vn 0.4135 0.0876 -0.9063
vn -0.4135 -0.0878 0.9063
vn -0.4136 -0.0877 0.9062
vn -0.4135 -0.0877 0.9062
vn -0.1630 0.9608 -0.2242
vn 0.9515 0.0464 -0.3041
vn 0.9515 0.0464 -0.3040
vn 0.9515 0.0465 -0.3040
vn -0.9515 -0.0464 0.3041
vn -0.9515 -0.0464 0.3040
vn -0.9515 -0.0465 0.3040
vn -0.5456 0.5161 -0.6602
vn -0.2848 0.3447 -0.8944
vn 0.0001 0.9740 0.2267
vn -0.0000 0.9740 0.2266
vn -0.0000 -0.9740 -0.2266
vn 0.6289 0.4038 0.6644
vn 0.3154 0.3318 0.8891
vn -0.6289 -0.4038 -0.6645
vn -0.3797 0.9002 -0.2133
vn -0.3796 0.9002 -0.2133
vn -0.3797 0.9002 -0.2134
vn 0.3796 -0.9002 0.2133
vn 0.3797 -0.9002 0.2134
vn 0.2811 -0.3452 -0.8954
vn 0.4130 0.8841 -0.2185
vn 0.4129 0.8842 -0.2184
vn 0.4130 0.8841 -0.2184
vn -0.4130 -0.8841 0.2185
vn -0.4130 -0.8841 0.2184
vn -0.4129 -0.8842 0.2184
vn 0.2235 -0.7049 0.6732
vn 0.3972 0.6915 0.6033
vn 0.3973 0.6914 0.6033
vn -0.1989 -0.6748 0.7107
vn -0.3963 0.7167 0.5738
vn -0.3962 0.7167 0.5739
vn -0.3962 0.7167 0.5738
vn 0.3962 -0.7167 -0.5738
vn 0.3963 -0.7167 -0.5738
vn 0.3962 -0.7167 -0.5739
vn 0.3962 -0.7168 -0.5739
vn 0.3796 0.7869 -0.4865
vn 0.3796 0.7868 -0.4866
vn 0.3795 0.7869 -0.4866
vn -0.3796 -0.7868 0.4866
vn 0.3204 -0.3097 0.8952
vn 0.4295 0.8947 0.1225
vn 0.4296 0.8947 0.1224
vn 0.4295 0.8947 0.1223
vn 0.4295 0.8948 0.1224
vn -0.3203 0.3097 -0.8953
vn -0.4294 -0.8948 -0.1224
vn -0.4295 -0.8948 -0.1224
vn -0.4296 -0.8947 -0.1224
vn -0.1946 0.9024 -0.3846
vn -0.1945 0.9023 -0.3846
vn -0.1947 0.9023 -0.3846
vn 0.1945 -0.9023 0.3846
vn 0.1946 -0.9023 0.3846
vn 0.8024 0.4366 0.4069
vn -0.2273 0.9033 0.3638
vn 0.1952 0.4004 -0.8953
vn -0.5099 -0.7228 -0.4663
vn -0.1438 -0.8824 -0.4481
vn -0.1952 -0.4005 0.8952
vn 0.3969 -0.0200 0.9176
vn 0.8359 0.3670 -0.4082
vn 0.8359 0.3669 -0.4083
vn 0.8358 0.3670 -0.4083
vn 0.8359 0.3669 -0.4082
vn -0.3969 0.0200 -0.9177
vn -0.8359 -0.3669 0.4083
vn -0.8358 -0.3670 0.4083
vn 0.9456 0.3178 -0.0697
vn 0.6492 0.6575 0.3823
vn 0.6492 0.6576 0.3822
vn 0.6493 0.6575 0.3823
vn 0.6492 0.6576 0.3823
vn -0.6492 -0.6575 -0.3823
vn -0.6492 -0.6575 -0.3822
vn -0.6493 -0.6575 -0.3823
vn -0.6492 -0.6576 -0.3823
vn -0.6492 -0.6576 -0.3822
vn 0.6619 -0.1718 0.7296
vn 0.5912 0.6590 -0.4649
vn 0.5911 0.6591 -0.4650
vn 0.5911 0.6590 -0.4650
vn -0.4485 -0.1292 -0.8844
vn -0.5912 -0.6590 0.4649
vn 0.3553 0.7375 0.5743
vn 0.8682 -0.1315 -0.4786
vn 0.8681 -0.1315 -0.4786
vn -0.8682 0.1316 0.4785
vn -0.8681 0.1315 0.4786
vn -0.8681 0.1316 0.4786
vn -0.8682 0.1315 0.4786
vn 0.9251 -0.1466 0.3504
vn 0.9250 -0.1466 0.3505
vn 0.9250 -0.1465 0.3505
vn -0.9250 0.1466 -0.3504
vn -0.9251 0.1466 -0.3504
vn -0.9250 0.1465 -0.3505
vn 0.8054 -0.2942 -0.5146
vn 0.5483 0.5153 0.6587
vn 0.5482 0.5152 0.6588
vn 0.5483 0.5152 0.6587
vn -0.5482 -0.5153 -0.6588
vn -0.0032 0.7792 0.6268
vn -0.0031 0.7792 0.6267
vn 0.0033 -0.7792 -0.6267
vn 0.2725 -0.3513 0.8957
vn -0.5487 0.3830 0.7431
vn 0.6246 0.7760 0.0882
vn 0.6246 0.7759 0.0883
vn 0.6247 0.7759 0.0882
vn -0.2725 0.3514 -0.8957
vn -0.6246 -0.7759 -0.0883
vn -0.6247 -0.7759 -0.0882
vn -0.6247 -0.7759 -0.0883
vn -0.0493 -0.9408 0.3353
vn -0.2085 -0.7412 0.6381
vn -0.3688 0.6607 0.6538
vn 0.9003 0.0417 0.4333
vn 0.9003 0.0416 0.4333
vn -0.9003 -0.0417 -0.4333
vn -0.9003 -0.0416 -0.4332
vn -0.9003 -0.0416 -0.4333
vn 0.9088 -0.3255 -0.2612
vn 0.2721 0.0754 0.9593
vn 0.2722 0.0755 0.9593
vn 0.2285 0.9566 -0.1807
vn -0.2721 -0.0754 -0.9593
vn -0.2722 -0.0755 -0.9593
vn -0.2099 0.9777 -0.0004
vn -0.2098 0.9777 -0.0005
vn -0.2098 0.9777 -0.0004
vn 0.2098 -0.9777 0.0004
vn 0.2099 -0.9777 0.0004
vn 0.0618 0.3804 0.9228
vn -0.8462 0.4146 0.3348
vn 0.2209 0.8840 -0.4119
vn -0.4240 -0.2432 -0.8724
vn -0.2208 -0.8841 0.4119
vn -0.2210 -0.8840 0.4119
vn -0.2208 -0.8840 0.4119
vn -0.2209 -0.8840 0.4119
vn 0.9610 -0.2666 -0.0741
vn -0.6980 -0.1118 0.7073
vn 0.2074 0.8837 0.4197
vn -0.2074 -0.8837 -0.4197
vn -0.4569 -0.6747 0.5796
vn -0.5563 0.7282 0.4004
vn -0.5563 0.7282 0.4005
vn 0.5563 -0.7282 -0.4005
vn 0.5562 -0.7282 -0.4005
vn 0.5563 -0.7281 -0.4004
vn -0.7979 -0.3163 0.5131
vn -0.5411 0.7368 -0.4054
vn 0.1202 -0.4181 -0.9004
vn 0.5411 -0.7368 0.4055
vn 0.4767 0.7864 0.3929
vn 0.3318 0.4231 -0.8431
vn 0.6643 0.3556 -0.6574
vn 0.9271 -0.1119 0.3577
vn 0.0388 -0.4282 0.9029
vn -0.9271 0.1118 -0.3577
vn -0.1148 0.8959 0.4291
vn -0.1147 0.8960 0.4291
vn 0.1147 -0.8960 -0.4290
vn 0.1147 -0.8960 -0.4291
vn 0.1148 -0.8959 -0.4291
vn 0.6745 -0.1913 0.7131
vn -0.7962 0.4850 0.3618
vn -0.8502 0.3500 -0.3934
vn 0.3918 0.8936 -0.2193
vn 0.3918 0.8935 -0.2193
vn -0.3918 -0.8935 0.2193
vn -0.3918 -0.8936 0.2193
vn -0.3916 -0.8936 0.2193
vn 0.4284 -0.7482 -0.5065
vn 0.4152 -0.8976 -0.1479
vn -0.1165 -0.2149 0.9697
vn -0.3767 0.4848 0.7893
vn -0.4284 0.7482 0.5065
vn -0.4152 0.8976 0.1479
vn 0.9108 0.3611 0.1999
vn 0.9109 0.3610 0.1999
vn 0.1165 0.2149 -0.9697
vn -0.9109 -0.3611 -0.1998
vn -0.9108 -0.3611 -0.1999
vn -0.2091 -0.8300 0.5172
vn -0.4624 0.8671 -0.1854
vn 0.3763 0.3762 0.8467
vn 0.3762 0.3761 0.8468
vn 0.3763 0.3761 0.8467
vn -0.3762 -0.3761 -0.8467
vn 0.0531 0.3497 0.9353
vn 0.1448 -0.6381 0.7562
vn -0.8031 -0.5633 0.1940
vn -0.3518 0.6837 0.6393
vn -0.3519 0.6837 0.6393
vn 0.3518 -0.6837 -0.6393
vn 0.3519 -0.6837 -0.6394
vn 0.3519 -0.6837 -0.6393
vn 0.3519 -0.6838 -0.6393
vn 0.7112 0.0759 -0.6988
vn 0.8508 -0.2236 -0.4756
vn -0.4590 -0.3629 0.8109
vn -0.7113 -0.0759 0.6988
vn 0.4438 0.6586 0.6077
vn 0.4439 0.6585 0.6077
vn -0.4439 -0.6586 -0.6076
vn -0.4440 -0.6585 -0.6077
vn -0.4439 -0.6585 -0.6077
vn -0.8550 -0.2722 0.4414
vn 0.4434 -0.1180 0.8885
vn 0.4435 -0.1181 0.8885
vn 0.4435 -0.1180 0.8884
vn 0.4434 -0.1181 0.8885
vn 0.4435 -0.1179 0.8885
vn -0.4435 0.1179 -0.8885
vn -0.0078 0.9968 0.0792
vn 0.3510 0.9125 0.2103
vn 0.6682 0.6750 0.3128
vn 0.9322 -0.0851 0.3518
vn 0.0078 -0.9968 -0.0792
vn -0.3400 -0.0633 0.9383
vn -0.3400 -0.0635 0.9383
vn -0.3496 0.9351 -0.0575
vn 0.3400 0.0635 -0.9383
vn 0.6777 0.0247 0.7349
vn 0.4806 -0.2872 0.8286
vn -0.6777 -0.0247 -0.7349
vn -0.6088 0.5710 0.5507
vn 0.6088 -0.5711 -0.5507
vn 0.7286 0.5357 -0.4268
vn -0.7286 -0.5357 0.4269
vn -0.5653 -0.4118 -0.7147
vn -0.5858 0.8105 0.0025
vn 0.5858 -0.8105 -0.0025
vn 0.0419 -0.6126 0.7893
vn -0.0853 0.7814 0.6182
vn -0.0854 0.7813 0.6182
vn 0.0854 -0.7813 -0.6182
vn 0.0853 -0.7814 -0.6182
vn 0.8179 -0.3796 0.4324
vn -0.8179 0.3796 -0.4323
vn -0.4111 0.1226 0.9033
vn -0.4112 0.1225 0.9033
vn 0.4112 -0.1225 -0.9033
vn 0.4111 -0.1226 -0.9033
vn -0.0442 0.8653 -0.4992
vn 0.2841 0.0899 0.9546
vn 0.0442 -0.8653 0.4992
vn -0.0699 -0.9863 0.1497
vn -0.2929 -0.4644 -0.8358
vn -0.9387 0.1692 0.3004
vn 0.9387 -0.1692 -0.3004
vn -0.9966 0.0769 0.0296
vn 0.0085 0.9745 -0.2242
vn -0.6479 0.1557 0.7456
vn -0.8039 0.5107 -0.3049
vn 0.4073 0.8850 0.2257
vn 0.4072 0.8850 0.2258
vn 0.4073 0.8849 0.2258
vn -0.4072 -0.8850 -0.2258
vn -0.2857 -0.3296 0.8998
vn -0.3883 0.8971 0.2108
vn -0.3882 0.8972 0.2107
vn 0.3882 -0.8971 -0.2108
vn 0.2369 0.6780 0.6958
vn -0.4398 0.4132 0.7974
vn -0.3735 0.7274 -0.5756
vn -0.2369 -0.6781 -0.6958
vn 0.3736 -0.7274 0.5755
vn 0.3735 -0.7274 0.5756
vn 0.3735 -0.7275 0.5756
vn 0.4138 0.6943 -0.5889
vn 0.4138 0.6942 -0.5889
vn -0.4138 -0.6943 0.5889
vn -0.8170 -0.5029 0.2821
vn -0.3615 0.8031 0.4736
vn 0.3615 -0.8031 -0.4736
vn -0.8440 -0.2955 0.4477
vn -0.4004 0.9091 -0.1148
vn -0.4003 0.9092 -0.1148
vn -0.4004 0.9091 -0.1150
vn -0.4004 0.9091 -0.1149
vn -0.4003 0.9091 -0.1149
vn -0.4002 0.9092 -0.1149
vn 0.4003 -0.9092 0.1149
vn 0.4003 -0.9091 0.1150
vn 0.4002 -0.9092 0.1149
vn -0.0281 -0.3953 0.9181
vn 0.2088 0.8932 0.3983
vn 0.2089 0.8931 0.3984
vn 0.2089 0.8931 0.3983
vn 0.2088 0.8931 0.3983
vn 0.0281 0.3953 -0.9181
vn -0.2088 -0.8931 -0.3983
vn -0.2089 -0.8931 -0.3984
vn -0.2089 -0.8931 -0.3983
vn 0.2400 0.8976 -0.3697
vn -0.2400 -0.8976 0.3697
vn 0.1913 -0.4047 -0.8942
vn 0.3962 -0.0575 0.9164
vn -0.7995 0.4544 0.3930
vn -0.9013 0.4279 0.0674
vn -0.9013 0.4280 0.0673
vn 0.9013 -0.4280 -0.0673
vn -0.6045 0.7115 -0.3583
vn -0.6046 0.7114 -0.3583
vn -0.1721 -0.5734 -0.8010
vn 0.6045 -0.7115 0.3583
vn 0.6045 -0.7114 0.3583
vn -0.8071 -0.3388 -0.4835
vn -0.5599 0.6982 0.4461
vn -0.5600 0.6982 0.4460
vn 0.5599 -0.6982 -0.4461
vn -0.3337 0.7665 -0.5488
vn 0.3336 -0.7665 0.5488
vn -0.8757 -0.0226 0.4823
vn -0.8757 -0.0226 0.4822
vn 0.8757 0.0226 -0.4823
vn 0.8757 0.0226 -0.4822
vn 0.3394 0.0033 -0.9406
vn 0.1925 0.7082 -0.6793
vn -0.9351 -0.0094 -0.3542
vn -0.9352 -0.0094 -0.3541
vn 0.9352 0.0094 0.3541
vn 0.9351 0.0094 0.3542
vn 0.8255 0.5008 -0.2602
vn -0.8256 -0.5008 0.2602
vn -0.5188 0.5799 -0.6282
vn -0.5187 0.5799 -0.6282
vn 0.5188 -0.5799 0.6282
vn 0.0100 0.7853 -0.6190
vn -0.3992 -0.5385 -0.7421
vn -0.0100 -0.7853 0.6190
vn -0.0099 -0.7853 0.6190
vn -0.0180 0.0887 0.9959
vn -0.7432 -0.4931 0.4522
vn -0.5792 0.8111 -0.0817
vn -0.5791 0.8111 -0.0816
vn -0.5793 0.8111 -0.0816
vn -0.5793 0.8110 -0.0816
vn 0.5793 -0.8110 0.0816
vn 0.5792 -0.8111 0.0817
vn 0.5793 -0.8111 0.0816
vn 0.4067 -0.0836 -0.9097
vn -0.1273 -0.9917 0.0167
vn -0.8871 0.1749 -0.4272
vn -0.8871 0.1750 -0.4271
vn -0.8871 0.1749 -0.4271
vn 0.3272 -0.4475 -0.8323
vn 0.8871 -0.1749 0.4272
vn -0.6875 -0.4698 -0.5537
vt 0.202292 0.379140
vt 0.211392 0.168188
vt 0.211392 0.379171
vt 0.219624 0.168606
vt 0.219624 0.379589
vt 0.225736 0.169347
vt 0.225736 0.380330
vt 0.500141 0.182628
vt 0.507832 0.358613
vt 0.500141 0.360694
vt 0.507832 0.180547
vt 0.516410 0.358414
vt 0.524568 0.182059
vt 0.524568 0.360126
vt 0.148170 0.168290
vt 0.154927 0.379970
vt 0.148170 0.379273
vt 0.154927 0.168987
vt 0.163509 0.380330
vt 0.163509 0.169347
vt 0.172609 0.380299
vt 0.172609 0.169316
vt 0.180841 0.379881
vt 0.186953 0.168157
vt 0.186953 0.379140
vt 0.500141 0.178067
vt 0.507832 0.002081
vt 0.507832 0.180148
vt 0.516410 0.180347
vt 0.516410 0.002281
vt 0.524568 0.178635
vt 0.639968 0.326306
vt 0.667473 0.321323
vt 0.672944 0.351875
vt 0.186953 0.169214
vt 0.193710 0.379500
vt 0.186953 0.380197
vt 0.202292 0.168157
vt 0.540148 0.310541
vt 0.563465 0.326836
vt 0.547885 0.353155
vt 0.403450 0.002110
vt 0.417132 0.303571
vt 0.403450 0.304459
vt 0.417132 0.001222
vt 0.429729 0.302830
vt 0.429729 0.000481
vt 0.439324 0.302349
vt 0.000000 0.168157
vt 0.012078 0.470206
vt 0.000000 0.470110
vt 0.025273 0.168433
vt 0.025273 0.470386
vt 0.037575 0.168671
vt 0.037575 0.470625
vt 0.322704 0.302349
vt 0.332457 0.000775
vt 0.332457 0.303125
vt 0.345140 0.001675
vt 0.345140 0.304025
vt 0.358821 0.002564
vt 0.358821 0.304913
vt 0.371419 0.003305
vt 0.371419 0.305654
vt 0.381014 0.003785
vt 0.381014 0.306135
vt 0.037575 0.470624
vt 0.049654 0.168576
vt 0.049654 0.470529
vt 0.062848 0.470348
vt 0.062848 0.168395
vt 0.075150 0.470110
vt 0.240115 0.446762
vt 0.230785 0.397880
vt 0.277689 0.388925
vt 0.381014 0.003785
vt 0.390767 0.305360
vt 0.381014 0.306135
vt 0.390767 0.003010
vt 0.225736 0.407517
vt 0.199167 0.449251
vt 0.159404 0.422272
vt 0.925389 0.679709
vt 0.936337 0.663954
vt 0.936360 0.680422
vt 0.925365 0.663242
vt 0.936360 0.647517
vt 0.925389 0.646805
vt 0.936430 0.631740
vt 0.925459 0.631028
vt 0.936544 0.617231
vt 0.925573 0.616519
vt 0.936698 0.604547
vt 0.945478 0.350892
vt 0.934638 0.363117
vt 0.934499 0.351043
vt 0.945617 0.362967
vt 0.934741 0.376982
vt 0.945720 0.376832
vt 0.934805 0.392106
vt 0.945805 0.407756
vt 0.934826 0.407906
vt 0.945784 0.423625
vt 0.934805 0.423776
vt 0.945720 0.438955
vt 0.934741 0.439106
vt 0.945617 0.453156
vt 0.934638 0.453306
vt 0.945478 0.465681
vt 0.934499 0.465831
vt 0.925726 0.724523
vt 0.936544 0.736686
vt 0.925573 0.737398
vt 0.936430 0.751337
vt 0.925459 0.752049
vt 0.936360 0.767200
vt 0.925389 0.767913
vt 0.936336 0.783668
vt 0.925365 0.784380
vt 0.936360 0.800105
vt 0.925389 0.800817
vt 0.936430 0.815882
vt 0.925459 0.816594
vt 0.936544 0.830391
vt 0.925573 0.831103
vt 0.936698 0.843075
vt 0.925726 0.843787
vt 0.944951 0.114939
vt 0.934111 0.102714
vt 0.945090 0.102865
vt 0.934214 0.088849
vt 0.945194 0.088999
vt 0.934278 0.073726
vt 0.945257 0.073876
vt 0.945279 0.058076
vt 0.934300 0.057926
vt 0.945257 0.042206
vt 0.934278 0.042056
vt 0.945194 0.026876
vt 0.934214 0.026726
vt 0.945090 0.012676
vt 0.934111 0.012525
vt 0.944951 0.000150
vt 0.925726 0.723099
vt 0.936544 0.710936
vt 0.936698 0.723811
vt 0.170534 0.123301
vt 0.203813 0.009319
vt 0.313522 0.044855
vt 0.925573 0.710224
vt 0.936430 0.696285
vt 0.925459 0.695573
vt 0.161352 0.075157
vt 0.088622 0.168029
vt 0.000000 0.093000
vt 0.356404 0.308676
vt 0.365366 0.488500
vt 0.356404 0.488870
vt 0.365366 0.308305
vt 0.373748 0.486329
vt 0.439324 0.218638
vt 0.445523 0.433609
vt 0.439324 0.434476
vt 0.445523 0.217772
vt 0.453511 0.433118
vt 0.453511 0.217280
vt 0.462070 0.433075
vt 0.469899 0.217651
vt 0.469899 0.433489
vt 0.475805 0.218457
vt 0.475805 0.434295
vt 0.322704 0.487815
vt 0.330882 0.306135
vt 0.330882 0.486329
vt 0.339844 0.306506
vt 0.339844 0.486700
vt 0.348226 0.308676
vt 0.348226 0.488870
vt 0.439324 0.215838
vt 0.445523 0.000866
vt 0.445523 0.216704
vt 0.453511 0.001358
vt 0.453511 0.217195
vt 0.462070 0.001400
vt 0.462070 0.217238
vt 0.469899 0.216824
vt 0.568631 0.350931
vt 0.573595 0.318967
vt 0.598553 0.324315
vt 0.469899 0.000987
vt 0.475805 0.216018
vt 0.348226 0.307190
vt 0.348226 0.487384
vt 0.714409 0.306142
vt 0.709445 0.337719
vt 0.684487 0.330427
vt 0.509515 0.362114
vt 0.515212 0.520443
vt 0.509515 0.520838
vt 0.515212 0.361719
vt 0.520448 0.519945
vt 0.520448 0.361220
vt 0.524424 0.519419
vt 0.677226 -0.000000
vt 0.682307 0.154264
vt 0.677226 0.153758
vt 0.687874 0.000603
vt 0.687874 0.154361
vt 0.693082 0.000274
vt 0.693082 0.154031
vt 0.475805 0.528040
vt 0.479887 0.369349
vt 0.479887 0.528073
vt 0.485180 0.369580
vt 0.485179 0.528305
vt 0.490877 0.369975
vt 0.490877 0.528700
vt 0.496113 0.370474
vt 0.496112 0.529198
vt 0.500089 0.371000
vt 0.500089 0.529724
vt 0.422829 0.643547
vt 0.427909 0.489282
vt 0.427909 0.643040
vt 0.433477 0.642944
vt 0.433477 0.489186
vt 0.438684 0.643273
vt 0.808189 0.127747
vt 0.824867 0.116439
vt 0.836011 0.133244
vt 0.500141 0.362378
vt 0.504222 0.521070
vt 0.500141 0.521102
vt 0.504222 0.362345
vt 0.835530 0.462984
vt 0.846674 0.479863
vt 0.829996 0.491062
vt 0.563565 0.861931
vt 0.567338 0.961074
vt 0.563565 0.961261
vt 0.567338 0.861744
vt 0.570787 0.961559
vt 0.793451 0.492711
vt 0.795931 0.604148
vt 0.793451 0.604259
vt 0.795931 0.492601
vt 0.799250 0.604122
vt 0.802903 0.492639
vt 0.802903 0.604186
vt 0.806333 0.492782
vt 0.806333 0.604329
vt 0.809020 0.492982
vt 0.809020 0.604530
vt 0.783554 0.817001
vt 0.787077 0.718500
vt 0.787077 0.817831
vt 0.790850 0.718687
vt 0.790850 0.818018
vt 0.794299 0.718202
vt 0.794299 0.817533
vt 0.794299 0.721128
vt 0.796779 0.609691
vt 0.796779 0.721239
vt 0.800098 0.609717
vt 0.800098 0.721264
vt 0.803751 0.721200
vt 0.803751 0.609653
vt 0.807181 0.721057
vt 0.436311 0.951128
vt 0.438608 0.937645
vt 0.450156 0.939991
vt 0.807181 0.609510
vt 0.809867 0.720857
vt 0.560042 0.862761
vt 0.560042 0.962092
vt 0.913558 0.940336
vt 0.911261 0.953690
vt 0.899713 0.950698
vt 0.181763 0.699767
vt 0.185590 0.805455
vt 0.181763 0.805537
vt 0.185590 0.699685
vt 0.189192 0.804971
vt 0.189192 0.699201
vt 0.192019 0.804157
vt 0.955580 0.481490
vt 0.958974 0.586461
vt 0.955581 0.586911
vt 0.962586 0.481104
vt 0.962586 0.586525
vt 0.965865 0.481671
vt 0.965865 0.587092
vt 0.141603 0.801679
vt 0.144189 0.695211
vt 0.144189 0.800981
vt 0.147660 0.694878
vt 0.147660 0.800648
vt 0.151488 0.694960
vt 0.151488 0.800730
vt 0.155089 0.695445
vt 0.155089 0.801215
vt 0.157916 0.696258
vt 0.157916 0.802028
vt 0.535072 0.965476
vt 0.538465 0.860504
vt 0.538465 0.965925
vt 0.542077 0.965862
vt 0.542077 0.860441
vt 0.545357 0.965295
vt 0.936352 0.153001
vt 0.934003 0.139778
vt 0.945813 0.136701
vt 0.175705 0.698736
vt 0.178292 0.805204
vt 0.175705 0.804507
vt 0.178292 0.699434
vt 0.949433 0.124341
vt 0.942744 0.135380
vt 0.932732 0.127478
vt 0.155819 0.380880
vt 0.159404 0.476296
vt 0.155819 0.476846
vt 0.401861 0.636726
vt 0.410026 0.720165
vt 0.406539 0.721212
vt 0.405348 0.635679
vt 0.413692 0.720068
vt 0.921585 0.161990
vt 0.924670 0.267218
vt 0.921585 0.266528
vt 0.924670 0.162679
vt 0.928246 0.267395
vt 0.928246 0.162856
vt 0.931767 0.267032
vt 0.934699 0.161647
vt 0.934699 0.266185
vt 0.467280 0.530736
vt 0.470825 0.434476
vt 0.470825 0.530441
vt 0.474410 0.435026
vt 0.474410 0.530992
vt 0.728651 0.705325
vt 0.736816 0.621887
vt 0.732137 0.706372
vt 0.740482 0.621983
vt 0.735803 0.706469
vt 0.921846 0.586445
vt 0.924931 0.481217
vt 0.924931 0.585755
vt 0.928507 0.481040
vt 0.928507 0.585579
vt 0.932028 0.481403
vt 0.932028 0.585941
vt 0.728651 0.614152
vt 0.739177 0.609406
vt 0.934959 0.586788
vt 0.152274 0.380586
vt 0.152274 0.476551
vt 0.420292 0.727413
vt 0.408721 0.732742
vt 0.402121 0.725398
vt 0.767360 0.492721
vt 0.770951 0.608094
vt 0.767360 0.608240
vt 0.770951 0.492575
vt 0.774375 0.608241
vt 0.777109 0.493139
vt 0.777109 0.608657
vt 0.244091 0.793676
vt 0.251715 0.712189
vt 0.247484 0.794717
vt 0.392623 0.802557
vt 0.396184 0.715231
vt 0.396184 0.802154
vt 0.399769 0.715789
vt 0.399769 0.802713
vt 0.762653 0.724828
vt 0.764997 0.609932
vt 0.764997 0.725451
vt 0.768208 0.610348
vt 0.768208 0.725867
vt 0.771799 0.610494
vt 0.771799 0.726013
vt 0.775223 0.610347
vt 0.775223 0.725866
vt 0.777957 0.725449
vt 0.225736 0.700719
vt 0.233360 0.782205
vt 0.229966 0.783247
vt 0.112634 0.778863
vt 0.116195 0.866190
vt 0.112634 0.865787
vt 0.116195 0.779266
vt 0.119781 0.865631
vt 0.260856 0.702643
vt 0.258659 0.711422
vt 0.245680 0.709320
vt 0.761805 0.493760
vt 0.764149 0.608656
vt 0.761805 0.609279
vt 0.764149 0.493137
vt 0.227029 0.792162
vt 0.242798 0.784664
vt 0.109738 0.396205
vt 0.115654 0.546924
vt 0.109738 0.546879
vt 0.115654 0.396250
vt 0.121219 0.546598
vt 0.125585 0.395277
vt 0.125585 0.545951
vt -0.000000 0.722374
vt 0.005237 0.594714
vt 0.005237 0.721278
vt 0.010794 0.594914
vt 0.010794 0.721478
vt 0.015826 0.596378
vt 0.015826 0.722942
vt 0.075150 0.546924
vt 0.079152 0.395539
vt 0.079152 0.546213
vt 0.084520 0.395130
vt 0.084520 0.545804
vt 0.090437 0.395085
vt 0.090437 0.545759
vt 0.096002 0.395411
vt 0.096002 0.546085
vt 0.100368 0.546732
vt 0.697962 0.162215
vt 0.703199 0.289875
vt 0.697962 0.288780
vt 0.703199 0.163311
vt 0.708756 0.289676
vt 0.708756 0.163111
vt 0.713788 0.288211
vt 0.887464 0.319331
vt 0.872983 0.307514
vt 0.882659 0.290821
vt 0.100368 0.395085
vt 0.104370 0.546470
vt 0.100368 0.545759
vt 0.104370 0.395796
vt 0.883659 0.138401
vt 0.866577 0.142930
vt 0.863180 0.122986
vt 0.949285 0.351943
vt 0.953053 0.453575
vt 0.949285 0.453810
vt 0.953053 0.351707
vt 0.956536 0.452760
vt 0.709892 0.706798
vt 0.712437 0.819412
vt 0.709892 0.819587
vt 0.712437 0.706624
vt 0.715771 0.819312
vt 0.715771 0.706524
vt 0.719385 0.819302
vt 0.722730 0.706594
vt 0.722730 0.819382
vt 0.725297 0.706753
vt 0.725297 0.819542
vt 0.946962 0.706083
vt 0.950442 0.603835
vt 0.950442 0.705703
vt 0.954210 0.604070
vt 0.954210 0.705938
vt 0.957692 0.604885
vt 0.957692 0.706753
vt 0.208966 0.814263
vt 0.211511 0.701649
vt 0.211511 0.814437
vt 0.214845 0.701749
vt 0.214845 0.814537
vt 0.218459 0.701759
vt 0.218459 0.814548
vt 0.221805 0.814467
vt 0.304704 0.951883
vt 0.306994 0.938472
vt 0.318503 0.941170
vt 0.221805 0.701679
vt 0.224371 0.814308
vt 0.945805 0.351562
vt 0.945805 0.453430
vt 0.809336 0.941454
vt 0.807047 0.954877
vt 0.795537 0.952237
vt 0.844947 0.350960
vt 0.848762 0.454921
vt 0.844947 0.454989
vt 0.848763 0.350892
vt 0.852190 0.455341
vt 0.852190 0.351312
vt 0.854708 0.456185
vt 0.936698 0.713147
vt 0.939947 0.819908
vt 0.936698 0.820325
vt 0.943583 0.712719
vt 0.943583 0.819897
vt 0.947053 0.713115
vt 0.947053 0.820292
vt 0.057196 0.848092
vt 0.060074 0.745003
vt 0.060074 0.849032
vt 0.063696 0.745548
vt 0.063696 0.849577
vt 0.067512 0.745616
vt 0.067512 0.849645
vt 0.070939 0.745196
vt 0.070939 0.849225
vt 0.073457 0.744352
vt 0.073457 0.848381
vt 0.938564 0.950965
vt 0.941813 0.844204
vt 0.941813 0.951382
vt 0.945449 0.951393
vt 0.945450 0.844215
vt 0.948920 0.950997
vt 0.775705 0.935768
vt 0.782529 0.924475
vt 0.792742 0.931840
vt 0.838446 0.352445
vt 0.841325 0.455534
vt 0.838446 0.456474
vt 0.841325 0.351505
vt 0.168704 0.924849
vt 0.171100 0.938101
vt 0.159054 0.940584
vt 0.861283 0.462067
vt 0.865040 0.351247
vt 0.865040 0.462348
vt 0.868353 0.351693
vt 0.868353 0.462794
vt 0.760127 0.839415
vt 0.757202 0.940188
vt 0.757202 0.838361
vt 0.753685 0.939776
vt 0.753685 0.837949
vt 0.750111 0.838241
vt 0.750111 0.940069
vt 0.747023 0.839194
vt 0.855111 0.162303
vt 0.858058 0.273548
vt 0.855111 0.273403
vt 0.858058 0.162448
vt 0.861686 0.273475
vt 0.861686 0.162374
vt 0.865443 0.273194
vt 0.865443 0.162093
vt 0.868756 0.272748
vt 0.872488 0.939834
vt 0.869563 0.839061
vt 0.872488 0.838007
vt 0.869563 0.940889
vt 0.866046 0.839473
vt 0.862471 0.941008
vt 0.862471 0.839180
vt 0.859384 0.940055
vt 0.859384 0.838227
vt 0.931922 0.957153
vt 0.921983 0.949843
vt 0.928624 0.938802
vt 0.854708 0.462138
vt 0.857655 0.350892
vt 0.857655 0.461993
vt 0.861283 0.350966
vt 0.015319 0.953762
vt 0.003594 0.956290
vt 0.001262 0.943292
vt 0.122796 0.985289
vt 0.126349 0.899977
vt 0.126349 0.986287
vt 0.130158 0.900107
vt 0.130158 0.986416
vt 0.133645 0.899348
vt 0.133645 0.985657
vt 0.007323 0.805560
vt 0.009666 0.722942
vt 0.010959 0.805461
vt 0.013026 0.723802
vt 0.014319 0.806321
vt 0.607297 0.965784
vt 0.603924 0.864787
vt 0.607297 0.865355
vt 0.603924 0.965216
vt 0.600199 0.864858
vt 0.600199 0.965287
vt 0.596687 0.865557
vt 0.475806 0.900592
vt 0.479358 0.985903
vt 0.475806 0.986901
vt 0.479358 0.899594
vt 0.483168 0.985774
vt 0.483168 0.899464
vt 0.486654 0.986533
vt 0.801621 0.733759
vt 0.803966 0.816377
vt 0.800330 0.816278
vt 0.805258 0.733858
vt 0.807326 0.815517
vt 0.433439 0.864915
vt 0.430066 0.965912
vt 0.430066 0.865483
vt 0.798262 0.732717
vt 0.795690 0.723812
vt 0.808617 0.722405
vt 0.426341 0.965841
vt 0.426341 0.865412
vt 0.422829 0.965142
vt 0.422829 0.864713
vt 0.018282 0.810267
vt 0.010959 0.817956
vt -0.000000 0.813249
vt 0.582756 0.658829
vt 0.577307 0.515607
vt 0.582756 0.516449
vt 0.577307 0.657986
vt 0.573041 0.514069
vt 0.656931 0.001645
vt 0.661815 0.141836
vt 0.656931 0.143084
vt 0.667388 0.000000
vt 0.667388 0.141439
vt 0.672799 0.000513
vt 0.672799 0.141952
vt 0.677226 0.001859
vt 0.677226 0.143298
vt 0.545214 0.517000
vt 0.539941 0.658572
vt 0.539941 0.516193
vt 0.534139 0.658591
vt 0.534139 0.516212
vt 0.528690 0.659434
vt 0.528690 0.517055
vt 0.524424 0.660972
vt 0.524424 0.518593
vt 0.657044 0.502347
vt 0.661929 0.362156
vt 0.661929 0.503595
vt 0.667501 0.503993
vt 0.667501 0.362554
vt 0.672913 0.503479
vt 0.672913 0.362040
vt 0.677340 0.502133
vt 0.849564 0.308674
vt 0.858944 0.290831
vt 0.872983 0.302709
vt 0.593831 0.658041
vt 0.588559 0.516469
vt 0.593831 0.515662
vt 0.588559 0.658848
vt 0.832740 0.297965
vt 0.836034 0.318995
vt 0.819474 0.323141
vt 0.263369 0.783557
vt 0.267008 0.866915
vt 0.263369 0.867625
vt 0.267008 0.782847
vt 0.270724 0.867137
vt 0.809019 0.492741
vt 0.811444 0.605170
vt 0.809019 0.604977
vt 0.811444 0.492934
vt 0.814717 0.605254
vt 0.814717 0.493018
vt 0.818339 0.605215
vt 0.821759 0.492824
vt 0.821759 0.605060
vt 0.824455 0.492575
vt 0.824455 0.604811
vt 0.128335 0.774159
vt 0.141603 0.694878
vt 0.131912 0.774009
vt 0.013920 0.902123
vt 0.017558 0.818765
vt 0.017558 0.902833
vt 0.021274 0.818543
vt 0.021274 0.902610
vt 0.807991 0.274160
vt 0.810416 0.161731
vt 0.810416 0.273967
vt 0.813688 0.161647
vt 0.813688 0.273883
vt 0.817310 0.161686
vt 0.817310 0.273922
vt 0.820730 0.274077
vt 0.458444 0.699180
vt 0.471742 0.697779
vt 0.471335 0.707604
vt 0.820730 0.161841
vt 0.823427 0.274326
vt 0.461025 0.710189
vt 0.474293 0.789470
vt 0.470716 0.789320
vt 0.140777 0.779213
vt 0.136064 0.787753
vt 0.212281 0.917347
vt 0.216089 0.815605
vt 0.216089 0.917599
vt 0.219812 0.815322
vt 0.219812 0.917316
vt 0.222881 0.814548
vt 0.222881 0.916542
vt 0.668974 0.946978
vt 0.672499 0.859944
vt 0.672499 0.946435
vt 0.676063 0.860326
vt 0.676063 0.946817
vt 0.279801 0.711837
vt 0.281863 0.790173
vt 0.276178 0.711645
vt 0.272578 0.712494
vt 0.439325 0.815528
vt 0.442639 0.916774
vt 0.439325 0.917522
vt 0.442639 0.814780
vt 0.446448 0.916523
vt 0.446448 0.814529
vt 0.450170 0.916806
vt 0.450170 0.814811
vt 0.453240 0.917579
vt 0.415556 0.825313
vt 0.419081 0.912346
vt 0.415556 0.911803
vt 0.419081 0.825855
vt 0.422645 0.911964
vt 0.380971 0.807246
vt 0.383032 0.728911
vt 0.386655 0.728718
vt 0.272578 0.797872
vt 0.291453 0.796155
vt 0.373748 0.806589
vt 0.379432 0.728061
vt 0.208966 0.916599
vt 0.212281 0.815353
vt 0.386938 0.716080
vt 0.391846 0.725481
vt 0.680448 0.653092
vt 0.677841 0.765844
vt 0.677841 0.653049
vt 0.996949 0.001286
vt 0.993545 0.087085
vt 0.993545 0.000169
vt 0.989891 0.086916
vt 0.989891 -0.000000
vt 0.986544 0.087722
vt 0.986544 0.000806
vt 0.632791 0.770286
vt 0.630141 0.657671
vt 0.632791 0.657490
vt 0.630141 0.770467
vt 0.626696 0.657856
vt 0.626696 0.770652
vt 0.622978 0.658015
vt 0.622978 0.770811
vt 0.619555 0.658125
vt 0.619555 0.770921
vt 0.616948 0.658169
vt 0.997951 0.437809
vt 0.994548 0.352010
vt 0.997951 0.350892
vt 0.994548 0.438926
vt 0.990894 0.352178
vt 0.990894 0.439095
vt 0.987547 0.351373
vt 0.693684 0.653727
vt 0.691034 0.766341
vt 0.691034 0.653546
vt 0.687588 0.766157
vt 0.687588 0.653361
vt 0.844574 0.964990
vt 0.850191 0.954603
vt 0.858598 0.962887
vt 0.683871 0.765998
vt 0.683871 0.653202
vt 0.680448 0.765888
vt 0.446052 0.956206
vt 0.448025 0.968973
vt 0.438108 0.972652
vt 0.126189 0.788347
vt 0.129959 0.898943
vt 0.126189 0.898979
vt 0.129959 0.788311
vt 0.133531 0.898787
vt 0.133531 0.788155
vt 0.136363 0.898535
vt 0.172397 0.923220
vt 0.168954 0.812381
vt 0.172397 0.812294
vt 0.168954 0.923307
vt 0.165275 0.812420
vt 0.165275 0.923345
vt 0.161922 0.812404
vt 0.159404 0.923262
vt 0.159404 0.812336
vt 0.475805 0.899108
vt 0.479198 0.788388
vt 0.479198 0.899020
vt 0.482968 0.788425
vt 0.482968 0.899057
vt 0.486541 0.788581
vt 0.486541 0.899213
vt 0.489372 0.788832
vt 0.489372 0.899464
vt 0.924844 0.721389
vt 0.921400 0.832228
vt 0.921400 0.721303
vt 0.917722 0.832190
vt 0.917722 0.721264
vt 0.914368 0.832206
vt 0.914368 0.721280
vt 0.755707 0.475902
vt 0.766552 0.467890
vt 0.773799 0.479262
vt 0.911851 0.721347
vt 0.122796 0.788259
vt 0.122796 0.898891
vt 0.720035 0.446630
vt 0.727282 0.458384
vt 0.716436 0.465824
vt 0.141603 0.559192
vt 0.146435 0.693144
vt 0.141603 0.694878
vt 0.146435 0.557458
vt 0.152060 0.692419
vt 0.152060 0.556732
vt 0.157621 0.692812
vt 0.549372 0.516819
vt 0.553982 0.663035
vt 0.549373 0.661939
vt 0.553982 0.517915
vt 0.559452 0.663369
vt 0.559452 0.518249
vt 0.564948 0.662890
vt 0.569634 0.516551
vt 0.569634 0.661671
vt 0.450113 0.545284
vt 0.467281 0.434809
vt 0.455640 0.545618
vt 0.125585 0.692419
vt 0.130417 0.558467
vt 0.130417 0.694153
vt 0.136042 0.559192
vt 0.136042 0.694878
vt 0.141603 0.558798
vt 0.141603 0.694485
vt 0.596687 0.663244
vt 0.601296 0.517029
vt 0.601296 0.662149
vt 0.606766 0.516695
vt 0.606766 0.661815
vt 0.612262 0.517174
vt 0.612262 0.662294
vt 0.551770 0.167244
vt 0.571538 0.162995
vt 0.574844 0.178150
vt 0.616948 0.663513
vt 0.560117 0.183747
vt 0.577285 0.294222
vt 0.571758 0.294555
vt 0.467111 0.555008
vt 0.456492 0.567384
vt 0.644431 0.666637
vt 0.648039 0.781203
vt 0.644431 0.781407
vt 0.648039 0.666434
vt 0.651274 0.780720
vt 0.651274 0.665951
vt 0.653644 0.780031
vt 0.088815 0.783651
vt 0.091985 0.878226
vt 0.088815 0.877219
vt 0.091985 0.784658
vt 0.095579 0.878465
vt 0.099049 0.784331
vt 0.099049 0.877899
vt 0.500141 0.780276
vt 0.502873 0.665106
vt 0.502873 0.779875
vt 0.506304 0.664999
vt 0.506304 0.779768
vt 0.509912 0.665203
vt 0.509912 0.779972
vt 0.513147 0.665686
vt 0.513147 0.780455
vt 0.515517 0.666374
vt 0.515516 0.781143
vt 0.088815 0.973278
vt 0.091985 0.878703
vt 0.091985 0.972271
vt 0.095579 0.878465
vt 0.095579 0.972033
vt 0.099049 0.972598
vt 0.748089 0.963834
vt 0.757986 0.961406
vt 0.759954 0.974309
vt 0.638268 0.666130
vt 0.641000 0.781300
vt 0.638268 0.780899
vt 0.641000 0.666531
vt 0.766626 0.959986
vt 0.775016 0.967165
vt 0.769410 0.978157
vt 0.972240 0.253832
vt 0.976033 0.343849
vt 0.972240 0.343955
vt 0.976033 0.253726
vt 0.979603 0.342925
vt 0.823427 0.162341
vt 0.826082 0.273256
vt 0.823427 0.273693
vt 0.826082 0.161904
vt 0.829476 0.273012
vt 0.829476 0.161660
vt 0.833092 0.272999
vt 0.836381 0.161866
vt 0.836381 0.273218
vt 0.838840 0.162284
vt 0.838840 0.273636
vt 0.968802 0.252499
vt 0.972240 0.161647
vt 0.972240 0.251771
vt 0.976032 0.161753
vt 0.976033 0.251877
vt 0.979603 0.162678
vt 0.979603 0.252801
vt 0.824455 0.603927
vt 0.827110 0.493012
vt 0.827110 0.604364
vt 0.830504 0.493256
vt 0.830504 0.604608
vt 0.834121 0.493270
vt 0.834121 0.604621
vt 0.837409 0.604403
vt 0.193430 0.963420
vt 0.195450 0.949884
vt 0.205610 0.951906
vt 0.837409 0.493051
vt 0.839869 0.603985
vt 0.968802 0.253104
vt 0.968802 0.343227
vt 0.219979 0.952679
vt 0.217958 0.965958
vt 0.207798 0.962646
vt 0.641507 0.781542
vt 0.645237 0.892236
vt 0.641507 0.892368
vt 0.645237 0.781410
vt 0.648892 0.892232
vt 0.648892 0.781406
vt 0.651913 0.892357
vt 0.038544 0.802960
vt 0.041862 0.914164
vt 0.038544 0.914152
vt 0.041862 0.802973
vt 0.045528 0.914111
vt 0.045528 0.802919
vt 0.048984 0.913999
vt 0.051705 0.802655
vt 0.051705 0.913847
vt 0.075150 0.894477
vt 0.078389 0.783890
vt 0.078389 0.894716
vt 0.082120 0.784022
vt 0.082120 0.894848
vt 0.085774 0.784025
vt 0.085774 0.894852
vt 0.088796 0.783901
vt 0.088796 0.894727
vt 0.272578 0.915057
vt 0.275896 0.803853
vt 0.275896 0.915045
vt 0.279562 0.803906
vt 0.279562 0.915098
vt 0.283018 0.804018
vt 0.283018 0.915210
vt 0.815096 0.283508
vt 0.825924 0.275621
vt 0.833159 0.286964
vt 0.285739 0.915362
vt 0.638268 0.781781
vt 0.638268 0.892607
vt 0.818044 0.331733
vt 0.825279 0.343360
vt 0.814451 0.350822
vt 0.882605 0.933509
vt 0.885687 0.839654
vt 0.885687 0.932458
vt 0.868353 0.351345
vt 0.871458 0.466012
vt 0.868353 0.466198
vt 0.871458 0.351159
vt 0.875060 0.465861
vt 0.875060 0.351008
vt 0.878612 0.465768
vt 0.878612 0.350914
vt 0.881572 0.465746
vt 0.925365 0.845982
vt 0.928339 0.937296
vt 0.925365 0.938786
vt 0.928339 0.844492
vt 0.931892 0.936591
vt 0.931892 0.843787
vt 0.935483 0.936778
vt 0.935483 0.843974
vt 0.938564 0.937829
vt 0.868756 0.276501
vt 0.871861 0.161833
vt 0.871861 0.276686
vt 0.875463 0.161984
vt 0.875463 0.276838
vt 0.879015 0.162078
vt 0.879015 0.276931
vt 0.881975 0.162100
vt 0.881975 0.276953
vt 0.872488 0.931500
vt 0.875462 0.840187
vt 0.875462 0.932990
vt 0.930401 0.957176
vt 0.936025 0.968243
vt 0.927607 0.975604
vt 0.879015 0.840892
vt 0.879015 0.933696
vt 0.882605 0.840705
vt 0.961790 0.461218
vt 0.970207 0.453810
vt 0.975832 0.464846
vt 0.089431 0.170152
vt 0.097997 0.394624
vt 0.089431 0.395032
vt 0.097997 0.169744
vt 0.105803 0.393924
vt 0.105803 0.169044
vt 0.111660 0.393037
vt 0.475805 0.000000
vt 0.483485 0.184265
vt 0.475805 0.182076
vt 0.492030 0.002582
vt 0.492030 0.184658
vt 0.500141 0.001121
vt 0.500141 0.183197
vt 0.111660 0.393347
vt 0.117918 0.168157
vt 0.117918 0.393037
vt 0.125940 0.168210
vt 0.125940 0.393090
vt 0.134507 0.168618
vt 0.134507 0.393498
vt 0.142312 0.169319
vt 0.142312 0.394198
vt 0.148169 0.170205
vt 0.148169 0.395085
vt 0.475805 0.369316
vt 0.483484 0.185052
vt 0.483484 0.367128
vt 0.492030 0.366734
vt 0.492030 0.184658
vt 0.500141 0.368196
vt 0.779611 0.334688
vt 0.754895 0.330663
vt 0.759811 0.300017
vt 0.075150 0.169895
vt 0.081408 0.395085
vt 0.075150 0.394775
vt 0.081408 0.170205
vt 0.738137 0.158908
vt 0.713420 0.150899
vt 0.718337 0.121045
vt 0.601982 0.000391
vt 0.607732 0.153599
vt 0.601982 0.153990
vt 0.607732 -0.000000
vt 0.613048 0.153725
vt 0.613048 0.000125
vt 0.617119 0.154348
vt 0.601240 0.161647
vt 0.606373 0.317537
vt 0.601240 0.317286
vt 0.611968 0.162008
vt 0.611968 0.317648
vt 0.617171 0.161961
vt 0.617171 0.317601
vt 0.621192 0.161765
vt 0.621192 0.317404
vt 0.299668 0.321756
vt 0.304977 0.169005
vt 0.304977 0.322604
vt 0.310727 0.169396
vt 0.310727 0.322995
vt 0.316043 0.169271
vt 0.316043 0.322870
vt 0.320114 0.168648
vt 0.320114 0.322247
vt 0.596996 0.516695
vt 0.602130 0.360805
vt 0.602130 0.516444
vt 0.607724 0.516334
vt 0.607724 0.360694
vt 0.612928 0.516381
vt 0.797541 0.489889
vt 0.793714 0.469288
vt 0.812954 0.465181
vt 0.612928 0.360741
vt 0.616948 0.516577
vt 0.596673 0.001239
vt 0.596673 0.154839
vt 0.814397 0.307361
vt 0.803499 0.324822
vt 0.787188 0.313144
vt 0.735342 0.499095
vt 0.739185 0.609228
vt 0.735342 0.609305
vt 0.739185 0.499019
vt 0.742736 0.609091
vt 0.742736 0.498881
vt 0.745453 0.608914
vt 0.965865 0.481671
vt 0.969200 0.580732
vt 0.965865 0.581362
vt 0.972821 0.481071
vt 0.972821 0.580762
vt 0.976179 0.481757
vt 0.976179 0.581449
vt 0.729333 0.271924
vt 0.732051 0.161647
vt 0.732051 0.271856
vt 0.735602 0.161652
vt 0.735602 0.271861
vt 0.739446 0.161729
vt 0.739446 0.271938
vt 0.742997 0.161866
vt 0.742997 0.272075
vt 0.745714 0.162042
vt 0.745714 0.272252
vt 0.966968 0.450670
vt 0.970302 0.351609
vt 0.970302 0.451301
vt 0.973924 0.451270
vt 0.973924 0.351579
vt 0.977282 0.450584
vt 0.343051 0.947715
vt 0.332661 0.940287
vt 0.339604 0.929324
vt 0.729072 0.499032
vt 0.731791 0.609309
vt 0.729072 0.609242
vt 0.731790 0.499100
vt 0.417875 0.942211
vt 0.405619 0.944879
vt 0.403181 0.931907
vt 0.328932 0.717389
vt 0.332600 0.826188
vt 0.328932 0.826503
vt 0.332600 0.717075
vt 0.335901 0.825435
vt 0.335901 0.716321
vt 0.338334 0.824357
vt 0.936698 0.603835
vt 0.939925 0.712638
vt 0.936698 0.712162
vt 0.939925 0.604311
vt 0.943529 0.712719
vt 0.946962 0.604064
vt 0.946962 0.712392
vt 0.809867 0.719229
vt 0.812621 0.609482
vt 0.812621 0.718595
vt 0.816096 0.609309
vt 0.816096 0.718423
vt 0.819763 0.609624
vt 0.819763 0.718737
vt 0.823065 0.610377
vt 0.823065 0.719491
vt 0.825497 0.611455
vt 0.825497 0.720569
vt 0.888205 0.946051
vt 0.891432 0.837247
vt 0.891432 0.945575
vt 0.895037 0.837167
vt 0.895037 0.945494
vt 0.898470 0.945822
vt 0.401861 0.953926
vt 0.411507 0.946255
vt 0.417952 0.957128
vt 0.322704 0.716583
vt 0.325457 0.826330
vt 0.322704 0.825697
vt 0.325457 0.717217
vt 0.719537 0.946841
vt 0.725982 0.958089
vt 0.716337 0.965199
vt 0.353904 0.825207
vt 0.357472 0.931780
vt 0.353904 0.932144
vt 0.357472 0.824843
vt 0.360977 0.932038
vt 0.363887 0.825939
vt 0.363887 0.932877
vt 0.589413 0.749745
vt 0.592951 0.659455
vt 0.592951 0.750352
vt 0.596574 0.659239
vt 0.596574 0.750136
vt 0.716546 0.693936
vt 0.725133 0.609349
vt 0.720206 0.693976
vt 0.728651 0.610340
vt 0.723725 0.694967
vt 0.709892 0.926524
vt 0.712978 0.820516
vt 0.712978 0.927454
vt 0.716546 0.820880
vt 0.716546 0.927817
vt 0.720052 0.820623
vt 0.720052 0.927560
vt 0.722962 0.926721
vt 0.391817 0.613371
vt 0.395354 0.703661
vt 0.391817 0.704268
vt 0.395354 0.612764
vt 0.398978 0.703877
vt 0.357471 0.647843
vt 0.366058 0.732430
vt 0.362398 0.732470
vt 0.350817 0.642901
vt 0.359262 0.635306
vt 0.369577 0.640208
vt 0.361132 0.647803
vt 0.369577 0.731439
vt 0.350818 0.826136
vt 0.350818 0.933074
vt 0.727579 0.703860
vt 0.714818 0.705482
vt 0.949472 0.269787
vt 0.953262 0.350144
vt 0.949472 0.350033
vt 0.687766 0.842440
vt 0.693270 0.766610
vt 0.696956 0.766523
vt 0.837339 0.000701
vt 0.839671 0.109750
vt 0.837339 0.110197
vt 0.839671 0.000254
vt 0.842913 0.109503
vt 0.846571 0.000000
vt 0.846571 0.109496
vt 0.850088 0.000233
vt 0.850088 0.109729
vt 0.852928 0.000671
vt 0.852928 0.110167
vt 0.607297 0.945032
vt 0.610963 0.865646
vt 0.610963 0.945892
vt 0.614753 0.865535
vt 0.614753 0.945781
vt 0.582966 0.782147
vt 0.588470 0.857978
vt 0.579281 0.782061
vt 0.828215 0.830760
vt 0.830547 0.721712
vt 0.830547 0.831208
vt 0.833789 0.721958
vt 0.833789 0.831454
vt 0.837446 0.831461
vt 0.837446 0.721965
vt 0.840963 0.831229
vt 0.690716 0.855964
vt 0.678427 0.850808
vt 0.684081 0.842527
vt 0.840963 0.721733
vt 0.843804 0.830791
vt 0.945805 0.270647
vt 0.945805 0.350892
vt 0.589617 0.779357
vt 0.576100 0.780951
vt 0.575580 0.771327
vt 0.444735 0.569831
vt 0.450410 0.700784
vt 0.444735 0.701420
vt 0.450410 0.569195
vt 0.455486 0.698972
vt 0.573004 0.000000
vt 0.576659 0.155495
vt 0.573004 0.154856
vt 0.576659 0.000639
vt 0.581642 0.155846
vt 0.581642 0.000990
vt 0.587196 0.155856
vt 0.592474 0.000668
vt 0.592474 0.155524
vt 0.596673 0.000043
vt 0.596673 0.154899
vt 0.681800 0.293872
vt 0.687210 0.161647
vt 0.687210 0.293236
vt 0.692886 0.162283
vt 0.692886 0.293871
vt 0.697962 0.164094
vt 0.697962 0.295683
vt 0.549372 0.516551
vt 0.553027 0.361056
vt 0.553027 0.515912
vt 0.558010 0.360705
vt 0.558010 0.515560
vt 0.563564 0.360694
vt 0.563564 0.515550
vt 0.568842 0.515883
vt 0.898499 0.338250
vt 0.907279 0.320685
vt 0.920418 0.331885
vt 0.568842 0.361027
vt 0.573041 0.516507
vt 0.439324 0.569194
vt 0.439324 0.700783
vt 0.040096 0.920610
vt 0.043179 0.941124
vt 0.027680 0.944749
vt 0.719779 0.162305
vt 0.723426 0.278321
vt 0.719779 0.278532
vt 0.723426 0.162093
vt 0.726781 0.278090
vt 0.726781 0.161862
vt 0.729333 0.277875
vt 0.958494 0.161647
vt 0.961791 0.264434
vt 0.958494 0.263745
vt 0.965410 0.162434
vt 0.965410 0.264532
vt 0.968802 0.161927
vt 0.968802 0.264026
vt 0.727071 0.116228
vt 0.729677 0.000084
vt 0.729677 0.116311
vt 0.733061 0.000243
vt 0.733061 0.116471
vt 0.736708 0.000455
vt 0.736708 0.116683
vt 0.740063 0.000686
vt 0.740063 0.116913
vt 0.742615 0.000901
vt 0.742615 0.117129
vt 0.957692 0.706721
vt 0.960988 0.603934
vt 0.960988 0.706032
vt 0.964608 0.705933
vt 0.964608 0.603835
vt 0.968000 0.706440
vt 0.741467 0.961318
vt 0.729897 0.958927
vt 0.732198 0.946031
vt 0.713788 0.162548
vt 0.716394 0.278692
vt 0.713788 0.278776
vt 0.716394 0.162464
vt 0.894923 0.962947
vt 0.883352 0.960222
vt 0.885653 0.947392
vt 0.044623 0.696191
vt 0.048450 0.802561
vt 0.044623 0.802655
vt 0.048450 0.696096
vt 0.052043 0.802092
vt 0.052043 0.695628
vt 0.054856 0.801321
vt 0.586340 0.858509
vt 0.589727 0.963766
vt 0.586340 0.964210
vt 0.593340 0.858123
vt 0.593340 0.963824
vt 0.596628 0.858676
vt 0.596628 0.964377
vt 0.292068 0.799273
vt 0.294668 0.692171
vt 0.294668 0.798635
vt 0.298146 0.691877
vt 0.298146 0.798341
vt 0.301973 0.691972
vt 0.301973 0.798436
vt 0.305567 0.692440
vt 0.305567 0.798904
vt 0.308379 0.693211
vt 0.308379 0.799675
vt 0.955632 0.105868
vt 0.959018 0.000611
vt 0.959018 0.106313
vt 0.962631 0.106254
vt 0.962631 0.000553
vt 0.965920 0.105701
vt 0.732307 0.943228
vt 0.729935 0.930002
vt 0.741859 0.926953
vt 0.038544 0.695259
vt 0.041144 0.802361
vt 0.038544 0.801723
vt 0.041144 0.695897
vt 0.726756 0.935696
vt 0.720001 0.946748
vt 0.709892 0.938870
vt 0.850244 0.830834
vt 0.854016 0.932261
vt 0.850244 0.932182
vt 0.854016 0.830912
vt 0.857400 0.932896
vt 0.175705 0.806246
vt 0.178519 0.916199
vt 0.175705 0.916644
vt 0.178519 0.805801
vt 0.182007 0.915950
vt 0.182007 0.805552
vt 0.185639 0.915935
vt 0.188861 0.805759
vt 0.188861 0.916157
vt 0.336398 0.927851
vt 0.339253 0.827486
vt 0.339253 0.928834
vt 0.342839 0.827976
vt 0.342839 0.929324
vt 0.346611 0.827898
vt 0.346611 0.929246
vt 0.349994 0.827263
vt 0.349994 0.928611
vt 0.022929 0.917465
vt 0.025742 0.807513
vt 0.025742 0.917910
vt 0.029230 0.807761
vt 0.029230 0.918159
vt 0.032862 0.807776
vt 0.032862 0.918174
vt 0.036085 0.917952
vt 0.936698 0.832166
vt 0.943222 0.820424
vt 0.952987 0.827836
vt 0.843804 0.832307
vt 0.846658 0.932672
vt 0.843804 0.933655
vt 0.846658 0.831324
vt 0.742092 0.273909
vt 0.744383 0.287593
vt 0.732864 0.289947
vt 0.719833 0.012552
vt 0.723054 0.101533
vt 0.719733 0.102467
vt 0.338334 0.716106
vt 0.341678 0.822600
vt 0.338334 0.823272
vt 0.341678 0.715433
vt 0.345343 0.822410
vt 0.345343 0.715243
vt 0.348772 0.822732
vt 0.263369 0.693259
vt 0.266732 0.782847
vt 0.263369 0.782056
vt 0.266733 0.694050
vt 0.270372 0.782776
vt 0.377565 0.613759
vt 0.380985 0.702701
vt 0.377665 0.703674
vt 0.380886 0.612785
vt 0.384579 0.702679
vt 0.387801 0.613698
vt 0.387900 0.703613
vt 0.489373 0.895555
vt 0.492717 0.789061
vt 0.492717 0.896227
vt 0.496382 0.789251
vt 0.496382 0.896417
vt 0.499811 0.788929
vt 0.499810 0.896095
vt 0.112634 0.778708
vt 0.115997 0.689119
vt 0.115997 0.777916
vt 0.119636 0.689190
vt 0.119636 0.777987
vt 0.710377 0.002681
vt 0.723154 0.000995
vt 0.725695 0.009871
vt 0.712819 0.101472
vt 0.716239 0.012530
vt 0.716139 0.102446
vt 0.391817 0.707655
vt 0.384579 0.715209
vt 0.627219 0.513667
vt 0.632585 0.362001
vt 0.632585 0.513250
vt 0.637007 0.360772
vt 0.637007 0.512020
vt 0.642512 0.162456
vt 0.647706 0.315184
vt 0.642512 0.315914
vt 0.647706 0.161725
vt 0.653284 0.315105
vt 0.653284 0.161647
vt 0.658396 0.315691
vt 0.658396 0.162233
vt 0.662264 0.316852
vt 0.617119 0.001724
vt 0.621899 0.151707
vt 0.617119 0.152972
vt 0.621899 0.000459
vt 0.627390 0.151248
vt 0.627390 0.000000
vt 0.632755 0.151665
vt 0.632755 0.000417
vt 0.637178 0.152895
vt 0.637178 0.154397
vt 0.642372 0.001669
vt 0.642372 0.155127
vt 0.647950 0.001747
vt 0.647950 0.155205
vt 0.653062 0.001161
vt 0.653062 0.154619
vt 0.656931 0.000000
vt 0.656931 0.153458
vt 0.918568 0.116439
vt 0.932732 0.128281
vt 0.923268 0.144645
vt 0.616948 0.511943
vt 0.621729 0.361959
vt 0.621729 0.513208
vt 0.627219 0.362418
vt 0.898938 0.297438
vt 0.915646 0.292760
vt 0.918970 0.312410
vt 0.751365 0.161736
vt 0.754957 0.278583
vt 0.751365 0.278673
vt 0.754957 0.161647
vt 0.758350 0.278684
vt 0.761026 0.162024
vt 0.761026 0.278960
vt 0.978325 0.804443
vt 0.981492 0.712902
vt 0.981492 0.803381
vt 0.985100 0.712719
vt 0.985100 0.803198
vt 0.988599 0.713443
vt 0.988599 0.803922
vt 0.747341 0.726246
vt 0.749746 0.609712
vt 0.749746 0.726648
vt 0.752992 0.609978
vt 0.752992 0.726915
vt 0.756584 0.610068
vt 0.756584 0.727004
vt 0.759977 0.609967
vt 0.759977 0.726903
vt 0.762653 0.726628
vt 0.489372 0.896417
vt 0.492539 0.987959
vt 0.489372 0.986897
vt 0.492539 0.897479
vt 0.496147 0.988142
vt 0.496147 0.897662
vt 0.499646 0.987418
vt 0.891979 0.479071
vt 0.882584 0.476877
vt 0.884453 0.463899
vt 0.745714 0.162405
vt 0.748119 0.278939
vt 0.745714 0.279342
vt 0.748119 0.162003
vt 0.869791 0.977068
vt 0.860396 0.974128
vt 0.862264 0.961298
vt 0.344331 0.613064
vt 0.347904 0.704644
vt 0.344331 0.705261
vt 0.225736 0.601378
vt 0.234410 0.687658
vt 0.230866 0.688581
vt 0.229280 0.600454
vt 0.238066 0.687649
vt 0.921373 0.351222
vt 0.924449 0.456984
vt 0.921373 0.456321
vt 0.924449 0.351885
vt 0.928024 0.457155
vt 0.928024 0.352056
vt 0.931553 0.456806
vt 0.934499 0.350892
vt 0.934498 0.455991
vt 0.263369 0.692936
vt 0.266927 0.600445
vt 0.266927 0.692642
vt 0.270500 0.601062
vt 0.270500 0.693259
vt 0.244553 0.698745
vt 0.253227 0.612465
vt 0.248097 0.699668
vt 0.256883 0.612474
vt 0.251753 0.699677
vt 0.920846 0.105932
vt 0.923922 0.000170
vt 0.923922 0.105269
vt 0.927497 0.000000
vt 0.927497 0.105099
vt 0.931026 0.000349
vt 0.931026 0.105448
vt 0.244553 0.605242
vt 0.254695 0.600454
vt 0.933972 0.106262
vt 0.340774 0.612770
vt 0.340774 0.704967
vt 0.244117 0.694836
vt 0.232222 0.699677
vt 0.226171 0.692490
vt 0.760251 0.464590
vt 0.762896 0.351843
vt 0.762896 0.464828
vt 0.766318 0.464866
vt 0.766318 0.351881
vt 0.769995 0.464699
vt 0.769995 0.351714
vt 0.773368 0.464352
vt 0.773368 0.351367
vt 0.775924 0.463877
vt 0.302547 0.996530
vt 0.299117 0.910415
vt 0.302548 0.911215
vt 0.299117 0.995730
vt 0.295437 0.910507
vt 0.295437 0.995822
vt 0.292068 0.911478
vt 0.761026 0.161923
vt 0.763671 0.274670
vt 0.761026 0.274908
vt 0.767093 0.161647
vt 0.767093 0.274632
vt 0.770770 0.161814
vt 0.770770 0.274799
vt 0.774143 0.162161
vt 0.774143 0.275147
vt 0.776699 0.162636
vt 0.776699 0.275621
vt 0.999079 0.712981
vt 0.995648 0.799097
vt 0.995648 0.713782
vt 0.278202 0.952912
vt 0.286618 0.961070
vt 0.280995 0.971752
vt 0.991968 0.799005
vt 0.991968 0.713690
vt 0.988599 0.798034
vt 0.988599 0.712719
vt 0.829283 0.959190
vt 0.839211 0.955741
vt 0.841186 0.968732
vt 0.888680 0.000468
vt 0.884987 0.115059
vt 0.884987 0.000218
vt 0.881578 0.114841
vt 0.881578 -0.000000
vt 0.895799 0.595444
vt 0.898428 0.481481
vt 0.898428 0.595884
vt 0.901811 0.481741
vt 0.901811 0.596145
vt 0.905433 0.481782
vt 0.905433 0.596186
vt 0.908742 0.596001
vt 0.886054 0.718676
vt 0.883439 0.604035
vt 0.886054 0.603835
vt 0.883439 0.718876
vt 0.880026 0.604278
vt 0.880026 0.719119
vt 0.876333 0.604528
vt 0.876333 0.719369
vt 0.872923 0.604747
vt 0.249503 0.795459
vt 0.252132 0.909422
vt 0.249503 0.909863
vt 0.252132 0.795019
vt 0.255515 0.909162
vt 0.255515 0.794758
vt 0.259136 0.909121
vt 0.262445 0.794902
vt 0.262445 0.909305
vt 0.926443 0.469656
vt 0.919178 0.480746
vt 0.908305 0.473310
vt 0.894708 0.000912
vt 0.892093 0.115553
vt 0.892093 0.000712
vt 0.888680 0.115309
vt 0.829429 0.719002
vt 0.826878 0.705910
vt 0.839704 0.703284
vt 0.641549 0.361216
vt 0.646951 0.510386
vt 0.641549 0.510907
vt 0.652393 0.361113
vt 0.652393 0.510805
vt 0.657044 0.362409
vt 0.657044 0.512101
vt 0.051574 0.594670
vt 0.044864 0.491576
vt 0.057196 0.594714
vt 0.107096 0.685947
vt 0.112228 0.546924
vt 0.112228 0.684985
vt 0.117879 0.547050
vt 0.117879 0.685111
vt 0.123189 0.548245
vt 0.123189 0.686306
vt 0.638268 0.663358
vt 0.642809 0.515049
vt 0.642809 0.664741
vt 0.648212 0.515571
vt 0.648212 0.665262
vt 0.653653 0.664843
vt 0.653653 0.515152
vt 0.658305 0.663547
vt 0.022976 0.470669
vt 0.016266 0.573763
vt 0.010644 0.573808
vt 0.677841 0.514025
vt 0.682972 0.653049
vt 0.677841 0.652086
vt 0.682972 0.514988
vt 0.688623 0.652922
vt 0.051617 0.472302
vt 0.054399 0.487117
vt 0.034177 0.489898
vt 0.688623 0.514862
vt 0.693933 0.651727
vt 0.637007 0.362599
vt 0.637007 0.512290
vt 0.000336 0.586430
vt 0.028262 0.582047
vt 0.971279 0.604265
vt 0.974955 0.696655
vt 0.971279 0.697085
vt 0.974955 0.603835
vt 0.978468 0.697093
vt 0.843804 0.721264
vt 0.846515 0.830469
vt 0.843804 0.829874
vt 0.849964 0.722196
vt 0.849964 0.830806
vt 0.853626 0.722224
vt 0.853626 0.830834
vt 0.856945 0.721939
vt 0.856945 0.830548
vt 0.859413 0.721383
vt 0.859413 0.829993
vt 0.967857 0.805539
vt 0.971136 0.713953
vt 0.971136 0.806772
vt 0.974812 0.714383
vt 0.974812 0.807203
vt 0.978325 0.713944
vt 0.978325 0.806764
vt 0.844056 0.718879
vt 0.846766 0.609674
vt 0.846766 0.718284
vt 0.850216 0.717947
vt 0.850216 0.609337
vt 0.853878 0.717919
vt 0.853878 0.609309
vt 0.857196 0.718205
vt 0.353880 0.969452
vt 0.351893 0.956120
vt 0.361881 0.953114
vt 0.857196 0.609595
vt 0.859665 0.718760
vt 0.968000 0.605499
vt 0.968000 0.698319
vt 0.150806 0.958050
vt 0.145149 0.969216
vt 0.136681 0.961337
vt 0.429984 0.307065
vt 0.433594 0.423352
vt 0.429984 0.423513
vt 0.433594 0.306904
vt 0.436868 0.423025
vt 0.436868 0.306578
vt 0.439306 0.422582
vt 0.977282 0.350892
vt 0.980497 0.443310
vt 0.977282 0.442294
vt 0.984102 0.352115
vt 0.984102 0.443517
vt 0.987547 0.351482
vt 0.987547 0.442884
vt 0.693933 0.759108
vt 0.696601 0.642446
vt 0.696601 0.758893
vt 0.699999 0.642417
vt 0.699999 0.758864
vt 0.703609 0.642578
vt 0.703609 0.759025
vt 0.706882 0.642904
vt 0.706882 0.759352
vt 0.709320 0.643347
vt 0.709320 0.759794
vt 0.109610 0.987691
vt 0.112826 0.895274
vt 0.112826 0.986675
vt 0.116430 0.986468
vt 0.116430 0.895067
vt 0.119875 0.987101
vt 0.964209 0.953399
vt 0.974160 0.951725
vt 0.976140 0.964686
vt 0.423919 0.306821
vt 0.426586 0.423484
vt 0.423919 0.423268
vt 0.426586 0.307036
vt 0.005637 0.957963
vt 0.014073 0.964470
vt 0.008437 0.975804
vt 0.311639 0.807752
vt 0.315280 0.692130
vt 0.315280 0.807945
vt 0.318747 0.692426
vt 0.318747 0.808240
vt 0.321514 0.692779
vt 0.321514 0.808593
vt 0.886054 0.719390
vt 0.889331 0.603858
vt 0.889331 0.719414
vt 0.892955 0.603933
vt 0.892955 0.719488
vt 0.896373 0.604047
vt 0.896373 0.719602
vt 0.899065 0.719738
vt 0.307959 0.539678
vt 0.311219 0.655432
vt 0.307959 0.655493
vt 0.311219 0.539618
vt 0.314859 0.655240
vt 0.314859 0.539425
vt 0.318327 0.654944
vt 0.318327 0.539130
vt 0.321094 0.654591
vt 0.885459 0.721612
vt 0.888736 0.837144
vt 0.885459 0.837167
vt 0.888736 0.721588
vt 0.892360 0.837069
vt 0.892360 0.721514
vt 0.895778 0.836955
vt 0.192336 0.930723
vt 0.181490 0.938178
vt 0.174244 0.927149
vt 0.898470 0.721264
vt 0.898470 0.836819
vt 0.308379 0.807692
vt 0.311639 0.691938
vt 0.801545 0.937334
vt 0.794298 0.926226
vt 0.805144 0.918889
vt 0.772139 0.000267
vt 0.774927 0.111712
vt 0.772139 0.111980
vt 0.988645 0.690197
vt 0.991644 0.605126
vt 0.991644 0.691488
vt 0.995233 0.605603
vt 0.995233 0.691965
vt 0.998865 0.605194
vt 0.998865 0.691556
vt 0.596687 0.775321
vt 0.599188 0.663513
vt 0.599188 0.775226
vt 0.602567 0.663527
vt 0.602567 0.775240
vt 0.606307 0.663649
vt 0.606307 0.775361
vt 0.609841 0.663859
vt 0.609841 0.775572
vt 0.612629 0.664127
vt 0.612629 0.775839
vt 0.989779 0.163415
vt 0.992778 0.248486
vt 0.989779 0.249777
vt 0.992778 0.162124
vt 0.996367 0.248009
vt 0.996367 0.161647
vt 1.000000 0.248418
vt 0.758985 0.000518
vt 0.761487 0.112326
vt 0.758985 0.112230
vt 0.761487 0.000613
vt 0.764865 0.112312
vt 0.586340 0.957820
vt 0.577301 0.964631
vt 0.571261 0.953293
vt 0.764866 0.000599
vt 0.768606 0.112190
vt 0.768606 0.000478
vt 0.429959 0.479948
vt 0.423919 0.469317
vt 0.432958 0.461448
vt 0.381770 0.306914
vt 0.390579 0.485759
vt 0.381770 0.486538
vt 0.390579 0.306135
vt 0.398833 0.486968
vt 0.225736 0.168157
vt 0.231922 0.382614
vt 0.225736 0.381817
vt 0.239965 0.169467
vt 0.239965 0.383127
vt 0.248638 0.169618
vt 0.248638 0.383278
vt 0.256622 0.169385
vt 0.256622 0.383045
vt 0.262702 0.168802
vt 0.262702 0.382462
vt 0.398833 0.485759
vt 0.406855 0.308783
vt 0.406855 0.488407
vt 0.415664 0.309562
vt 0.415664 0.489186
vt 0.423919 0.308354
vt 0.423919 0.487978
vt 0.262702 0.383279
vt 0.268888 0.168821
vt 0.268888 0.382482
vt 0.276930 0.381968
vt 0.276930 0.168308
vt 0.285604 0.381817
vt 0.285604 0.168157
vt 0.293588 0.382050
vt 0.753331 0.157684
vt 0.748389 0.125717
vt 0.773235 0.120402
vt 0.293588 0.168390
vt 0.299668 0.382633
vt 0.373748 0.309562
vt 0.373748 0.489186
vt 0.752234 0.313109
vt 0.738160 0.340609
vt 0.717096 0.323465
vt 0.534095 0.361043
vt 0.539949 0.514887
vt 0.534095 0.515171
vt 0.539949 0.360760
vt 0.545313 0.514822
vt 0.545313 0.360694
vt 0.549373 0.514984
vt 0.292068 0.539206
vt 0.297155 0.691304
vt 0.292068 0.691733
vt 0.302735 0.538827
vt 0.302735 0.691354
vt 0.307959 0.539350
vt 0.307959 0.691877
vt 0.292068 0.537406
vt 0.296287 0.383842
vt 0.296287 0.537969
vt 0.301739 0.384300
vt 0.301739 0.538428
vt 0.307593 0.384584
vt 0.307593 0.538711
vt 0.312958 0.384649
vt 0.312958 0.538777
vt 0.317017 0.384487
vt 0.317017 0.538614
vt 0.677340 0.503563
vt 0.682427 0.351466
vt 0.682427 0.503993
vt 0.688007 0.503942
vt 0.688007 0.351415
vt 0.693231 0.503419
vt 0.695360 0.502433
vt 0.699294 0.481932
vt 0.719070 0.485844
vt 0.524424 0.362065
vt 0.528643 0.515629
vt 0.524424 0.516193
vt 0.528643 0.361502
vt 0.627079 0.324041
vt 0.623145 0.344478
vt 0.603369 0.340247
vt 0.630810 0.860882
vt 0.634549 0.962371
vt 0.630810 0.962662
vt 0.634549 0.860591
vt 0.637970 0.961481
vt 0.728651 0.706507
vt 0.731136 0.819536
vt 0.728651 0.819449
vt 0.731136 0.706593
vt 0.734437 0.819578
vt 0.734437 0.706635
vt 0.738050 0.819569
vt 0.741426 0.706568
vt 0.741426 0.819511
vt 0.744052 0.706469
vt 0.744052 0.819412
vt 0.524424 0.962006
vt 0.527912 0.859874
vt 0.527912 0.961654
vt 0.531651 0.860165
vt 0.531651 0.961944
vt 0.535072 0.861055
vt 0.535072 0.962834
vt 0.439325 0.814491
vt 0.441810 0.701462
vt 0.441810 0.814404
vt 0.445110 0.701420
vt 0.445110 0.814362
vt 0.448724 0.701428
vt 0.448723 0.814371
vt 0.452100 0.814430
vt 0.811802 0.951791
vt 0.814068 0.938619
vt 0.825461 0.941902
vt 0.452100 0.701487
vt 0.454725 0.814529
vt 0.627322 0.860529
vt 0.627322 0.962309
vt 0.189130 0.941962
vt 0.186863 0.955388
vt 0.175470 0.953380
vt 0.811852 0.000299
vt 0.815512 0.109536
vt 0.811852 0.109835
vt 0.815512 0.000000
vt 0.818972 0.109718
vt 0.818972 0.000182
vt 0.821705 0.110353
vt 0.948920 0.949343
vt 0.952330 0.844289
vt 0.952330 0.949844
vt 0.955973 0.844322
vt 0.955973 0.949877
vt 0.959294 0.843881
vt 0.959294 0.949436
vt 0.807216 0.460428
vt 0.809660 0.351951
vt 0.809660 0.461487
vt 0.812964 0.352685
vt 0.812964 0.462221
vt 0.816624 0.352985
vt 0.816624 0.462521
vt 0.820084 0.352803
vt 0.820084 0.462339
vt 0.822817 0.352168
vt 0.822817 0.461704
vt 0.616948 0.860236
vt 0.620358 0.965290
vt 0.616948 0.965791
vt 0.620358 0.859734
vt 0.624001 0.965257
vt 0.624001 0.859701
vt 0.627322 0.965698
vt 0.684243 0.963008
vt 0.677841 0.951877
vt 0.687422 0.944293
vt 0.806103 0.002093
vt 0.808548 0.110570
vt 0.806103 0.111629
vt 0.808548 0.001034
vt 0.961789 0.465110
vt 0.952208 0.472491
vt 0.945805 0.461225
vt 0.642033 0.892607
vt 0.645814 0.981996
vt 0.642033 0.981653
vt 0.645814 0.892949
vt 0.649034 0.983113
vt 0.534006 0.845701
vt 0.539636 0.770794
vt 0.543251 0.770660
vt 0.911851 0.833231
vt 0.914942 0.934714
vt 0.911851 0.935437
vt 0.914942 0.832508
vt 0.918556 0.934521
vt 0.918556 0.832315
vt 0.922142 0.934888
vt 0.922142 0.832682
vt 0.925154 0.935758
vt 0.969623 0.844762
vt 0.973388 0.934293
vt 0.969623 0.933808
vt 0.977169 0.844904
vt 0.977169 0.933951
vt 0.980389 0.843787
vt 0.980389 0.932834
vt 0.667887 0.784903
vt 0.673517 0.859810
vt 0.664271 0.784769
vt 0.812581 0.934739
vt 0.815672 0.833256
vt 0.815672 0.935462
vt 0.819286 0.833449
vt 0.819286 0.935655
vt 0.822872 0.833083
vt 0.822872 0.935288
vt 0.533669 0.859874
vt 0.524424 0.851729
vt 0.825884 0.832212
vt 0.825884 0.934418
vt 0.638268 0.982138
vt 0.676480 0.779550
vt 0.658957 0.776083
vt 0.555399 0.772897
vt 0.559236 0.664329
vt 0.559236 0.773007
vt 0.562864 0.664195
vt 0.562864 0.772873
vt 0.565729 0.663838
vt 0.565729 0.772515
vt 0.468557 0.956970
vt 0.471989 0.875105
vt 0.471989 0.956183
vt 0.475596 0.875312
vt 0.475596 0.956390
vt 0.607613 0.850527
vt 0.611464 0.775863
vt 0.615121 0.775839
vt 0.658305 0.662053
vt 0.660867 0.770217
vt 0.658305 0.770730
vt 0.660867 0.661540
vt 0.664331 0.769880
vt 0.664331 0.661203
vt 0.668168 0.769770
vt 0.668168 0.661093
vt 0.671796 0.769904
vt 0.671796 0.661227
vt 0.674661 0.770262
vt 0.953262 0.269027
vt 0.956693 0.350892
vt 0.953262 0.350105
vt 0.956693 0.269815
vt 0.960300 0.350685
vt 0.511067 0.795404
vt 0.514918 0.870067
vt 0.507409 0.795380
vt 0.596734 0.859133
vt 0.603955 0.850551
vt 0.615074 0.856180
vt 0.549373 0.772046
vt 0.551935 0.663882
vt 0.551935 0.772560
vt 0.555399 0.664219
vt 0.514667 0.782273
vt 0.517084 0.792357
vt 0.504048 0.794274
vt 0.558017 0.000303
vt 0.563572 0.159601
vt 0.558017 0.159904
vt 0.563572 -0.000000
vt 0.568835 0.159761
vt 0.568835 0.000159
vt 0.573004 0.160358
vt 0.693082 0.128349
vt 0.698335 0.001284
vt 0.698335 0.129552
vt 0.703925 0.001255
vt 0.703925 0.129524
vt 0.709001 -0.000000
vt 0.709001 0.128269
vt 0.125585 0.554687
vt 0.129272 0.396110
vt 0.129272 0.555711
vt 0.134274 0.396829
vt 0.134274 0.556430
vt 0.139829 0.397131
vt 0.139829 0.556732
vt 0.145091 0.396972
vt 0.145091 0.556573
vt 0.149261 0.396375
vt 0.149261 0.555976
vt 0.208966 0.573124
vt 0.214219 0.700190
vt 0.208966 0.701393
vt 0.214219 0.571922
vt 0.219809 0.700219
vt 0.219809 0.571950
vt 0.224886 0.701474
vt 0.205409 0.947924
vt 0.192336 0.937123
vt 0.201071 0.919862
vt 0.549329 0.002046
vt 0.553016 0.160622
vt 0.549329 0.161647
vt 0.553016 0.001021
vt 0.393896 0.942021
vt 0.378475 0.945394
vt 0.375408 0.925314
vt 0.661762 0.860198
vt 0.665509 0.960907
vt 0.661762 0.961161
vt 0.665509 0.859944
vt 0.668974 0.961311
vt 0.792418 0.161647
vt 0.794960 0.273507
vt 0.792418 0.273352
vt 0.798313 0.161926
vt 0.798313 0.273631
vt 0.801967 0.162001
vt 0.801967 0.273706
vt 0.805365 0.162015
vt 0.805365 0.273721
vt 0.807991 0.161967
vt 0.807991 0.273672
vt 0.549373 0.962707
vt 0.552830 0.862617
vt 0.552830 0.963580
vt 0.556577 0.862871
vt 0.556577 0.963835
vt 0.560042 0.862468
vt 0.560042 0.963431
vt 0.791643 0.462966
vt 0.794185 0.351106
vt 0.794185 0.462811
vt 0.797538 0.462687
vt 0.797538 0.350982
vt 0.801192 0.462612
vt 0.801192 0.350907
vt 0.804590 0.462598
vt 0.831761 0.952838
vt 0.829460 0.939332
vt 0.841028 0.937144
vt 0.804590 0.350892
vt 0.807216 0.462646
vt 0.658305 0.861072
vt 0.658305 0.962035
vt 0.288937 0.941137
vt 0.282385 0.952777
vt 0.272578 0.945587
vt 0.165624 0.703093
vt 0.169298 0.811983
vt 0.165624 0.812294
vt 0.169298 0.702782
vt 0.172612 0.811242
vt 0.172612 0.702041
vt 0.175061 0.810184
vt 0.239234 0.794717
vt 0.242470 0.904126
vt 0.239234 0.903686
vt 0.242470 0.795157
vt 0.246076 0.904197
vt 0.249503 0.794920
vt 0.249503 0.903890
vt 0.192336 0.808374
vt 0.195082 0.698554
vt 0.195082 0.807755
vt 0.198556 0.698387
vt 0.198556 0.807588
vt 0.202230 0.698698
vt 0.202230 0.807899
vt 0.205544 0.699440
vt 0.205544 0.808640
vt 0.207993 0.700498
vt 0.207993 0.809699
vt 0.934959 0.590521
vt 0.938195 0.481111
vt 0.938195 0.590081
vt 0.941800 0.481040
vt 0.941800 0.590010
vt 0.945227 0.590317
vt 0.057196 0.950574
vt 0.066957 0.942839
vt 0.073480 0.953674
vt 0.159404 0.702308
vt 0.162150 0.812128
vt 0.159404 0.811509
vt 0.162150 0.702927
vt 0.165122 0.942200
vt 0.171644 0.953492
vt 0.161883 0.960542
vt 0.878663 0.838643
vt 0.882254 0.721947
vt 0.882254 0.838696
vt 0.885459 0.721805
vt 0.885459 0.838555
vt 0.908481 0.271896
vt 0.911406 0.161933
vt 0.911406 0.271159
vt 0.914923 0.161647
vt 0.914923 0.270874
vt 0.918497 0.271082
vt 0.918497 0.161856
vt 0.921585 0.271753
vt 0.869214 0.481723
vt 0.871960 0.598083
vt 0.869214 0.598473
vt 0.871960 0.481333
vt 0.875389 0.597843
vt 0.875389 0.481093
vt 0.878979 0.597790
vt 0.878979 0.481040
vt 0.882184 0.597932
vt 0.908742 0.481040
vt 0.911666 0.591003
vt 0.908742 0.590267
vt 0.911666 0.481777
vt 0.915184 0.591289
vt 0.915184 0.482062
vt 0.918758 0.591080
vt 0.921846 0.481182
vt 0.921846 0.590409
vt 0.782348 0.943264
vt 0.792291 0.950258
vt 0.785647 0.961311
vt 0.872488 0.838014
vt 0.875234 0.721654
vt 0.875234 0.838404
vt 0.878663 0.721894
vt 0.853030 0.466578
vt 0.864758 0.464347
vt 0.867091 0.477236
vt 0.277823 0.609738
vt 0.279816 0.699129
vt 0.276495 0.700018
vt 0.284738 0.608912
vt 0.283410 0.699192
vt 0.288059 0.609919
vt 0.286731 0.700199
vt 0.318990 0.464134
vt 0.322674 0.381606
vt 0.322674 0.464212
vt 0.728651 0.925582
vt 0.731503 0.819828
vt 0.731503 0.924845
vt 0.735052 0.819578
vt 0.735052 0.924594
vt 0.738759 0.819852
vt 0.738759 0.924868
vt 0.742060 0.820609
vt 0.742060 0.925625
vt 0.327945 0.714354
vt 0.329941 0.624963
vt 0.331266 0.715243
vt 0.334860 0.715180
vt 0.333536 0.624900
vt 0.338181 0.714174
vt 0.218760 0.449537
vt 0.222444 0.532066
vt 0.218760 0.532144
vt 0.775705 0.818429
vt 0.778556 0.924183
vt 0.775705 0.923446
vt 0.778556 0.819167
vt 0.782106 0.924433
vt 0.322704 0.620103
vt 0.329942 0.612511
vt 0.782106 0.819417
vt 0.785813 0.924159
vt 0.785813 0.819143
vt 0.789114 0.923402
vt 0.289273 0.709049
vt 0.276495 0.710575
vt 0.273954 0.701725
vt 0.266185 0.455077
vt 0.271233 0.599013
vt 0.266185 0.600079
vt 0.271233 0.454011
vt 0.274804 0.597410
vt 0.075150 0.687604
vt 0.080008 0.548094
vt 0.080008 0.688775
vt 0.085617 0.548439
vt 0.085617 0.689119
vt 0.091123 0.547905
vt 0.091123 0.688585
vt 0.225736 0.598884
vt 0.230306 0.452797
vt 0.230306 0.597799
vt 0.235895 0.452408
vt 0.235895 0.597410
vt 0.241651 0.452774
vt 0.241651 0.597776
vt 0.246699 0.453840
vt 0.246699 0.598842
vt 0.250270 0.455443
vt 0.250270 0.600445
vt 0.091123 0.548439
vt 0.095981 0.687949
vt 0.091123 0.689119
vt 0.095981 0.547268
vt 0.101590 0.687604
vt 0.101590 0.546924
vt 0.107096 0.688138
vt 0.250270 0.453969
vt 0.254840 0.600056
vt 0.250270 0.598971
vt 0.861341 0.127582
vt 0.851195 0.144286
vt 0.836011 0.133148
vt 0.254840 0.455054
vt 0.260429 0.600445
vt 0.260429 0.455443
vt 0.855055 0.346285
vt 0.851492 0.326590
vt 0.869403 0.322692
vt 0.928896 0.347807
vt 0.925130 0.267395
vt 0.928896 0.267597
vt 0.925130 0.347604
vt 0.921585 0.268168
vt 0.821705 0.000374
vt 0.824109 0.110607
vt 0.821705 0.110857
vt 0.824109 0.000124
vt 0.827396 0.110483
vt 0.831064 0.000021
vt 0.831064 0.110504
vt 0.834556 0.000185
vt 0.834556 0.110668
vt 0.837339 0.000465
vt 0.837339 0.110948
vt 0.849564 0.266855
vt 0.846151 0.348212
vt 0.846151 0.268002
vt 0.842386 0.348415
vt 0.842386 0.268205
vt 0.838840 0.347641
vt 0.838840 0.267432
vt 0.812581 0.831838
vt 0.814985 0.721605
vt 0.814985 0.832088
vt 0.818271 0.721729
vt 0.818271 0.832212
vt 0.821939 0.832191
vt 0.821939 0.721708
vt 0.825431 0.832027
vt 0.826308 0.347265
vt 0.828211 0.333598
vt 0.837777 0.335192
vt 0.825431 0.721544
vt 0.828215 0.831747
vt 0.932308 0.348954
vt 0.932308 0.268745
vt 0.576255 0.299480
vt 0.574352 0.312716
vt 0.564786 0.308959
vt 0.765718 0.818729
vt 0.769274 0.926221
vt 0.765718 0.926565
vt 0.769274 0.818386
vt 0.772782 0.926479
vt 0.775705 0.819462
vt 0.775705 0.927298
vt 0.565729 0.750553
vt 0.569281 0.663981
vt 0.569281 0.751165
vt 0.572896 0.663707
vt 0.572896 0.750891
vt 0.045481 0.682823
vt 0.053724 0.594846
vt 0.049147 0.682955
vt 0.057196 0.595874
vt 0.052618 0.683982
vt 0.912313 0.711671
vt 0.915378 0.604727
vt 0.915378 0.712563
vt 0.918935 0.605071
vt 0.918935 0.712907
vt 0.922442 0.604814
vt 0.922442 0.712649
vt 0.925365 0.711830
vt 0.491366 0.674233
vt 0.494918 0.760805
vt 0.491366 0.761417
vt 0.494918 0.673621
vt 0.498533 0.761079
vt 0.026829 0.606748
vt 0.035073 0.694725
vt 0.031407 0.694857
vt 0.019893 0.602246
vt 0.027942 0.594846
vt 0.038544 0.599216
vt 0.030495 0.606616
vt 0.038544 0.693697
vt 0.762653 0.819622
vt 0.762653 0.927458
vt 0.055997 0.692492
vt 0.043122 0.693697
vt 0.789372 0.462869
vt 0.791643 0.351257
vt 0.791643 0.463140
vt 0.466027 0.904533
vt 0.462635 0.991312
vt 0.462635 0.905289
vt 0.458934 0.991107
vt 0.458934 0.905084
vt 0.455486 0.989972
vt 0.455486 0.903949
vt 0.776699 0.273530
vt 0.779644 0.162057
vt 0.779644 0.273940
vt 0.783234 0.162333
vt 0.783234 0.274215
vt 0.786922 0.162431
vt 0.786922 0.274314
vt 0.790147 0.162337
vt 0.790147 0.274220
vt 0.792418 0.273949
vt 0.249503 0.990977
vt 0.246111 0.904197
vt 0.249503 0.904954
vt 0.246111 0.990220
vt 0.242409 0.904403
vt 0.242409 0.990425
vt 0.238961 0.905538
vt 0.775924 0.351676
vt 0.778869 0.463149
vt 0.775924 0.463559
vt 0.778869 0.351266
vt 0.782459 0.462873
vt 0.808323 0.967034
vt 0.799916 0.974920
vt 0.794299 0.964223
vt 0.782459 0.350991
vt 0.786147 0.462775
vt 0.786147 0.350892
vt 0.323249 0.974432
vt 0.317631 0.963052
vt 0.326038 0.956188
vt 0.889074 0.161893
vt 0.885314 0.272649
vt 0.885314 0.161811
vt 0.881975 0.272484
vt 0.881975 0.161647
vt 0.921373 0.350949
vt 0.918763 0.462050
vt 0.918763 0.350892
vt 0.915363 0.350894
vt 0.915363 0.462051
vt 0.911691 0.350953
vt 0.911691 0.462111
vt 0.908305 0.351062
vt 0.895799 0.591995
vt 0.892892 0.481053
vt 0.895799 0.481158
vt 0.892892 0.591890
vt 0.889283 0.481040
vt 0.889283 0.591878
vt 0.885523 0.481122
vt 0.885523 0.591960
vt 0.882184 0.481286
vt 0.920846 0.111270
vt 0.918237 0.000169
vt 0.920846 0.000112
vt 0.914837 0.111326
vt 0.914837 0.000168
vt 0.911164 0.111266
vt 0.911164 0.000109
vt 0.907778 0.111158
vt 0.907778 -0.000000
vt 0.768254 0.294914
vt 0.761026 0.283171
vt 0.771844 0.275709
vt 0.895590 0.161776
vt 0.892683 0.272718
vt 0.892683 0.161881
vt 0.889074 0.272731
vt 0.797120 0.287009
vt 0.786301 0.295002
vt 0.779073 0.283614
vt 0.175705 0.573764
vt 0.170456 0.699443
vt 0.170456 0.572224
vt 0.164732 0.699141
vt 0.164732 0.571922
vt 0.159404 0.700121
vt 0.159404 0.572902
vt 0.500141 0.522752
vt 0.504736 0.663791
vt 0.500141 0.664999
vt 0.504736 0.521544
vt 0.510250 0.663349
vt 0.510250 0.521102
vt 0.515844 0.663742
vt 0.515844 0.521495
vt 0.520666 0.664908
vt 0.171240 0.470627
vt 0.189082 0.571563
vt 0.183183 0.571922
vt 0.471788 0.694603
vt 0.466539 0.568923
vt 0.471788 0.567384
vt 0.466539 0.696142
vt 0.460814 0.569226
vt 0.460814 0.696445
vt 0.455486 0.568246
vt 0.475805 0.671971
vt 0.480401 0.530932
vt 0.480401 0.673179
vt 0.485915 0.531374
vt 0.485915 0.673621
vt 0.491509 0.530982
vt 0.491509 0.673229
vt 0.186783 0.465171
vt 0.165798 0.469375
vt 0.161703 0.454915
vt 0.496331 0.529815
vt 0.496331 0.672062
vt 0.200918 0.550755
vt 0.218760 0.449819
vt 0.206817 0.551114
vt 0.206925 0.571922
vt 0.189104 0.562505
vt 0.784584 0.716565
vt 0.788418 0.609391
vt 0.788418 0.716647
vt 0.791830 0.609779
vt 0.791830 0.717035
vt 0.794299 0.610414
vt 0.794299 0.717670
vt 0.976179 0.482200
vt 0.979357 0.572411
vt 0.976179 0.573390
vt 0.979357 0.481221
vt 0.982974 0.572230
vt 0.982974 0.481040
vt 0.986480 0.572876
vt 0.777109 0.492924
vt 0.780063 0.600699
vt 0.777109 0.600180
vt 0.780063 0.493443
vt 0.783736 0.600936
vt 0.783736 0.493680
vt 0.787570 0.600854
vt 0.787570 0.493598
vt 0.790982 0.600466
vt 0.790982 0.493210
vt 0.793451 0.599831
vt 0.976243 0.091190
vt 0.979421 0.000979
vt 0.979421 0.092169
vt 0.983038 0.001160
vt 0.983038 0.092350
vt 0.986544 0.000514
vt 0.986544 0.091704
vt 0.374949 0.951964
vt 0.386108 0.949202
vt 0.388328 0.962046
vt 0.777957 0.717321
vt 0.780911 0.609546
vt 0.780911 0.716802
vt 0.784584 0.609309
vt 0.338982 0.947715
vt 0.348442 0.955183
vt 0.342121 0.965992
vt 0.102401 0.895441
vt 0.106110 0.985176
vt 0.102401 0.985551
vt 0.106110 0.895067
vt 0.109610 0.985700
vt 0.822817 0.350892
vt 0.825466 0.461536
vt 0.822817 0.461131
vt 0.828884 0.351545
vt 0.828884 0.461784
vt 0.832551 0.351598
vt 0.832551 0.461837
vt 0.835909 0.351449
vt 0.835909 0.461687
vt 0.838447 0.351119
vt 0.838447 0.461358
vt 0.075150 0.984961
vt 0.078503 0.896067
vt 0.078503 0.986176
vt 0.082211 0.896442
vt 0.082211 0.986551
vt 0.085712 0.895918
vt 0.085712 0.986027
vt 0.747023 0.837949
vt 0.749672 0.727305
vt 0.749672 0.837544
vt 0.753091 0.837296
vt 0.753091 0.727057
vt 0.756758 0.837243
vt 0.756758 0.727004
vt 0.760115 0.837392
vt 0.952002 0.967329
vt 0.950002 0.953834
vt 0.960056 0.951510
vt 0.760116 0.727154
vt 0.762653 0.837722
vt 0.099049 0.896657
vt 0.099049 0.986766
vt 0.967206 0.827734
vt 0.961511 0.839312
vt 0.952987 0.832001
vt 0.908353 0.721341
vt 0.904582 0.831640
vt 0.904582 0.721264
vt 0.901111 0.831741
vt 0.901111 0.721364
vt 0.898470 0.832003
vt 0.898470 0.721627
vt 0.899065 0.603999
vt 0.902349 0.714730
vt 0.899065 0.714841
vt 0.902349 0.603887
vt 0.906019 0.714678
vt 0.906019 0.603835
vt 0.909518 0.714693
vt 0.909518 0.603850
vt 0.912313 0.714773
vt 0.305449 0.910095
vt 0.301951 0.799962
vt 0.305449 0.799719
vt 0.301951 0.910338
vt 0.298180 0.800039
vt 0.298180 0.910415
vt 0.294710 0.799938
vt 0.294710 0.910314
vt 0.292068 0.799676
vt 0.141603 0.912871
vt 0.144887 0.802140
vt 0.144887 0.912982
vt 0.148558 0.802192
vt 0.148558 0.913034
vt 0.152057 0.802176
vt 0.152057 0.913019
vt 0.791085 0.342839
vt 0.788557 0.329246
vt 0.801268 0.326208
vt 0.154851 0.802096
vt 0.154851 0.912939
vt 0.911851 0.721584
vt 0.908353 0.831717
vt 0.815096 0.283629
vt 0.807896 0.295025
vt 0.797120 0.287016
vt 0.067563 0.941350
vt 0.070621 0.851849
vt 0.070621 0.942840
vt 0.908305 0.351495
vt 0.905062 0.464226
vt 0.905062 0.351078
vt 0.901424 0.464040
vt 0.901424 0.350892
vt 0.897946 0.464113
vt 0.897946 0.350965
vt 0.895157 0.351286
vt 0.934698 0.162656
vt 0.937800 0.254673
vt 0.934698 0.253647
vt 0.937800 0.163682
vt 0.941441 0.254842
vt 0.941441 0.163851
vt 0.945066 0.254127
vt 0.945066 0.163136
vt 0.948123 0.252637
vt 0.238884 0.907865
vt 0.235640 0.795133
vt 0.238884 0.794717
vt 0.235640 0.908282
vt 0.232003 0.795319
vt 0.232003 0.908468
vt 0.228525 0.795246
vt 0.225736 0.908074
vt 0.225736 0.794926
vt 0.057196 0.941830
vt 0.060298 0.849814
vt 0.060298 0.940804
vt 0.816195 0.974862
vt 0.810575 0.963768
vt 0.818986 0.956340
vt 0.063938 0.849645
vt 0.063938 0.940636
vt 0.067563 0.850360
vt 0.188276 0.968276
vt 0.179864 0.975684
vt 0.174244 0.964575
vt 0.534050 0.002125
vt 0.539860 0.154768
vt 0.534050 0.155122
vt 0.539860 0.001771
vt 0.545225 0.154022
vt 0.545225 0.001025
vt 0.549329 0.152997
vt 0.274804 0.452585
vt 0.279922 0.608577
vt 0.274804 0.608755
vt 0.285485 0.452441
vt 0.285485 0.608611
vt 0.290648 0.452680
vt 0.290648 0.608849
vt 0.524568 0.308734
vt 0.528680 0.155214
vt 0.528680 0.308211
vt 0.534050 0.155122
vt 0.534050 0.308119
vt 0.539860 0.155476
vt 0.539860 0.308473
vt 0.545225 0.156223
vt 0.545225 0.309220
vt 0.549329 0.157247
vt 0.549329 0.310244
vt 0.057196 0.626888
vt 0.062313 0.470896
vt 0.062313 0.627065
vt 0.067877 0.627032
vt 0.067877 0.470863
vt 0.073040 0.626794
vt 0.782933 0.139549
vt 0.786778 0.118832
vt 0.806108 0.122627
vt 0.524568 0.001510
vt 0.528680 0.155031
vt 0.524568 0.154507
vt 0.528680 0.002034
vt 0.753626 0.474454
vt 0.749781 0.495046
vt 0.730451 0.490625
vt 0.734259 0.351186
vt 0.737903 0.467035
vt 0.734259 0.467244
vt 0.737903 0.350978
vt 0.741288 0.466949
vt 0.741288 0.350892
vt 0.743899 0.467000
vt 0.959294 0.843787
vt 0.962631 0.945415
vt 0.959294 0.944724
vt 0.966258 0.844550
vt 0.966258 0.945487
vt 0.969623 0.843993
vt 0.969623 0.944930
vt 0.057196 0.743123
vt 0.059737 0.627412
vt 0.059737 0.743469
vt 0.063085 0.627712
vt 0.063085 0.743769
vt 0.066728 0.627921
vt 0.066728 0.743978
vt 0.070113 0.628006
vt 0.070113 0.744063
vt 0.072724 0.627955
vt 0.072724 0.744012
vt 0.500140 0.971791
vt 0.503478 0.870164
vt 0.503478 0.971101
vt 0.507105 0.971029
vt 0.507105 0.870091
vt 0.510470 0.971585
vt 0.051775 0.964282
vt 0.040337 0.961213
vt 0.042612 0.948439
vt 0.728370 0.351833
vt 0.730912 0.467544
vt 0.728370 0.467890
vt 0.730912 0.351487
vt 0.035599 0.963875
vt 0.024160 0.961822
vt 0.026435 0.948846
vt 0.846397 0.492625
vt 0.850214 0.596257
vt 0.846397 0.596306
vt 0.850214 0.492575
vt 0.853635 0.596702
vt 0.853635 0.493020
vt 0.856139 0.597573
vt 0.945279 0.000478
vt 0.948519 0.106490
vt 0.945279 0.106945
vt 0.952155 0.000000
vt 0.952155 0.106466
vt 0.955632 0.000412
vt 0.955632 0.106879
vt 0.838840 0.265329
vt 0.841735 0.162588
vt 0.841735 0.266269
vt 0.845368 0.163124
vt 0.845368 0.266805
vt 0.849185 0.163173
vt 0.849185 0.266855
vt 0.852606 0.162728
vt 0.852606 0.266410
vt 0.855111 0.161857
vt 0.855111 0.265539
vt 0.945227 0.587507
vt 0.948468 0.481495
vt 0.948468 0.587962
vt 0.952103 0.587985
vt 0.952103 0.481518
vt 0.955580 0.587573
vt 0.350817 0.944307
vt 0.357597 0.933087
vt 0.367743 0.940527
vt 0.839869 0.494101
vt 0.842764 0.596842
vt 0.839869 0.597783
vt 0.842764 0.493160
vt 0.149937 0.932931
vt 0.152318 0.946144
vt 0.140350 0.948724
vt 0.003332 0.819004
vt 0.007147 0.920548
vt 0.003332 0.920330
vt 0.010865 0.818888
vt 0.010865 0.920214
vt 0.013920 0.818055
vt 0.013920 0.919381
vt 0.978468 0.694739
vt 0.981980 0.603835
vt 0.981980 0.694196
vt 0.985553 0.604154
vt 0.985553 0.694515
vt 0.988645 0.605287
vt 0.988645 0.695648
vt 0.568151 0.773007
vt 0.556650 0.847930
vt 0.564436 0.773071
vt 0.794298 0.918656
vt 0.797630 0.816594
vt 0.797630 0.917921
vt 0.801445 0.816377
vt 0.801445 0.917703
vt 0.805163 0.918036
vt 0.805163 0.816710
vt 0.808218 0.918869
vt 0.979603 0.162556
vt 0.983114 0.253460
vt 0.979603 0.252917
vt 0.983114 0.163099
vt 0.986688 0.253141
vt 0.986688 0.162780
vt 0.989780 0.252008
vt 0.549373 0.853592
vt 0.560365 0.847866
vt 0.568151 0.856018
vt 0.635726 0.859701
vt 0.624226 0.784778
vt 0.627941 0.784842
vt 0.000000 0.818268
vt 0.000000 0.919594
vt 0.628449 0.771028
vt 0.635625 0.779438
vt 0.472097 0.789978
vt 0.475772 0.874597
vt 0.472097 0.875105
vt 0.096559 0.689383
vt 0.105127 0.770759
vt 0.101399 0.771024
vt 0.100286 0.689119
vt 0.108571 0.771477
vt 0.373748 0.807858
vt 0.376977 0.919468
vt 0.373748 0.919258
vt 0.376977 0.808068
vt 0.380590 0.919462
vt 0.384037 0.807841
vt 0.384037 0.919241
vt 0.386793 0.807438
vt 0.386793 0.918839
vt 0.363887 0.910447
vt 0.367427 0.824843
vt 0.367427 0.909970
vt 0.371102 0.825351
vt 0.371102 0.910478
vt 0.077817 0.783387
vt 0.086385 0.702011
vt 0.081545 0.783651
vt 0.089829 0.701294
vt 0.084989 0.782934
vt 0.386793 0.919049
vt 0.390022 0.807438
vt 0.390022 0.918839
vt 0.393635 0.807444
vt 0.393635 0.918844
vt 0.397082 0.919065
vt 0.075150 0.696157
vt 0.082657 0.689119
vt 0.397082 0.807665
vt 0.399838 0.919468
vt 0.468557 0.789501
vt 0.468557 0.874628
vt 0.111207 0.780219
vt 0.097955 0.782934
vt 0.095319 0.774192
vt 0.197922 0.571925
vt 0.203761 0.697123
vt 0.197922 0.697126
vt 0.203761 0.571922
vt 0.208966 0.698379
vt 0.577285 0.162719
vt 0.580919 0.314256
vt 0.577285 0.314957
vt 0.580919 0.162018
vt 0.585927 0.313885
vt 0.591548 0.161662
vt 0.591548 0.313900
vt 0.596925 0.162061
vt 0.596925 0.314299
vt 0.601240 0.162784
vt 0.601240 0.315021
vt 0.175705 0.697123
vt 0.181291 0.573183
vt 0.181291 0.698385
vt 0.187131 0.573186
vt 0.187131 0.698387
vt 0.192336 0.571930
vt 0.192336 0.697131
vt 0.573041 0.512997
vt 0.576675 0.361460
vt 0.576675 0.513698
vt 0.581684 0.361831
vt 0.581684 0.514069
vt 0.587304 0.514054
vt 0.587304 0.361816
vt 0.592681 0.513654
vt 0.301419 0.374575
vt 0.304655 0.354237
vt 0.320922 0.359215
vt 0.592681 0.361417
vt 0.596996 0.512932
vt 0.192336 0.573186
vt 0.192336 0.698388
vt 0.320922 0.328873
vt 0.317687 0.349568
vt 0.301419 0.346384
vt 0.429192 0.643630
vt 0.433033 0.753779
vt 0.429192 0.753860
vt 0.433033 0.643549
vt 0.436547 0.753776
vt 0.436547 0.643547
vt 0.439198 0.753853
vt 0.510470 0.870730
vt 0.513768 0.970695
vt 0.510470 0.971330
vt 0.517394 0.870091
vt 0.517394 0.970691
vt 0.520793 0.870720
vt 0.520793 0.971320
vt 0.742615 0.110230
vt 0.745396 0.000191
vt 0.745396 0.110421
vt 0.748979 0.000338
vt 0.748979 0.110568
vt 0.752820 0.000419
vt 0.752820 0.110649
vt 0.756334 0.000422
vt 0.756334 0.110651
vt 0.758985 0.000345
vt 0.758985 0.110575
vt 0.965920 0.100600
vt 0.969218 0.000636
vt 0.969219 0.101236
vt 0.972844 0.101239
vt 0.972844 0.000639
vt 0.976243 0.100610
vt 0.670757 0.160153
vt 0.658274 0.157534
vt 0.660757 0.144670
vt 0.422829 0.643968
vt 0.425609 0.754007
vt 0.422829 0.754198
vt 0.425609 0.643777
vt 0.706908 0.146361
vt 0.694426 0.143856
vt 0.696909 0.130969
vt 0.796263 0.000291
vt 0.799927 0.110221
vt 0.796263 0.110512
vt 0.799927 -0.000000
vt 0.803382 0.110382
vt 0.803382 0.000161
vt 0.806103 0.110971
vt 0.948123 0.267523
vt 0.951525 0.162145
vt 0.951525 0.268021
vt 0.955167 0.162184
vt 0.955167 0.268060
vt 0.958494 0.161758
vt 0.958494 0.267634
vt 0.022929 0.805077
vt 0.025390 0.695857
vt 0.025390 0.806078
vt 0.028704 0.696556
vt 0.028704 0.806777
vt 0.032368 0.696847
vt 0.032368 0.807068
vt 0.035824 0.696686
vt 0.035824 0.806906
vt 0.038544 0.696097
vt 0.038544 0.806318
vt 0.947053 0.713256
vt 0.950456 0.818634
vt 0.947053 0.819132
vt 0.950455 0.712758
vt 0.954097 0.818595
vt 0.954097 0.712719
vt 0.957424 0.819020
vt 0.865861 0.960006
vt 0.859384 0.948905
vt 0.869077 0.941301
vt 0.790488 0.001990
vt 0.792948 0.111210
vt 0.790488 0.112211
vt 0.792948 0.000990
vt 0.763194 0.952559
vt 0.753500 0.959905
vt 0.747023 0.948632
vt 0.329679 0.827724
vt 0.333352 0.928703
vt 0.329679 0.929054
vt 0.333352 0.827373
vt 0.336398 0.927832
vt 0.308379 0.808593
vt 0.311163 0.918404
vt 0.308380 0.918029
vt 0.314660 0.809152
vt 0.314660 0.918588
vt 0.318338 0.809119
vt 0.318338 0.918555
vt 0.321638 0.808872
vt 0.321638 0.918308
vt 0.401861 0.927626
vt 0.405098 0.825535
vt 0.405098 0.926865
vt 0.408837 0.825313
vt 0.408837 0.926642
vt 0.412509 0.825663
vt 0.412509 0.926993
vt 0.415556 0.826534
vt 0.415556 0.927864
vt 0.192336 0.919694
vt 0.195119 0.809883
vt 0.195119 0.919319
vt 0.198616 0.919135
vt 0.198616 0.809699
vt 0.202294 0.919168
vt 0.202294 0.809732
vt 0.205594 0.919415
vt 0.789517 0.471773
vt 0.787124 0.485058
vt 0.775094 0.482796
vt 0.322704 0.826740
vt 0.325940 0.928831
vt 0.322704 0.928069
vt 0.325940 0.827502
vt 0.001295 0.935015
vt 0.003688 0.921875
vt 0.015718 0.924869
vt 0.721390 0.597283
vt 0.720367 0.514698
vt 0.724914 0.598254
vt 0.966968 0.351608
vt 0.963479 0.452110
vt 0.963479 0.350920
vt 0.959816 0.452082
vt 0.959816 0.350892
vt 0.956536 0.452720
vt 0.956536 0.351530
vt 0.225736 0.909413
vt 0.229099 0.995222
vt 0.225736 0.996123
vt 0.229099 0.908511
vt 0.232783 0.995179
vt 0.232783 0.908468
vt 0.236228 0.996000
vt 0.716872 0.362979
vt 0.716140 0.446475
vt 0.712325 0.446535
vt 0.720688 0.362919
vt 0.719665 0.445504
vt 0.967857 0.813909
vt 0.964368 0.713408
vt 0.967857 0.712719
vt 0.964368 0.814598
vt 0.960705 0.713435
vt 0.960705 0.814625
vt 0.957424 0.712797
vt 0.986480 0.567751
vt 0.989843 0.481942
vt 0.989843 0.568653
vt 0.993528 0.481985
vt 0.993528 0.568696
vt 0.726910 0.360214
vt 0.713347 0.362119
vt 0.710650 0.353657
vt 0.996972 0.481163
vt 0.996972 0.567874
vt 0.717574 0.597223
vt 0.716842 0.513727
vt 0.721390 0.609309
vt 0.709892 0.604311
vt 0.361684 0.632653
vt 0.367258 0.489944
vt 0.367258 0.633611
vt 0.371785 0.491599
vt 0.371785 0.635266
vt 0.677841 0.514591
vt 0.672555 0.658207
vt 0.672555 0.513667
vt 0.666987 0.658255
vt 0.666987 0.513714
vt 0.661982 0.514728
vt 0.661982 0.659268
vt 0.658305 0.516552
vt 0.401861 0.491170
vt 0.406954 0.635583
vt 0.401861 0.634837
vt 0.406955 0.491915
vt 0.412728 0.635467
vt 0.412728 0.491800
vt 0.418302 0.634509
vt 0.418302 0.490842
vt 0.422829 0.632854
vt 0.681800 0.308148
vt 0.676515 0.164533
vt 0.681800 0.163608
vt 0.676515 0.309073
vt 0.670946 0.164485
vt 0.665942 0.308012
vt 0.665942 0.163471
vt 0.662264 0.306187
vt 0.662264 0.161647
vt 0.889044 0.349195
vt 0.874894 0.337019
vt 0.884349 0.320562
vt 0.350817 0.633283
vt 0.355911 0.488870
vt 0.355911 0.632537
vt 0.361684 0.488985
vt 0.907306 0.138212
vt 0.890615 0.143163
vt 0.887295 0.123299
vt 0.751580 0.609164
vt 0.755417 0.499416
vt 0.755417 0.609279
vt 0.759007 0.499378
vt 0.759007 0.609240
vt 0.761805 0.499192
vt 0.761805 0.609054
vt 0.152274 0.553903
vt 0.155670 0.476846
vt 0.155670 0.552996
vt 0.837794 0.688004
vt 0.829004 0.609309
vt 0.832599 0.609469
vt 0.834199 0.687844
vt 0.825497 0.610218
vt 0.743899 0.351603
vt 0.746527 0.461119
vt 0.743899 0.461466
vt 0.746527 0.351256
vt 0.750026 0.460869
vt 0.750026 0.351006
vt 0.753862 0.460755
vt 0.753862 0.350892
vt 0.757453 0.460793
vt 0.757453 0.350931
vt 0.760250 0.460979
vt 0.159066 0.553903
vt 0.155670 0.552996
vt 0.414158 0.746617
vt 0.405368 0.825313
vt 0.410563 0.746778
vt 0.401861 0.824404
vt 0.407056 0.745869
vt 0.826424 0.698451
vt 0.830692 0.688753
vt 0.843128 0.691273
vt 0.745453 0.608567
vt 0.748081 0.499052
vt 0.748081 0.608915
vt 0.751580 0.499302
vt 0.418110 0.735489
vt 0.417294 0.745413
vt 0.404171 0.744031
vt 0.519296 0.750338
vt 0.523063 0.665414
vt 0.523063 0.750753
vt 0.774247 0.805213
vt 0.766137 0.726013
vt 0.769854 0.726162
vt 0.770529 0.805063
vt 0.762653 0.726877
vt 0.898470 0.832908
vt 0.901550 0.935014
vt 0.898470 0.935720
vt 0.901550 0.832201
vt 0.905162 0.934816
vt 0.905162 0.832004
vt 0.908757 0.935156
vt 0.908757 0.832344
vt 0.911787 0.935983
vt 0.540796 0.660972
vt 0.544575 0.746785
vt 0.540796 0.746311
vt 0.544575 0.661445
vt 0.548343 0.746370
vt 0.362411 0.745643
vt 0.354302 0.824843
vt 0.358694 0.745792
vt 0.350817 0.823979
vt 0.355210 0.744928
vt 0.828215 0.934537
vt 0.831295 0.832431
vt 0.831295 0.935243
vt 0.834907 0.832629
vt 0.834907 0.935441
vt 0.838502 0.832288
vt 0.838502 0.935101
vt 0.773595 0.818386
vt 0.762653 0.812659
vt 0.841532 0.831461
vt 0.841532 0.934274
vt 0.515517 0.750812
vt 0.519296 0.664999
vt 0.368333 0.742543
vt 0.352120 0.735719
vt 0.491366 0.674320
vt 0.488477 0.788302
vt 0.488477 0.674234
vt 0.484938 0.788167
vt 0.484938 0.674099
vt 0.481287 0.788003
vt 0.481287 0.673935
vt 0.478080 0.787835
vt 0.478080 0.673767
vt 0.475805 0.673621
vt 0.270405 0.995615
vt 0.267033 0.910833
vt 0.270405 0.909863
vt 0.267033 0.996586
vt 0.263363 0.910926
vt 0.263363 0.996678
vt 0.259954 0.910126
vt 0.790488 0.114068
vt 0.787599 0.000086
vt 0.790488 -0.000000
vt 0.787599 0.114154
vt 0.784060 0.000221
vt 0.784060 0.114289
vt 0.780409 0.000385
vt 0.780409 0.114453
vt 0.777202 0.000553
vt 0.774927 0.114767
vt 0.774927 0.000699
vt 0.259954 0.910926
vt 0.256582 0.995707
vt 0.256582 0.909955
vt 0.309140 0.974504
vt 0.303465 0.963689
vt 0.311957 0.956018
vt 0.252912 0.995615
vt 0.252912 0.909863
vt 0.249503 0.996415
vt 0.249503 0.910663
vt 0.912636 0.966378
vt 0.904144 0.973433
vt 0.898470 0.962208
vt 0.863128 0.481476
vt 0.859473 0.597214
vt 0.859473 0.481253
vt 0.856139 0.597002
vt 0.856139 0.481040
vt 0.908481 0.161647
vt 0.905907 0.277465
vt 0.905907 0.161684
vt 0.902553 0.277516
vt 0.902553 0.161735
vt 0.898931 0.161791
vt 0.898931 0.277572
vt 0.895590 0.161844
vt 0.872488 0.837225
vt 0.869823 0.721410
vt 0.872488 0.721264
vt 0.869823 0.837371
vt 0.866402 0.721609
vt 0.866402 0.837571
vt 0.862747 0.721833
vt 0.862747 0.837794
vt 0.859414 0.722045
vt 0.709846 0.882501
vt 0.707272 0.766683
vt 0.709846 0.766720
vt 0.707272 0.882464
vt 0.703919 0.766632
vt 0.700296 0.882357
vt 0.700296 0.766576
vt 0.696955 0.882304
vt 0.696955 0.766523
vt 0.140619 0.930081
vt 0.138064 0.917036
vt 0.150912 0.914438
vt 0.869214 0.481821
vt 0.866548 0.597637
vt 0.866548 0.481676
vt 0.863128 0.597437
vt 0.290749 0.922754
vt 0.283471 0.933812
vt 0.272578 0.926420
vt 0.626110 0.304833
vt 0.631889 0.163674
vt 0.631889 0.305470
vt 0.637648 0.163462
vt 0.637648 0.305258
vt 0.642512 0.162432
vt 0.642512 0.304228
vt 0.333492 0.590776
vt 0.350817 0.488930
vt 0.339045 0.590836
vt 0.709190 0.352722
vt 0.704344 0.478087
vt 0.704344 0.351167
vt 0.698741 0.350892
vt 0.698741 0.477812
vt 0.693231 0.351940
vt 0.616948 0.515694
vt 0.621866 0.656100
vt 0.616948 0.657490
vt 0.621866 0.514304
vt 0.627645 0.655463
vt 0.627645 0.513667
vt 0.633404 0.655675
vt 0.633404 0.513879
vt 0.638268 0.656705
vt 0.384535 0.510857
vt 0.401861 0.612704
vt 0.396308 0.612764
vt 0.709892 0.640586
vt 0.705047 0.515222
vt 0.709892 0.513667
vt 0.699443 0.642417
vt 0.699443 0.515497
vt 0.379480 0.509267
vt 0.376250 0.494028
vt 0.396129 0.490776
vt 0.693933 0.641369
vt 0.693933 0.514449
vt 0.621192 0.303443
vt 0.626110 0.163037
vt 0.350622 0.599612
vt 0.340030 0.612447
vt 0.322900 0.603612
vt 0.938108 0.255669
vt 0.941914 0.347229
vt 0.938108 0.347249
vt 0.941914 0.255649
vt 0.945537 0.346422
vt 0.852928 0.000945
vt 0.855643 0.109796
vt 0.852928 0.110417
vt 0.855643 0.000324
vt 0.859067 0.109473
vt 0.859067 0.000000
vt 0.862678 0.109496
vt 0.865927 0.000389
vt 0.865927 0.109862
vt 0.868319 0.001043
vt 0.868319 0.110515
vt 0.696956 0.974851
vt 0.700365 0.882501
vt 0.700365 0.974081
vt 0.704171 0.882521
vt 0.704171 0.974101
vt 0.707794 0.883328
vt 0.707794 0.974908
vt 0.422829 0.863769
vt 0.425544 0.754917
vt 0.425544 0.864390
vt 0.428967 0.755241
vt 0.428967 0.864713
vt 0.432578 0.755218
vt 0.432579 0.864690
vt 0.435827 0.864324
vt 0.311109 0.672718
vt 0.309065 0.659168
vt 0.319341 0.657430
vt 0.435827 0.754852
vt 0.438220 0.863671
vt 0.934698 0.254899
vt 0.934698 0.346479
vt 0.859106 0.942491
vt 0.853285 0.954344
vt 0.844574 0.947553
vt 0.579572 0.767826
vt 0.583413 0.658900
vt 0.583413 0.767878
vt 0.586869 0.659150
vt 0.586869 0.768128
vt 0.589413 0.659558
vt 0.589413 0.768536
vt 0.980389 0.934030
vt 0.983611 0.843920
vt 0.983611 0.933054
vt 0.987232 0.932921
vt 0.987232 0.843787
vt 0.990702 0.933651
vt 0.524424 0.661195
vt 0.527312 0.770507
vt 0.524424 0.770173
vt 0.527312 0.661529
vt 0.530955 0.770660
vt 0.530955 0.661682
vt 0.534796 0.770608
vt 0.534796 0.661630
vt 0.538252 0.770358
vt 0.538252 0.661380
vt 0.540796 0.769950
vt 0.979603 0.253460
vt 0.982824 0.343570
vt 0.979603 0.342594
vt 0.986446 0.254569
vt 0.986446 0.343703
vt 0.989916 0.253839
vt 0.989916 0.342973
vt 0.950641 0.120174
vt 0.961857 0.118055
vt 0.964088 0.130973
vt 0.573041 0.768313
vt 0.575930 0.659001
vt 0.575930 0.767979
vt 0.579572 0.658848
vt 0.955787 0.134831
vt 0.965295 0.141732
vt 0.958942 0.152857
vt 0.863017 0.718470
vt 0.866714 0.604446
vt 0.866714 0.718735
vt 0.870193 0.604589
vt 0.870193 0.718879
vt 0.872924 0.604590
vt 0.872924 0.718879
vt 0.468557 0.789714
vt 0.465335 0.903137
vt 0.465335 0.789470
vt 0.461720 0.789492
vt 0.461720 0.903159
vt 0.458261 0.789778
vt 0.458261 0.903444
vt 0.455486 0.790282
vt 0.868319 0.000755
vt 0.871671 0.114698
vt 0.868319 0.115044
vt 0.871671 0.000409
vt 0.875368 0.114433
vt 0.875368 0.000144
vt 0.878847 0.114290
vt 0.878847 0.000001
vt 0.881578 0.114289
vt 0.907778 0.114235
vt 0.904557 0.000812
vt 0.907778 0.000568
vt 0.900941 0.114456
vt 0.900941 0.000790
vt 0.897483 0.114171
vt 0.897483 0.000505
vt 0.307405 0.935612
vt 0.304849 0.922569
vt 0.317698 0.920011
vt 0.894708 0.113667
vt 0.894708 -0.000000
vt 0.859665 0.718124
vt 0.863017 0.604181
vt 0.453240 0.924944
vt 0.445961 0.936016
vt 0.435068 0.928661
vt 0.102156 0.784055
vt 0.099049 0.894399
vt 0.099049 0.783651
vt 0.677841 0.944293
vt 0.680900 0.856550
vt 0.680900 0.942977
vt 0.684502 0.856051
vt 0.684502 0.942478
vt 0.688098 0.856446
vt 0.688098 0.942873
vt 0.691140 0.857674
vt 0.691140 0.944101
vt 0.895157 0.461819
vt 0.892031 0.350892
vt 0.895157 0.351072
vt 0.892031 0.461639
vt 0.888352 0.350922
vt 0.888352 0.461669
vt 0.884679 0.351157
vt 0.884679 0.461904
vt 0.881573 0.351560
vt 0.573041 0.858064
vt 0.576101 0.945808
vt 0.573041 0.944492
vt 0.576101 0.859381
vt 0.579702 0.946307
vt 0.579702 0.859879
vt 0.583298 0.945912
vt 0.583298 0.859485
vt 0.586340 0.944684
vt 0.112634 0.784140
vt 0.109508 0.895067
vt 0.109508 0.784319
vt 0.423919 0.431781
vt 0.432736 0.423513
vt 0.438628 0.434212
vt 0.105829 0.895037
vt 0.105829 0.784290
vt 0.102156 0.894802
vt 0.432736 0.442737
vt 0.438628 0.454470
vt 0.429810 0.461191
vt 0.516410 0.180347
vt 0.180841 0.168898
vt 0.500141 -0.000000
vt 0.524568 0.000568
vt 0.667473 0.357702
vt 0.660324 0.360694
vt 0.652587 0.360398
vt 0.645439 0.356858
vt 0.639968 0.350613
vt 0.637007 0.342614
vt 0.637007 0.334079
vt 0.645439 0.320480
vt 0.652587 0.317487
vt 0.660324 0.317783
vt 0.672944 0.327568
vt 0.675905 0.335567
vt 0.675905 0.344103
vt 0.193710 0.168517
vt 0.540148 0.353451
vt 0.532999 0.350459
vt 0.527528 0.344633
vt 0.524568 0.336860
vt 0.524568 0.328325
vt 0.527528 0.320325
vt 0.532999 0.314081
vt 0.547885 0.310244
vt 0.555033 0.313237
vt 0.560504 0.319063
vt 0.563465 0.335371
vt 0.560504 0.343370
vt 0.555033 0.349615
vt 0.439325 -0.000000
vt 0.012078 0.168253
vt 0.322704 -0.000000
vt 0.037575 0.168671
vt 0.075150 0.168157
vt 0.287019 0.398766
vt 0.292068 0.411512
vt 0.292068 0.425221
vt 0.287019 0.437807
vt 0.277689 0.447354
vt 0.265499 0.452408
vt 0.252305 0.452200
vt 0.230785 0.436920
vt 0.225736 0.424175
vt 0.225736 0.410466
vt 0.240115 0.388333
vt 0.252305 0.383278
vt 0.265499 0.383487
vt 0.159404 0.408563
vt 0.164453 0.395817
vt 0.173783 0.385976
vt 0.185973 0.380538
vt 0.199167 0.380330
vt 0.211357 0.385384
vt 0.220687 0.394931
vt 0.225736 0.421226
vt 0.220687 0.433972
vt 0.211357 0.443813
vt 0.185973 0.449459
vt 0.173783 0.444405
vt 0.164453 0.434858
vt 0.925726 0.603835
vt 0.945784 0.391955
vt 0.936698 0.723811
vt 0.933972 0.114789
vt 0.933972 -0.000000
vt 0.319603 0.060194
vt 0.322704 0.076450
vt 0.322704 0.093000
vt 0.319604 0.109206
vt 0.313522 0.124447
vt 0.304693 0.138137
vt 0.293456 0.149749
vt 0.280242 0.158837
vt 0.265560 0.165053
vt 0.249974 0.168157
vt 0.234082 0.168029
vt 0.218496 0.164676
vt 0.203814 0.158225
vt 0.190600 0.148925
vt 0.179363 0.137132
vt 0.164452 0.107963
vt 0.161352 0.091706
vt 0.161352 0.075157
vt 0.164452 0.058950
vt 0.170534 0.043709
vt 0.179363 0.030020
vt 0.190600 0.018408
vt 0.218496 0.003104
vt 0.234082 0.000000
vt 0.249974 0.000127
vt 0.265560 0.003481
vt 0.280242 0.009932
vt 0.293456 0.019232
vt 0.304693 0.031024
vt 0.000000 0.076450
vt 0.003100 0.060194
vt 0.009182 0.044855
vt 0.018011 0.031024
vt 0.029248 0.019232
vt 0.042462 0.009932
vt 0.057144 0.003481
vt 0.072730 0.000127
vt 0.088622 0.000000
vt 0.104208 0.003104
vt 0.118890 0.009319
vt 0.132104 0.018408
vt 0.143341 0.030020
vt 0.152170 0.043710
vt 0.158252 0.058950
vt 0.161352 0.091707
vt 0.158252 0.107963
vt 0.152170 0.123301
vt 0.143341 0.137132
vt 0.132104 0.148925
vt 0.118890 0.158225
vt 0.104208 0.164676
vt 0.072730 0.168157
vt 0.057144 0.165053
vt 0.042462 0.158837
vt 0.029248 0.149749
vt 0.018011 0.138137
vt 0.009182 0.124447
vt 0.003100 0.109206
vt 0.373748 0.306135
vt 0.462070 0.217238
vt 0.322704 0.307621
vt 0.439325 0.000000
vt 0.601240 0.332467
vt 0.601240 0.341404
vt 0.598553 0.349766
vt 0.593589 0.356279
vt 0.587102 0.359951
vt 0.580082 0.360225
vt 0.573595 0.357057
vt 0.565944 0.342779
vt 0.565944 0.333842
vt 0.568631 0.325480
vt 0.580082 0.315295
vt 0.587102 0.315021
vt 0.593589 0.318189
vt 0.475805 0.000181
vt 0.681800 0.322066
vt 0.681800 0.313129
vt 0.684487 0.304977
vt 0.689451 0.298850
vt 0.695938 0.295683
vt 0.702958 0.295956
vt 0.709445 0.299629
vt 0.717096 0.314503
vt 0.717096 0.323440
vt 0.714409 0.331592
vt 0.702958 0.340886
vt 0.695938 0.340613
vt 0.689451 0.336940
vt 0.524424 0.360694
vt 0.682307 0.000507
vt 0.475806 0.369316
vt 0.422829 0.489789
vt 0.438684 0.489515
vt 0.833893 0.138414
vt 0.829980 0.142379
vt 0.824867 0.144534
vt 0.819333 0.144553
vt 0.814220 0.142431
vt 0.810306 0.138492
vt 0.808189 0.133336
vt 0.810306 0.122577
vt 0.814220 0.118613
vt 0.819333 0.116457
vt 0.829980 0.118561
vt 0.833893 0.122499
vt 0.836011 0.127655
vt 0.824883 0.488906
vt 0.820970 0.484941
vt 0.818852 0.479771
vt 0.818852 0.474183
vt 0.820970 0.469027
vt 0.824883 0.465088
vt 0.829996 0.462966
vt 0.840643 0.465140
vt 0.844556 0.469104
vt 0.846674 0.474274
vt 0.844557 0.485019
vt 0.840643 0.488958
vt 0.835530 0.491080
vt 0.570787 0.862229
vt 0.799250 0.492575
vt 0.783554 0.717670
vt 0.794299 0.609581
vt 0.451399 0.943444
vt 0.451399 0.947218
vt 0.450156 0.950740
vt 0.447858 0.953474
vt 0.444857 0.955002
vt 0.441609 0.955093
vt 0.438608 0.953732
vt 0.435068 0.947675
vt 0.435068 0.943900
vt 0.436311 0.940378
vt 0.441609 0.936117
vt 0.444857 0.936026
vt 0.447859 0.937386
vt 0.809867 0.609309
vt 0.898470 0.947176
vt 0.898470 0.943401
vt 0.899713 0.939948
vt 0.902010 0.937344
vt 0.905011 0.935983
vt 0.908259 0.936074
vt 0.911260 0.937602
vt 0.914801 0.943858
vt 0.914801 0.947632
vt 0.913558 0.951085
vt 0.908260 0.955050
vt 0.905011 0.954959
vt 0.902010 0.953431
vt 0.192019 0.698388
vt 0.958974 0.481040
vt 0.141603 0.695909
vt 0.535072 0.860055
vt 0.545356 0.859874
vt 0.948162 0.139263
vt 0.949433 0.142675
vt 0.949433 0.146419
vt 0.948162 0.149924
vt 0.945813 0.152657
vt 0.942744 0.154201
vt 0.939422 0.154322
vt 0.934003 0.150439
vt 0.932732 0.147026
vt 0.932732 0.143283
vt 0.936352 0.137045
vt 0.939422 0.135501
vt 0.942744 0.135380
vt 0.932732 0.123734
vt 0.934003 0.120322
vt 0.936352 0.117760
vt 0.939422 0.116439
vt 0.942744 0.116560
vt 0.945813 0.118104
vt 0.948162 0.120836
vt 0.949433 0.128085
vt 0.948162 0.131497
vt 0.945813 0.134059
vt 0.939422 0.135259
vt 0.936352 0.133715
vt 0.934003 0.130983
vt 0.159404 0.380330
vt 0.409014 0.635583
vt 0.931767 0.162494
vt 0.467280 0.434770
vt 0.733329 0.620840
vt 0.921846 0.481907
vt 0.742663 0.610453
vt 0.745439 0.612291
vt 0.747081 0.614639
vt 0.747341 0.617141
vt 0.746178 0.619415
vt 0.743769 0.621116
vt 0.730553 0.619002
vt 0.728911 0.616654
vt 0.729814 0.611878
vt 0.732223 0.610177
vt 0.735511 0.609309
vt 0.934959 0.482249
vt 0.403764 0.723049
vt 0.416979 0.720936
vt 0.419388 0.722637
vt 0.420551 0.724911
vt 0.418649 0.729761
vt 0.415873 0.731598
vt 0.412387 0.732645
vt 0.405433 0.731874
vt 0.403024 0.730174
vt 0.401861 0.727900
vt 0.774375 0.492722
vt 0.248321 0.711147
vt 0.392623 0.715634
vt 0.762653 0.609309
vt 0.777957 0.609930
vt 0.229130 0.699677
vt 0.119781 0.778708
vt 0.244195 0.706983
vt 0.244091 0.704495
vt 0.245384 0.702232
vt 0.247877 0.700541
vt 0.251191 0.699677
vt 0.254821 0.699774
vt 0.258215 0.700815
vt 0.262341 0.704979
vt 0.262445 0.707468
vt 0.261152 0.709730
vt 0.255345 0.712285
vt 0.244091 0.786926
vt 0.243986 0.789415
vt 0.242501 0.791751
vt 0.239860 0.793579
vt 0.236466 0.794621
vt 0.232836 0.794717
vt 0.229522 0.793854
vt 0.225736 0.789900
vt 0.225840 0.787411
vt 0.227326 0.785075
vt 0.236990 0.782109
vt 0.240304 0.782972
vt 0.121219 0.395924
vt -0.000000 0.595810
vt 0.075150 0.396250
vt 0.100368 0.396058
vt 0.713788 0.161647
vt 0.887464 0.290973
vt 0.891903 0.293272
vt 0.895301 0.297368
vt 0.897140 0.302638
vt 0.897140 0.308278
vt 0.895301 0.313431
vt 0.891903 0.317312
vt 0.882659 0.319179
vt 0.878219 0.316880
vt 0.874822 0.312784
vt 0.872983 0.301873
vt 0.874822 0.296720
vt 0.878219 0.292839
vt 0.866577 0.118890
vt 0.871017 0.116591
vt 0.875822 0.116439
vt 0.880261 0.118457
vt 0.883659 0.122338
vt 0.885498 0.127491
vt 0.885498 0.133132
vt 0.880261 0.142497
vt 0.875822 0.144796
vt 0.871017 0.144948
vt 0.863180 0.139049
vt 0.861341 0.133896
vt 0.861341 0.128255
vt 0.956536 0.350892
vt 0.719385 0.706513
vt 0.946962 0.604215
vt 0.208966 0.701474
vt 0.319742 0.944660
vt 0.319742 0.948434
vt 0.318503 0.951918
vt 0.316214 0.954581
vt 0.313223 0.956018
vt 0.309985 0.956010
vt 0.306994 0.954558
vt 0.303465 0.948393
vt 0.303465 0.944619
vt 0.304704 0.941135
vt 0.309985 0.937035
vt 0.313222 0.937043
vt 0.316214 0.938495
vt 0.224371 0.701519
vt 0.794299 0.948753
vt 0.794299 0.944979
vt 0.795538 0.941488
vt 0.797827 0.938814
vt 0.800818 0.937362
vt 0.804056 0.937354
vt 0.807047 0.938791
vt 0.810575 0.944938
vt 0.810575 0.948712
vt 0.809336 0.952202
vt 0.804056 0.956329
vt 0.800818 0.956337
vt 0.797827 0.954900
vt 0.854708 0.352156
vt 0.939947 0.712730
vt 0.057196 0.744063
vt 0.938564 0.843787
vt 0.948920 0.843819
vt 0.792742 0.935559
vt 0.791445 0.939012
vt 0.789049 0.941671
vt 0.785918 0.943133
vt 0.782529 0.943175
vt 0.779398 0.941790
vt 0.777002 0.939189
vt 0.775705 0.932048
vt 0.777002 0.928596
vt 0.779398 0.925937
vt 0.785918 0.924433
vt 0.789049 0.925818
vt 0.791445 0.928419
vt 0.156657 0.937924
vt 0.155360 0.934472
vt 0.155360 0.930752
vt 0.156657 0.927331
vt 0.159053 0.924731
vt 0.162184 0.923345
vt 0.165573 0.923387
vt 0.171100 0.927508
vt 0.172397 0.930961
vt 0.172397 0.934680
vt 0.168704 0.940702
vt 0.165573 0.942087
vt 0.162184 0.942045
vt 0.760127 0.941243
vt 0.747023 0.941022
vt 0.868756 0.161647
vt 0.866046 0.941301
vt 0.931923 0.938786
vt 0.934970 0.940170
vt 0.937302 0.942742
vt 0.938564 0.946111
vt 0.938564 0.949765
vt 0.937302 0.953146
vt 0.934970 0.955740
vt 0.928624 0.957169
vt 0.925577 0.955785
vt 0.923245 0.953213
vt 0.921983 0.946190
vt 0.923245 0.942809
vt 0.925577 0.940214
vt 0.854708 0.351037
vt 0.003594 0.940720
vt 0.006641 0.939336
vt 0.009940 0.939352
vt 0.012987 0.940764
vt 0.015319 0.943359
vt 0.016581 0.946740
vt 0.016581 0.950393
vt 0.012987 0.956335
vt 0.009940 0.957718
vt 0.006642 0.957703
vt 0.001262 0.953696
vt -0.000000 0.950315
vt -0.000000 0.946661
vt 0.122796 0.898979
vt 0.006030 0.723041
vt 0.596687 0.965986
vt 0.486654 0.900223
vt 0.808618 0.732998
vt 0.433439 0.965344
vt 0.811189 0.724232
vt 0.812581 0.726567
vt 0.812581 0.729052
vt 0.811189 0.731310
vt 0.795690 0.730890
vt 0.794299 0.728556
vt 0.794299 0.726070
vt 0.798262 0.722124
vt 0.801621 0.721264
vt 0.805258 0.721363
vt -0.000000 0.810764
vt 0.001392 0.808430
vt 0.003963 0.806602
vt 0.016890 0.808009
vt 0.018282 0.812752
vt 0.016890 0.815086
vt 0.014319 0.816914
vt 0.007323 0.818055
vt 0.003963 0.817195
vt 0.001392 0.815508
vt 0.573041 0.656448
vt 0.661815 0.000398
vt 0.545214 0.659379
vt 0.657044 0.360908
vt 0.677340 0.360694
vt 0.872983 0.308623
vt 0.871200 0.314090
vt 0.867906 0.318279
vt 0.863602 0.320552
vt 0.858944 0.320562
vt 0.854640 0.318308
vt 0.851346 0.314134
vt 0.849564 0.302760
vt 0.851346 0.297293
vt 0.854640 0.293104
vt 0.863602 0.290821
vt 0.867906 0.293075
vt 0.871200 0.297249
vt 0.816180 0.318952
vt 0.814397 0.313484
vt 0.814397 0.307571
vt 0.816180 0.302111
vt 0.819474 0.297936
vt 0.823778 0.295683
vt 0.828436 0.295693
vt 0.836034 0.302154
vt 0.837816 0.307622
vt 0.837816 0.313536
vt 0.832740 0.323170
vt 0.828436 0.325424
vt 0.823778 0.325413
vt 0.270724 0.783070
vt 0.818339 0.492979
vt 0.138026 0.695028
vt 0.013920 0.818055
vt 0.807991 0.161924
vt 0.468222 0.709431
vt 0.464602 0.710339
vt 0.458037 0.709004
vt 0.456092 0.706965
vt 0.455486 0.704382
vt 0.456312 0.701648
vt 0.461557 0.697352
vt 0.465178 0.696445
vt 0.468754 0.696595
vt 0.473687 0.699818
vt 0.474293 0.702402
vt 0.473467 0.705135
vt 0.823427 0.162090
vt 0.132487 0.787903
vt 0.128867 0.786996
vt 0.125754 0.785168
vt 0.123622 0.782700
vt 0.122796 0.779966
vt 0.123402 0.777383
vt 0.125347 0.775344
vt 0.135532 0.774917
vt 0.138645 0.776744
vt 0.141603 0.781946
vt 0.140997 0.784530
vt 0.139052 0.786569
vt 0.668974 0.860487
vt 0.285486 0.790365
vt 0.278263 0.791022
vt 0.453240 0.815585
vt 0.422645 0.825473
vt 0.377348 0.807439
vt 0.290793 0.798837
vt 0.288797 0.801243
vt 0.285769 0.803004
vt 0.282169 0.803853
vt 0.278546 0.803661
vt 0.275451 0.802457
vt 0.273355 0.800424
vt 0.273238 0.795189
vt 0.275234 0.792784
vt 0.288581 0.791570
vt 0.290676 0.793602
vt 0.208966 0.814605
vt 0.376404 0.726300
vt 0.374408 0.723895
vt 0.373748 0.721212
vt 0.374525 0.718660
vt 0.376620 0.716627
vt 0.379715 0.715423
vt 0.383338 0.715231
vt 0.389967 0.717841
vt 0.391963 0.720246
vt 0.392623 0.722929
vt 0.389750 0.727514
vt 0.996949 0.088202
vt 0.616948 0.770964
vt 0.987547 0.438289
vt 0.693684 0.766523
vt 0.858598 0.966540
vt 0.857531 0.969797
vt 0.855558 0.972162
vt 0.852981 0.973275
vt 0.850191 0.972966
vt 0.847614 0.971284
vt 0.845641 0.968483
vt 0.844574 0.961338
vt 0.845641 0.958081
vt 0.847614 0.955716
vt 0.852981 0.954911
vt 0.855558 0.956594
vt 0.857531 0.959395
vt 0.436135 0.970287
vt 0.435068 0.967030
vt 0.435068 0.963378
vt 0.436135 0.959885
vt 0.438108 0.957084
vt 0.440685 0.955401
vt 0.443475 0.955093
vt 0.448025 0.958571
vt 0.449092 0.961828
vt 0.449092 0.965480
vt 0.446052 0.971774
vt 0.443475 0.973457
vt 0.440685 0.973765
vt 0.136363 0.787903
vt 0.161922 0.923330
vt 0.475805 0.788476
vt 0.924844 0.832315
vt 0.772422 0.482843
vt 0.769877 0.485623
vt 0.766552 0.487179
vt 0.762953 0.487274
vt 0.759629 0.485893
vt 0.757084 0.483248
vt 0.755707 0.479739
vt 0.757084 0.472321
vt 0.759629 0.469541
vt 0.762954 0.467985
vt 0.769877 0.469271
vt 0.772422 0.471917
vt 0.773799 0.475425
vt 0.911851 0.832273
vt 0.713112 0.464268
vt 0.710567 0.461488
vt 0.709190 0.457907
vt 0.709190 0.454070
vt 0.710567 0.450562
vt 0.713112 0.447916
vt 0.716437 0.446535
vt 0.723360 0.448186
vt 0.725905 0.450966
vt 0.727282 0.454547
vt 0.725905 0.461893
vt 0.723360 0.464539
vt 0.720035 0.465919
vt 0.157621 0.557126
vt 0.564948 0.517770
vt 0.461753 0.434476
vt 0.125585 0.556732
vt 0.596687 0.518125
vt 0.570816 0.181448
vt 0.565644 0.183413
vt 0.555076 0.182399
vt 0.551287 0.179573
vt 0.549329 0.175701
vt 0.549498 0.171371
vt 0.555798 0.163946
vt 0.560969 0.161981
vt 0.566496 0.161647
vt 0.575326 0.165821
vt 0.577285 0.169693
vt 0.577115 0.174023
vt 0.616948 0.518393
vt 0.450965 0.567050
vt 0.445794 0.565085
vt 0.441766 0.561787
vt 0.439494 0.557660
vt 0.439325 0.553330
vt 0.441283 0.549458
vt 0.445072 0.546633
vt 0.460811 0.547583
vt 0.464839 0.550881
vt 0.467281 0.559338
vt 0.465322 0.563210
vt 0.461533 0.566036
vt 0.653644 0.665262
vt 0.095579 0.784897
vt 0.500141 0.665507
vt 0.088815 0.879710
vt 0.099049 0.879030
vt 0.757986 0.976843
vt 0.755414 0.978194
vt 0.752630 0.978157
vt 0.750057 0.976736
vt 0.748089 0.974148
vt 0.747023 0.970787
vt 0.747023 0.967165
vt 0.750058 0.961299
vt 0.752630 0.959948
vt 0.755414 0.959986
vt 0.759954 0.963994
vt 0.761020 0.967355
vt 0.761020 0.970977
vt 0.766626 0.978195
vt 0.764054 0.976843
vt 0.762085 0.974309
vt 0.761020 0.970977
vt 0.761020 0.967355
vt 0.762085 0.963994
vt 0.764054 0.961407
vt 0.769410 0.959948
vt 0.771982 0.961299
vt 0.773950 0.963834
vt 0.775016 0.970787
vt 0.773950 0.974148
vt 0.771982 0.976736
vt 0.833092 0.161647
vt 0.968802 0.162375
vt 0.824455 0.492575
vt 0.206704 0.955321
vt 0.206704 0.959092
vt 0.205611 0.962646
vt 0.203590 0.965441
vt 0.200949 0.967052
vt 0.198091 0.967234
vt 0.195451 0.965958
vt 0.192336 0.960005
vt 0.192336 0.956233
vt 0.193429 0.952680
vt 0.198091 0.948274
vt 0.200949 0.948092
vt 0.203589 0.949368
vt 0.839869 0.492633
vt 0.206704 0.959093
vt 0.206704 0.955321
vt 0.207798 0.951906
vt 0.209819 0.949368
vt 0.212459 0.948092
vt 0.215317 0.948274
vt 0.217958 0.949884
vt 0.221073 0.956233
vt 0.221073 0.960005
vt 0.219979 0.963419
vt 0.215318 0.967234
vt 0.212459 0.967052
vt 0.209819 0.965441
vt 0.651913 0.781531
vt 0.048985 0.802808
vt 0.075150 0.783651
vt 0.272578 0.803866
vt 0.831784 0.290512
vt 0.829244 0.293257
vt 0.825924 0.294780
vt 0.822331 0.294851
vt 0.819012 0.293458
vt 0.816471 0.290813
vt 0.815096 0.287319
vt 0.816471 0.279960
vt 0.819012 0.277215
vt 0.822331 0.275692
vt 0.829244 0.277014
vt 0.831784 0.279659
vt 0.833159 0.283153
vt 0.285739 0.804170
vt 0.811131 0.349298
vt 0.808591 0.346553
vt 0.807216 0.343005
vt 0.807216 0.339194
vt 0.808591 0.335700
vt 0.811131 0.333055
vt 0.814451 0.331662
vt 0.821363 0.333257
vt 0.823904 0.336001
vt 0.825279 0.339549
vt 0.823904 0.346854
vt 0.821363 0.349499
vt 0.818044 0.350892
vt 0.881572 0.350892
vt 0.938564 0.845025
vt 0.868756 0.161647
vt 0.872488 0.838697
vt 0.925027 0.974193
vt 0.923052 0.971595
vt 0.921983 0.968204
vt 0.921983 0.964537
vt 0.923052 0.961152
vt 0.925027 0.958564
vt 0.927607 0.957168
vt 0.932981 0.958587
vt 0.934956 0.961185
vt 0.936025 0.964576
vt 0.934956 0.971628
vt 0.932981 0.974216
vt 0.930401 0.975612
vt 0.974763 0.468237
vt 0.972788 0.470835
vt 0.970207 0.472246
vt 0.967414 0.472254
vt 0.964834 0.470857
vt 0.962858 0.468270
vt 0.961790 0.464885
vt 0.962858 0.457827
vt 0.964834 0.455229
vt 0.967414 0.453818
vt 0.972788 0.455206
vt 0.974763 0.457794
vt 0.975832 0.461179
vt 0.111660 0.168157
vt 0.483485 0.002188
vt 0.111660 0.168467
vt 0.475805 0.187240
vt 0.500141 0.186119
vt 0.766235 0.296243
vt 0.773188 0.295683
vt 0.779611 0.298422
vt 0.784528 0.304042
vt 0.787188 0.311690
vt 0.787188 0.320199
vt 0.784527 0.328275
vt 0.773188 0.338463
vt 0.766235 0.339023
vt 0.759811 0.336284
vt 0.752234 0.323016
vt 0.752234 0.314507
vt 0.754895 0.306431
vt 0.724760 0.118307
vt 0.731713 0.118867
vt 0.738137 0.122641
vt 0.743053 0.129055
vt 0.745714 0.137131
vt 0.745714 0.145640
vt 0.743053 0.153287
vt 0.731713 0.161647
vt 0.724760 0.161087
vt 0.718337 0.157312
vt 0.710760 0.142823
vt 0.710760 0.134313
vt 0.713420 0.126666
vt 0.617119 0.000749
vt 0.606373 0.161898
vt 0.299668 0.168157
vt 0.596996 0.361056
vt 0.816781 0.469278
vt 0.818852 0.474631
vt 0.818852 0.480427
vt 0.816781 0.485782
vt 0.812954 0.489882
vt 0.807954 0.492102
vt 0.802541 0.492105
vt 0.793714 0.485793
vt 0.791643 0.480439
vt 0.791643 0.474644
vt 0.797541 0.465189
vt 0.802541 0.462968
vt 0.807954 0.462966
vt 0.616948 0.360938
vt 0.787188 0.307348
vt 0.789259 0.301995
vt 0.793086 0.297898
vt 0.798087 0.295683
vt 0.803499 0.295685
vt 0.808499 0.297906
vt 0.812326 0.302005
vt 0.814397 0.313156
vt 0.812326 0.318510
vt 0.808499 0.322606
vt 0.798087 0.324819
vt 0.793086 0.322599
vt 0.789259 0.318499
vt 0.745453 0.498705
vt 0.969200 0.481040
vt 0.729333 0.161715
vt 0.966968 0.350979
vt 0.977282 0.350892
vt 0.343051 0.929348
vt 0.346237 0.930768
vt 0.348675 0.933368
vt 0.349994 0.936752
vt 0.349994 0.940406
vt 0.348675 0.943772
vt 0.346237 0.946339
vt 0.339604 0.947692
vt 0.336418 0.946272
vt 0.333980 0.943672
vt 0.332661 0.936634
vt 0.333980 0.933267
vt 0.336418 0.930700
vt 0.405619 0.929307
vt 0.408804 0.927887
vt 0.412252 0.927864
vt 0.415437 0.929240
vt 0.417875 0.931807
vt 0.419195 0.935173
vt 0.419195 0.938827
vt 0.415437 0.944812
vt 0.412252 0.946232
vt 0.408804 0.946255
vt 0.403181 0.942312
vt 0.401861 0.938945
vt 0.401861 0.935292
vt 0.338334 0.715243
vt 0.943529 0.604391
vt 0.809867 0.610115
vt 0.888205 0.837723
vt 0.898470 0.837494
vt 0.416727 0.960554
vt 0.414464 0.963215
vt 0.411507 0.964705
vt 0.408306 0.964799
vt 0.405349 0.963480
vt 0.403086 0.960951
vt 0.401861 0.957596
vt 0.403086 0.950500
vt 0.405349 0.947839
vt 0.408306 0.946348
vt 0.414464 0.947573
vt 0.416727 0.950103
vt 0.417952 0.953458
vt 0.713380 0.963708
vt 0.711117 0.961047
vt 0.709892 0.957621
vt 0.709892 0.953951
vt 0.711117 0.950596
vt 0.713380 0.948066
vt 0.716337 0.946748
vt 0.722494 0.948332
vt 0.724757 0.950993
vt 0.725982 0.954419
vt 0.724757 0.961444
vt 0.722494 0.963973
vt 0.719537 0.965292
vt 0.360977 0.825100
vt 0.589413 0.658848
vt 0.721472 0.609309
vt 0.709892 0.819587
vt 0.722962 0.819784
vt 0.398978 0.612980
vt 0.369220 0.642702
vt 0.367491 0.645021
vt 0.364650 0.646812
vt 0.354226 0.646925
vt 0.351889 0.645190
vt 0.351173 0.640408
vt 0.352903 0.638088
vt 0.355744 0.636297
vt 0.362923 0.635266
vt 0.366168 0.636184
vt 0.368505 0.637919
vt 0.711978 0.703691
vt 0.710248 0.701372
vt 0.709892 0.698878
vt 0.710964 0.696589
vt 0.713300 0.694854
vt 0.726565 0.696759
vt 0.728295 0.699078
vt 0.728651 0.701571
vt 0.725243 0.705595
vt 0.721997 0.706513
vt 0.718337 0.706473
vt 0.953262 0.269898
vt 0.842913 0.000007
vt 0.607296 0.864787
vt 0.592156 0.858064
vt 0.828215 0.721264
vt 0.691396 0.843390
vt 0.694416 0.845231
vt 0.696369 0.847683
vt 0.696956 0.850373
vt 0.696087 0.852891
vt 0.693896 0.854855
vt 0.687030 0.856051
vt 0.683401 0.855102
vt 0.680380 0.853261
vt 0.677841 0.848118
vt 0.678709 0.845600
vt 0.680900 0.843636
vt 0.843804 0.721295
vt 0.578601 0.769486
vt 0.582230 0.768536
vt 0.585916 0.768623
vt 0.589096 0.769732
vt 0.591287 0.771696
vt 0.592156 0.774214
vt 0.591569 0.776905
vt 0.586596 0.781198
vt 0.573909 0.778988
vt 0.573041 0.776469
vt 0.573628 0.773779
vt 0.455486 0.567384
vt 0.587196 0.001001
vt 0.681800 0.162284
vt 0.549372 0.361695
vt 0.920418 0.337631
vt 0.918749 0.342987
vt 0.915666 0.347137
vt 0.911638 0.349450
vt 0.907278 0.349573
vt 0.903250 0.347488
vt 0.900168 0.343512
vt 0.898499 0.332504
vt 0.900168 0.327148
vt 0.903251 0.322998
vt 0.911638 0.320562
vt 0.915666 0.322647
vt 0.918749 0.326623
vt 0.573041 0.361652
vt 0.024597 0.940599
vt 0.022929 0.935243
vt 0.022929 0.929497
vt 0.024597 0.924235
vt 0.027680 0.920259
vt 0.031708 0.918174
vt 0.036068 0.918297
vt 0.043179 0.924760
vt 0.044847 0.930116
vt 0.044847 0.935862
vt 0.040096 0.945100
vt 0.036068 0.947185
vt 0.031708 0.947062
vt 0.729333 0.161647
vt 0.961791 0.162336
vt 0.727071 0.000000
vt 0.957692 0.604622
vt 0.968000 0.604342
vt 0.735205 0.944603
vt 0.738460 0.944556
vt 0.741467 0.945897
vt 0.743769 0.948422
vt 0.745014 0.951747
vt 0.745014 0.955366
vt 0.743769 0.958726
vt 0.738460 0.962746
vt 0.735205 0.962793
vt 0.732198 0.961452
vt 0.728651 0.955602
vt 0.728651 0.951983
vt 0.729897 0.948623
vt 0.888661 0.946051
vt 0.891915 0.946098
vt 0.894923 0.947526
vt 0.897224 0.950118
vt 0.898470 0.953479
vt 0.898470 0.957097
vt 0.897224 0.960422
vt 0.891916 0.964288
vt 0.888661 0.964241
vt 0.885653 0.962813
vt 0.882106 0.956861
vt 0.882106 0.953242
vt 0.883352 0.949917
vt 0.054856 0.694857
vt 0.589727 0.858064
vt 0.292068 0.692809
vt 0.955632 0.000167
vt 0.965920 0.000000
vt 0.744231 0.929520
vt 0.745515 0.932934
vt 0.745515 0.936677
vt 0.744231 0.940179
vt 0.741859 0.942906
vt 0.738760 0.944443
vt 0.735406 0.944556
vt 0.729935 0.940662
vt 0.728651 0.937247
vt 0.728651 0.933504
vt 0.732307 0.927276
vt 0.735406 0.925739
vt 0.738760 0.925625
vt 0.709892 0.935127
vt 0.711176 0.931712
vt 0.713547 0.929145
vt 0.716647 0.927818
vt 0.720001 0.927931
vt 0.723100 0.929468
vt 0.725472 0.932195
vt 0.726756 0.939439
vt 0.725472 0.942854
vt 0.723100 0.945420
vt 0.716647 0.946635
vt 0.713547 0.945098
vt 0.711176 0.942371
vt 0.857400 0.831547
vt 0.185639 0.805538
vt 0.336398 0.826503
vt 0.022929 0.807068
vt 0.036085 0.807554
vt 0.952987 0.831666
vt 0.951747 0.835242
vt 0.949456 0.838020
vt 0.946463 0.839578
vt 0.943223 0.839677
vt 0.940229 0.838304
vt 0.937938 0.835666
vt 0.936698 0.828336
vt 0.937938 0.824760
vt 0.940229 0.821982
vt 0.946463 0.820325
vt 0.949456 0.821698
vt 0.951747 0.824336
vt 0.730573 0.287169
vt 0.729333 0.283592
vt 0.729333 0.279763
vt 0.730573 0.276263
vt 0.732864 0.273625
vt 0.735858 0.272252
vt 0.739098 0.272351
vt 0.744383 0.276687
vt 0.745623 0.280263
vt 0.745623 0.284093
vt 0.742092 0.290230
vt 0.739098 0.291604
vt 0.735858 0.291504
vt 0.723154 0.011618
vt 0.348772 0.715565
vt 0.270372 0.693979
vt 0.384480 0.612764
vt 0.489373 0.788388
vt 0.112634 0.689911
vt 0.712918 0.011556
vt 0.710377 0.009779
vt 0.709001 0.007468
vt 0.709001 0.004976
vt 0.712918 0.000934
vt 0.716239 0.000000
vt 0.719833 0.000022
vt 0.725695 0.002773
vt 0.727071 0.005084
vt 0.727071 0.007576
vt 0.380985 0.715231
vt 0.377665 0.714297
vt 0.375123 0.712550
vt 0.373748 0.710255
vt 0.373748 0.707763
vt 0.375123 0.705452
vt 0.390441 0.705360
vt 0.391817 0.710147
vt 0.390441 0.712458
vt 0.387900 0.714236
vt 0.662264 0.163394
vt 0.637178 0.001646
vt 0.637178 0.000938
vt 0.918568 0.144437
vt 0.914225 0.142113
vt 0.910902 0.138028
vt 0.909103 0.132803
vt 0.909103 0.127234
vt 0.910902 0.122168
vt 0.914225 0.118378
vt 0.923268 0.116647
vt 0.927610 0.118971
vt 0.930933 0.123056
vt 0.932732 0.133850
vt 0.930933 0.138916
vt 0.927610 0.142706
vt 0.616948 0.360694
vt 0.915646 0.316496
vt 0.911304 0.318819
vt 0.906604 0.319028
vt 0.902262 0.317089
vt 0.898938 0.313298
vt 0.897140 0.308232
vt 0.897140 0.302663
vt 0.902262 0.293353
vt 0.906604 0.291029
vt 0.911304 0.290821
vt 0.918970 0.296551
vt 0.920768 0.301616
vt 0.920768 0.307185
vt 0.758350 0.161748
vt 0.978325 0.713964
vt 0.747341 0.609309
vt 0.762653 0.609691
vt 0.499646 0.896938
vt 0.886895 0.462413
vt 0.889537 0.462308
vt 0.891979 0.463600
vt 0.893848 0.466092
vt 0.894859 0.469406
vt 0.894859 0.473036
vt 0.893848 0.476430
vt 0.889537 0.480557
vt 0.886894 0.480662
vt 0.884453 0.479370
vt 0.881573 0.473564
vt 0.881573 0.469934
vt 0.882584 0.466540
vt 0.864706 0.960006
vt 0.867349 0.960111
vt 0.869790 0.961597
vt 0.871659 0.964238
vt 0.872671 0.967632
vt 0.872671 0.971262
vt 0.871659 0.974576
vt 0.867349 0.978360
vt 0.864706 0.978255
vt 0.862264 0.976769
vt 0.859384 0.970734
vt 0.859384 0.967104
vt 0.860395 0.963791
vt 0.347904 0.612447
vt 0.232937 0.600445
vt 0.931553 0.351707
vt 0.263369 0.600739
vt 0.249682 0.611542
vt 0.920846 0.000833
vt 0.258240 0.601378
vt 0.261133 0.603074
vt 0.262934 0.605287
vt 0.263369 0.607677
vt 0.262372 0.609883
vt 0.260095 0.611567
vt 0.246789 0.609845
vt 0.244988 0.607633
vt 0.245550 0.603036
vt 0.247827 0.601352
vt 0.251039 0.600445
vt 0.933972 0.001163
vt 0.227972 0.690278
vt 0.241278 0.688556
vt 0.243556 0.690240
vt 0.244553 0.692445
vt 0.242316 0.697048
vt 0.239423 0.698745
vt 0.235878 0.699668
vt 0.229011 0.698771
vt 0.226733 0.697086
vt 0.225736 0.694881
vt 0.760251 0.351605
vt 0.775924 0.350892
vt 0.292068 0.996792
vt 0.763671 0.161685
vt 0.999079 0.798296
vt 0.278202 0.971518
vt 0.275622 0.969885
vt 0.273647 0.967103
vt 0.272578 0.963594
vt 0.272578 0.959893
vt 0.273647 0.956564
vt 0.275622 0.954112
vt 0.280995 0.953146
vt 0.283575 0.954779
vt 0.285550 0.957561
vt 0.286618 0.964771
vt 0.285550 0.968100
vt 0.283575 0.970552
vt 0.839211 0.971514
vt 0.836631 0.973146
vt 0.833838 0.973381
vt 0.831258 0.972181
vt 0.829283 0.969729
vt 0.828215 0.966400
vt 0.828215 0.962699
vt 0.831258 0.956408
vt 0.833838 0.954775
vt 0.836631 0.954541
vt 0.841186 0.958193
vt 0.842255 0.961522
vt 0.842255 0.965223
vt 0.895799 0.481040
vt 0.908742 0.481597
vt 0.872924 0.719587
vt 0.259136 0.794717
vt 0.908305 0.469626
vt 0.909686 0.466225
vt 0.912237 0.463624
vt 0.915570 0.462220
vt 0.919178 0.462225
vt 0.922512 0.463641
vt 0.925063 0.466250
vt 0.926443 0.473340
vt 0.925063 0.476741
vt 0.922512 0.479342
vt 0.915570 0.480740
vt 0.912237 0.479325
vt 0.909686 0.476716
vt 0.894708 0.115752
vt 0.842255 0.705885
vt 0.843635 0.709286
vt 0.843635 0.712970
vt 0.842255 0.716376
vt 0.839704 0.718985
vt 0.836370 0.720400
vt 0.832762 0.720406
vt 0.826878 0.716401
vt 0.825497 0.713000
vt 0.825497 0.709316
vt 0.829429 0.703301
vt 0.832762 0.701886
vt 0.836370 0.701880
vt 0.646952 0.360694
vt 0.039242 0.491531
vt 0.107096 0.547886
vt 0.638268 0.513667
vt 0.658305 0.513856
vt 0.028598 0.470625
vt 0.030439 0.486926
vt 0.028598 0.483067
vt 0.028934 0.478908
vt 0.031395 0.475084
vt 0.035608 0.472175
vt 0.040930 0.470625
vt 0.046552 0.470669
vt 0.055355 0.475274
vt 0.057196 0.479133
vt 0.056860 0.483292
vt 0.050186 0.490025
vt 0.693933 0.513667
vt 0.028598 0.586206
vt 0.026757 0.590065
vt 0.023019 0.593037
vt 0.017954 0.594670
vt 0.012332 0.594714
vt 0.007010 0.593164
vt 0.002797 0.590255
vt 0.000000 0.582272
vt 0.001841 0.578413
vt 0.005579 0.575441
vt 0.021588 0.575313
vt 0.025801 0.578222
vt 0.978468 0.604274
vt 0.846515 0.721859
vt 0.967857 0.712719
vt 0.844056 0.610269
vt 0.363868 0.955711
vt 0.364943 0.959157
vt 0.364943 0.962926
vt 0.363868 0.966446
vt 0.361881 0.969179
vt 0.359285 0.970710
vt 0.356475 0.970806
vt 0.351893 0.966854
vt 0.350817 0.963408
vt 0.350817 0.959639
vt 0.353880 0.953387
vt 0.356475 0.951856
vt 0.359285 0.951760
vt 0.859665 0.610150
vt 0.136681 0.957568
vt 0.137756 0.954122
vt 0.139743 0.951524
vt 0.142339 0.950170
vt 0.145148 0.950266
vt 0.147744 0.951797
vt 0.149731 0.954530
vt 0.150807 0.961819
vt 0.149731 0.965265
vt 0.147744 0.967862
vt 0.142339 0.969121
vt 0.139743 0.967590
vt 0.137756 0.964856
vt 0.439306 0.306135
vt 0.980497 0.351908
vt 0.693933 0.642661
vt 0.109610 0.896290
vt 0.119875 0.895700
vt 0.974161 0.967057
vt 0.971574 0.968208
vt 0.968775 0.967963
vt 0.966189 0.966361
vt 0.964209 0.963644
vt 0.963138 0.960226
vt 0.963138 0.956629
vt 0.966188 0.951028
vt 0.968775 0.949877
vt 0.971574 0.950122
vt 0.976140 0.954442
vt 0.977211 0.957859
vt 0.977211 0.961456
vt 0.005637 0.976049
vt 0.003051 0.974898
vt 0.001071 0.972528
vt 0.000000 0.969298
vt 0.000000 0.965700
vt 0.001071 0.962283
vt 0.003051 0.959566
vt 0.008436 0.957718
vt 0.011022 0.958869
vt 0.013002 0.961240
vt 0.014073 0.968067
vt 0.013002 0.971484
vt 0.011023 0.974201
vt 0.886054 0.603835
vt 0.899065 0.604183
vt 0.321094 0.538777
vt 0.895778 0.721400
vt 0.175621 0.923748
vt 0.178166 0.921137
vt 0.181490 0.919714
vt 0.185089 0.919694
vt 0.188414 0.921081
vt 0.190959 0.923664
vt 0.192336 0.927050
vt 0.190958 0.934124
vt 0.188414 0.936735
vt 0.185089 0.938158
vt 0.178166 0.936791
vt 0.175621 0.934207
vt 0.174244 0.930822
vt 0.308379 0.691877
vt 0.808469 0.920313
vt 0.811013 0.922924
vt 0.812390 0.926325
vt 0.812390 0.929997
vt 0.811013 0.933383
vt 0.808469 0.935966
vt 0.805144 0.937354
vt 0.798220 0.935910
vt 0.795676 0.933299
vt 0.794298 0.929898
vt 0.795676 0.922840
vt 0.798220 0.920257
vt 0.801545 0.918869
vt 0.774927 0.000000
vt 0.988645 0.603835
vt 0.596687 0.663609
vt 1.000000 0.162056
vt 0.572408 0.949993
vt 0.574530 0.947539
vt 0.577301 0.946307
vt 0.580300 0.946482
vt 0.583071 0.948039
vt 0.585193 0.950741
vt 0.586340 0.954176
vt 0.585193 0.961121
vt 0.583072 0.963574
vt 0.580300 0.964807
vt 0.574530 0.963074
vt 0.572409 0.960373
vt 0.571261 0.956938
vt 0.435729 0.462680
vt 0.437850 0.465134
vt 0.438998 0.468434
vt 0.438998 0.472079
vt 0.437850 0.475514
vt 0.435729 0.478215
vt 0.432958 0.479772
vt 0.427187 0.478715
vt 0.425066 0.476262
vt 0.423919 0.472962
vt 0.425066 0.465882
vt 0.427187 0.463180
vt 0.429959 0.461623
vt 0.398833 0.307343
vt 0.231922 0.168954
vt 0.398833 0.306135
vt 0.262702 0.169618
vt 0.778177 0.126920
vt 0.780852 0.135285
vt 0.780852 0.144221
vt 0.778177 0.152369
vt 0.773235 0.158488
vt 0.766778 0.161647
vt 0.759788 0.161365
vt 0.748389 0.151165
vt 0.745714 0.142801
vt 0.745714 0.133865
vt 0.753331 0.119598
vt 0.759788 0.116439
vt 0.766778 0.116721
vt 0.299668 0.168973
vt 0.717096 0.314529
vt 0.719770 0.306164
vt 0.724713 0.299646
vt 0.731170 0.295965
vt 0.738160 0.295683
vt 0.744617 0.298842
vt 0.749559 0.304961
vt 0.752234 0.322045
vt 0.749559 0.330409
vt 0.744617 0.336928
vt 0.731170 0.340891
vt 0.724713 0.337732
vt 0.719770 0.331613
vt 0.549372 0.360857
vt 0.297155 0.538777
vt 0.292068 0.383279
vt 0.677340 0.351036
vt 0.693231 0.350892
vt 0.721199 0.491146
vt 0.721199 0.496904
vt 0.719070 0.502241
vt 0.715136 0.506345
vt 0.709996 0.508590
vt 0.704433 0.508635
vt 0.699294 0.506473
vt 0.693231 0.497130
vt 0.693231 0.491372
vt 0.695360 0.486035
vt 0.704433 0.479687
vt 0.709996 0.479642
vt 0.715136 0.481804
vt 0.601240 0.334910
vt 0.601240 0.329152
vt 0.603369 0.323849
vt 0.607302 0.319810
vt 0.612442 0.317648
vt 0.618005 0.317692
vt 0.623145 0.319937
vt 0.629207 0.329378
vt 0.629207 0.335136
vt 0.627079 0.340438
vt 0.618005 0.346640
vt 0.612442 0.346595
vt 0.607302 0.344350
vt 0.637970 0.859701
vt 0.738050 0.706626
vt 0.524424 0.860227
vt 0.439325 0.701548
vt 0.826687 0.945427
vt 0.826687 0.949168
vt 0.825461 0.952556
vt 0.823195 0.955074
vt 0.820234 0.956340
vt 0.817029 0.956161
vt 0.814068 0.954563
vt 0.810575 0.948266
vt 0.810575 0.944525
vt 0.811802 0.941138
vt 0.817029 0.937354
vt 0.820234 0.937533
vt 0.823195 0.939130
vt 0.454725 0.701586
vt 0.174244 0.949993
vt 0.174244 0.946252
vt 0.175470 0.942727
vt 0.177737 0.939955
vt 0.180698 0.938357
vt 0.183902 0.938178
vt 0.186863 0.939444
vt 0.190356 0.945350
vt 0.190356 0.949091
vt 0.189130 0.952615
vt 0.183903 0.956985
vt 0.180698 0.957164
vt 0.177737 0.955899
vt 0.821705 0.000817
vt 0.948920 0.843787
vt 0.807216 0.350892
vt 0.627322 0.860142
vt 0.690360 0.945684
vt 0.692608 0.948288
vt 0.693825 0.951708
vt 0.693825 0.955424
vt 0.692608 0.958870
vt 0.690360 0.961521
vt 0.687422 0.962974
vt 0.681305 0.961617
vt 0.679057 0.959013
vt 0.677841 0.955593
vt 0.679057 0.948431
vt 0.681306 0.945780
vt 0.684243 0.944327
vt 0.947022 0.457805
vt 0.949270 0.455201
vt 0.952208 0.453810
vt 0.955387 0.453844
vt 0.958324 0.455297
vt 0.960573 0.457948
vt 0.961789 0.461394
vt 0.960573 0.468530
vt 0.958325 0.471134
vt 0.955387 0.472525
vt 0.949270 0.471038
vt 0.947022 0.468387
vt 0.945805 0.464941
vt 0.649034 0.894066
vt 0.530391 0.845835
vt 0.925154 0.833553
vt 0.973388 0.845246
vt 0.677132 0.859944
vt 0.812581 0.832533
vt 0.537596 0.846646
vt 0.540613 0.848525
vt 0.542599 0.851054
vt 0.543251 0.853846
vt 0.542470 0.856477
vt 0.540375 0.858547
vt 0.537284 0.859740
vt 0.530079 0.858929
vt 0.527062 0.857050
vt 0.525076 0.854521
vt 0.525205 0.849098
vt 0.527300 0.847028
vt 0.638268 0.893091
vt 0.660943 0.773554
vt 0.663960 0.771675
vt 0.667550 0.770730
vt 0.671165 0.770865
vt 0.674256 0.772057
vt 0.676351 0.774127
vt 0.677132 0.776758
vt 0.674494 0.782079
vt 0.671476 0.783958
vt 0.661181 0.783576
vt 0.659086 0.781507
vt 0.658305 0.778875
vt 0.468557 0.875893
vt 0.674661 0.661584
vt 0.960300 0.269608
vt 0.518575 0.870091
vt 0.615121 0.859012
vt 0.613766 0.861637
vt 0.611214 0.863657
vt 0.607853 0.864763
vt 0.604195 0.864787
vt 0.600798 0.863725
vt 0.598178 0.861740
vt 0.596687 0.856301
vt 0.598042 0.853676
vt 0.600594 0.851656
vt 0.611010 0.851588
vt 0.613630 0.853573
vt 0.549373 0.663369
vt 0.501496 0.792254
vt 0.500141 0.789629
vt 0.500188 0.786797
vt 0.501632 0.784190
vt 0.504252 0.782205
vt 0.507649 0.781143
vt 0.511307 0.781167
vt 0.517220 0.784293
vt 0.518575 0.786918
vt 0.518528 0.789750
vt 0.514464 0.794342
vt 0.573004 0.000756
vt 0.693082 0.000081
vt 0.125585 0.395085
vt 0.224886 0.573205
vt 0.205409 0.919694
vt 0.209417 0.921687
vt 0.212484 0.925539
vt 0.214144 0.930663
vt 0.214144 0.936278
vt 0.212484 0.941530
vt 0.209417 0.945620
vt 0.201071 0.948092
vt 0.197063 0.946099
vt 0.193996 0.942247
vt 0.192336 0.931508
vt 0.193996 0.926256
vt 0.197063 0.922166
vt 0.378475 0.921462
vt 0.382483 0.919468
vt 0.386821 0.919636
vt 0.390829 0.921941
vt 0.393896 0.926030
vt 0.395556 0.931282
vt 0.395556 0.936898
vt 0.390829 0.945873
vt 0.386821 0.947866
vt 0.382483 0.947698
vt 0.375408 0.941305
vt 0.373748 0.936052
vt 0.373748 0.930437
vt 0.668974 0.860348
vt 0.794960 0.161801
vt 0.549373 0.861744
vt 0.791643 0.351260
vt 0.843329 0.939907
vt 0.844574 0.943444
vt 0.844574 0.947216
vt 0.843329 0.950650
vt 0.841028 0.953222
vt 0.838021 0.954541
vt 0.834767 0.954406
vt 0.829460 0.950075
vt 0.828215 0.946538
vt 0.828215 0.942766
vt 0.831761 0.936760
vt 0.834767 0.935441
vt 0.838021 0.935576
vt 0.807216 0.350941
vt 0.272578 0.941815
vt 0.273824 0.938278
vt 0.276125 0.935515
vt 0.279131 0.933947
vt 0.282385 0.933812
vt 0.285391 0.935131
vt 0.287692 0.937703
vt 0.288937 0.944909
vt 0.287692 0.948446
vt 0.285391 0.951209
vt 0.279131 0.952912
vt 0.276125 0.951593
vt 0.273824 0.949021
vt 0.175061 0.700983
vt 0.246076 0.795228
vt 0.192336 0.699173
vt 0.934959 0.481551
vt 0.945227 0.481348
vt 0.072240 0.957109
vt 0.069950 0.959785
vt 0.066957 0.961295
vt 0.063718 0.961408
vt 0.060726 0.960108
vt 0.058435 0.957593
vt 0.057196 0.954245
vt 0.058435 0.947139
vt 0.060726 0.944463
vt 0.063718 0.942953
vt 0.069950 0.944139
vt 0.072240 0.946655
vt 0.073480 0.950003
vt 0.158890 0.959032
vt 0.156600 0.956356
vt 0.155360 0.952921
vt 0.155360 0.949250
vt 0.156600 0.945902
vt 0.158890 0.943387
vt 0.161883 0.942087
vt 0.168114 0.943710
vt 0.170405 0.946386
vt 0.171644 0.949821
vt 0.170405 0.956840
vt 0.168114 0.959356
vt 0.165122 0.960656
vt 0.908481 0.162669
vt 0.921585 0.162527
vt 0.882184 0.481182
vt 0.918758 0.481853
vt 0.782348 0.961401
vt 0.779300 0.960104
vt 0.776967 0.957616
vt 0.775705 0.954318
vt 0.775705 0.950710
vt 0.776968 0.947343
vt 0.779300 0.944728
vt 0.785647 0.943175
vt 0.788695 0.944472
vt 0.791028 0.946959
vt 0.792291 0.953866
vt 0.791028 0.957233
vt 0.788695 0.959848
vt 0.872488 0.721264
vt 0.864758 0.479723
vt 0.861710 0.481021
vt 0.858411 0.480930
vt 0.855363 0.479467
vt 0.853030 0.476852
vt 0.851768 0.473485
vt 0.851768 0.469877
vt 0.855363 0.464091
vt 0.858411 0.462794
vt 0.861710 0.462884
vt 0.867091 0.466962
vt 0.868353 0.470330
vt 0.868353 0.473937
vt 0.281144 0.608849
vt 0.318990 0.381528
vt 0.728651 0.820565
vt 0.326621 0.624074
vt 0.336856 0.623894
vt 0.222444 0.449459
vt 0.333536 0.612447
vt 0.336857 0.613337
vt 0.339398 0.615044
vt 0.340774 0.617308
vt 0.340774 0.619785
vt 0.339398 0.622098
vt 0.324079 0.622367
vt 0.322704 0.617626
vt 0.324079 0.615313
vt 0.326621 0.613517
vt 0.789114 0.818386
vt 0.289273 0.701995
vt 0.290648 0.704308
vt 0.290648 0.706785
vt 0.286731 0.710756
vt 0.283410 0.711645
vt 0.279816 0.711582
vt 0.273954 0.708779
vt 0.272578 0.706466
vt 0.272578 0.703989
vt 0.274804 0.452408
vt 0.075150 0.546924
vt 0.225736 0.453882
vt 0.107096 0.547458
vt 0.836011 0.127609
vt 0.837939 0.122489
vt 0.841502 0.118569
vt 0.846157 0.116444
vt 0.851195 0.116439
vt 0.855850 0.118554
vt 0.859413 0.122467
vt 0.861341 0.133121
vt 0.859413 0.138241
vt 0.855850 0.142161
vt 0.846157 0.144291
vt 0.841502 0.142176
vt 0.837939 0.138263
vt 0.872965 0.326612
vt 0.874894 0.331732
vt 0.874894 0.337271
vt 0.872966 0.342387
vt 0.869403 0.346300
vt 0.864748 0.348415
vt 0.859710 0.348409
vt 0.851492 0.342364
vt 0.849564 0.337245
vt 0.849564 0.331706
vt 0.855054 0.322677
vt 0.859709 0.320562
vt 0.864748 0.320567
vt 0.921585 0.348377
vt 0.827396 -0.000000
vt 0.849564 0.347064
vt 0.812581 0.721355
vt 0.838807 0.338571
vt 0.838807 0.342355
vt 0.837777 0.345968
vt 0.835874 0.348859
vt 0.833388 0.350588
vt 0.830697 0.350892
vt 0.828211 0.349725
vt 0.825278 0.343886
vt 0.825278 0.340102
vt 0.826308 0.336489
vt 0.830697 0.331869
vt 0.833388 0.331564
vt 0.835874 0.332731
vt 0.828215 0.721264
vt 0.563756 0.305346
vt 0.563756 0.301562
vt 0.564786 0.298183
vt 0.566689 0.295722
vt 0.569175 0.294555
vt 0.571866 0.294860
vt 0.574352 0.296589
vt 0.577285 0.303092
vt 0.577285 0.306876
vt 0.576255 0.310256
vt 0.571866 0.313883
vt 0.569175 0.313579
vt 0.566689 0.311849
vt 0.772781 0.818643
vt 0.565729 0.663369
vt 0.050058 0.594714
vt 0.912313 0.603835
vt 0.925365 0.603994
vt 0.498533 0.673895
vt 0.038323 0.601584
vt 0.036716 0.603821
vt 0.033967 0.605589
vt 0.023527 0.605964
vt 0.021091 0.604383
vt 0.020114 0.599879
vt 0.021722 0.597641
vt 0.024470 0.595874
vt 0.031608 0.594714
vt 0.034910 0.595498
vt 0.037346 0.597079
vt 0.040373 0.691930
vt 0.038766 0.689692
vt 0.038544 0.687325
vt 0.039743 0.685188
vt 0.042179 0.683607
vt 0.055367 0.685750
vt 0.056974 0.687987
vt 0.057196 0.690355
vt 0.053562 0.694073
vt 0.050259 0.694857
vt 0.046593 0.694725
vt 0.789372 0.350986
vt 0.466027 0.990556
vt 0.776699 0.161647
vt 0.792418 0.162066
vt 0.238961 0.991561
vt 0.795366 0.960775
vt 0.797339 0.958065
vt 0.799916 0.956506
vt 0.802706 0.956337
vt 0.805283 0.957582
vt 0.807255 0.960052
vt 0.808323 0.963371
vt 0.807255 0.970483
vt 0.805283 0.973192
vt 0.802706 0.974751
vt 0.797339 0.973675
vt 0.795366 0.971205
vt 0.794299 0.967886
vt 0.328616 0.957746
vt 0.330588 0.960456
vt 0.331656 0.963904
vt 0.331656 0.967567
vt 0.330588 0.970886
vt 0.328616 0.973356
vt 0.326039 0.974601
vt 0.320672 0.972874
vt 0.318699 0.970164
vt 0.317631 0.966715
vt 0.318699 0.959733
vt 0.320672 0.957263
vt 0.323249 0.956018
vt 0.921373 0.462107
vt 0.908305 0.462220
vt 0.882184 0.592124
vt 0.918237 0.111327
vt 0.775160 0.277259
vt 0.777699 0.280035
vt 0.779073 0.283614
vt 0.779073 0.287452
vt 0.777699 0.290963
vt 0.775161 0.293615
vt 0.771844 0.295002
vt 0.764938 0.293364
vt 0.762399 0.290588
vt 0.761026 0.287009
vt 0.762399 0.279660
vt 0.764938 0.277008
vt 0.768254 0.275621
vt 0.895590 0.272613
vt 0.780446 0.280035
vt 0.782985 0.277259
vt 0.786301 0.275709
vt 0.789891 0.275621
vt 0.793208 0.277008
vt 0.795746 0.279660
vt 0.797120 0.283171
vt 0.795746 0.290588
vt 0.793208 0.293364
vt 0.789891 0.294914
vt 0.782985 0.293615
vt 0.780446 0.290963
vt 0.779073 0.287452
vt 0.175705 0.700983
vt 0.520666 0.522661
vt 0.177139 0.470267
vt 0.455486 0.695465
vt 0.475805 0.529724
vt 0.165889 0.451735
vt 0.171348 0.449819
vt 0.177247 0.449459
vt 0.182688 0.450711
vt 0.186845 0.453384
vt 0.189082 0.457070
vt 0.189061 0.461209
vt 0.182597 0.468351
vt 0.161642 0.466702
vt 0.159404 0.463016
vt 0.159426 0.458877
vt 0.212861 0.449459
vt 0.212275 0.553030
vt 0.216461 0.556211
vt 0.218739 0.560172
vt 0.218760 0.564311
vt 0.216523 0.567997
vt 0.212367 0.570670
vt 0.201026 0.571563
vt 0.195567 0.569647
vt 0.191381 0.566466
vt 0.189082 0.558366
vt 0.191320 0.554679
vt 0.195476 0.552007
vt 0.986480 0.481686
vt 0.793451 0.492575
vt 0.976243 0.000000
vt 0.386108 0.964648
vt 0.383208 0.966087
vt 0.380069 0.966143
vt 0.377169 0.964808
vt 0.374949 0.962285
vt 0.373748 0.958958
vt 0.373748 0.955334
vt 0.377169 0.949362
vt 0.380069 0.947923
vt 0.383208 0.947867
vt 0.388328 0.951725
vt 0.389529 0.955051
vt 0.389529 0.958676
vt 0.777957 0.610066
vt 0.338982 0.965936
vt 0.336082 0.964497
vt 0.333862 0.961894
vt 0.332661 0.958524
vt 0.332661 0.954900
vt 0.333862 0.951573
vt 0.336082 0.949050
vt 0.342121 0.947772
vt 0.345021 0.949211
vt 0.347241 0.951813
vt 0.348442 0.958807
vt 0.347241 0.962134
vt 0.345021 0.964657
vt 0.109610 0.895590
vt 0.825466 0.351297
vt 0.075150 0.894852
vt 0.747024 0.727710
vt 0.962056 0.954250
vt 0.963138 0.957776
vt 0.963138 0.961553
vt 0.962056 0.965005
vt 0.960056 0.967607
vt 0.957443 0.968962
vt 0.954615 0.968865
vt 0.950002 0.964590
vt 0.948920 0.961063
vt 0.948920 0.957286
vt 0.952002 0.951232
vt 0.954615 0.949877
vt 0.957443 0.949975
vt 0.762653 0.727483
vt 0.952987 0.828224
vt 0.954070 0.824697
vt 0.956070 0.821958
vt 0.958682 0.820422
vt 0.961511 0.820325
vt 0.964123 0.821680
vt 0.966123 0.824282
vt 0.967206 0.831510
vt 0.966123 0.835037
vt 0.964123 0.837777
vt 0.958682 0.839410
vt 0.956069 0.838054
vt 0.954070 0.835453
vt 0.912313 0.603931
vt 0.292068 0.910052
vt 0.141603 0.802028
vt 0.803796 0.328861
vt 0.805165 0.332375
vt 0.805165 0.336217
vt 0.803796 0.339801
vt 0.801268 0.342581
vt 0.797964 0.344135
vt 0.794389 0.344226
vt 0.788557 0.340186
vt 0.787188 0.336672
vt 0.787188 0.332830
vt 0.791085 0.326466
vt 0.794389 0.324912
vt 0.797964 0.324822
vt 0.911851 0.831960
vt 0.797120 0.283175
vt 0.798488 0.279660
vt 0.801017 0.277007
vt 0.804320 0.275621
vt 0.807896 0.275711
vt 0.811199 0.277265
vt 0.813728 0.280045
vt 0.815096 0.287471
vt 0.813728 0.290986
vt 0.811199 0.293638
vt 0.804320 0.294934
vt 0.801017 0.293381
vt 0.798488 0.290600
vt 0.908305 0.464643
vt 0.895157 0.464434
vt 0.948123 0.161647
vt 0.228525 0.908395
vt 0.057196 0.850840
vt 0.821565 0.957747
vt 0.823539 0.960349
vt 0.824607 0.963751
vt 0.824607 0.967435
vt 0.823539 0.970839
vt 0.821565 0.973446
vt 0.818986 0.974859
vt 0.813617 0.973456
vt 0.811643 0.970853
vt 0.810575 0.967452
vt 0.811643 0.960363
vt 0.813617 0.957756
vt 0.816195 0.956343
vt 0.175312 0.961173
vt 0.177286 0.958571
vt 0.179864 0.957164
vt 0.182655 0.957168
vt 0.185234 0.958581
vt 0.187208 0.961188
vt 0.188276 0.964592
vt 0.187208 0.971678
vt 0.185234 0.974280
vt 0.182655 0.975687
vt 0.177286 0.974271
vt 0.175312 0.971664
vt 0.174244 0.968259
vt 0.549329 -0.000000
vt 0.279922 0.452408
vt 0.524568 0.155737
vt 0.057196 0.470719
vt 0.073040 0.470625
vt 0.808189 0.127962
vt 0.808189 0.133772
vt 0.806108 0.139174
vt 0.802263 0.143344
vt 0.797239 0.145649
vt 0.791802 0.145737
vt 0.786778 0.143595
vt 0.780852 0.134214
vt 0.780852 0.128404
vt 0.782933 0.123002
vt 0.791802 0.116527
vt 0.797239 0.116439
vt 0.802263 0.118581
vt 0.728370 0.485223
vt 0.728370 0.479413
vt 0.730451 0.474079
vt 0.734296 0.470032
vt 0.739320 0.467890
vt 0.744757 0.467978
vt 0.749781 0.470283
vt 0.755707 0.479855
vt 0.755707 0.485666
vt 0.753626 0.491000
vt 0.744757 0.497189
vt 0.739320 0.497101
vt 0.734296 0.494796
vt 0.743899 0.350943
vt 0.962631 0.844477
vt 0.057196 0.627065
vt 0.500140 0.870854
vt 0.510470 0.870648
vt 0.045585 0.947185
vt 0.048802 0.947328
vt 0.051775 0.948846
vt 0.054050 0.951508
vt 0.055282 0.954908
vt 0.055282 0.958530
vt 0.054050 0.961822
vt 0.048802 0.965536
vt 0.045585 0.965393
vt 0.042612 0.963875
vt 0.039105 0.957813
vt 0.039105 0.954191
vt 0.040337 0.950899
vt 0.029408 0.947328
vt 0.032626 0.947185
vt 0.035599 0.948439
vt 0.037874 0.950899
vt 0.039105 0.954191
vt 0.039105 0.957812
vt 0.037874 0.961213
vt 0.032626 0.965393
vt 0.029408 0.965536
vt 0.026435 0.964282
vt 0.022929 0.958530
vt 0.022929 0.954908
vt 0.024160 0.951508
vt 0.856139 0.493891
vt 0.948519 0.000023
vt 0.838840 0.161647
vt 0.945227 0.481040
vt 0.955580 0.481106
vt 0.367743 0.944241
vt 0.366455 0.947677
vt 0.364074 0.950313
vt 0.360964 0.951747
vt 0.357597 0.951760
vt 0.354486 0.950350
vt 0.352106 0.947733
vt 0.350817 0.940593
vt 0.352106 0.937156
vt 0.354486 0.934520
vt 0.360964 0.933074
vt 0.364074 0.934483
vt 0.366455 0.937100
vt 0.137969 0.946088
vt 0.136681 0.942651
vt 0.136681 0.938937
vt 0.137969 0.935511
vt 0.140350 0.932894
vt 0.143460 0.931484
vt 0.146827 0.931497
vt 0.152318 0.935567
vt 0.153606 0.939003
vt 0.153606 0.942717
vt 0.149937 0.948761
vt 0.146827 0.950170
vt 0.143460 0.950157
vt 0.007147 0.819221
vt 0.978468 0.604378
vt 0.794298 0.817330
vt 0.808218 0.817543
vt 0.989780 0.161647
vt 0.566822 0.858581
vt 0.564267 0.860569
vt 0.560873 0.861680
vt 0.557158 0.861744
vt 0.553687 0.860751
vt 0.550989 0.858854
vt 0.549474 0.856339
vt 0.550701 0.851029
vt 0.553256 0.849040
vt 0.563836 0.848858
vt 0.566535 0.850756
vt 0.568050 0.853270
vt 0.632011 0.859637
vt 0.620832 0.783668
vt 0.618277 0.781679
vt 0.616948 0.779116
vt 0.617049 0.776369
vt 0.618564 0.773854
vt 0.621263 0.771957
vt 0.624734 0.770964
vt 0.631842 0.772139
vt 0.634398 0.774127
vt 0.635726 0.776690
vt 0.634110 0.781952
vt 0.631412 0.783850
vt 0.475772 0.789470
vt 0.103731 0.689836
vt 0.380590 0.808062
vt 0.363887 0.825320
vt 0.082657 0.701747
vt 0.386793 0.807649
vt 0.086385 0.689383
vt 0.089829 0.690588
vt 0.092466 0.692551
vt 0.093892 0.694973
vt 0.093892 0.697485
vt 0.092466 0.699704
vt 0.079213 0.700541
vt 0.076577 0.698578
vt 0.075150 0.693645
vt 0.076577 0.691426
vt 0.079213 0.689836
vt 0.399838 0.808068
vt 0.097955 0.772229
vt 0.111207 0.773066
vt 0.112634 0.775285
vt 0.112634 0.777797
vt 0.108571 0.782182
vt 0.105127 0.783387
vt 0.101399 0.783651
vt 0.095319 0.781345
vt 0.093892 0.779125
vt 0.093892 0.776613
vt 0.208966 0.573178
vt 0.585927 0.161647
vt 0.175705 0.571922
vt 0.573041 0.360759
vt 0.322674 0.364643
vt 0.322674 0.370414
vt 0.320922 0.375650
vt 0.317687 0.379552
vt 0.313459 0.381528
vt 0.308883 0.381276
vt 0.304655 0.378834
vt 0.299668 0.369146
vt 0.299668 0.363375
vt 0.301419 0.358140
vt 0.308882 0.352262
vt 0.313459 0.352514
vt 0.317686 0.354955
vt 0.596996 0.360694
vt 0.299668 0.341148
vt 0.299668 0.335377
vt 0.301419 0.329948
vt 0.304655 0.325689
vt 0.308883 0.323248
vt 0.313459 0.322995
vt 0.317687 0.324971
vt 0.322674 0.334109
vt 0.322674 0.339880
vt 0.320922 0.345308
vt 0.313459 0.352009
vt 0.308883 0.352262
vt 0.304655 0.350286
vt 0.439198 0.643623
vt 0.513768 0.870095
vt 0.742615 0.000000
vt 0.965920 0.000000
vt 0.976243 0.000010
vt 0.664001 0.143298
vt 0.667513 0.143314
vt 0.670757 0.144715
vt 0.673240 0.147288
vt 0.674583 0.150640
vt 0.674583 0.154262
vt 0.673240 0.157603
vt 0.667513 0.161524
vt 0.664001 0.161508
vt 0.660757 0.160107
vt 0.656931 0.154182
vt 0.656931 0.150560
vt 0.658274 0.147220
vt 0.700153 0.129568
vt 0.703664 0.129552
vt 0.706908 0.130923
vt 0.709391 0.133473
vt 0.710735 0.136814
vt 0.710735 0.140436
vt 0.709391 0.143788
vt 0.703664 0.147762
vt 0.700153 0.147778
vt 0.696908 0.146406
vt 0.693082 0.140516
vt 0.693082 0.136894
vt 0.694426 0.133542
vt 0.806103 0.000750
vt 0.948123 0.161647
vt 0.022929 0.694857
vt 0.957424 0.713145
vt 0.872049 0.942682
vt 0.874323 0.945277
vt 0.875554 0.948690
vt 0.875554 0.952402
vt 0.874323 0.955848
vt 0.872049 0.958503
vt 0.869077 0.959963
vt 0.862889 0.958625
vt 0.860615 0.956030
vt 0.859384 0.952617
vt 0.860615 0.945459
vt 0.862889 0.942804
vt 0.865861 0.941344
vt 0.748254 0.945219
vt 0.750529 0.942624
vt 0.753500 0.941243
vt 0.756717 0.941285
vt 0.759688 0.942745
vt 0.761963 0.945401
vt 0.763194 0.948847
vt 0.761963 0.955972
vt 0.759688 0.958567
vt 0.756717 0.959948
vt 0.750529 0.958445
vt 0.748254 0.955790
vt 0.747023 0.952344
vt 0.336398 0.826503
vt 0.311163 0.808968
vt 0.401861 0.826297
vt 0.192336 0.810258
vt 0.205594 0.809979
vt 0.773799 0.479402
vt 0.773799 0.475685
vt 0.775094 0.472212
vt 0.777487 0.469511
vt 0.780614 0.467993
vt 0.783998 0.467890
vt 0.787124 0.469217
vt 0.790812 0.475167
vt 0.790812 0.478884
vt 0.789517 0.482357
vt 0.783998 0.486576
vt 0.780614 0.486679
vt 0.777487 0.485351
vt 0.017013 0.928342
vt 0.017013 0.932059
vt 0.015718 0.935453
vt 0.013325 0.938009
vt 0.010199 0.939336
vt 0.006814 0.939233
vt 0.003688 0.937715
vt 0.000000 0.931541
vt 0.000000 0.927824
vt 0.001295 0.924430
vt 0.006815 0.920548
vt 0.010199 0.920651
vt 0.013325 0.922168
vt 0.966968 0.452798
vt 0.236228 0.909290
vt 0.724212 0.361948
vt 0.957424 0.813987
vt 0.986480 0.481040
vt 0.713347 0.351923
vt 0.716872 0.350952
vt 0.720688 0.350892
vt 0.724212 0.351752
vt 0.726910 0.353401
vt 0.728370 0.355589
vt 0.728370 0.357981
vt 0.710650 0.360470
vt 0.709190 0.358283
vt 0.709190 0.355891
vt 0.713027 0.513667
vt 0.727612 0.599988
vt 0.729072 0.602221
vt 0.729072 0.604613
vt 0.727612 0.606800
vt 0.724915 0.608449
vt 0.717574 0.609249
vt 0.714050 0.608278
vt 0.711352 0.606544
vt 0.709892 0.601919
vt 0.711352 0.599732
vt 0.714050 0.598083
vt 0.677841 0.659132
vt 0.658305 0.661092
vt 0.422829 0.489186
vt 0.670946 0.309025
vt 0.889044 0.320833
vt 0.893382 0.323241
vt 0.896702 0.327422
vt 0.898499 0.332738
vt 0.898499 0.338379
vt 0.896702 0.343488
vt 0.893382 0.347286
vt 0.884349 0.348924
vt 0.880011 0.346515
vt 0.876690 0.342335
vt 0.874894 0.331378
vt 0.876690 0.326269
vt 0.880011 0.322471
vt 0.350817 0.489615
vt 0.890615 0.119118
vt 0.894953 0.116709
vt 0.899648 0.116439
vt 0.903986 0.118348
vt 0.907306 0.122146
vt 0.909103 0.127254
vt 0.909103 0.132896
vt 0.903986 0.142392
vt 0.899648 0.144801
vt 0.894953 0.145072
vt 0.887295 0.139365
vt 0.885498 0.134256
vt 0.885498 0.128614
vt 0.152274 0.477753
vt 0.760250 0.351117
vt 0.159066 0.477753
vt 0.408963 0.825152
vt 0.844056 0.693884
vt 0.843570 0.696644
vt 0.841746 0.699133
vt 0.838861 0.700971
vt 0.835353 0.701880
vt 0.831759 0.701720
vt 0.828623 0.700516
vt 0.825497 0.695840
vt 0.825983 0.693080
vt 0.827807 0.690591
vt 0.840930 0.689209
vt 0.745453 0.498705
vt 0.402347 0.741542
vt 0.401861 0.738782
vt 0.402788 0.736171
vt 0.404987 0.734106
vt 0.408123 0.732902
vt 0.411718 0.732742
vt 0.415225 0.733650
vt 0.419934 0.737977
vt 0.420420 0.740737
vt 0.419492 0.743349
vt 0.767045 0.805928
vt 0.911787 0.833171
vt 0.548343 0.661031
vt 0.358019 0.824693
vt 0.828215 0.831724
vt 0.777632 0.806354
vt 0.780168 0.808313
vt 0.781471 0.810791
vt 0.781341 0.813411
vt 0.779799 0.815774
vt 0.777079 0.817521
vt 0.769877 0.818236
vt 0.766492 0.817095
vt 0.763956 0.815137
vt 0.762783 0.810038
vt 0.764325 0.807675
vt 0.515517 0.665473
vt 0.354657 0.733761
vt 0.358042 0.732620
vt 0.361759 0.732470
vt 0.365243 0.733334
vt 0.367964 0.735081
vt 0.369506 0.737445
vt 0.369636 0.740065
vt 0.365796 0.744502
vt 0.352490 0.743181
vt 0.350947 0.740817
vt 0.350817 0.738197
vt 0.491366 0.788388
vt 0.475805 0.787689
vt 0.259954 0.995878
vt 0.777202 0.114621
vt 0.259954 0.996678
vt 0.314561 0.957323
vt 0.316553 0.959836
vt 0.317631 0.963176
vt 0.317631 0.966832
vt 0.316553 0.970250
vt 0.314561 0.972908
vt 0.311957 0.974401
vt 0.306536 0.973199
vt 0.304544 0.970685
vt 0.303465 0.967346
vt 0.304544 0.960272
vt 0.306536 0.957614
vt 0.309140 0.956120
vt 0.899548 0.958868
vt 0.901540 0.956355
vt 0.904144 0.955050
vt 0.906962 0.955152
vt 0.909565 0.956646
vt 0.911557 0.959304
vt 0.912636 0.962721
vt 0.911557 0.969717
vt 0.909565 0.972231
vt 0.906962 0.973536
vt 0.901541 0.971940
vt 0.899548 0.969282
vt 0.898470 0.965864
vt 0.908481 0.277428
vt 0.895590 0.277625
vt 0.859413 0.838007
vt 0.703919 0.882413
vt 0.153468 0.917032
vt 0.154851 0.920422
vt 0.154851 0.924092
vt 0.153468 0.927483
vt 0.150912 0.930078
vt 0.147573 0.931483
vt 0.143959 0.931484
vt 0.138064 0.927487
vt 0.136681 0.924096
vt 0.136681 0.920427
vt 0.140619 0.914440
vt 0.143959 0.913035
vt 0.147573 0.913034
vt 0.869214 0.597783
vt 0.272578 0.922750
vt 0.273961 0.919360
vt 0.276517 0.916766
vt 0.279856 0.915362
vt 0.283471 0.915363
vt 0.286810 0.916768
vt 0.289366 0.919364
vt 0.290749 0.926424
vt 0.289366 0.929814
vt 0.286810 0.932409
vt 0.279856 0.933811
vt 0.276517 0.932406
vt 0.273961 0.929810
vt 0.345264 0.488870
vt 0.709190 0.479642
vt 0.693231 0.478860
vt 0.638268 0.514908
vt 0.390089 0.510798
vt 0.705047 0.642142
vt 0.399917 0.493774
vt 0.401861 0.497723
vt 0.401665 0.502022
vt 0.399359 0.506016
vt 0.395294 0.509098
vt 0.375692 0.506269
vt 0.373748 0.502321
vt 0.373944 0.498022
vt 0.380315 0.490946
vt 0.385520 0.489246
vt 0.391074 0.489186
vt 0.621192 0.161647
vt 0.322704 0.599313
vt 0.324648 0.595364
vt 0.328436 0.592366
vt 0.344250 0.592536
vt 0.348315 0.595618
vt 0.350817 0.603911
vt 0.348873 0.607860
vt 0.345085 0.610857
vt 0.334477 0.612388
vt 0.329271 0.610688
vt 0.325206 0.607606
vt 0.945537 0.254842
vt 0.862678 0.000023
vt 0.696956 0.883271
vt 0.422829 0.754296
vt 0.321385 0.660272
vt 0.322491 0.663845
vt 0.322491 0.667605
vt 0.321385 0.670979
vt 0.319341 0.673455
vt 0.316670 0.674655
vt 0.313780 0.674396
vt 0.309065 0.669876
vt 0.307959 0.666303
vt 0.307959 0.662543
vt 0.311109 0.656692
vt 0.313780 0.655493
vt 0.316671 0.655752
vt 0.438220 0.754198
vt 0.844574 0.943793
vt 0.845680 0.940220
vt 0.847724 0.937378
vt 0.850395 0.935700
vt 0.853285 0.935441
vt 0.855956 0.936641
vt 0.858000 0.939116
vt 0.859106 0.946251
vt 0.858000 0.949824
vt 0.855956 0.952666
vt 0.850395 0.954603
vt 0.847724 0.953403
vt 0.845680 0.950927
vt 0.980389 0.844896
vt 0.990702 0.844517
vt 0.982825 0.254436
vt 0.961857 0.133440
vt 0.958942 0.134709
vt 0.955787 0.134587
vt 0.952872 0.133093
vt 0.950641 0.130454
vt 0.949433 0.127072
vt 0.949433 0.123462
vt 0.952872 0.117708
vt 0.955787 0.116439
vt 0.958942 0.116561
vt 0.964088 0.120693
vt 0.965296 0.124075
vt 0.965296 0.127685
vt 0.573041 0.659335
vt 0.955787 0.152979
vt 0.952872 0.151710
vt 0.950641 0.149243
vt 0.949433 0.145955
vt 0.949433 0.142345
vt 0.950641 0.138963
vt 0.952872 0.136325
vt 0.958942 0.134709
vt 0.961857 0.135977
vt 0.964088 0.138444
vt 0.965295 0.145342
vt 0.964088 0.148724
vt 0.961857 0.151363
vt 0.468557 0.903381
vt 0.455486 0.903949
vt 0.881578 0.000000
vt 0.904557 0.114479
vt 0.320254 0.922611
vt 0.321638 0.926003
vt 0.321638 0.929670
vt 0.320254 0.933054
vt 0.317698 0.935641
vt 0.314359 0.937035
vt 0.310744 0.937025
vt 0.304849 0.933012
vt 0.303465 0.929620
vt 0.303465 0.925953
vt 0.307405 0.919982
vt 0.310744 0.918588
vt 0.314359 0.918598
vt 0.859665 0.603835
vt 0.435068 0.924994
vt 0.436451 0.921602
vt 0.439007 0.919002
vt 0.442346 0.917589
vt 0.445961 0.917579
vt 0.449301 0.918973
vt 0.451857 0.921559
vt 0.453240 0.928611
vt 0.451856 0.932003
vt 0.449300 0.934603
vt 0.442346 0.936026
vt 0.439007 0.934632
vt 0.436451 0.932046
vt 0.677841 0.857866
vt 0.881573 0.462308
vt 0.586340 0.858257
vt 0.112634 0.894887
vt 0.437508 0.437749
vt 0.435439 0.440562
vt 0.432736 0.442223
vt 0.429810 0.442480
vt 0.427107 0.441293
vt 0.425038 0.438843
vt 0.423919 0.435503
vt 0.425038 0.428244
vt 0.427107 0.425431
vt 0.429810 0.423769
vt 0.435439 0.424700
vt 0.437508 0.427150
vt 0.438628 0.430490
vt 0.427107 0.459530
vt 0.425038 0.456716
vt 0.423919 0.453180
vt 0.423919 0.449458
vt 0.425038 0.446117
vt 0.427107 0.443667
vt 0.429810 0.442480
vt 0.435439 0.444398
vt 0.437508 0.447212
vt 0.438628 0.450748
vt 0.437508 0.457810
vt 0.435439 0.460261
vt 0.432736 0.461448
s 0
usemtl Material.001
f 1/1/1 4/2/1 3/3/1
f 3/3/2 6/4/2 5/5/2
f 5/5/3 8/6/3 7/7/3
f 8/8/4 9/9/4 7/10/4
f 10/11/5 11/12/5 9/9/5
f 11/12/6 14/13/6 13/14/6
f 14/15/7 15/16/7 13/17/7
f 16/18/8 17/19/8 15/16/8
f 18/20/9 19/21/9 17/19/9
f 20/22/10 21/23/10 19/21/10
f 21/23/11 24/24/11 23/25/11
f 23/26/12 26/27/12 25/28/12
f 26/27/13 27/29/13 25/28/13
f 28/30/14 29/31/14 27/29/14
f 22/32/15 14/33/15 6/34/15
f 30/35/16 31/36/16 29/37/16
f 31/36/17 2/38/17 1/1/17
f 15/39/18 23/40/18 31/41/18
f 34/42/19 35/43/19 33/44/19
f 36/45/20 37/46/20 35/43/20
f 38/47/21 39/48/21 37/46/21
f 40/49/22 41/50/22 39/51/22
f 41/50/23 44/52/23 43/53/23
f 43/53/24 46/54/24 45/55/24
f 45/56/25 48/57/25 47/58/25
f 47/58/26 50/59/26 49/60/26
f 49/60/27 52/61/27 51/62/27
f 51/62/28 54/63/28 53/64/28
f 53/64/29 56/65/29 55/66/29
f 55/67/30 58/68/30 57/69/30
f 58/68/31 59/70/31 57/69/31
f 60/71/32 61/72/32 59/70/32
f 54/73/33 46/74/33 38/75/33
f 62/76/34 63/77/34 61/78/34
f 64/79/35 33/44/35 63/77/35
f 47/80/36 55/81/36 63/82/36
f 66/83/37 67/84/37 65/85/37
f 68/86/38 69/87/38 67/84/38
f 70/88/39 71/89/39 69/87/39
f 72/90/40 73/91/40 71/89/40
f 74/92/41 75/93/41 73/91/41
f 76/94/42 77/95/42 75/96/42
f 78/97/43 79/98/43 77/95/43
f 80/99/44 81/100/44 79/98/44
f 81/100/45 84/101/45 83/102/45
f 83/102/46 86/103/46 85/104/46
f 85/104/47 88/105/47 87/106/47
f 87/106/48 90/107/48 89/108/48
f 89/108/49 92/109/49 91/110/49
f 91/111/50 94/112/50 93/113/50
f 93/113/51 96/114/51 95/115/51
f 95/115/52 98/116/52 97/117/52
f 97/117/53 100/118/53 99/119/53
f 99/119/54 102/120/54 101/121/54
f 101/121/55 104/122/55 103/123/55
f 103/123/56 106/124/56 105/125/56
f 105/125/57 108/126/57 107/127/57
f 107/128/58 110/129/58 109/130/58
f 109/130/59 112/131/59 111/132/59
f 111/132/60 114/133/60 113/134/60
f 114/133/61 115/135/61 113/134/61
f 116/136/62 117/137/62 115/135/62
f 118/138/63 119/139/63 117/137/63
f 120/140/64 121/141/64 119/139/64
f 122/142/65 123/143/65 121/141/65
f 124/144/66 125/145/66 123/146/66
f 102/147/33 86/148/33 70/149/33
f 126/150/67 127/151/67 125/145/67
f 128/152/68 65/85/68 127/151/68
f 95/153/36 111/154/36 127/155/36
f 130/156/69 131/157/69 129/158/69
f 132/159/70 133/160/70 131/157/70
f 134/161/71 135/162/71 133/163/71
f 136/164/72 137/165/72 135/162/72
f 138/166/73 139/167/73 137/165/73
f 139/167/74 142/168/74 141/169/74
f 141/169/75 144/170/75 143/171/75
f 143/172/76 146/173/76 145/174/76
f 145/174/77 148/175/77 147/176/77
f 147/176/78 150/177/78 149/178/78
f 149/179/79 152/180/79 151/181/79
f 151/181/80 154/182/80 153/183/80
f 153/183/81 156/184/81 155/185/81
f 156/184/82 157/186/82 155/185/82
f 150/187/83 142/188/83 134/189/83
f 158/190/84 159/191/84 157/186/84
f 160/192/85 129/158/85 159/193/85
f 143/194/86 151/195/86 159/196/86
f 162/197/87 163/198/87 161/199/87
f 164/200/88 165/201/88 163/198/88
f 166/202/89 167/203/89 165/201/89
f 168/204/90 169/205/90 167/206/90
f 169/205/91 172/207/91 171/208/91
f 171/208/92 174/209/92 173/210/92
f 173/211/93 176/212/93 175/213/93
f 175/213/94 178/214/94 177/215/94
f 177/215/95 180/216/95 179/217/95
f 179/217/96 182/218/96 181/219/96
f 181/219/97 184/220/97 183/221/97
f 183/222/98 186/223/98 185/224/98
f 186/223/99 187/225/99 185/224/99
f 188/226/100 189/227/100 187/225/100
f 182/228/101 174/229/101 166/230/101
f 190/231/102 191/232/102 189/233/102
f 192/234/103 161/199/103 191/232/103
f 175/235/104 183/236/104 191/237/104
f 194/238/105 195/239/105 193/240/105
f 196/241/106 197/242/106 195/239/106
f 198/243/107 199/244/107 197/245/107
f 200/246/108 201/247/108 199/244/108
f 201/247/109 204/248/109 203/249/109
f 203/249/110 206/250/110 205/251/110
f 205/251/111 208/252/111 207/253/111
f 207/254/112 210/255/112 209/256/112
f 209/256/113 212/257/113 211/258/113
f 211/258/114 214/259/114 213/260/114
f 213/261/115 216/262/115 215/263/115
f 215/263/116 218/264/116 217/265/116
f 218/264/117 219/266/117 217/265/117
f 220/267/118 221/268/118 219/266/118
f 214/269/119 206/270/119 198/271/119
f 222/272/120 223/273/120 221/268/120
f 224/274/121 193/240/121 223/275/121
f 207/276/122 215/277/122 223/278/122
f 226/279/123 227/280/123 225/281/123
f 228/282/124 229/283/124 227/280/124
f 230/284/125 231/285/125 229/283/125
f 232/286/126 233/287/126 231/288/126
f 233/287/127 236/289/127 235/290/127
f 235/290/128 238/291/128 237/292/128
f 237/293/129 240/294/129 239/295/129
f 239/295/130 242/296/130 241/297/130
f 241/297/131 244/298/131 243/299/131
f 243/299/132 246/300/132 245/301/132
f 245/301/133 248/302/133 247/303/133
f 247/304/134 250/305/134 249/306/134
f 250/305/135 251/307/135 249/306/135
f 252/308/136 253/309/136 251/307/136
f 246/310/137 238/311/137 230/312/137
f 254/313/138 255/314/138 253/315/138
f 256/316/139 225/281/139 255/314/139
f 239/317/140 247/318/140 255/319/140
f 258/320/141 259/321/141 257/322/141
f 260/323/142 261/324/142 259/325/142
f 262/326/143 263/327/143 261/324/143
f 264/328/144 265/329/144 263/330/144
f 266/331/145 267/332/145 265/329/145
f 268/333/146 269/334/146 267/332/146
f 269/334/147 272/335/147 271/336/147
f 271/337/148 274/338/148 273/339/148
f 273/339/149 276/340/149 275/341/149
f 275/342/150 278/343/150 277/344/150
f 277/344/151 280/345/151 279/346/151
f 279/347/152 282/348/152 281/349/152
f 281/349/153 284/350/153 283/351/153
f 283/351/154 286/352/154 285/353/154
f 278/343/155 270/354/155 262/355/155
f 286/352/156 287/356/156 285/353/156
f 288/357/157 257/322/157 287/358/157
f 271/359/158 279/360/158 287/361/158
f 290/362/159 291/363/159 289/364/159
f 292/365/160 293/366/160 291/363/160
f 293/366/161 296/367/161 295/368/161
f 295/369/162 298/370/162 297/371/162
f 297/372/163 300/373/163 299/374/163
f 299/374/164 302/375/164 301/376/164
f 301/377/165 304/378/165 303/379/165
f 303/379/166 306/380/166 305/381/166
f 305/381/167 308/382/167 307/383/167
f 307/383/168 310/384/168 309/385/168
f 310/384/169 311/386/169 309/385/169
f 312/387/170 313/388/170 311/389/170
f 314/390/171 315/391/171 313/392/171
f 316/393/172 317/394/172 315/391/172
f 310/395/173 302/396/173 294/397/173
f 318/398/174 319/399/174 317/400/174
f 320/401/175 289/364/175 319/399/175
f 303/402/176 311/389/176 319/403/176
f 322/404/177 323/405/177 321/406/177
f 324/407/178 325/408/178 323/405/178
f 325/408/179 328/409/179 327/410/179
f 327/411/180 330/412/180 329/413/180
f 329/413/181 332/414/181 331/415/181
f 331/415/182 334/416/182 333/417/182
f 333/418/183 336/419/183 335/420/183
f 335/420/184 338/421/184 337/422/184
f 337/422/185 340/423/185 339/424/185
f 339/424/186 342/425/186 341/426/186
f 342/425/187 343/427/187 341/426/187
f 344/428/188 345/429/188 343/430/188
f 346/431/189 347/432/189 345/429/189
f 348/433/190 349/434/190 347/432/190
f 342/435/191 334/436/191 326/437/191
f 350/438/192 351/439/192 349/440/192
f 352/441/193 321/406/193 351/439/193
f 335/442/194 343/443/194 351/444/194
f 354/445/195 355/446/195 353/447/195
f 356/448/196 357/449/196 355/446/196
f 358/450/197 359/451/197 357/452/197
f 360/453/198 361/454/198 359/451/198
f 362/455/199 363/456/199 361/454/199
f 363/456/200 366/457/200 365/458/200
f 365/458/201 368/459/201 367/460/201
f 367/461/202 370/462/202 369/463/202
f 369/463/203 372/464/203 371/465/203
f 371/465/204 374/466/204 373/467/204
f 373/468/205 376/469/205 375/470/205
f 375/470/206 378/471/206 377/472/206
f 377/472/207 380/473/207 379/474/207
f 380/473/208 381/475/208 379/474/208
f 374/476/209 366/477/209 358/478/209
f 382/479/210 383/480/210 381/475/210
f 384/481/211 353/447/211 383/482/211
f 367/483/212 375/484/212 383/485/212
f 386/486/213 387/487/213 385/488/213
f 388/489/214 389/490/214 387/487/214
f 390/491/215 391/492/215 389/490/215
f 392/493/216 393/494/216 391/495/216
f 393/494/217 396/496/217 395/497/217
f 395/497/218 398/498/218 397/499/218
f 397/500/219 400/501/219 399/502/219
f 399/502/220 402/503/220 401/504/220
f 401/504/221 404/505/221 403/506/221
f 403/506/222 406/507/222 405/508/222
f 405/508/223 408/509/223 407/510/223
f 407/511/224 410/512/224 409/513/224
f 410/512/225 411/514/225 409/513/225
f 412/515/226 413/516/226 411/514/226
f 406/517/227 398/518/227 390/519/227
f 414/520/228 415/521/228 413/522/228
f 416/523/229 385/488/229 415/521/229
f 399/524/230 407/525/230 415/526/230
f 417/527/231 420/528/231 419/529/231
f 419/529/232 422/530/232 421/531/232
f 421/532/233 424/533/233 423/534/233
f 423/534/234 426/535/234 425/536/234
f 426/535/235 427/537/235 425/536/235
f 428/538/236 429/539/236 427/537/236
f 430/540/237 431/541/237 429/542/237
f 432/543/238 433/544/238 431/541/238
f 434/545/239 435/546/239 433/544/239
f 436/547/240 437/548/240 435/546/240
f 438/549/241 439/550/241 437/551/241
f 440/552/242 441/553/242 439/550/242
f 441/553/243 444/554/243 443/555/243
f 443/555/244 446/556/244 445/557/244
f 438/558/245 430/559/245 422/560/245
f 445/561/246 448/562/246 447/563/246
f 447/563/247 418/564/247 417/527/247
f 431/565/248 439/566/248 447/567/248
f 449/568/249 452/569/249 451/570/249
f 451/570/250 454/571/250 453/572/250
f 453/572/251 456/573/251 455/574/251
f 455/575/252 458/576/252 457/577/252
f 457/577/253 460/578/253 459/579/253
f 460/580/254 461/581/254 459/582/254
f 462/583/255 463/584/255 461/581/255
f 464/585/256 465/586/256 463/584/256
f 466/587/257 467/588/257 465/589/257
f 468/590/258 469/591/258 467/588/258
f 470/592/259 471/593/259 469/591/259
f 472/594/260 473/595/260 471/596/260
f 474/597/261 475/598/261 473/595/261
f 475/599/262 478/600/262 477/601/262
f 470/602/263 462/603/263 454/604/263
f 477/601/264 480/605/264 479/606/264
f 479/606/265 450/607/265 449/608/265
f 463/609/266 471/610/266 479/611/266
f 482/612/267 483/613/267 481/614/267
f 484/615/268 485/616/268 483/613/268
f 486/617/269 487/618/269 485/619/269
f 487/618/270 490/620/270 489/621/270
f 489/621/271 492/622/271 491/623/271
f 491/623/272 494/624/272 493/625/272
f 493/626/273 496/627/273 495/628/273
f 495/628/274 498/629/274 497/630/274
f 497/630/275 500/631/275 499/632/275
f 499/632/276 502/633/276 501/634/276
f 501/635/277 504/636/277 503/637/277
f 504/636/278 505/638/278 503/637/278
f 506/639/279 507/640/279 505/638/279
f 508/641/280 509/642/280 507/640/280
f 502/643/281 494/644/281 486/645/281
f 510/646/282 511/647/282 509/648/282
f 512/649/283 481/614/283 511/647/283
f 495/650/284 503/651/284 511/652/284
f 514/653/285 515/654/285 513/655/285
f 516/656/286 517/657/286 515/654/286
f 518/658/287 519/659/287 517/660/287
f 520/661/288 521/662/288 519/659/288
f 522/663/289 523/664/289 521/662/289
f 523/664/290 526/665/290 525/666/290
f 525/666/291 528/667/291 527/668/291
f 527/669/292 530/670/292 529/671/292
f 529/672/293 532/673/293 531/674/293
f 531/674/294 534/675/294 533/676/294
f 533/677/295 536/678/295 535/679/295
f 535/679/296 538/680/296 537/681/296
f 537/681/297 540/682/297 539/683/297
f 540/682/298 541/684/298 539/683/298
f 534/685/299 526/686/299 518/687/299
f 542/688/300 543/689/300 541/684/300
f 544/690/301 513/691/301 543/692/301
f 527/669/302 535/693/302 543/694/302
f 545/695/303 548/696/303 547/697/303
f 547/697/304 550/698/304 549/699/304
f 549/699/305 552/700/305 551/701/305
f 551/702/306 554/703/306 553/704/306
f 553/704/307 556/705/307 555/706/307
f 555/707/308 558/708/308 557/709/308
f 558/708/309 559/710/309 557/709/309
f 560/711/310 561/712/310 559/713/310
f 562/714/311 563/715/311 561/712/311
f 564/716/312 565/717/312 563/715/312
f 566/718/313 567/719/313 565/717/313
f 568/720/314 569/721/314 567/722/314
f 570/723/315 571/724/315 569/721/315
f 572/725/316 573/726/316 571/727/316
f 566/728/317 558/708/317 550/729/317
f 573/726/318 576/730/318 575/731/318
f 575/732/319 546/733/319 545/695/319
f 559/734/320 567/735/320 575/731/320
f 577/736/321 580/737/321 579/738/321
f 579/739/322 582/740/322 581/741/322
f 581/741/323 584/742/323 583/743/323
f 583/743/324 586/744/324 585/745/324
f 586/746/325 587/747/325 585/748/325
f 588/749/326 589/750/326 587/747/326
f 590/751/327 591/752/327 589/750/327
f 592/753/328 593/754/328 591/752/328
f 594/755/329 595/756/329 593/754/329
f 596/757/330 597/758/330 595/759/330
f 598/760/331 599/761/331 597/758/331
f 600/762/332 601/763/332 599/761/332
f 601/764/333 604/765/333 603/766/333
f 603/766/334 606/767/334 605/768/334
f 598/769/335 590/770/335 582/771/335
f 605/768/336 608/772/336 607/773/336
f 607/773/337 578/774/337 577/736/337
f 591/775/338 599/776/338 607/777/338
f 610/778/339 611/779/339 609/780/339
f 612/781/340 613/782/340 611/779/340
f 614/783/341 615/784/341 613/782/341
f 616/785/342 617/786/342 615/787/342
f 618/788/343 619/789/343 617/786/343
f 620/790/344 621/791/344 619/789/344
f 621/791/345 624/792/345 623/793/345
f 623/794/346 626/795/346 625/796/346
f 625/796/347 628/797/347 627/798/347
f 627/798/348 630/799/348 629/800/348
f 629/800/349 632/801/349 631/802/349
f 631/803/350 634/804/350 633/805/350
f 633/805/351 636/806/351 635/807/351
f 635/807/352 638/808/352 637/809/352
f 630/810/353 622/811/353 614/812/353
f 638/808/354 639/813/354 637/809/354
f 640/814/355 609/780/355 639/815/355
f 623/816/356 631/817/356 639/818/356
f 642/819/357 643/820/357 641/821/357
f 644/822/358 645/823/358 643/820/358
f 646/824/359 647/825/359 645/823/359
f 648/826/360 649/827/360 647/828/360
f 650/829/361 651/830/361 649/827/361
f 652/831/362 653/832/362 651/830/362
f 653/832/363 656/833/363 655/834/363
f 655/835/364 658/836/364 657/837/364
f 657/838/365 660/839/365 659/840/365
f 659/840/366 662/841/366 661/842/366
f 661/842/367 664/843/367 663/844/367
f 663/845/368 666/846/368 665/847/368
f 665/847/369 668/848/369 667/849/369
f 667/849/370 670/850/370 669/851/370
f 662/852/371 654/853/371 646/854/371
f 670/850/372 671/855/372 669/851/372
f 672/856/373 641/857/373 671/858/373
f 655/835/374 663/859/374 671/860/374
f 674/861/375 675/862/375 673/863/375
f 676/864/376 677/865/376 675/862/376
f 678/866/377 679/867/377 677/865/377
f 680/868/378 681/869/378 679/870/378
f 682/871/379 683/872/379 681/869/379
f 683/872/380 686/873/380 685/874/380
f 685/875/381 688/876/381 687/877/381
f 687/877/382 690/878/382 689/879/382
f 689/879/383 692/880/383 691/881/383
f 691/881/384 694/882/384 693/883/384
f 693/883/385 696/884/385 695/885/385
f 695/886/386 698/887/386 697/888/386
f 697/888/387 700/889/387 699/890/387
f 700/889/388 701/891/388 699/890/388
f 694/892/389 686/893/389 678/894/389
f 702/895/390 703/896/390 701/897/390
f 704/898/391 673/863/391 703/896/391
f 687/899/392 695/900/392 703/901/392
f 706/902/393 707/903/393 705/904/393
f 708/905/394 709/906/394 707/903/394
f 710/907/395 711/908/395 709/909/395
f 712/910/396 713/911/396 711/908/396
f 714/912/397 715/913/397 713/911/397
f 715/913/398 718/914/398 717/915/398
f 717/915/399 720/916/399 719/917/399
f 719/918/400 722/919/400 721/920/400
f 721/920/401 724/921/401 723/922/401
f 723/922/402 726/923/402 725/924/402
f 725/925/403 728/926/403 727/927/403
f 727/927/404 730/928/404 729/929/404
f 729/929/405 732/930/405 731/931/405
f 732/930/406 733/932/406 731/931/406
f 726/933/407 718/934/407 710/935/407
f 734/936/408 735/937/408 733/932/408
f 736/938/409 705/904/409 735/939/409
f 719/940/410 727/941/410 735/942/410
f 738/943/411 739/944/411 737/945/411
f 740/946/412 741/947/412 739/944/412
f 742/948/413 743/949/413 741/947/413
f 744/950/414 745/951/414 743/952/414
f 746/953/415 747/954/415 745/951/415
f 748/955/416 749/956/416 747/954/416
f 749/956/417 752/957/417 751/958/417
f 751/959/418 754/960/418 753/961/418
f 753/961/419 756/962/419 755/963/419
f 755/963/420 758/964/420 757/965/420
f 757/965/421 760/966/421 759/967/421
f 759/968/422 762/969/422 761/970/422
f 761/970/423 764/971/423 763/972/423
f 763/972/424 766/973/424 765/974/424
f 758/975/425 750/976/425 742/977/425
f 766/973/426 767/978/426 765/974/426
f 768/979/427 737/945/427 767/980/427
f 751/981/428 759/982/428 767/983/428
f 769/984/429 772/985/429 771/986/429
f 772/987/430 773/988/430 771/989/430
f 774/990/431 775/991/431 773/988/431
f 776/992/432 777/993/432 775/991/432
f 778/994/433 779/995/433 777/993/433
f 780/996/434 781/997/434 779/998/434
f 782/999/435 783/1000/435 781/997/435
f 784/1001/436 785/1002/436 783/1000/436
f 786/1003/437 787/1004/437 785/1002/437
f 787/1005/438 790/1006/438 789/1007/438
f 789/1007/439 792/1008/439 791/1009/439
f 791/1009/440 794/1010/440 793/1011/440
f 793/1011/441 796/1012/441 795/1013/441
f 795/1014/442 798/1015/442 797/1016/442
f 790/1017/443 782/1018/443 774/1019/443
f 797/1016/444 800/1020/444 799/1021/444
f 799/1021/445 770/1022/445 769/984/445
f 783/1023/446 791/1024/446 799/1025/446
f 802/1026/447 803/1027/447 801/1028/447
f 804/1029/448 805/1030/448 803/1027/448
f 806/1031/449 807/1032/449 805/1030/449
f 808/1033/450 809/1034/450 807/1035/450
f 809/1034/451 812/1036/451 811/1037/451
f 811/1037/452 814/1038/452 813/1039/452
f 813/1040/453 816/1041/453 815/1042/453
f 815/1042/454 818/1043/454 817/1044/454
f 817/1044/455 820/1045/455 819/1046/455
f 819/1046/456 822/1047/456 821/1048/456
f 821/1048/457 824/1049/457 823/1050/457
f 823/1051/458 826/1052/458 825/1053/458
f 826/1052/459 827/1054/459 825/1053/459
f 828/1055/460 829/1056/460 827/1054/460
f 822/1057/461 814/1058/461 806/1059/461
f 830/1060/462 831/1061/462 829/1062/462
f 832/1063/463 801/1028/463 831/1061/463
f 815/1064/464 823/1065/464 831/1066/464
f 834/1067/465 835/1068/465 833/1069/465
f 836/1070/466 837/1071/466 835/1068/466
f 838/1072/467 839/1073/467 837/1071/467
f 840/1074/468 841/1075/468 839/1076/468
f 841/1075/469 844/1077/469 843/1078/469
f 843/1078/470 846/1079/470 845/1080/470
f 845/1080/471 848/1081/471 847/1082/471
f 847/1083/472 850/1084/472 849/1085/472
f 849/1085/473 852/1086/473 851/1087/473
f 851/1087/474 854/1088/474 853/1089/474
f 853/1089/475 856/1090/475 855/1091/475
f 855/1092/476 858/1093/476 857/1094/476
f 858/1093/477 859/1095/477 857/1094/477
f 860/1096/478 861/1097/478 859/1095/478
f 854/1098/479 846/1099/479 838/1100/479
f 862/1101/480 863/1102/480 861/1097/480
f 864/1103/481 833/1069/481 863/1104/481
f 847/1105/482 855/1106/482 863/1107/482
f 866/1108/483 867/1109/483 865/1110/483
f 868/1111/484 869/1112/484 867/1109/484
f 870/1113/485 871/1114/485 869/1112/485
f 872/1115/486 873/1116/486 871/1117/486
f 873/1116/487 876/1118/487 875/1119/487
f 875/1119/488 878/1120/488 877/1121/488
f 877/1122/489 880/1123/489 879/1124/489
f 879/1124/490 882/1125/490 881/1126/490
f 881/1126/491 884/1127/491 883/1128/491
f 883/1128/492 886/1129/492 885/1130/492
f 885/1130/493 888/1131/493 887/1132/493
f 887/1133/494 890/1134/494 889/1135/494
f 890/1134/495 891/1136/495 889/1135/495
f 892/1137/496 893/1138/496 891/1136/496
f 886/1139/497 878/1140/497 870/1141/497
f 894/1142/498 895/1143/498 893/1144/498
f 896/1145/499 865/1110/499 895/1143/499
f 879/1146/500 887/1147/500 895/1148/500
f 898/1149/501 899/1150/501 897/1151/501
f 900/1152/502 901/1153/502 899/1150/502
f 902/1154/503 903/1155/503 901/1153/503
f 904/1156/504 905/1157/504 903/1158/504
f 906/1159/505 907/1160/505 905/1157/505
f 907/1160/506 910/1161/506 909/1162/506
f 909/1163/507 912/1164/507 911/1165/507
f 911/1165/508 914/1166/508 913/1167/508
f 913/1167/509 916/1168/509 915/1169/509
f 915/1169/510 918/1170/510 917/1171/510
f 917/1171/511 920/1172/511 919/1173/511
f 919/1174/512 922/1175/512 921/1176/512
f 921/1176/513 924/1177/513 923/1178/513
f 924/1177/514 925/1179/514 923/1178/514
f 918/1180/515 910/1181/515 902/1182/515
f 926/1183/516 927/1184/516 925/1185/516
f 928/1186/517 897/1151/517 927/1184/517
f 911/1187/518 919/1188/518 927/1189/518
f 930/1190/519 931/1191/519 929/1192/519
f 932/1193/520 933/1194/520 931/1191/520
f 933/1194/521 936/1195/521 935/1196/521
f 935/1197/522 938/1198/522 937/1199/522
f 937/1199/523 940/1200/523 939/1201/523
f 939/1202/524 942/1203/524 941/1204/524
f 941/1204/525 944/1205/525 943/1206/525
f 943/1207/526 946/1208/526 945/1209/526
f 945/1209/527 948/1210/527 947/1211/527
f 947/1211/528 950/1212/528 949/1213/528
f 950/1212/529 951/1214/529 949/1213/529
f 952/1215/530 953/1216/530 951/1217/530
f 954/1218/531 955/1219/531 953/1216/531
f 956/1220/532 957/1221/532 955/1222/532
f 950/1223/533 942/1224/533 934/1225/533
f 958/1226/534 959/1227/534 957/1221/534
f 960/1228/535 929/1192/535 959/1229/535
f 943/1206/536 951/1230/536 959/1231/536
f 962/1232/537 963/1233/537 961/1234/537
f 964/1235/538 965/1236/538 963/1237/538
f 966/1238/539 967/1239/539 965/1240/539
f 968/1241/540 969/1242/540 967/1239/540
f 969/1242/541 972/1243/541 971/1244/541
f 971/1244/542 974/1245/542 973/1246/542
f 973/1246/543 976/1247/543 975/1248/543
f 975/1249/544 978/1250/544 977/1251/544
f 977/1251/545 980/1252/545 979/1253/545
f 979/1254/546 982/1255/546 981/1256/546
f 981/1257/547 984/1258/547 983/1259/547
f 983/1259/548 986/1260/548 985/1261/548
f 986/1260/549 987/1262/549 985/1261/549
f 988/1263/550 989/1264/550 987/1262/550
f 982/1265/551 974/1266/551 966/1267/551
f 990/1268/552 991/1269/552 989/1264/552
f 992/1270/553 961/1234/553 991/1271/553
f 975/1272/554 983/1273/554 991/1274/554
f 994/1275/555 995/1276/555 993/1277/555
f 996/1278/556 997/1279/556 995/1276/556
f 998/1280/557 999/1281/557 997/1282/557
f 1000/1283/558 1001/1284/558 999/1281/558
f 1002/1285/559 1003/1286/559 1001/1284/559
f 1003/1286/560 1006/1287/560 1005/1288/560
f 1005/1288/561 1008/1289/561 1007/1290/561
f 1007/1291/562 1010/1292/562 1009/1293/562
f 1009/1293/563 1012/1294/563 1011/1295/563
f 1011/1295/564 1014/1296/564 1013/1297/564
f 1013/1298/565 1016/1299/565 1015/1300/565
f 1015/1300/566 1018/1301/566 1017/1302/566
f 1017/1302/567 1020/1303/567 1019/1304/567
f 1020/1303/568 1021/1305/568 1019/1304/568
f 1014/1306/569 1006/1307/569 998/1308/569
f 1022/1309/570 1023/1310/570 1021/1305/570
f 1024/1311/571 993/1277/571 1023/1312/571
f 1007/1313/572 1015/1314/572 1023/1315/572
f 1026/1316/573 1027/1317/573 1025/1318/573
f 1028/1319/574 1029/1320/574 1027/1317/574
f 1030/1321/575 1031/1322/575 1029/1320/575
f 1032/1323/576 1033/1324/576 1031/1325/576
f 1033/1324/577 1036/1326/577 1035/1327/577
f 1035/1327/578 1038/1328/578 1037/1329/578
f 1037/1330/579 1040/1331/579 1039/1332/579
f 1039/1332/580 1042/1333/580 1041/1334/580
f 1041/1334/581 1044/1335/581 1043/1336/581
f 1043/1336/582 1046/1337/582 1045/1338/582
f 1045/1338/583 1048/1339/583 1047/1340/583
f 1047/1341/584 1050/1342/584 1049/1343/584
f 1050/1342/585 1051/1344/585 1049/1343/585
f 1052/1345/586 1053/1346/586 1051/1344/586
f 1046/1347/587 1038/1348/587 1030/1349/587
f 1054/1350/588 1055/1351/588 1053/1352/588
f 1056/1353/589 1025/1318/589 1055/1351/589
f 1039/1354/590 1047/1355/590 1055/1356/590
f 1058/1357/591 1059/1358/591 1057/1359/591
f 1060/1360/592 1061/1361/592 1059/1358/592
f 1062/1362/593 1063/1363/593 1061/1361/593
f 1064/1364/594 1065/1365/594 1063/1366/594
f 1065/1365/595 1068/1367/595 1067/1368/595
f 1067/1368/596 1070/1369/596 1069/1370/596
f 1069/1371/597 1072/1372/597 1071/1373/597
f 1071/1373/598 1074/1374/598 1073/1375/598
f 1073/1375/599 1076/1376/599 1075/1377/599
f 1075/1377/600 1078/1378/600 1077/1379/600
f 1077/1379/601 1080/1380/601 1079/1381/601
f 1079/1382/602 1082/1383/602 1081/1384/602
f 1082/1383/603 1083/1385/603 1081/1384/603
f 1084/1386/604 1085/1387/604 1083/1385/604
f 1078/1388/605 1070/1389/605 1062/1390/605
f 1086/1391/606 1087/1392/606 1085/1393/606
f 1088/1394/607 1057/1359/607 1087/1392/607
f 1071/1395/608 1079/1396/608 1087/1397/608
f 1090/1398/609 1091/1399/609 1089/1400/609
f 1092/1401/610 1093/1402/610 1091/1399/610
f 1094/1403/611 1095/1404/611 1093/1405/611
f 1096/1406/612 1097/1407/612 1095/1404/612
f 1098/1408/613 1099/1409/613 1097/1407/613
f 1099/1409/614 1102/1410/614 1101/1411/614
f 1101/1412/615 1104/1413/615 1103/1414/615
f 1103/1414/616 1106/1415/616 1105/1416/616
f 1105/1416/617 1108/1417/617 1107/1418/617
f 1107/1418/618 1110/1419/618 1109/1420/618
f 1109/1421/619 1112/1422/619 1111/1423/619
f 1111/1423/620 1114/1424/620 1113/1425/620
f 1113/1425/621 1116/1426/621 1115/1427/621
f 1116/1426/622 1117/1428/622 1115/1427/622
f 1110/1429/623 1102/1430/623 1094/1431/623
f 1118/1432/624 1119/1433/624 1117/1434/624
f 1120/1435/625 1089/1400/625 1119/1433/625
f 1103/1436/626 1111/1437/626 1119/1438/626
f 1122/1439/627 1123/1440/627 1121/1441/627
f 1124/1442/628 1125/1443/628 1123/1444/628
f 1126/1445/629 1127/1446/629 1125/1443/629
f 1128/1447/630 1129/1448/630 1127/1446/630
f 1130/1449/631 1131/1450/631 1129/1451/631
f 1132/1452/632 1133/1453/632 1131/1450/632
f 1134/1454/633 1135/1455/633 1133/1456/633
f 1136/1457/634 1137/1458/634 1135/1455/634
f 1137/1458/635 1140/1459/635 1139/1460/635
f 1139/1461/636 1142/1462/636 1141/1463/636
f 1141/1463/637 1144/1464/637 1143/1465/637
f 1143/1465/638 1146/1466/638 1145/1467/638
f 1145/1468/639 1148/1469/639 1147/1470/639
f 1147/1470/640 1150/1471/640 1149/1472/640
f 1142/1473/641 1134/1474/641 1126/1475/641
f 1149/1476/642 1152/1477/642 1151/1478/642
f 1151/1478/643 1122/1439/643 1121/1441/643
f 1135/1455/644 1143/1479/644 1151/1480/644
f 1153/1481/645 1156/1482/645 1155/1483/645
f 1155/1483/646 1158/1484/646 1157/1485/646
f 1158/1486/647 1159/1487/647 1157/1488/647
f 1160/1489/648 1161/1490/648 1159/1487/648
f 1162/1491/649 1163/1492/649 1161/1490/649
f 1164/1493/650 1165/1494/650 1163/1492/650
f 1166/1495/651 1167/1496/651 1165/1497/651
f 1168/1498/652 1169/1499/652 1167/1496/652
f 1170/1500/653 1171/1501/653 1169/1499/653
f 1172/1502/654 1173/1503/654 1171/1501/654
f 1173/1504/655 1176/1505/655 1175/1506/655
f 1175/1506/656 1178/1507/656 1177/1508/656
f 1177/1508/657 1180/1509/657 1179/1510/657
f 1179/1510/658 1182/1511/658 1181/1512/658
f 1174/1513/659 1166/1514/659 1158/1515/659
f 1181/1516/660 1184/1517/660 1183/1518/660
f 1183/1518/661 1154/1519/661 1153/1481/661
f 1167/1520/662 1175/1521/662 1183/1522/662
f 1186/1523/663 1187/1524/663 1185/1525/663
f 1188/1526/664 1189/1527/664 1187/1524/664
f 1189/1527/665 1192/1528/665 1191/1529/665
f 1191/1530/666 1194/1531/666 1193/1532/666
f 1193/1532/667 1196/1533/667 1195/1534/667
f 1195/1534/668 1198/1535/668 1197/1536/668
f 1197/1537/669 1200/1538/669 1199/1539/669
f 1199/1539/670 1202/1540/670 1201/1541/670
f 1201/1541/671 1204/1542/671 1203/1543/671
f 1203/1543/672 1206/1544/672 1205/1545/672
f 1206/1544/673 1207/1546/673 1205/1545/673
f 1208/1547/674 1209/1548/674 1207/1549/674
f 1210/1550/675 1211/1551/675 1209/1548/675
f 1212/1552/676 1213/1553/676 1211/1551/676
f 1206/1554/677 1198/1555/677 1190/1556/677
f 1214/1557/678 1215/1558/678 1213/1559/678
f 1216/1560/679 1185/1525/679 1215/1558/679
f 1199/1561/680 1207/1562/680 1215/1563/680
f 1218/1564/681 1219/1565/681 1217/1566/681
f 1220/1567/682 1221/1568/682 1219/1569/682
f 1222/1570/683 1223/1571/683 1221/1568/683
f 1224/1572/684 1225/1573/684 1223/1574/684
f 1226/1575/685 1227/1576/685 1225/1573/685
f 1228/1577/686 1229/1578/686 1227/1576/686
f 1229/1578/687 1232/1579/687 1231/1580/687
f 1231/1581/688 1234/1582/688 1233/1583/688
f 1233/1583/689 1236/1584/689 1235/1585/689
f 1235/1586/690 1238/1587/690 1237/1588/690
f 1237/1588/691 1240/1589/691 1239/1590/691
f 1239/1591/692 1242/1592/692 1241/1593/692
f 1241/1593/693 1244/1594/693 1243/1595/693
f 1243/1595/694 1246/1596/694 1245/1597/694
f 1238/1587/695 1230/1598/695 1222/1599/695
f 1246/1596/696 1247/1600/696 1245/1597/696
f 1248/1601/697 1217/1566/697 1247/1602/697
f 1231/1603/698 1239/1604/698 1247/1605/698
f 1249/1606/699 1252/1607/699 1251/1608/699
f 1252/1607/700 1253/1609/700 1251/1608/700
f 1254/1610/701 1255/1611/701 1253/1609/701
f 1256/1612/702 1257/1613/702 1255/1611/702
f 1258/1614/703 1259/1615/703 1257/1613/703
f 1260/1616/704 1261/1617/704 1259/1618/704
f 1262/1619/705 1263/1620/705 1261/1617/705
f 1264/1621/706 1265/1622/706 1263/1620/706
f 1266/1623/707 1267/1624/707 1265/1625/707
f 1267/1624/708 1270/1626/708 1269/1627/708
f 1269/1627/709 1272/1628/709 1271/1629/709
f 1271/1629/710 1274/1630/710 1273/1631/710
f 1273/1631/711 1276/1632/711 1275/1633/711
f 1275/1634/712 1278/1635/712 1277/1636/712
f 1270/1637/713 1262/1638/713 1254/1639/713
f 1277/1636/714 1280/1640/714 1279/1641/714
f 1279/1641/715 1250/1642/715 1249/1643/715
f 1263/1644/716 1271/1645/716 1279/1646/716
f 1281/1647/717 1284/1648/717 1283/1649/717
f 1283/1649/718 1286/1650/718 1285/1651/718
f 1285/1652/719 1288/1653/719 1287/1654/719
f 1287/1654/720 1290/1655/720 1289/1656/720
f 1289/1656/721 1292/1657/721 1291/1658/721
f 1292/1657/722 1293/1659/722 1291/1658/722
f 1294/1660/723 1295/1661/723 1293/1662/723
f 1296/1663/724 1297/1664/724 1295/1661/724
f 1298/1665/725 1299/1666/725 1297/1664/725
f 1300/1667/726 1301/1668/726 1299/1666/726
f 1302/1669/727 1303/1670/727 1301/1671/727
f 1304/1672/728 1305/1673/728 1303/1670/728
f 1306/1674/729 1307/1675/729 1305/1673/729
f 1307/1675/730 1310/1676/730 1309/1677/730
f 1302/1678/731 1294/1679/731 1286/1680/731
f 1309/1681/732 1312/1682/732 1311/1683/732
f 1311/1683/733 1282/1684/733 1281/1647/733
f 1295/1685/734 1303/1686/734 1311/1687/734
f 1314/1688/735 1315/1689/735 1313/1690/735
f 1315/1689/736 1318/1691/736 1317/1692/736
f 1317/1692/737 1320/1693/737 1319/1694/737
f 1319/1695/738 1322/1696/738 1321/1697/738
f 1321/1698/739 1324/1699/739 1323/1700/739
f 1323/1700/740 1326/1701/740 1325/1702/740
f 1325/1702/741 1328/1703/741 1327/1704/741
f 1327/1705/742 1330/1706/742 1329/1707/742
f 1329/1707/743 1332/1708/743 1331/1709/743
f 1332/1708/744 1333/1710/744 1331/1709/744
f 1334/1711/745 1335/1712/745 1333/1710/745
f 1336/1713/746 1337/1714/746 1335/1715/746
f 1338/1716/747 1339/1717/747 1337/1718/747
f 1340/1719/748 1341/1720/748 1339/1717/748
f 1334/1721/749 1326/1722/749 1318/1723/749
f 1342/1724/750 1343/1725/750 1341/1720/750
f 1344/1726/751 1313/1690/751 1343/1727/751
f 1327/1728/752 1335/1715/752 1343/1729/752
f 1346/1730/753 1347/1731/753 1345/1732/753
f 1348/1733/754 1349/1734/754 1347/1731/754
f 1350/1735/755 1351/1736/755 1349/1737/755
f 1351/1736/756 1354/1738/756 1353/1739/756
f 1353/1739/757 1356/1740/757 1355/1741/757
f 1355/1741/758 1358/1742/758 1357/1743/758
f 1357/1743/759 1360/1744/759 1359/1745/759
f 1359/1746/760 1362/1747/760 1361/1748/760
f 1361/1748/761 1364/1749/761 1363/1750/761
f 1363/1750/762 1366/1751/762 1365/1752/762
f 1365/1753/763 1368/1754/763 1367/1755/763
f 1368/1754/764 1369/1756/764 1367/1755/764
f 1370/1757/765 1371/1758/765 1369/1756/765
f 1372/1759/766 1373/1760/766 1371/1758/766
f 1366/1761/767 1358/1762/767 1350/1763/767
f 1374/1764/768 1375/1765/768 1373/1760/768
f 1376/1766/769 1345/1732/769 1375/1767/769
f 1359/1768/770 1367/1769/770 1375/1770/770
f 1378/1771/771 1379/1772/771 1377/1773/771
f 1380/1774/772 1381/1775/772 1379/1772/772
f 1382/1776/773 1383/1777/773 1381/1775/773
f 1384/1778/774 1385/1779/774 1383/1780/774
f 1385/1779/775 1388/1781/775 1387/1782/775
f 1387/1782/776 1390/1783/776 1389/1784/776
f 1389/1785/777 1392/1786/777 1391/1787/777
f 1391/1787/778 1394/1788/778 1393/1789/778
f 1393/1789/779 1396/1790/779 1395/1791/779
f 1395/1791/780 1398/1792/780 1397/1793/780
f 1397/1793/781 1400/1794/781 1399/1795/781
f 1399/1796/782 1402/1797/782 1401/1798/782
f 1402/1797/783 1403/1799/783 1401/1798/783
f 1404/1800/784 1405/1801/784 1403/1799/784
f 1398/1802/785 1390/1803/785 1382/1804/785
f 1406/1805/786 1407/1806/786 1405/1807/786
f 1408/1808/787 1377/1773/787 1407/1806/787
f 1391/1809/788 1399/1810/788 1407/1811/788
f 1409/1812/789 1412/1813/789 1411/1814/789
f 1411/1814/790 1414/1815/790 1413/1816/790
f 1413/1816/791 1416/1817/791 1415/1818/791
f 1415/1819/792 1418/1820/792 1417/1821/792
f 1417/1821/793 1420/1822/793 1419/1823/793
f 1419/1823/794 1422/1824/794 1421/1825/794
f 1422/1824/795 1423/1826/795 1421/1825/795
f 1424/1827/796 1425/1828/796 1423/1829/796
f 1426/1830/797 1427/1831/797 1425/1828/797
f 1428/1832/798 1429/1833/798 1427/1831/798
f 1430/1834/799 1431/1835/799 1429/1833/799
f 1432/1836/800 1433/1837/800 1431/1838/800
f 1434/1839/801 1435/1840/801 1433/1837/801
f 1436/1841/802 1437/1842/802 1435/1840/802
f 1430/1843/803 1422/1844/803 1414/1845/803
f 1437/1842/804 1440/1846/804 1439/1847/804
f 1439/1848/805 1410/1849/805 1409/1812/805
f 1423/1850/806 1431/1851/806 1439/1852/806
f 1442/1853/807 1443/1854/807 1441/1855/807
f 1443/1856/808 1446/1857/808 1445/1858/808
f 1445/1858/809 1448/1859/809 1447/1860/809
f 1447/1860/810 1450/1861/810 1449/1862/810
f 1449/1863/811 1452/1864/811 1451/1865/811
f 1451/1865/812 1454/1866/812 1453/1867/812
f 1453/1867/813 1456/1868/813 1455/1869/813
f 1455/1869/814 1458/1870/814 1457/1871/814
f 1457/1871/815 1460/1872/815 1459/1873/815
f 1460/1874/816 1461/1875/816 1459/1876/816
f 1462/1877/817 1463/1878/817 1461/1875/817
f 1464/1879/818 1465/1880/818 1463/1878/818
f 1466/1881/819 1467/1882/819 1465/1883/819
f 1468/1884/820 1469/1885/820 1467/1882/820
f 1462/1886/821 1454/1887/821 1446/1888/821
f 1470/1889/822 1471/1890/822 1469/1885/822
f 1472/1891/823 1441/1855/823 1471/1890/823
f 1455/1892/824 1463/1893/824 1471/1894/824
f 1474/1895/825 1475/1896/825 1473/1897/825
f 1476/1898/826 1477/1899/826 1475/1896/826
f 1478/1900/827 1479/1901/827 1477/1902/827
f 1479/1901/828 1482/1903/828 1481/1904/828
f 1481/1904/829 1484/1905/829 1483/1906/829
f 1483/1906/830 1486/1907/830 1485/1908/830
f 1485/1908/831 1488/1909/831 1487/1910/831
f 1487/1911/832 1490/1912/832 1489/1913/832
f 1489/1913/833 1492/1914/833 1491/1915/833
f 1491/1915/834 1494/1916/834 1493/1917/834
f 1493/1918/835 1496/1919/835 1495/1920/835
f 1496/1919/836 1497/1921/836 1495/1920/836
f 1498/1922/837 1499/1923/837 1497/1921/837
f 1500/1924/838 1501/1925/838 1499/1923/838
f 1494/1926/839 1486/1927/839 1478/1928/839
f 1502/1929/840 1503/1930/840 1501/1925/840
f 1504/1931/841 1473/1897/841 1503/1932/841
f 1487/1933/842 1495/1934/842 1503/1935/842
f 1506/1936/843 1507/1937/843 1505/1938/843
f 1508/1939/844 1509/1940/844 1507/1937/844
f 1510/1941/845 1511/1942/845 1509/1940/845
f 1512/1943/846 1513/1944/846 1511/1945/846
f 1513/1944/847 1516/1946/847 1515/1947/847
f 1515/1947/848 1518/1948/848 1517/1949/848
f 1517/1950/849 1520/1951/849 1519/1952/849
f 1519/1952/850 1522/1953/850 1521/1954/850
f 1521/1954/851 1524/1955/851 1523/1956/851
f 1523/1956/852 1526/1957/852 1525/1958/852
f 1525/1958/853 1528/1959/853 1527/1960/853
f 1527/1961/854 1530/1962/854 1529/1963/854
f 1530/1962/855 1531/1964/855 1529/1963/855
f 1532/1965/856 1533/1966/856 1531/1964/856
f 1526/1967/857 1518/1968/857 1510/1969/857
f 1534/1970/858 1535/1971/858 1533/1972/858
f 1536/1973/859 1505/1938/859 1535/1971/859
f 1519/1974/860 1527/1975/860 1535/1976/860
f 1538/1977/861 1539/1978/861 1537/1979/861
f 1540/1980/862 1541/1981/862 1539/1978/862
f 1542/1982/863 1543/1983/863 1541/1984/863
f 1544/1985/864 1545/1986/864 1543/1983/864
f 1546/1987/865 1547/1988/865 1545/1986/865
f 1547/1988/866 1550/1989/866 1549/1990/866
f 1549/1990/867 1552/1991/867 1551/1992/867
f 1551/1993/868 1554/1994/868 1553/1995/868
f 1553/1995/869 1556/1996/869 1555/1997/869
f 1555/1997/870 1558/1998/870 1557/1999/870
f 1557/2000/871 1560/2001/871 1559/2002/871
f 1559/2002/872 1562/2003/872 1561/2004/872
f 1561/2004/873 1564/2005/873 1563/2006/873
f 1564/2005/874 1565/2007/874 1563/2006/874
f 1558/2008/875 1550/2009/875 1542/2010/875
f 1566/2011/876 1567/2012/876 1565/2007/876
f 1568/2013/877 1537/1979/877 1567/2014/877
f 1551/2015/878 1559/2016/878 1567/2017/878
f 1570/2018/879 1571/2019/879 1569/2020/879
f 1572/2021/880 1573/2022/880 1571/2019/880
f 1574/2023/881 1575/2024/881 1573/2022/881
f 1575/2025/882 1578/2026/882 1577/2027/882
f 1577/2027/883 1580/2028/883 1579/2029/883
f 1579/2029/884 1582/2030/884 1581/2031/884
f 1581/2032/885 1584/2033/885 1583/2034/885
f 1583/2034/886 1586/2035/886 1585/2036/886
f 1585/2036/887 1588/2037/887 1587/2038/887
f 1587/2038/888 1590/2039/888 1589/2040/888
f 1589/2040/889 1592/2041/889 1591/2042/889
f 1592/2043/890 1593/2044/890 1591/2045/890
f 1594/2046/891 1595/2047/891 1593/2044/891
f 1596/2048/892 1597/2049/892 1595/2047/892
f 1590/2050/893 1582/2051/893 1574/2052/893
f 1598/2053/894 1599/2054/894 1597/2055/894
f 1600/2056/895 1569/2020/895 1599/2054/895
f 1583/2057/896 1591/2058/896 1599/2059/896
f 1602/2060/897 1603/2061/897 1601/2062/897
f 1604/2063/898 1605/2064/898 1603/2061/898
f 1606/2065/899 1607/2066/899 1605/2067/899
f 1608/2068/900 1609/2069/900 1607/2070/900
f 1610/2071/901 1611/2072/901 1609/2069/901
f 1612/2073/902 1613/2074/902 1611/2072/902
f 1614/2075/903 1615/2076/903 1613/2074/903
f 1616/2077/904 1617/2078/904 1615/2079/904
f 1617/2078/905 1620/2080/905 1619/2081/905
f 1619/2081/906 1622/2082/906 1621/2083/906
f 1621/2084/907 1624/2085/907 1623/2086/907
f 1623/2087/908 1626/2088/908 1625/2089/908
f 1625/2089/909 1628/2090/909 1627/2091/909
f 1627/2091/910 1630/2092/910 1629/2093/910
f 1622/2094/911 1614/2095/911 1606/2065/911
f 1629/2093/912 1632/2096/912 1631/2097/912
f 1631/2098/913 1602/2060/913 1601/2062/913
f 1615/2099/914 1623/2086/914 1631/2100/914
f 1633/2101/915 1636/2102/915 1635/2103/915
f 1635/2103/916 1638/2104/916 1637/2105/916
f 1637/2105/917 1640/2106/917 1639/2107/917
f 1639/2108/918 1642/2109/918 1641/2110/918
f 1641/2110/919 1644/2111/919 1643/2112/919
f 1644/2113/920 1645/2114/920 1643/2115/920
f 1646/2116/921 1647/2117/921 1645/2118/921
f 1648/2119/922 1649/2120/922 1647/2117/922
f 1650/2121/923 1651/2122/923 1649/2120/923
f 1652/2123/924 1653/2124/924 1651/2122/924
f 1654/2125/925 1655/2126/925 1653/2124/925
f 1656/2127/926 1657/2128/926 1655/2129/926
f 1658/2130/927 1659/2131/927 1657/2128/927
f 1659/2132/928 1662/2133/928 1661/2134/928
f 1654/2135/929 1646/2136/929 1638/2137/929
f 1661/2138/930 1664/2139/930 1663/2140/930
f 1663/2140/931 1634/2141/931 1633/2101/931
f 1647/2142/932 1655/2143/932 1663/2144/932
f 1666/2145/933 1667/2146/933 1665/2147/933
f 1668/2148/934 1669/2149/934 1667/2146/934
f 1670/2150/935 1671/2151/935 1669/2149/935
f 1671/2152/936 1674/2153/936 1673/2154/936
f 1673/2154/937 1676/2155/937 1675/2156/937
f 1675/2156/938 1678/2157/938 1677/2158/938
f 1677/2159/939 1680/2160/939 1679/2161/939
f 1679/2161/940 1682/2162/940 1681/2163/940
f 1681/2163/941 1684/2164/941 1683/2165/941
f 1683/2165/942 1686/2166/942 1685/2167/942
f 1685/2167/943 1688/2168/943 1687/2169/943
f 1688/2170/944 1689/2171/944 1687/2172/944
f 1690/2173/945 1691/2174/945 1689/2171/945
f 1692/2175/946 1693/2176/946 1691/2174/946
f 1686/2177/947 1678/2178/947 1670/2179/947
f 1694/2180/948 1695/2181/948 1693/2182/948
f 1696/2183/949 1665/2147/949 1695/2181/949
f 1679/2184/950 1687/2185/950 1695/2186/950
f 1698/2187/951 1699/2188/951 1697/2189/951
f 1700/2190/952 1701/2191/952 1699/2188/952
f 1702/2192/953 1703/2193/953 1701/2194/953
f 1703/2193/954 1706/2195/954 1705/2196/954
f 1705/2196/955 1708/2197/955 1707/2198/955
f 1707/2198/956 1710/2199/956 1709/2200/956
f 1709/2200/957 1712/2201/957 1711/2202/957
f 1711/2203/958 1714/2204/958 1713/2205/958
f 1713/2205/959 1716/2206/959 1715/2207/959
f 1715/2207/960 1718/2208/960 1717/2209/960
f 1717/2210/961 1720/2211/961 1719/2212/961
f 1720/2211/962 1721/2213/962 1719/2212/962
f 1722/2214/963 1723/2215/963 1721/2213/963
f 1724/2216/964 1725/2217/964 1723/2215/964
f 1718/2218/965 1710/2219/965 1702/2220/965
f 1726/2221/966 1727/2222/966 1725/2217/966
f 1728/2223/967 1697/2189/967 1727/2224/967
f 1711/2225/968 1719/2226/968 1727/2227/968
f 1730/2228/969 1731/2229/969 1729/2230/969
f 1732/2231/970 1733/2232/970 1731/2229/970
f 1734/2233/971 1735/2234/971 1733/2232/971
f 1736/2235/972 1737/2236/972 1735/2237/972
f 1738/2238/973 1739/2239/973 1737/2236/973
f 1739/2239/974 1742/2240/974 1741/2241/974
f 1741/2242/975 1744/2243/975 1743/2244/975
f 1743/2244/976 1746/2245/976 1745/2246/976
f 1745/2246/977 1748/2247/977 1747/2248/977
f 1747/2248/978 1750/2249/978 1749/2250/978
f 1749/2250/979 1752/2251/979 1751/2252/979
f 1751/2253/980 1754/2254/980 1753/2255/980
f 1753/2255/981 1756/2256/981 1755/2257/981
f 1756/2256/982 1757/2258/982 1755/2257/982
f 1750/2259/983 1742/2260/983 1734/2261/983
f 1758/2262/984 1759/2263/984 1757/2264/984
f 1760/2265/985 1729/2230/985 1759/2263/985
f 1743/2266/986 1751/2267/986 1759/2268/986
f 1761/2269/987 1764/2270/987 1763/2271/987
f 1763/2271/988 1766/2272/988 1765/2273/988
f 1765/2274/989 1768/2275/989 1767/2276/989
f 1767/2276/990 1770/2277/990 1769/2278/990
f 1770/2277/991 1771/2279/991 1769/2278/991
f 1772/2280/992 1773/2281/992 1771/2279/992
f 1774/2282/993 1775/2283/993 1773/2284/993
f 1776/2285/994 1777/2286/994 1775/2283/994
f 1778/2287/995 1779/2288/995 1777/2286/995
f 1780/2289/996 1781/2290/996 1779/2288/996
f 1782/2291/997 1783/2292/997 1781/2293/997
f 1784/2294/998 1785/2295/998 1783/2292/998
f 1786/2296/999 1787/2297/999 1785/2295/999
f 1787/2297/1000 1790/2298/1000 1789/2299/1000
f 1782/2300/1001 1774/2301/1001 1766/2302/1001
f 1789/2303/1002 1792/2304/1002 1791/2305/1002
f 1791/2305/1003 1762/2306/1003 1761/2269/1003
f 1775/2307/1004 1783/2308/1004 1791/2309/1004
f 1794/2310/1005 1795/2311/1005 1793/2312/1005
f 1795/2311/1006 1798/2313/1006 1797/2314/1006
f 1797/2314/1007 1800/2315/1007 1799/2316/1007
f 1799/2317/1008 1802/2318/1008 1801/2319/1008
f 1801/2320/1009 1804/2321/1009 1803/2322/1009
f 1803/2322/1010 1806/2323/1010 1805/2324/1010
f 1805/2324/1011 1808/2325/1011 1807/2326/1011
f 1807/2326/1012 1810/2327/1012 1809/2328/1012
f 1809/2329/1013 1812/2330/1013 1811/2331/1013
f 1812/2330/1014 1813/2332/1014 1811/2331/1014
f 1814/2333/1015 1815/2334/1015 1813/2332/1015
f 1816/2335/1016 1817/2336/1016 1815/2337/1016
f 1818/2338/1017 1819/2339/1017 1817/2340/1017
f 1820/2341/1018 1821/2342/1018 1819/2339/1018
f 1814/2333/1019 1806/2343/1019 1798/2344/1019
f 1822/2345/1020 1823/2346/1020 1821/2342/1020
f 1824/2347/1021 1793/2348/1021 1823/2346/1021
f 1807/2349/1022 1815/2350/1022 1823/2351/1022
f 1826/2352/1023 1827/2353/1023 1825/2354/1023
f 1828/2355/1024 1829/2356/1024 1827/2353/1024
f 1829/2357/1025 1832/2358/1025 1831/2359/1025
f 1831/2359/1026 1834/2360/1026 1833/2361/1026
f 1833/2361/1027 1836/2362/1027 1835/2363/1027
f 1835/2364/1028 1838/2365/1028 1837/2366/1028
f 1837/2366/1029 1840/2367/1029 1839/2368/1029
f 1839/2368/1030 1842/2369/1030 1841/2370/1030
f 1841/2370/1031 1844/2371/1031 1843/2372/1031
f 1843/2372/1032 1846/2373/1032 1845/2374/1032
f 1846/2375/1033 1847/2376/1033 1845/2377/1033
f 1848/2378/1034 1849/2379/1034 1847/2376/1034
f 1850/2380/1035 1851/2381/1035 1849/2379/1035
f 1852/2382/1036 1853/2383/1036 1851/2384/1036
f 1846/2385/1037 1838/2386/1037 1830/2387/1037
f 1854/2388/1038 1855/2389/1038 1853/2383/1038
f 1856/2390/1039 1825/2354/1039 1855/2389/1039
f 1839/2391/1040 1847/2392/1040 1855/2393/1040
f 1858/2394/1041 1859/2395/1041 1857/2396/1041
f 1860/2397/1042 1861/2398/1042 1859/2395/1042
f 1862/2399/1043 1863/2400/1043 1861/2401/1043
f 1864/2402/1044 1865/2403/1044 1863/2400/1044
f 1865/2403/1045 1868/2404/1045 1867/2405/1045
f 1867/2405/1046 1870/2406/1046 1869/2407/1046
f 1869/2407/1047 1872/2408/1047 1871/2409/1047
f 1871/2410/1048 1874/2411/1048 1873/2412/1048
f 1873/2412/1049 1876/2413/1049 1875/2414/1049
f 1875/2414/1050 1878/2415/1050 1877/2416/1050
f 1877/2417/1051 1880/2418/1051 1879/2419/1051
f 1879/2419/1052 1882/2420/1052 1881/2421/1052
f 1882/2420/1053 1883/2422/1053 1881/2421/1053
f 1884/2423/1054 1885/2424/1054 1883/2422/1054
f 1878/2425/1055 1870/2426/1055 1862/2427/1055
f 1886/2428/1056 1887/2429/1056 1885/2424/1056
f 1888/2430/1057 1857/2396/1057 1887/2431/1057
f 1871/2432/1058 1879/2433/1058 1887/2434/1058
f 1890/2435/1059 1891/2436/1059 1889/2437/1059
f 1892/2438/1060 1893/2439/1060 1891/2436/1060
f 1893/2439/1061 1896/2440/1061 1895/2441/1061
f 1895/2442/1062 1898/2443/1062 1897/2444/1062
f 1897/2444/1063 1900/2445/1063 1899/2446/1063
f 1899/2447/1064 1902/2448/1064 1901/2449/1064
f 1901/2449/1065 1904/2450/1065 1903/2451/1065
f 1903/2452/1066 1906/2453/1066 1905/2454/1066
f 1905/2454/1067 1908/2455/1067 1907/2456/1067
f 1907/2456/1068 1910/2457/1068 1909/2458/1068
f 1910/2457/1069 1911/2459/1069 1909/2458/1069
f 1912/2460/1070 1913/2461/1070 1911/2462/1070
f 1914/2463/1071 1915/2464/1071 1913/2461/1071
f 1916/2465/1072 1917/2466/1072 1915/2467/1072
f 1910/2468/1073 1902/2469/1073 1894/2470/1073
f 1918/2471/1074 1919/2472/1074 1917/2466/1074
f 1920/2473/1075 1889/2437/1075 1919/2474/1075
f 1903/2451/1076 1911/2475/1076 1919/2476/1076
f 1921/2477/1077 1924/2478/1077 1923/2479/1077
f 1923/2480/1078 1926/2481/1078 1925/2482/1078
f 1925/2482/1079 1928/2483/1079 1927/2484/1079
f 1927/2484/1080 1930/2485/1080 1929/2486/1080
f 1929/2487/1081 1932/2488/1081 1931/2489/1081
f 1931/2489/1082 1934/2490/1082 1933/2491/1082
f 1933/2491/1083 1936/2492/1083 1935/2493/1083
f 1935/2493/1084 1938/2494/1084 1937/2495/1084
f 1938/2494/1085 1939/2496/1085 1937/2495/1085
f 1940/2497/1086 1941/2498/1086 1939/2499/1086
f 1942/2500/1087 1943/2501/1087 1941/2498/1087
f 1944/2502/1088 1945/2503/1088 1943/2501/1088
f 1946/2504/1089 1947/2505/1089 1945/2506/1089
f 1948/2507/1090 1949/2508/1090 1947/2505/1090
f 1942/2509/1091 1934/2510/1091 1926/2511/1091
f 1950/2512/1092 1951/2513/1092 1949/2508/1092
f 1952/2514/1093 1921/2477/1093 1951/2513/1093
f 1935/2515/1094 1943/2516/1094 1951/2517/1094
f 1953/2518/1095 1956/2519/1095 1955/2520/1095
f 1955/2520/1096 1958/2521/1096 1957/2522/1096
f 1957/2523/1097 1960/2524/1097 1959/2525/1097
f 1960/2524/1098 1961/2526/1098 1959/2525/1098
f 1962/2527/1099 1963/2528/1099 1961/2526/1099
f 1964/2529/1100 1965/2530/1100 1963/2528/1100
f 1966/2531/1101 1967/2532/1101 1965/2533/1101
f 1968/2534/1102 1969/2535/1102 1967/2532/1102
f 1970/2536/1103 1971/2537/1103 1969/2535/1103
f 1972/2538/1104 1973/2539/1104 1971/2537/1104
f 1974/2540/1105 1975/2541/1105 1973/2542/1105
f 1975/2541/1106 1978/2543/1106 1977/2544/1106
f 1977/2544/1107 1980/2545/1107 1979/2546/1107
f 1979/2546/1108 1982/2547/1108 1981/2548/1108
f 1974/2549/1109 1966/2550/1109 1958/2551/1109
f 1981/2552/1110 1984/2553/1110 1983/2554/1110
f 1983/2554/1111 1954/2555/1111 1953/2518/1111
f 1967/2556/1112 1975/2557/1112 1983/2558/1112
f 1985/2559/1113 1988/2560/1113 1987/2561/1113
f 1987/2561/1114 1990/2562/1114 1989/2563/1114
f 1989/2563/1115 1992/2564/1115 1991/2565/1115
f 1992/2566/1116 1993/2567/1116 1991/2568/1116
f 1994/2569/1117 1995/2570/1117 1993/2567/1117
f 1996/2571/1118 1997/2572/1118 1995/2570/1118
f 1998/2573/1119 1999/2574/1119 1997/2572/1119
f 2000/2575/1120 2001/2576/1120 1999/2577/1120
f 2002/2578/1121 2003/2579/1121 2001/2580/1121
f 2004/2581/1122 2005/2582/1122 2003/2579/1122
f 2006/2583/1123 2007/2584/1123 2005/2582/1123
f 2007/2585/1124 2010/2586/1124 2009/2587/1124
f 2009/2587/1125 2012/2588/1125 2011/2589/1125
f 2011/2589/1126 2014/2590/1126 2013/2591/1126
f 2006/2592/1127 1998/2593/1127 1990/2594/1127
f 2013/2591/1128 2016/2595/1128 2015/2596/1128
f 2015/2597/1129 1986/2598/1129 1985/2599/1129
f 1999/2600/1130 2007/2601/1130 2015/2597/1130
f 2017/2602/1131 2020/2603/1131 2019/2604/1131
f 2019/2604/1132 2022/2605/1132 2021/2606/1132
f 2021/2606/1133 2024/2607/1133 2023/2608/1133
f 2024/2609/1134 2025/2610/1134 2023/2611/1134
f 2026/2612/1135 2027/2613/1135 2025/2610/1135
f 2028/2614/1136 2029/2615/1136 2027/2613/1136
f 2030/2616/1137 2031/2617/1137 2029/2618/1137
f 2032/2619/1138 2033/2620/1138 2031/2617/1138
f 2034/2621/1139 2035/2622/1139 2033/2620/1139
f 2036/2623/1140 2037/2624/1140 2035/2622/1140
f 2038/2625/1141 2039/2626/1141 2037/2624/1141
f 2039/2627/1142 2042/2628/1142 2041/2629/1142
f 2041/2629/1143 2044/2630/1143 2043/2631/1143
f 2043/2631/1144 2046/2632/1144 2045/2633/1144
f 2038/2634/1145 2030/2635/1145 2022/2636/1145
f 2045/2637/1146 2048/2638/1146 2047/2639/1146
f 2047/2639/1147 2018/2640/1147 2017/2602/1147
f 2031/2641/1148 2039/2642/1148 2047/2643/1148
f 2050/2644/1149 2051/2645/1149 2049/2646/1149
f 2052/2647/1150 2053/2648/1150 2051/2645/1150
f 2054/2649/1151 2055/2650/1151 2053/2651/1151
f 2055/2650/1152 2058/2652/1152 2057/2653/1152
f 2057/2653/1153 2060/2654/1153 2059/2655/1153
f 2059/2655/1154 2062/2656/1154 2061/2657/1154
f 2061/2657/1155 2064/2658/1155 2063/2659/1155
f 2063/2660/1156 2066/2661/1156 2065/2662/1156
f 2065/2662/1157 2068/2663/1157 2067/2664/1157
f 2067/2664/1158 2070/2665/1158 2069/2666/1158
f 2069/2667/1159 2072/2668/1159 2071/2669/1159
f 2072/2668/1160 2073/2670/1160 2071/2669/1160
f 2074/2671/1161 2075/2672/1161 2073/2670/1161
f 2076/2673/1162 2077/2674/1162 2075/2672/1162
f 2070/2675/1163 2062/2676/1163 2054/2677/1163
f 2078/2678/1164 2079/2679/1164 2077/2674/1164
f 2080/2680/1165 2049/2646/1165 2079/2681/1165
f 2063/2682/1166 2071/2683/1166 2079/2684/1166
f 2081/2685/1167 2084/2686/1167 2083/2687/1167
f 2083/2687/1168 2086/2688/1168 2085/2689/1168
f 2085/2689/1169 2088/2690/1169 2087/2691/1169
f 2088/2692/1170 2089/2693/1170 2087/2694/1170
f 2090/2695/1171 2091/2696/1171 2089/2693/1171
f 2092/2697/1172 2093/2698/1172 2091/2696/1172
f 2094/2699/1173 2095/2700/1173 2093/2698/1173
f 2096/2701/1174 2097/2702/1174 2095/2703/1174
f 2098/2704/1175 2099/2705/1175 2097/2702/1175
f 2100/2706/1176 2101/2707/1176 2099/2705/1176
f 2102/2708/1177 2103/2709/1177 2101/2707/1177
f 2103/2710/1178 2106/2711/1178 2105/2712/1178
f 2105/2712/1179 2108/2713/1179 2107/2714/1179
f 2107/2714/1180 2110/2715/1180 2109/2716/1180
f 2102/2717/1181 2094/2718/1181 2086/2719/1181
f 2109/2716/1182 2112/2720/1182 2111/2721/1182
f 2111/2722/1183 2082/2723/1183 2081/2685/1183
f 2095/2724/1184 2103/2725/1184 2111/2726/1184
f 2113/2727/1185 2116/2728/1185 2115/2729/1185
f 2115/2730/1186 2118/2731/1186 2117/2732/1186
f 2117/2732/1187 2120/2733/1187 2119/2734/1187
f 2119/2734/1188 2122/2735/1188 2121/2736/1188
f 2122/2735/1189 2123/2737/1189 2121/2736/1189
f 2124/2738/1190 2125/2739/1190 2123/2740/1190
f 2126/2741/1191 2127/2742/1191 2125/2739/1191
f 2128/2743/1192 2129/2744/1192 2127/2742/1192
f 2130/2745/1193 2131/2746/1193 2129/2744/1193
f 2132/2747/1194 2133/2748/1194 2131/2749/1194
f 2134/2750/1195 2135/2751/1195 2133/2748/1195
f 2136/2752/1196 2137/2753/1196 2135/2751/1196
f 2137/2753/1197 2140/2754/1197 2139/2755/1197
f 2139/2756/1198 2142/2757/1198 2141/2758/1198
f 2134/2759/1199 2126/2760/1199 2118/2761/1199
f 2141/2758/1200 2144/2762/1200 2143/2763/1200
f 2143/2763/1201 2114/2764/1201 2113/2727/1201
f 2127/2765/1202 2135/2766/1202 2143/2767/1202
f 2146/2768/1203 2147/2769/1203 2145/2770/1203
f 2148/2771/1204 2149/2772/1204 2147/2769/1204
f 2150/2773/1205 2151/2774/1205 2149/2772/1205
f 2152/2775/1206 2153/2776/1206 2151/2777/1206
f 2153/2776/1207 2156/2778/1207 2155/2779/1207
f 2155/2779/1208 2158/2780/1208 2157/2781/1208
f 2157/2782/1209 2160/2783/1209 2159/2784/1209
f 2159/2784/1210 2162/2785/1210 2161/2786/1210
f 2161/2786/1211 2164/2787/1211 2163/2788/1211
f 2163/2788/1212 2166/2789/1212 2165/2790/1212
f 2165/2790/1213 2168/2791/1213 2167/2792/1213
f 2167/2793/1214 2170/2794/1214 2169/2795/1214
f 2170/2794/1215 2171/2796/1215 2169/2795/1215
f 2172/2797/1216 2173/2798/1216 2171/2796/1216
f 2166/2799/1217 2158/2800/1217 2150/2801/1217
f 2174/2802/1218 2175/2803/1218 2173/2804/1218
f 2176/2805/1219 2145/2770/1219 2175/2803/1219
f 2159/2806/1220 2167/2807/1220 2175/2808/1220
f 2178/2809/1221 2179/2810/1221 2177/2811/1221
f 2180/2812/1222 2181/2813/1222 2179/2810/1222
f 2182/2814/1223 2183/2815/1223 2181/2813/1223
f 2184/2816/1224 2185/2817/1224 2183/2818/1224
f 2185/2817/1225 2188/2819/1225 2187/2820/1225
f 2187/2820/1226 2190/2821/1226 2189/2822/1226
f 2189/2823/1227 2192/2824/1227 2191/2825/1227
f 2191/2825/1228 2194/2826/1228 2193/2827/1228
f 2193/2827/1229 2196/2828/1229 2195/2829/1229
f 2195/2829/1230 2198/2830/1230 2197/2831/1230
f 2197/2831/1231 2200/2832/1231 2199/2833/1231
f 2199/2834/1232 2202/2835/1232 2201/2836/1232
f 2202/2835/1233 2203/2837/1233 2201/2836/1233
f 2204/2838/1234 2205/2839/1234 2203/2837/1234
f 2198/2840/1235 2190/2841/1235 2182/2842/1235
f 2206/2843/1236 2207/2844/1236 2205/2845/1236
f 2208/2846/1237 2177/2811/1237 2207/2844/1237
f 2191/2847/1238 2199/2848/1238 2207/2849/1238
f 2210/2850/1239 2211/2851/1239 2209/2852/1239
f 2212/2853/1240 2213/2854/1240 2211/2851/1240
f 2214/2855/1241 2215/2856/1241 2213/2854/1241
f 2216/2857/1242 2217/2858/1242 2215/2859/1242
f 2217/2858/1243 2220/2860/1243 2219/2861/1243
f 2219/2861/1244 2222/2862/1244 2221/2863/1244
f 2221/2864/1245 2224/2865/1245 2223/2866/1245
f 2223/2866/1246 2226/2867/1246 2225/2868/1246
f 2225/2868/1247 2228/2869/1247 2227/2870/1247
f 2227/2870/1248 2230/2871/1248 2229/2872/1248
f 2229/2872/1249 2232/2873/1249 2231/2874/1249
f 2231/2875/1250 2234/2876/1250 2233/2877/1250
f 2234/2876/1251 2235/2878/1251 2233/2877/1251
f 2236/2879/1252 2237/2880/1252 2235/2878/1252
f 2230/2881/1253 2222/2882/1253 2214/2883/1253
f 2238/2884/1254 2239/2885/1254 2237/2886/1254
f 2240/2887/1255 2209/2852/1255 2239/2885/1255
f 2223/2888/1256 2231/2889/1256 2239/2890/1256
f 2242/2891/1257 2243/2892/1257 2241/2893/1257
f 2243/2892/1258 2246/2894/1258 2245/2895/1258
f 2245/2895/1259 2248/2896/1259 2247/2897/1259
f 2247/2898/1260 2250/2899/1260 2249/2900/1260
f 2249/2900/1261 2252/2901/1261 2251/2902/1261
f 2251/2902/1262 2254/2903/1262 2253/2904/1262
f 2253/2905/1263 2256/2906/1263 2255/2907/1263
f 2255/2908/1264 2258/2909/1264 2257/2910/1264
f 2257/2910/1265 2260/2911/1265 2259/2912/1265
f 2260/2911/1266 2261/2913/1266 2259/2912/1266
f 2262/2914/1267 2263/2915/1267 2261/2913/1267
f 2264/2916/1268 2265/2917/1268 2263/2918/1268
f 2266/2919/1269 2267/2920/1269 2265/2917/1269
f 2268/2921/1270 2269/2922/1270 2267/2920/1270
f 2262/2923/1271 2254/2924/1271 2246/2925/1271
f 2270/2926/1272 2271/2927/1272 2269/2928/1272
f 2272/2929/1273 2241/2893/1273 2271/2930/1273
f 2255/2931/1274 2263/2932/1274 2271/2927/1274
f 2274/2933/1275 2275/2934/1275 2273/2935/1275
f 2276/2936/1276 2277/2937/1276 2275/2938/1276
f 2278/2939/1277 2279/2940/1277 2277/2937/1277
f 2280/2941/1278 2281/2942/1278 2279/2943/1278
f 2282/2944/1279 2283/2945/1279 2281/2942/1279
f 2283/2945/1280 2286/2946/1280 2285/2947/1280
f 2285/2947/1281 2288/2948/1281 2287/2949/1281
f 2287/2950/1282 2290/2951/1282 2289/2952/1282
f 2289/2952/1283 2292/2953/1283 2291/2954/1283
f 2291/2955/1284 2294/2956/1284 2293/2957/1284
f 2293/2957/1285 2296/2958/1285 2295/2959/1285
f 2295/2960/1286 2298/2961/1286 2297/2962/1286
f 2297/2962/1287 2300/2963/1287 2299/2964/1287
f 2300/2963/1288 2301/2965/1288 2299/2964/1288
f 2294/2956/1289 2286/2966/1289 2278/2967/1289
f 2302/2968/1290 2303/2969/1290 2301/2965/1290
f 2304/2970/1291 2273/2935/1291 2303/2971/1291
f 2287/2972/1292 2295/2973/1292 2303/2974/1292
f 2306/2975/1293 2307/2976/1293 2305/2977/1293
f 2308/2978/1294 2309/2979/1294 2307/2976/1294
f 2310/2980/1295 2311/2981/1295 2309/2982/1295
f 2312/2983/1296 2313/2984/1296 2311/2981/1296
f 2313/2984/1297 2316/2985/1297 2315/2986/1297
f 2315/2986/1298 2318/2987/1298 2317/2988/1298
f 2317/2988/1299 2320/2989/1299 2319/2990/1299
f 2319/2991/1300 2322/2992/1300 2321/2993/1300
f 2321/2993/1301 2324/2994/1301 2323/2995/1301
f 2323/2995/1302 2326/2996/1302 2325/2997/1302
f 2325/2998/1303 2328/2999/1303 2327/3000/1303
f 2327/3000/1304 2330/3001/1304 2329/3002/1304
f 2330/3001/1305 2331/3003/1305 2329/3002/1305
f 2332/3004/1306 2333/3005/1306 2331/3003/1306
f 2326/3006/1307 2318/3007/1307 2310/3008/1307
f 2334/3009/1308 2335/3010/1308 2333/3005/1308
f 2336/3011/1309 2305/2977/1309 2335/3012/1309
f 2319/3013/1310 2327/3014/1310 2335/3015/1310
f 2338/3016/1311 2339/3017/1311 2337/3018/1311
f 2340/3019/1312 2341/3020/1312 2339/3017/1312
f 2342/3021/1313 2343/3022/1313 2341/3020/1313
f 2344/3023/1314 2345/3024/1314 2343/3025/1314
f 2345/3024/1315 2348/3026/1315 2347/3027/1315
f 2347/3027/1316 2350/3028/1316 2349/3029/1316
f 2349/3030/1317 2352/3031/1317 2351/3032/1317
f 2351/3032/1318 2354/3033/1318 2353/3034/1318
f 2353/3034/1319 2356/3035/1319 2355/3036/1319
f 2355/3036/1320 2358/3037/1320 2357/3038/1320
f 2357/3038/1321 2360/3039/1321 2359/3040/1321
f 2359/3041/1322 2362/3042/1322 2361/3043/1322
f 2362/3042/1323 2363/3044/1323 2361/3043/1323
f 2364/3045/1324 2365/3046/1324 2363/3044/1324
f 2358/3047/1325 2350/3048/1325 2342/3049/1325
f 2366/3050/1326 2367/3051/1326 2365/3052/1326
f 2368/3053/1327 2337/3018/1327 2367/3051/1327
f 2351/3054/1328 2359/3055/1328 2367/3056/1328
f 2370/3057/1329 2371/3058/1329 2369/3059/1329
f 2372/3060/1330 2373/3061/1330 2371/3058/1330
f 2374/3062/1331 2375/3063/1331 2373/3061/1331
f 2375/3064/1332 2378/3065/1332 2377/3066/1332
f 2377/3066/1333 2380/3067/1333 2379/3068/1333
f 2379/3068/1334 2382/3069/1334 2381/3070/1334
f 2381/3071/1335 2384/3072/1335 2383/3073/1335
f 2383/3073/1336 2386/3074/1336 2385/3075/1336
f 2385/3075/1337 2388/3076/1337 2387/3077/1337
f 2387/3077/1338 2390/3078/1338 2389/3079/1338
f 2389/3079/1339 2392/3080/1339 2391/3081/1339
f 2392/3082/1340 2393/3083/1340 2391/3084/1340
f 2394/3085/1341 2395/3086/1341 2393/3083/1341
f 2396/3087/1342 2397/3088/1342 2395/3086/1342
f 2390/3089/1343 2382/3090/1343 2374/3091/1343
f 2398/3092/1344 2399/3093/1344 2397/3094/1344
f 2400/3095/1345 2369/3059/1345 2399/3093/1345
f 2383/3096/1346 2391/3097/1346 2399/3098/1346
f 2402/3099/1347 2403/3100/1347 2401/3101/1347
f 2404/3102/1348 2405/3103/1348 2403/3100/1348
f 2406/3104/1349 2407/3105/1349 2405/3106/1349
f 2407/3105/1350 2410/3107/1350 2409/3108/1350
f 2409/3108/1351 2412/3109/1351 2411/3110/1351
f 2411/3110/1352 2414/3111/1352 2413/3112/1352
f 2413/3113/1353 2416/3114/1353 2415/3115/1353
f 2415/3115/1354 2418/3116/1354 2417/3117/1354
f 2417/3117/1355 2420/3118/1355 2419/3119/1355
f 2419/3119/1356 2422/3120/1356 2421/3121/1356
f 2421/3122/1357 2424/3123/1357 2423/3124/1357
f 2424/3123/1358 2425/3125/1358 2423/3124/1358
f 2426/3126/1359 2427/3127/1359 2425/3125/1359
f 2428/3128/1360 2429/3129/1360 2427/3127/1360
f 2422/3130/1361 2414/3131/1361 2406/3132/1361
f 2430/3133/1362 2431/3134/1362 2429/3135/1362
f 2432/3136/1363 2401/3101/1363 2431/3134/1363
f 2415/3137/1364 2423/3138/1364 2431/3139/1364
f 2433/3140/1365 2436/3141/1365 2435/3142/1365
f 2435/3143/1366 2438/3144/1366 2437/3145/1366
f 2437/3145/1367 2440/3146/1367 2439/3147/1367
f 2439/3147/1368 2442/3148/1368 2441/3149/1368
f 2442/3150/1369 2443/3151/1369 2441/3152/1369
f 2444/3153/1370 2445/3154/1370 2443/3151/1370
f 2446/3155/1371 2447/3156/1371 2445/3154/1371
f 2448/3157/1372 2449/3158/1372 2447/3159/1372
f 2450/3160/1373 2451/3161/1373 2449/3158/1373
f 2452/3162/1374 2453/3163/1374 2451/3164/1374
f 2454/3165/1375 2455/3166/1375 2453/3163/1375
f 2456/3167/1376 2457/3168/1376 2455/3166/1376
f 2457/3169/1377 2460/3170/1377 2459/3171/1377
f 2459/3171/1378 2462/3172/1378 2461/3173/1378
f 2454/3174/1379 2446/3175/1379 2438/3176/1379
f 2461/3173/1380 2464/3177/1380 2463/3178/1380
f 2463/3179/1381 2434/3180/1381 2433/3140/1381
f 2447/3181/1382 2455/3182/1382 2463/3179/1382
f 2465/3183/1383 2468/3184/1383 2467/3185/1383
f 2467/3185/1384 2470/3186/1384 2469/3187/1384
f 2469/3188/1385 2472/3189/1385 2471/3190/1385
f 2471/3190/1386 2474/3191/1386 2473/3192/1386
f 2474/3191/1387 2475/3193/1387 2473/3192/1387
f 2476/3194/1388 2477/3195/1388 2475/3193/1388
f 2478/3196/1389 2479/3197/1389 2477/3198/1389
f 2480/3199/1390 2481/3200/1390 2479/3197/1390
f 2482/3201/1391 2483/3202/1391 2481/3200/1391
f 2484/3203/1392 2485/3204/1392 2483/3202/1392
f 2486/3205/1393 2487/3206/1393 2485/3207/1393
f 2488/3208/1394 2489/3209/1394 2487/3206/1394
f 2489/3209/1395 2492/3210/1395 2491/3211/1395
f 2491/3211/1396 2494/3212/1396 2493/3213/1396
f 2486/3214/1397 2478/3215/1397 2470/3216/1397
f 2493/3217/1398 2496/3218/1398 2495/3219/1398
f 2495/3219/1399 2466/3220/1399 2465/3183/1399
f 2479/3221/1400 2487/3222/1400 2495/3223/1400
f 2497/3224/1401 2500/3225/1401 2499/3226/1401
f 2499/3226/1402 2502/3227/1402 2501/3228/1402
f 2501/3228/1403 2504/3229/1403 2503/3230/1403
f 2503/3231/1404 2506/3232/1404 2505/3233/1404
f 2506/3234/1405 2507/3235/1405 2505/3236/1405
f 2508/3237/1406 2509/3238/1406 2507/3235/1406
f 2510/3239/1407 2511/3240/1407 2509/3241/1407
f 2512/3242/1408 2513/3243/1408 2511/3240/1408
f 2514/3244/1409 2515/3245/1409 2513/3243/1409
f 2516/3246/1410 2517/3247/1410 2515/3245/1410
f 2518/3248/1411 2519/3249/1411 2517/3247/1411
f 2520/3232/1412 2521/3250/1412 2519/3251/1412
f 2521/3252/1413 2524/3253/1413 2523/3254/1413
f 2523/3254/1414 2526/3255/1414 2525/3256/1414
f 2518/3257/1415 2510/3258/1415 2502/3259/1415
f 2525/3260/1416 2528/3261/1416 2527/3262/1416
f 2527/3262/1417 2498/3263/1417 2497/3224/1417
f 2511/3264/1418 2519/3265/1418 2527/3266/1418
f 2529/3267/1419 2532/3268/1419 2531/3269/1419
f 2532/3270/1420 2533/3271/1420 2531/3272/1420
f 2534/3273/1421 2535/3274/1421 2533/3271/1421
f 2536/3275/1422 2537/3276/1422 2535/3277/1422
f 2538/3278/1423 2539/3279/1423 2537/3276/1423
f 2540/3280/1424 2541/3281/1424 2539/3279/1424
f 2542/3282/1425 2543/3283/1425 2541/3281/1425
f 2544/3284/1426 2545/3285/1426 2543/3286/1426
f 2546/3287/1427 2547/3288/1427 2545/3285/1427
f 2547/3289/1428 2550/3290/1428 2549/3291/1428
f 2549/3291/1429 2552/3292/1429 2551/3293/1429
f 2551/3294/1430 2554/3295/1430 2553/3296/1430
f 2553/3296/1431 2556/3297/1431 2555/3298/1431
f 2555/3298/1432 2558/3299/1432 2557/3300/1432
f 2550/3301/1433 2542/3302/1433 2534/3273/1433
f 2557/3300/1434 2560/3303/1434 2559/3304/1434
f 2559/3305/1435 2530/3306/1435 2529/3267/1435
f 2543/3307/1436 2551/3293/1436 2559/3308/1436
f 2561/3309/1437 2564/3310/1437 2563/3311/1437
f 2563/3311/1438 2566/3312/1438 2565/3313/1438
f 2565/3313/1439 2568/3314/1439 2567/3315/1439
f 2567/3315/1440 2570/3316/1440 2569/3317/1440
f 2570/3316/1441 2571/3318/1441 2569/3317/1441
f 2572/3319/1442 2573/3320/1442 2571/3321/1442
f 2574/3322/1443 2575/3323/1443 2573/3320/1443
f 2576/3324/1444 2577/3325/1444 2575/3323/1444
f 2578/3326/1445 2579/3327/1445 2577/3328/1445
f 2580/3329/1446 2581/3330/1446 2579/3327/1446
f 2582/3331/1447 2583/3332/1447 2581/3330/1447
f 2584/3333/1448 2585/3334/1448 2583/3332/1448
f 2585/3334/1449 2588/3335/1449 2587/3336/1449
f 2587/3337/1450 2590/3338/1450 2589/3339/1450
f 2582/3340/1451 2574/3341/1451 2566/3342/1451
f 2589/3339/1452 2592/3343/1452 2591/3344/1452
f 2591/3344/1453 2562/3345/1453 2561/3346/1453
f 2575/3347/1454 2583/3348/1454 2591/3349/1454
f 2593/3350/1455 2596/3351/1455 2595/3352/1455
f 2595/3352/1456 2598/3353/1456 2597/3354/1456
f 2597/3355/1457 2600/3356/1457 2599/3357/1457
f 2599/3357/1458 2602/3358/1458 2601/3359/1458
f 2602/3358/1459 2603/3360/1459 2601/3359/1459
f 2604/3361/1460 2605/3362/1460 2603/3360/1460
f 2606/3363/1461 2607/3364/1461 2605/3365/1461
f 2608/3366/1462 2609/3367/1462 2607/3364/1462
f 2610/3368/1463 2611/3369/1463 2609/3367/1463
f 2612/3370/1464 2613/3371/1464 2611/3369/1464
f 2614/3372/1465 2615/3373/1465 2613/3374/1465
f 2616/3375/1466 2617/3376/1466 2615/3373/1466
f 2617/3376/1467 2620/3377/1467 2619/3378/1467
f 2619/3378/1468 2622/3379/1468 2621/3380/1468
f 2614/3381/1469 2606/3382/1469 2598/3383/1469
f 2621/3384/1470 2624/3385/1470 2623/3386/1470
f 2623/3386/1471 2594/3387/1471 2593/3350/1471
f 2607/3388/1472 2615/3389/1472 2623/3390/1472
f 2625/3391/1473 2628/3392/1473 2627/3393/1473
f 2627/3393/1474 2630/3394/1474 2629/3395/1474
f 2629/3395/1475 2632/3396/1475 2631/3397/1475
f 2631/3398/1476 2634/3399/1476 2633/3400/1476
f 2633/3401/1477 2636/3402/1477 2635/3403/1477
f 2636/3402/1478 2637/3404/1478 2635/3403/1478
f 2638/3405/1479 2639/3406/1479 2637/3404/1479
f 2640/3407/1480 2641/3408/1480 2639/3409/1480
f 2642/3410/1481 2643/3411/1481 2641/3408/1481
f 2644/3412/1482 2645/3413/1482 2643/3411/1482
f 2646/3414/1483 2647/3415/1483 2645/3413/1483
f 2648/3416/1484 2649/3417/1484 2647/3418/1484
f 2650/3419/1485 2651/3420/1485 2649/3421/1485
f 2651/3420/1486 2654/3422/1486 2653/3423/1486
f 2646/3424/1487 2638/3425/1487 2630/3426/1487
f 2653/3423/1488 2656/3427/1488 2655/3428/1488
f 2655/3429/1489 2626/3430/1489 2625/3391/1489
f 2639/3431/1490 2647/3432/1490 2655/3433/1490
f 2658/3434/1491 2659/3435/1491 2657/3436/1491
f 2660/3437/1492 2661/3438/1492 2659/3435/1492
f 2662/3439/1493 2663/3440/1493 2661/3441/1493
f 2664/3442/1494 2665/3443/1494 2663/3440/1494
f 2666/3444/1495 2667/3445/1495 2665/3443/1495
f 2667/3445/1496 2670/3446/1496 2669/3447/1496
f 2669/3447/1497 2672/3448/1497 2671/3449/1497
f 2671/3450/1498 2674/3451/1498 2673/3452/1498
f 2673/3452/1499 2676/3453/1499 2675/3454/1499
f 2675/3454/1500 2678/3455/1500 2677/3456/1500
f 2677/3457/1501 2680/3458/1501 2679/3459/1501
f 2679/3459/1502 2682/3460/1502 2681/3461/1502
f 2681/3461/1503 2684/3462/1503 2683/3463/1503
f 2684/3462/1504 2685/3464/1504 2683/3463/1504
f 2678/3465/1505 2670/3466/1505 2662/3467/1505
f 2686/3468/1506 2687/3469/1506 2685/3464/1506
f 2688/3470/1507 2657/3436/1507 2687/3471/1507
f 2671/3472/1508 2679/3473/1508 2687/3474/1508
f 2689/3475/1509 2692/3476/1509 2691/3477/1509
f 2691/3477/1510 2694/3478/1510 2693/3479/1510
f 2693/3479/1511 2696/3480/1511 2695/3481/1511
f 2695/3482/1512 2698/3483/1512 2697/3484/1512
f 2698/3483/1513 2699/3485/1513 2697/3484/1513
f 2700/3486/1514 2701/3487/1514 2699/3485/1514
f 2702/3488/1515 2703/3489/1515 2701/3490/1515
f 2704/3491/1516 2705/3492/1516 2703/3489/1516
f 2706/3493/1517 2707/3494/1517 2705/3492/1517
f 2708/3495/1518 2709/3496/1518 2707/3494/1518
f 2710/3497/1519 2711/3498/1519 2709/3496/1519
f 2712/3499/1520 2713/3500/1520 2711/3501/1520
f 2713/3500/1521 2716/3502/1521 2715/3503/1521
f 2715/3503/1522 2718/3504/1522 2717/3505/1522
f 2710/3506/1523 2702/3507/1523 2694/3508/1523
f 2717/3509/1524 2720/3510/1524 2719/3511/1524
f 2719/3511/1525 2690/3512/1525 2689/3475/1525
f 2703/3513/1526 2711/3514/1526 2719/3515/1526
f 2721/3516/1527 2724/3517/1527 2723/3518/1527
f 2723/3518/1528 2726/3519/1528 2725/3520/1528
f 2725/3520/1529 2728/3521/1529 2727/3522/1529
f 2727/3523/1530 2730/3524/1530 2729/3525/1530
f 2730/3524/1531 2731/3526/1531 2729/3525/1531
f 2732/3527/1532 2733/3528/1532 2731/3526/1532
f 2734/3529/1533 2735/3530/1533 2733/3528/1533
f 2736/3531/1534 2737/3532/1534 2735/3533/1534
f 2738/3534/1535 2739/3535/1535 2737/3532/1535
f 2740/3536/1536 2741/3537/1536 2739/3535/1536
f 2742/3538/1537 2743/3539/1537 2741/3537/1537
f 2744/3540/1538 2745/3541/1538 2743/3542/1538
f 2745/3541/1539 2748/3543/1539 2747/3544/1539
f 2747/3544/1540 2750/3545/1540 2749/3546/1540
f 2742/3547/1541 2734/3548/1541 2726/3549/1541
f 2749/3546/1542 2752/3550/1542 2751/3551/1542
f 2751/3552/1543 2722/3553/1543 2721/3516/1543
f 2735/3554/1544 2743/3555/1544 2751/3556/1544
s 1
f 2753/3557/1545 2756/3558/1546 2755/3559/1547
f 2755/3560/1547 2758/3561/1548 2757/3562/1549
f 2757/3562/1549 2760/3563/1550 2759/3564/1551
f 2759/3564/1551 2762/3565/1552 2761/3566/1553
f 2761/3566/1553 2764/3567/1554 2763/3568/1555
f 2764/3569/1554 2765/3570/1556 2763/3571/1555
f 2766/3572/1557 2767/3573/1558 2765/3570/1556
f 2768/3574/1559 2769/3575/1560 2767/3573/1558
f 2770/3576/1561 2771/3577/1562 2769/3575/1560
f 2772/3578/1563 2773/3579/1564 2771/3580/1562
f 2774/3581/1565 2775/3582/1566 2773/3579/1564
f 2776/3583/1567 2777/3584/1568 2775/3582/1566
f 2778/3585/1569 2779/3586/1570 2777/3584/1568
f 2779/3587/1570 2782/3588/1571 2781/3589/1572
f 2774/3590/1565 2766/3591/1557 2758/3592/1548
f 2781/3589/1572 2784/3593/1573 2783/3594/1574
f 2783/3594/1574 2754/3595/1575 2753/3557/1545
f 2767/3596/1558 2775/3597/1566 2783/3598/1574
s 0
f 1/1/1 2/38/1 4/2/1
f 3/3/2 4/2/2 6/4/2
f 5/5/3 6/4/3 8/6/3
f 8/8/4 10/11/4 9/9/4
f 10/11/5 12/3599/5 11/12/5
f 11/12/6 12/3599/6 14/13/6
f 14/15/7 16/18/7 15/16/7
f 16/18/8 18/20/8 17/19/8
f 18/20/9 20/22/9 19/21/9
f 20/22/10 22/3600/10 21/23/10
f 21/23/11 22/3600/11 24/24/11
f 23/26/12 24/3601/12 26/27/12
f 26/27/13 28/30/13 27/29/13
f 28/30/14 30/3602/14 29/31/14
f 6/34/15 4/3603/15 2/3604/15
f 2/3604/15 32/3605/15 30/3606/15
f 30/3606/15 28/3607/15 26/3608/15
f 26/3608/15 24/3609/15 22/32/15
f 22/32/15 20/3610/15 18/3611/15
f 18/3611/15 16/3612/15 14/33/15
f 14/33/15 12/3613/15 10/3614/15
f 10/3614/15 8/3615/15 6/34/15
f 6/34/15 2/3604/15 30/3606/15
f 30/3606/15 26/3608/15 22/32/15
f 22/32/15 18/3611/15 14/33/15
f 14/33/15 10/3614/15 6/34/15
f 6/34/15 30/3606/15 22/32/15
f 30/35/16 32/3616/16 31/36/16
f 31/36/17 32/3616/17 2/38/17
f 31/41/18 1/3617/18 3/3618/18
f 3/3618/18 5/3619/18 7/3620/18
f 7/3620/18 9/3621/18 11/3622/18
f 11/3622/18 13/3623/18 15/39/18
f 15/39/18 17/3624/18 19/3625/18
f 19/3625/18 21/3626/18 23/40/18
f 23/40/18 25/3627/18 27/3628/18
f 27/3628/18 29/3629/18 31/41/18
f 31/41/18 3/3618/18 7/3620/18
f 7/3620/18 11/3622/18 15/39/18
f 15/39/18 19/3625/18 23/40/18
f 23/40/18 27/3628/18 31/41/18
f 31/41/18 7/3620/18 15/39/18
f 34/42/19 36/45/19 35/43/19
f 36/45/20 38/47/20 37/46/20
f 38/47/21 40/3630/21 39/48/21
f 40/49/22 42/3631/22 41/50/22
f 41/50/23 42/3631/23 44/52/23
f 43/53/24 44/52/24 46/54/24
f 45/56/25 46/3632/25 48/57/25
f 47/58/26 48/57/26 50/59/26
f 49/60/27 50/59/27 52/61/27
f 51/62/28 52/61/28 54/63/28
f 53/64/29 54/63/29 56/65/29
f 55/67/30 56/3633/30 58/68/30
f 58/68/31 60/71/31 59/70/31
f 60/71/32 62/3634/32 61/72/32
f 38/75/33 36/3635/33 34/3636/33
f 34/3636/33 64/3637/33 62/3638/33
f 62/3638/33 60/3639/33 58/3640/33
f 58/3640/33 56/3641/33 54/73/33
f 54/73/33 52/3642/33 50/3643/33
f 50/3643/33 48/3644/33 46/74/33
f 46/74/33 44/3645/33 42/3646/33
f 42/3646/33 40/3647/33 38/75/33
f 38/75/33 34/3636/33 62/3638/33
f 62/3638/33 58/3640/33 54/73/33
f 54/73/33 50/3643/33 46/74/33
f 46/74/33 42/3646/33 38/75/33
f 38/75/33 62/3638/33 54/73/33
f 62/76/34 64/79/34 63/77/34
f 64/79/35 34/42/35 33/44/35
f 63/82/36 33/3648/36 35/3649/36
f 35/3649/36 37/3650/36 39/3651/36
f 39/3651/36 41/3652/36 43/3653/36
f 43/3653/36 45/3654/36 47/80/36
f 47/80/36 49/3655/36 51/3656/36
f 51/3656/36 53/3657/36 55/81/36
f 55/81/36 57/3658/36 59/3659/36
f 59/3659/36 61/3660/36 63/82/36
f 63/82/36 35/3649/36 39/3651/36
f 39/3651/36 43/3653/36 47/80/36
f 47/80/36 51/3656/36 55/81/36
f 55/81/36 59/3659/36 63/82/36
f 63/82/36 39/3651/36 47/80/36
f 66/83/37 68/86/37 67/84/37
f 68/86/38 70/88/38 69/87/38
f 70/88/39 72/90/39 71/89/39
f 72/90/40 74/92/40 73/91/40
f 74/92/41 76/3661/41 75/93/41
f 76/94/42 78/97/42 77/95/42
f 78/97/43 80/99/43 79/98/43
f 80/99/44 82/3662/44 81/100/44
f 81/100/45 82/3662/45 84/101/45
f 83/102/46 84/101/46 86/103/46
f 85/104/47 86/103/47 88/105/47
f 87/106/48 88/105/48 90/107/48
f 89/108/49 90/107/49 92/109/49
f 91/111/50 92/3663/50 94/112/50
f 93/113/1576 94/112/1576 96/114/1576
f 95/115/52 96/114/52 98/116/52
f 97/117/53 98/116/53 100/118/53
f 99/119/54 100/118/54 102/120/54
f 101/121/1577 102/120/1577 104/122/1577
f 103/123/56 104/122/56 106/124/56
f 105/125/57 106/124/57 108/126/57
f 107/128/58 108/3664/58 110/129/58
f 109/130/59 110/129/59 112/131/59
f 111/132/60 112/131/60 114/133/60
f 114/133/61 116/136/61 115/135/61
f 116/136/62 118/138/62 117/137/62
f 118/138/63 120/140/63 119/139/63
f 120/140/64 122/142/64 121/141/64
f 122/142/65 124/3665/65 123/143/65
f 124/144/66 126/150/66 125/145/66
f 70/149/33 68/3666/33 66/3667/33
f 66/3667/33 128/3668/33 126/3669/33
f 126/3669/33 124/3670/33 122/3671/33
f 122/3671/33 120/3672/33 118/3673/33
f 118/3673/33 116/3674/33 114/3675/33
f 114/3675/1578 112/3676/1578 110/3677/1578
f 110/3677/33 108/3678/33 106/3679/33
f 106/3679/1579 104/3680/1579 102/147/1579
f 102/147/1579 100/3681/1579 98/3682/1579
f 98/3682/33 96/3683/33 94/3684/33
f 94/3684/33 92/3685/33 90/3686/33
f 90/3686/33 88/3687/33 86/148/33
f 86/148/33 84/3688/33 82/3689/33
f 82/3689/33 80/3690/33 78/3691/33
f 78/3691/33 76/3692/33 74/3693/33
f 74/3693/33 72/3694/33 70/149/33
f 70/149/33 66/3667/33 126/3669/33
f 126/3669/33 122/3671/33 118/3673/33
f 118/3673/33 114/3675/33 110/3677/33
f 110/3677/33 106/3679/33 102/147/33
f 102/147/33 98/3682/33 94/3684/33
f 94/3684/33 90/3686/33 86/148/33
f 86/148/33 82/3689/33 78/3691/33
f 78/3691/33 74/3693/33 70/149/33
f 70/149/33 126/3669/33 118/3673/33
f 118/3673/33 110/3677/33 102/147/33
f 102/147/33 94/3684/33 86/148/33
f 86/148/33 78/3691/33 70/149/33
f 70/149/33 118/3673/33 102/147/33
f 126/150/67 128/152/67 127/151/67
f 128/152/68 66/83/68 65/85/68
f 127/155/36 65/3695/36 67/3696/36
f 67/3696/1580 69/3697/1580 71/3698/1580
f 71/3698/36 73/3699/36 75/3700/36
f 75/3700/36 77/3701/36 79/3702/36
f 79/3702/36 81/3703/36 83/3704/36
f 83/3704/36 85/3705/36 87/3706/36
f 87/3706/36 89/3707/36 91/3708/36
f 91/3708/36 93/3709/36 95/153/36
f 95/153/36 97/3710/36 99/3711/36
f 99/3711/36 101/3712/36 103/3713/36
f 103/3713/1581 105/3714/1581 107/3715/1581
f 107/3715/1581 109/3716/1581 111/154/1581
f 111/154/36 113/3717/36 115/3718/36
f 115/3718/1581 117/3719/1581 119/3720/1581
f 119/3720/36 121/3721/36 123/3722/36
f 123/3722/36 125/3723/36 127/155/36
f 127/155/36 67/3696/36 71/3698/36
f 71/3698/36 75/3700/36 79/3702/36
f 79/3702/36 83/3704/36 87/3706/36
f 87/3706/36 91/3708/36 95/153/36
f 95/153/36 99/3711/36 103/3713/36
f 103/3713/36 107/3715/36 111/154/36
f 111/154/36 115/3718/36 119/3720/36
f 119/3720/36 123/3722/36 127/155/36
f 127/155/36 71/3698/36 79/3702/36
f 79/3702/36 87/3706/36 95/153/36
f 95/153/36 103/3713/36 111/154/36
f 111/154/36 119/3720/36 127/155/36
f 127/155/36 79/3702/36 95/153/36
f 130/156/69 132/159/69 131/157/69
f 132/159/70 134/3724/70 133/160/70
f 134/161/71 136/164/71 135/162/71
f 136/164/72 138/166/72 137/165/72
f 138/166/73 140/3725/73 139/167/73
f 139/167/74 140/3725/74 142/168/74
f 141/169/75 142/168/75 144/170/75
f 143/172/76 144/3726/76 146/173/76
f 145/174/77 146/173/77 148/175/77
f 147/176/78 148/175/78 150/177/78
f 149/179/79 150/3727/79 152/180/79
f 151/181/80 152/180/80 154/182/80
f 153/183/81 154/182/81 156/184/81
f 156/184/1582 158/190/1582 157/186/1582
f 134/189/83 132/3728/83 130/3729/83
f 130/3729/83 160/3730/83 158/3731/83
f 158/3731/83 156/3732/83 154/3733/83
f 154/3733/83 152/3734/83 150/187/83
f 150/187/83 148/3735/83 146/3736/83
f 146/3736/83 144/3737/83 142/188/83
f 142/188/83 140/3738/83 138/3739/83
f 138/3739/83 136/3740/83 134/189/83
f 134/189/83 130/3729/83 158/3731/83
f 158/3731/83 154/3733/83 150/187/83
f 150/187/83 146/3736/83 142/188/83
f 142/188/83 138/3739/83 134/189/83
f 134/189/83 158/3731/83 150/187/83
f 158/190/84 160/3741/84 159/191/84
f 160/192/85 130/156/85 129/158/85
f 159/196/86 129/3742/86 131/3743/86
f 131/3743/86 133/3744/86 135/3745/86
f 135/3745/86 137/3746/86 139/3747/86
f 139/3747/86 141/3748/86 143/194/86
f 143/194/86 145/3749/86 147/3750/86
f 147/3750/86 149/3751/86 151/195/86
f 151/195/86 153/3752/86 155/3753/86
f 155/3753/86 157/3754/86 159/196/86
f 159/196/86 131/3743/86 135/3745/86
f 135/3745/86 139/3747/86 143/194/86
f 143/194/86 147/3750/86 151/195/86
f 151/195/86 155/3753/86 159/196/86
f 159/196/86 135/3745/86 143/194/86
f 162/197/87 164/200/87 163/198/87
f 164/200/88 166/202/88 165/201/88
f 166/202/89 168/3755/89 167/203/89
f 168/204/90 170/3756/90 169/205/90
f 169/205/91 170/3756/91 172/207/91
f 171/208/92 172/207/92 174/209/92
f 173/211/93 174/3757/93 176/212/93
f 175/213/94 176/212/94 178/214/94
f 177/215/95 178/214/95 180/216/95
f 179/217/96 180/216/96 182/218/96
f 181/219/97 182/218/97 184/220/97
f 183/222/98 184/3758/98 186/223/98
f 186/223/99 188/226/99 187/225/99
f 188/226/100 190/3759/100 189/227/100
f 166/230/101 164/3760/101 162/3761/101
f 162/3761/101 192/3762/101 190/3763/101
f 190/3763/101 188/3764/101 186/3765/101
f 186/3765/101 184/3766/101 182/228/101
f 182/228/101 180/3767/101 178/3768/101
f 178/3768/101 176/3769/101 174/229/101
f 174/229/101 172/3770/101 170/3771/101
f 170/3771/101 168/3772/101 166/230/101
f 166/230/101 162/3761/101 190/3763/101
f 190/3763/101 186/3765/101 182/228/101
f 182/228/101 178/3768/101 174/229/101
f 174/229/101 170/3771/101 166/230/101
f 166/230/101 190/3763/101 182/228/101
f 190/231/102 192/234/102 191/232/102
f 192/234/103 162/197/103 161/199/103
f 191/237/104 161/3773/104 163/3774/104
f 163/3774/104 165/3775/104 167/3776/104
f 167/3776/104 169/3777/104 171/3778/104
f 171/3778/104 173/3779/104 175/235/104
f 175/235/104 177/3780/104 179/3781/104
f 179/3781/104 181/3782/104 183/236/104
f 183/236/104 185/3783/104 187/3784/104
f 187/3784/104 189/3785/104 191/237/104
f 191/237/104 163/3774/104 167/3776/104
f 167/3776/104 171/3778/104 175/235/104
f 175/235/104 179/3781/104 183/236/104
f 183/236/104 187/3784/104 191/237/104
f 191/237/104 167/3776/104 175/235/104
f 194/238/105 196/241/105 195/239/105
f 196/241/106 198/3786/106 197/242/106
f 198/243/1583 200/246/1583 199/244/1583
f 200/246/108 202/3787/108 201/247/108
f 201/247/109 202/3787/109 204/248/109
f 203/249/110 204/248/110 206/250/110
f 205/251/1584 206/250/1584 208/252/1584
f 207/254/112 208/3788/112 210/255/112
f 209/256/113 210/255/113 212/257/113
f 211/258/114 212/257/114 214/259/114
f 213/261/1585 214/3789/1585 216/262/1585
f 215/263/116 216/262/116 218/264/116
f 218/264/117 220/267/117 219/266/117
f 220/267/118 222/272/118 221/268/118
f 198/271/119 196/3790/119 194/3791/119
f 194/3791/1586 224/3792/1586 222/3793/1586
f 222/3793/119 220/3794/119 218/3795/119
f 218/3795/1587 216/3796/1587 214/269/1587
f 214/269/119 212/3797/119 210/3798/119
f 210/3798/119 208/3799/119 206/270/119
f 206/270/119 204/3800/119 202/3801/119
f 202/3801/1587 200/3802/1587 198/271/1587
f 198/271/119 194/3791/119 222/3793/119
f 222/3793/119 218/3795/119 214/269/119
f 214/269/119 210/3798/119 206/270/119
f 206/270/119 202/3801/119 198/271/119
f 198/271/119 222/3793/119 214/269/119
f 222/272/120 224/3803/120 223/273/120
f 224/274/121 194/238/121 193/240/121
f 223/278/122 193/3804/122 195/3805/122
f 195/3805/122 197/3806/122 199/3807/122
f 199/3807/122 201/3808/122 203/3809/122
f 203/3809/1588 205/3810/1588 207/276/1588
f 207/276/122 209/3811/122 211/3812/122
f 211/3812/122 213/3813/122 215/277/122
f 215/277/1589 217/3814/1589 219/3815/1589
f 219/3815/122 221/3816/122 223/278/122
f 223/278/122 195/3805/122 199/3807/122
f 199/3807/122 203/3809/122 207/276/122
f 207/276/122 211/3812/122 215/277/122
f 215/277/122 219/3815/122 223/278/122
f 223/278/122 199/3807/122 207/276/122
f 226/279/123 228/282/123 227/280/123
f 228/282/1590 230/284/1590 229/283/1590
f 230/284/125 232/3817/125 231/285/125
f 232/286/126 234/3818/126 233/287/126
f 233/287/127 234/3818/127 236/289/127
f 235/290/128 236/289/128 238/291/128
f 237/293/129 238/3819/129 240/294/129
f 239/295/130 240/294/130 242/296/130
f 241/297/131 242/296/131 244/298/131
f 243/299/132 244/298/132 246/300/132
f 245/301/133 246/300/133 248/302/133
f 247/304/134 248/3820/134 250/305/134
f 250/305/135 252/308/135 251/307/135
f 252/308/136 254/3821/136 253/309/136
f 230/312/1591 228/3822/1591 226/3823/1591
f 226/3823/1592 256/3824/1592 254/3825/1592
f 254/3825/1591 252/3826/1591 250/3827/1591
f 250/3827/1591 248/3828/1591 246/310/1591
f 246/310/1591 244/3829/1591 242/3830/1591
f 242/3830/1591 240/3831/1591 238/311/1591
f 238/311/1591 236/3832/1591 234/3833/1591
f 234/3833/1591 232/3834/1591 230/312/1591
f 230/312/1591 226/3823/1591 254/3825/1591
f 254/3825/137 250/3827/137 246/310/137
f 246/310/1591 242/3830/1591 238/311/1591
f 238/311/137 234/3833/137 230/312/137
f 230/312/1591 254/3825/1591 246/310/1591
f 254/313/138 256/316/138 255/314/138
f 256/316/139 226/279/139 225/281/139
f 255/319/140 225/3835/140 227/3836/140
f 227/3836/1593 229/3837/1593 231/3838/1593
f 231/3838/1593 233/3839/1593 235/3840/1593
f 235/3840/1594 237/3841/1594 239/317/1594
f 239/317/1595 241/3842/1595 243/3843/1595
f 243/3843/140 245/3844/140 247/318/140
f 247/318/140 249/3845/140 251/3846/140
f 251/3846/140 253/3847/140 255/319/140
f 255/319/1593 227/3836/1593 231/3838/1593
f 231/3838/1593 235/3840/1593 239/317/1593
f 239/317/140 243/3843/140 247/318/140
f 247/318/1593 251/3846/1593 255/319/1593
f 255/319/140 231/3838/140 239/317/140
f 258/320/141 260/3848/141 259/321/141
f 260/323/142 262/326/142 261/324/142
f 262/326/143 264/3849/143 263/327/143
f 264/328/144 266/331/144 265/329/144
f 266/331/145 268/333/145 267/332/145
f 268/333/146 270/3850/146 269/334/146
f 269/334/1596 270/3850/1596 272/335/1596
f 271/337/148 272/3851/148 274/338/148
f 273/339/149 274/338/149 276/340/149
f 275/342/150 276/3852/150 278/343/150
f 277/344/151 278/343/151 280/345/151
f 279/347/152 280/3853/152 282/348/152
f 281/349/153 282/348/153 284/350/153
f 283/351/154 284/350/154 286/352/154
f 262/355/1597 260/3854/1597 258/3855/1597
f 258/3855/155 288/3856/155 286/3857/155
f 286/3857/155 284/3858/155 282/3859/155
f 282/3859/1597 280/345/1597 278/343/1597
f 278/343/155 276/3852/155 274/3860/155
f 274/3860/155 272/3861/155 270/354/155
f 270/354/155 268/3862/155 266/3863/155
f 266/3863/1597 264/3864/1597 262/355/1597
f 262/355/155 258/3855/155 286/3857/155
f 286/3857/155 282/3859/155 278/343/155
f 278/343/155 274/3860/155 270/354/155
f 270/354/1597 266/3863/1597 262/355/1597
f 262/355/155 286/3857/155 278/343/155
f 286/352/156 288/3865/156 287/356/156
f 288/357/157 258/320/157 257/322/157
f 287/361/158 257/3866/158 259/325/158
f 259/325/1598 261/324/1598 263/327/1598
f 263/327/158 265/3867/158 267/3868/158
f 267/3868/158 269/3869/158 271/359/158
f 271/359/1599 273/3870/1599 275/3871/1599
f 275/3871/1598 277/3872/1598 279/360/1598
f 279/360/1598 281/3873/1598 283/3874/1598
f 283/3874/1598 285/3875/1598 287/361/1598
f 287/361/158 259/325/158 263/327/158
f 263/327/158 267/3868/158 271/359/158
f 271/359/158 275/3871/158 279/360/158
f 279/360/158 283/3874/158 287/361/158
f 287/361/158 263/327/158 271/359/158
f 290/362/159 292/365/159 291/363/159
f 292/365/160 294/3876/160 293/366/160
f 293/366/1600 294/3876/1600 296/367/1600
f 295/369/162 296/3877/162 298/370/162
f 297/372/163 298/3878/163 300/373/163
f 299/374/164 300/373/164 302/375/164
f 301/377/165 302/3879/165 304/378/165
f 303/379/166 304/378/166 306/380/166
f 305/381/167 306/380/167 308/382/167
f 307/383/168 308/382/168 310/384/168
f 310/384/1601 312/3880/1601 311/386/1601
f 312/387/170 314/3881/170 313/388/170
f 314/390/171 316/393/171 315/391/171
f 316/393/172 318/3882/172 317/394/172
f 294/397/173 292/3883/173 290/3884/173
f 290/3884/1602 320/3885/1602 318/3886/1602
f 318/3886/1602 316/3887/1602 314/3888/1602
f 314/3888/173 312/3889/173 310/395/173
f 310/395/1603 308/3890/1603 306/3891/1603
f 306/3891/173 304/3892/173 302/396/173
f 302/396/173 300/3893/173 298/370/173
f 298/370/173 296/3877/173 294/397/173
f 294/397/173 290/3884/173 318/3886/173
f 318/3886/173 314/3888/173 310/395/173
f 310/395/173 306/3891/173 302/396/173
f 302/396/173 298/370/173 294/397/173
f 294/397/173 318/3886/173 310/395/173
f 318/398/174 320/401/174 319/399/174
f 320/401/1604 290/362/1604 289/364/1604
f 319/403/176 289/3894/176 291/3895/176
f 291/3895/1605 293/3896/1605 295/3897/1605
f 295/3897/176 297/3898/176 299/3899/176
f 299/3899/1606 301/3900/1606 303/402/1606
f 303/402/176 305/3901/176 307/3902/176
f 307/3902/176 309/3903/176 311/389/176
f 311/389/1607 313/388/1607 315/3904/1607
f 315/3904/176 317/3905/176 319/403/176
f 319/403/176 291/3895/176 295/3897/176
f 295/3897/176 299/3899/176 303/402/176
f 303/402/176 307/3902/176 311/389/176
f 311/389/176 315/3904/176 319/403/176
f 319/403/176 295/3897/176 303/402/176
f 322/404/177 324/407/177 323/405/177
f 324/407/178 326/3906/178 325/408/178
f 325/408/179 326/3906/179 328/409/179
f 327/411/180 328/3907/180 330/412/180
f 329/413/181 330/412/181 332/414/181
f 331/415/182 332/414/182 334/416/182
f 333/418/183 334/3908/183 336/419/183
f 335/420/184 336/419/184 338/421/184
f 337/422/185 338/421/185 340/423/185
f 339/424/186 340/423/186 342/425/186
f 342/425/187 344/3909/187 343/427/187
f 344/428/188 346/431/188 345/429/188
f 346/431/189 348/433/189 347/432/189
f 348/433/190 350/3910/190 349/434/190
f 326/437/191 324/3911/191 322/3912/191
f 322/3912/191 352/3913/191 350/3914/191
f 350/3914/191 348/3915/191 346/3916/191
f 346/3916/191 344/3917/191 342/435/191
f 342/435/191 340/3918/191 338/3919/191
f 338/3919/1608 336/3920/1608 334/436/1608
f 334/436/191 332/3921/191 330/3922/191
f 330/3922/191 328/3923/191 326/437/191
f 326/437/191 322/3912/191 350/3914/191
f 350/3914/191 346/3916/191 342/435/191
f 342/435/191 338/3919/191 334/436/191
f 334/436/191 330/3922/191 326/437/191
f 326/437/191 350/3914/191 342/435/191
f 350/438/192 352/441/192 351/439/192
f 352/441/193 322/404/193 321/406/193
f 351/444/194 321/3924/194 323/3925/194
f 323/3925/1609 325/3926/1609 327/3927/1609
f 327/3927/194 329/3928/194 331/3929/194
f 331/3929/194 333/3930/194 335/442/194
f 335/442/194 337/3931/194 339/3932/194
f 339/3932/194 341/3933/194 343/443/194
f 343/443/194 345/3934/194 347/3935/194
f 347/3935/1609 349/3936/1609 351/444/1609
f 351/444/194 323/3925/194 327/3927/194
f 327/3927/194 331/3929/194 335/442/194
f 335/442/194 339/3932/194 343/443/194
f 343/443/194 347/3935/194 351/444/194
f 351/444/194 327/3927/194 335/442/194
f 354/445/195 356/448/195 355/446/195
f 356/448/196 358/3937/196 357/449/196
f 358/450/197 360/453/197 359/451/197
f 360/453/198 362/455/198 361/454/198
f 362/455/199 364/3938/199 363/456/199
f 363/456/200 364/3938/200 366/457/200
f 365/458/201 366/457/201 368/459/201
f 367/461/202 368/3939/202 370/462/202
f 369/463/203 370/462/203 372/464/203
f 371/465/204 372/464/204 374/466/204
f 373/468/205 374/3940/205 376/469/205
f 375/470/206 376/469/206 378/471/206
f 377/472/207 378/471/207 380/473/207
f 380/473/208 382/479/208 381/475/208
f 358/478/1610 356/3941/1610 354/3942/1610
f 354/3942/1610 384/3943/1610 382/3944/1610
f 382/3944/1610 380/3945/1610 378/3946/1610
f 378/3946/1610 376/3947/1610 374/476/1610
f 374/476/209 372/3948/209 370/3949/209
f 370/3949/209 368/3950/209 366/477/209
f 366/477/1610 364/3951/1610 362/3952/1610
f 362/3952/1610 360/3953/1610 358/478/1610
f 358/478/1610 354/3942/1610 382/3944/1610
f 382/3944/209 378/3946/209 374/476/209
f 374/476/1610 370/3949/1610 366/477/1610
f 366/477/209 362/3952/209 358/478/209
f 358/478/1610 382/3944/1610 374/476/1610
f 382/479/210 384/3954/210 383/480/210
f 384/481/211 354/445/211 353/447/211
f 383/485/212 353/3955/212 355/3956/212
f 355/3956/1611 357/3957/1611 359/3958/1611
f 359/3958/212 361/3959/212 363/3960/212
f 363/3960/1612 365/3961/1612 367/483/1612
f 367/483/1611 369/3962/1611 371/3963/1611
f 371/3963/212 373/3964/212 375/484/212
f 375/484/1612 377/3965/1612 379/3966/1612
f 379/3966/212 381/3967/212 383/485/212
f 383/485/1612 355/3956/1612 359/3958/1612
f 359/3958/1612 363/3960/1612 367/483/1612
f 367/483/1612 371/3963/1612 375/484/1612
f 375/484/212 379/3966/212 383/485/212
f 383/485/212 359/3958/212 367/483/212
f 386/486/213 388/489/213 387/487/213
f 388/489/214 390/491/214 389/490/214
f 390/491/215 392/3968/215 391/492/215
f 392/493/216 394/3969/216 393/494/216
f 393/494/217 394/3969/217 396/496/217
f 395/497/218 396/496/218 398/498/218
f 397/500/219 398/3970/219 400/501/219
f 399/502/220 400/501/220 402/503/220
f 401/504/221 402/503/221 404/505/221
f 403/506/222 404/505/222 406/507/222
f 405/508/223 406/507/223 408/509/223
f 407/511/224 408/3971/224 410/512/224
f 410/512/225 412/515/225 411/514/225
f 412/515/226 414/3972/226 413/516/226
f 390/519/227 388/3973/227 386/3974/227
f 386/3974/227 416/3975/227 414/3976/227
f 414/3976/1613 412/3977/1613 410/3978/1613
f 410/3978/1613 408/3979/1613 406/517/1613
f 406/517/1614 404/3980/1614 402/3981/1614
f 402/3981/1613 400/3982/1613 398/518/1613
f 398/518/227 396/3983/227 394/3984/227
f 394/3984/1614 392/3985/1614 390/519/1614
f 390/519/227 386/3974/227 414/3976/227
f 414/3976/1614 410/3978/1614 406/517/1614
f 406/517/227 402/3981/227 398/518/227
f 398/518/1615 394/3984/1615 390/519/1615
f 390/519/1614 414/3976/1614 406/517/1614
f 414/520/228 416/523/228 415/521/228
f 416/523/229 386/486/229 385/488/229
f 415/526/230 385/3986/230 387/3987/230
f 387/3987/230 389/3988/230 391/3989/230
f 391/3989/1616 393/3990/1616 395/3991/1616
f 395/3991/1617 397/3992/1617 399/524/1617
f 399/524/230 401/3993/230 403/3994/230
f 403/3994/1616 405/3995/1616 407/525/1616
f 407/525/1616 409/3996/1616 411/3997/1616
f 411/3997/1616 413/3998/1616 415/526/1616
f 415/526/230 387/3987/230 391/3989/230
f 391/3989/230 395/3991/230 399/524/230
f 399/524/1618 403/3994/1618 407/525/1618
f 407/525/230 411/3997/230 415/526/230
f 415/526/230 391/3989/230 399/524/230
f 417/527/231 418/564/231 420/528/231
f 419/529/232 420/528/232 422/530/232
f 421/532/233 422/3999/233 424/533/233
f 423/534/234 424/533/234 426/535/234
f 426/535/1619 428/538/1619 427/537/1619
f 428/538/236 430/4000/236 429/539/236
f 430/540/1620 432/543/1620 431/541/1620
f 432/543/238 434/545/238 433/544/238
f 434/545/239 436/547/239 435/546/239
f 436/547/240 438/4001/240 437/548/240
f 438/549/241 440/552/241 439/550/241
f 440/552/242 442/4002/242 441/553/242
f 441/553/1621 442/4002/1621 444/554/1621
f 443/555/1622 444/554/1622 446/556/1622
f 422/560/245 420/4003/245 418/4004/245
f 418/4004/245 448/4005/245 446/4006/245
f 446/4006/1623 444/4007/1623 442/4008/1623
f 442/4008/1623 440/4009/1623 438/558/1623
f 438/558/1624 436/4010/1624 434/4011/1624
f 434/4011/245 432/4012/245 430/559/245
f 430/559/1623 428/4013/1623 426/4014/1623
f 426/4014/245 424/4015/245 422/560/245
f 422/560/245 418/4004/245 446/4006/245
f 446/4006/245 442/4008/245 438/558/245
f 438/558/245 434/4011/245 430/559/245
f 430/559/245 426/4014/245 422/560/245
f 422/560/245 446/4006/245 438/558/245
f 445/561/1625 446/4016/1625 448/562/1625
f 447/563/247 448/562/247 418/564/247
f 447/567/248 417/4017/248 419/4018/248
f 419/4018/248 421/4019/248 423/4020/248
f 423/4020/248 425/4021/248 427/4022/248
f 427/4022/248 429/4023/248 431/565/248
f 431/565/248 433/4024/248 435/4025/248
f 435/4025/1626 437/4026/1626 439/566/1626
f 439/566/1627 441/4027/1627 443/4028/1627
f 443/4028/248 445/4029/248 447/567/248
f 447/567/248 419/4018/248 423/4020/248
f 423/4020/248 427/4022/248 431/565/248
f 431/565/248 435/4025/248 439/566/248
f 439/566/248 443/4028/248 447/567/248
f 447/567/248 423/4020/248 431/565/248
f 449/568/249 450/4030/249 452/569/249
f 451/570/250 452/569/250 454/571/250
f 453/572/251 454/571/251 456/573/251
f 455/575/252 456/4031/252 458/576/252
f 457/577/253 458/576/253 460/578/253
f 460/580/1628 462/583/1628 461/581/1628
f 462/583/255 464/585/255 463/584/255
f 464/585/256 466/4032/256 465/586/256
f 466/587/257 468/590/257 467/588/257
f 468/590/258 470/592/258 469/591/258
f 470/592/259 472/4033/259 471/593/259
f 472/594/260 474/597/260 473/595/260
f 474/597/261 476/4034/261 475/598/261
f 475/599/1629 476/4035/1629 478/600/1629
f 454/604/263 452/4036/263 450/4037/263
f 450/4037/1630 480/4038/1630 478/4039/1630
f 478/4039/1631 476/4034/1631 474/597/1631
f 474/597/263 472/594/263 470/602/263
f 470/602/263 468/4040/263 466/4041/263
f 466/4041/263 464/4042/263 462/603/263
f 462/603/263 460/4043/263 458/4044/263
f 458/4044/1632 456/4045/1632 454/604/1632
f 454/604/263 450/4037/263 478/4039/263
f 478/4039/263 474/597/263 470/602/263
f 470/602/263 466/4041/263 462/603/263
f 462/603/263 458/4044/263 454/604/263
f 454/604/263 478/4039/263 470/602/263
f 477/601/264 478/600/264 480/605/264
f 479/606/265 480/605/265 450/607/265
f 479/611/266 449/4046/266 451/4047/266
f 451/4047/266 453/4048/266 455/575/266
f 455/575/266 457/577/266 459/579/266
f 459/579/266 461/4049/266 463/609/266
f 463/609/266 465/4050/266 467/4051/266
f 467/4051/266 469/4052/266 471/610/266
f 471/610/266 473/4053/266 475/4054/266
f 475/4054/266 477/4055/266 479/611/266
f 479/611/266 451/4047/266 455/575/266
f 455/575/266 459/579/266 463/609/266
f 463/609/266 467/4051/266 471/610/266
f 471/610/266 475/4054/266 479/611/266
f 479/611/266 455/575/266 463/609/266
f 482/612/267 484/615/267 483/613/267
f 484/615/268 486/4056/268 485/616/268
f 486/617/269 488/4057/269 487/618/269
f 487/618/270 488/4057/270 490/620/270
f 489/621/271 490/620/271 492/622/271
f 491/623/272 492/622/272 494/624/272
f 493/626/273 494/4058/273 496/627/273
f 495/628/274 496/627/274 498/629/274
f 497/630/275 498/629/275 500/631/275
f 499/632/276 500/631/276 502/633/276
f 501/635/277 502/4059/277 504/636/277
f 504/636/278 506/639/278 505/638/278
f 506/639/279 508/641/279 507/640/279
f 508/641/280 510/4060/280 509/642/280
f 486/645/1633 484/4061/1633 482/4062/1633
f 482/4062/1634 512/4063/1634 510/4064/1634
f 510/4064/281 508/4065/281 506/4066/281
f 506/4066/281 504/4067/281 502/643/281
f 502/643/281 500/4068/281 498/4069/281
f 498/4069/1634 496/4070/1634 494/644/1634
f 494/644/1635 492/4071/1635 490/4072/1635
f 490/4072/1635 488/4073/1635 486/645/1635
f 486/645/281 482/4062/281 510/4064/281
f 510/4064/281 506/4066/281 502/643/281
f 502/643/281 498/4069/281 494/644/281
f 494/644/281 490/4072/281 486/645/281
f 486/645/281 510/4064/281 502/643/281
f 510/646/282 512/649/282 511/647/282
f 512/649/283 482/612/283 481/614/283
f 511/652/284 481/4074/284 483/4075/284
f 483/4075/284 485/4076/284 487/4077/284
f 487/4077/284 489/4078/284 491/4079/284
f 491/4079/284 493/4080/284 495/650/284
f 495/650/284 497/4081/284 499/4082/284
f 499/4082/284 501/4083/284 503/651/284
f 503/651/284 505/4084/284 507/4085/284
f 507/4085/284 509/4086/284 511/652/284
f 511/652/284 483/4075/284 487/4077/284
f 487/4077/284 491/4079/284 495/650/284
f 495/650/284 499/4082/284 503/651/284
f 503/651/284 507/4085/284 511/652/284
f 511/652/284 487/4077/284 495/650/284
f 514/653/285 516/656/285 515/654/285
f 516/656/286 518/4087/286 517/657/286
f 518/658/287 520/661/287 519/659/287
f 520/661/288 522/663/288 521/662/288
f 522/663/289 524/4088/289 523/664/289
f 523/664/1636 524/4088/1636 526/665/1636
f 525/666/291 526/665/291 528/667/291
f 527/669/292 528/4089/292 530/670/292
f 529/672/293 530/4090/293 532/673/293
f 531/674/294 532/673/294 534/675/294
f 533/677/295 534/4091/295 536/678/295
f 535/679/296 536/678/296 538/680/296
f 537/681/297 538/680/297 540/682/297
f 540/682/298 542/688/298 541/684/298
f 518/687/1637 516/4092/1637 514/4093/1637
f 514/4093/299 544/690/299 542/4094/299
f 542/4094/1638 540/4095/1638 538/4096/1638
f 538/4096/1639 536/4097/1639 534/685/1639
f 534/685/1640 532/4098/1640 530/4099/1640
f 530/4099/1641 528/4100/1641 526/686/1641
f 526/686/1638 524/4101/1638 522/4102/1638
f 522/4102/299 520/4103/299 518/687/299
f 518/687/299 514/4093/299 542/4094/299
f 542/4094/299 538/4096/299 534/685/299
f 534/685/299 530/4099/299 526/686/299
f 526/686/299 522/4102/299 518/687/299
f 518/687/299 542/4094/299 534/685/299
f 542/688/300 544/4104/300 543/689/300
f 544/690/301 514/4093/301 513/691/301
f 543/694/302 513/4105/302 515/4106/302
f 515/4106/302 517/4107/302 519/4108/302
f 519/4108/1642 521/4109/1642 523/4110/1642
f 523/4110/302 525/4111/302 527/669/302
f 527/669/302 529/671/302 531/4112/302
f 531/4112/302 533/4113/302 535/693/302
f 535/693/302 537/4114/302 539/4115/302
f 539/4115/302 541/4116/302 543/694/302
f 543/694/302 515/4106/302 519/4108/302
f 519/4108/302 523/4110/302 527/669/302
f 527/669/302 531/4112/302 535/693/302
f 535/693/302 539/4115/302 543/694/302
f 543/694/302 519/4108/302 527/669/302
f 545/695/303 546/733/303 548/696/303
f 547/697/304 548/696/304 550/698/304
f 549/699/305 550/698/305 552/700/305
f 551/702/306 552/4117/306 554/703/306
f 553/704/307 554/703/307 556/705/307
f 555/707/1643 556/4118/1643 558/708/1643
f 558/708/309 560/4119/309 559/710/309
f 560/711/1644 562/714/1644 561/712/1644
f 562/714/311 564/716/311 563/715/311
f 564/716/312 566/718/312 565/717/312
f 566/718/313 568/4120/313 567/719/313
f 568/720/314 570/723/314 569/721/314
f 570/723/315 572/4121/315 571/724/315
f 572/725/316 574/4122/316 573/726/316
f 550/729/317 548/4123/317 546/4124/317
f 546/4124/317 576/4125/317 574/4126/317
f 574/4126/317 572/4127/317 570/4128/317
f 570/4128/1645 568/4129/1645 566/728/1645
f 566/728/1645 564/4130/1645 562/4131/1645
f 562/4131/1646 560/4119/1646 558/708/1646
f 558/708/317 556/4118/317 554/4132/317
f 554/4132/1647 552/4133/1647 550/729/1647
f 550/729/1645 546/4124/1645 574/4126/1645
f 574/4126/317 570/4128/317 566/728/317
f 566/728/317 562/4131/317 558/708/317
f 558/708/317 554/4132/317 550/729/317
f 550/729/317 574/4126/317 566/728/317
f 573/726/318 574/4122/318 576/730/318
f 575/732/319 576/4134/319 546/733/319
f 575/731/1648 545/4135/1648 547/4136/1648
f 547/4136/320 549/4137/320 551/4138/320
f 551/4138/1649 553/4139/1649 555/4140/1649
f 555/4140/1650 557/4141/1650 559/734/1650
f 559/734/320 561/4142/320 563/4143/320
f 563/4143/1650 565/4144/1650 567/735/1650
f 567/735/320 569/4145/320 571/727/320
f 571/727/320 573/726/320 575/731/320
f 575/731/320 547/4136/320 551/4138/320
f 551/4138/1650 555/4140/1650 559/734/1650
f 559/734/320 563/4143/320 567/735/320
f 567/735/320 571/727/320 575/731/320
f 575/731/320 551/4138/320 559/734/320
f 577/736/321 578/774/321 580/737/321
f 579/739/322 580/4146/322 582/740/322
f 581/741/323 582/740/323 584/742/323
f 583/743/324 584/742/324 586/744/324
f 586/746/325 588/749/325 587/747/325
f 588/749/326 590/751/326 589/750/326
f 590/751/327 592/753/327 591/752/327
f 592/753/328 594/755/328 593/754/328
f 594/755/329 596/4147/329 595/756/329
f 596/757/330 598/760/330 597/758/330
f 598/760/331 600/762/331 599/761/331
f 600/762/332 602/4148/332 601/763/332
f 601/764/333 602/4149/333 604/765/333
f 603/766/334 604/765/334 606/767/334
f 582/771/1651 580/4150/1651 578/4151/1651
f 578/4151/1652 608/4152/1652 606/4153/1652
f 606/4153/1653 604/4154/1653 602/4155/1653
f 602/4155/335 600/4156/335 598/769/335
f 598/769/1654 596/4157/1654 594/4158/1654
f 594/4158/1652 592/4159/1652 590/770/1652
f 590/770/1655 588/4160/1655 586/4161/1655
f 586/4161/335 584/4162/335 582/771/335
f 582/771/1654 578/4151/1654 606/4153/1654
f 606/4153/335 602/4155/335 598/769/335
f 598/769/335 594/4158/335 590/770/335
f 590/770/1654 586/4161/1654 582/771/1654
f 582/771/335 606/4153/335 598/769/335
f 605/768/336 606/767/336 608/772/336
f 607/773/337 608/772/337 578/774/337
f 607/777/1656 577/4163/1656 579/4164/1656
f 579/4164/338 581/4165/338 583/4166/338
f 583/4166/1657 585/4167/1657 587/4168/1657
f 587/4168/1657 589/4169/1657 591/775/1657
f 591/775/338 593/4170/338 595/4171/338
f 595/4171/1656 597/4172/1656 599/776/1656
f 599/776/1656 601/4173/1656 603/4174/1656
f 603/4174/338 605/4175/338 607/777/338
f 607/777/1656 579/4164/1656 583/4166/1656
f 583/4166/338 587/4168/338 591/775/338
f 591/775/338 595/4171/338 599/776/338
f 599/776/338 603/4174/338 607/777/338
f 607/777/1656 583/4166/1656 591/775/1656
f 610/778/339 612/781/339 611/779/339
f 612/781/340 614/783/340 613/782/340
f 614/783/341 616/4176/341 615/784/341
f 616/785/342 618/788/342 617/786/342
f 618/788/343 620/790/343 619/789/343
f 620/790/344 622/4177/344 621/791/344
f 621/791/345 622/4177/345 624/792/345
f 623/794/346 624/4178/346 626/795/346
f 625/796/347 626/795/347 628/797/347
f 627/798/348 628/797/348 630/799/348
f 629/800/349 630/799/349 632/801/349
f 631/803/350 632/4179/350 634/804/350
f 633/805/351 634/804/351 636/806/351
f 635/807/352 636/806/352 638/808/352
f 614/812/1658 612/4180/1658 610/4181/1658
f 610/4181/1659 640/4182/1659 638/4183/1659
f 638/4183/1660 636/4184/1660 634/4185/1660
f 634/4185/1661 632/4186/1661 630/810/1661
f 630/810/353 628/4187/353 626/4188/353
f 626/4188/353 624/4189/353 622/811/353
f 622/811/1660 620/4190/1660 618/4191/1660
f 618/4191/353 616/4192/353 614/812/353
f 614/812/353 610/4181/353 638/4183/353
f 638/4183/1660 634/4185/1660 630/810/1660
f 630/810/353 626/4188/353 622/811/353
f 622/811/353 618/4191/353 614/812/353
f 614/812/353 638/4183/353 630/810/353
f 638/808/1662 640/4193/1662 639/813/1662
f 640/814/355 610/778/355 609/780/355
f 639/818/356 609/4194/356 611/4195/356
f 611/4195/1663 613/4196/1663 615/4197/1663
f 615/4197/1664 617/4198/1664 619/4199/1664
f 619/4199/356 621/4200/356 623/816/356
f 623/816/1664 625/4201/1664 627/4202/1664
f 627/4202/1665 629/4203/1665 631/817/1665
f 631/817/1664 633/4204/1664 635/4205/1664
f 635/4205/356 637/4206/356 639/818/356
f 639/818/356 611/4195/356 615/4197/356
f 615/4197/356 619/4199/356 623/816/356
f 623/816/356 627/4202/356 631/817/356
f 631/817/356 635/4205/356 639/818/356
f 639/818/356 615/4197/356 623/816/356
f 642/819/357 644/822/357 643/820/357
f 644/822/1666 646/824/1666 645/823/1666
f 646/824/359 648/4207/359 647/825/359
f 648/826/360 650/829/360 649/827/360
f 650/829/361 652/831/361 651/830/361
f 652/831/362 654/4208/362 653/832/362
f 653/832/363 654/4208/363 656/833/363
f 655/835/364 656/4209/364 658/836/364
f 657/838/365 658/4210/365 660/839/365
f 659/840/1667 660/839/1667 662/841/1667
f 661/842/367 662/841/367 664/843/367
f 663/845/368 664/4211/368 666/846/368
f 665/847/369 666/846/369 668/848/369
f 667/849/370 668/848/370 670/850/370
f 646/854/371 644/4212/371 642/4213/371
f 642/4213/1668 672/856/1668 670/4214/1668
f 670/4214/371 668/4215/371 666/4216/371
f 666/4216/371 664/4217/371 662/852/371
f 662/852/371 660/4218/371 658/4219/371
f 658/4219/371 656/4220/371 654/853/371
f 654/853/371 652/4221/371 650/4222/371
f 650/4222/371 648/4223/371 646/854/371
f 646/854/371 642/4213/371 670/4214/371
f 670/4214/371 666/4216/371 662/852/371
f 662/852/371 658/4219/371 654/853/371
f 654/853/371 650/4222/371 646/854/371
f 646/854/371 670/4214/371 662/852/371
f 670/850/1669 672/4224/1669 671/855/1669
f 672/856/373 642/4213/373 641/857/373
f 671/860/374 641/4225/374 643/4226/374
f 643/4226/374 645/4227/374 647/4228/374
f 647/4228/374 649/4229/374 651/4230/374
f 651/4230/374 653/4231/374 655/835/374
f 655/835/374 657/837/374 659/4232/374
f 659/4232/374 661/4233/374 663/859/374
f 663/859/374 665/4234/374 667/4235/374
f 667/4235/374 669/4236/374 671/860/374
f 671/860/374 643/4226/374 647/4228/374
f 647/4228/374 651/4230/374 655/835/374
f 655/835/374 659/4232/374 663/859/374
f 663/859/374 667/4235/374 671/860/374
f 671/860/374 647/4228/374 655/835/374
f 674/861/375 676/864/375 675/862/375
f 676/864/376 678/866/376 677/865/376
f 678/866/377 680/4237/377 679/867/377
f 680/868/378 682/871/378 681/869/378
f 682/871/1670 684/4238/1670 683/872/1670
f 683/872/380 684/4238/380 686/873/380
f 685/875/381 686/4239/381 688/876/381
f 687/877/382 688/876/382 690/878/382
f 689/879/383 690/878/383 692/880/383
f 691/881/384 692/880/384 694/882/384
f 693/883/385 694/882/385 696/884/385
f 695/886/386 696/4240/386 698/887/386
f 697/888/387 698/887/387 700/889/387
f 700/889/388 702/4241/388 701/891/388
f 678/894/1671 676/4242/1671 674/4243/1671
f 674/4243/389 704/4244/389 702/4245/389
f 702/4245/1672 700/4246/1672 698/4247/1672
f 698/4247/1671 696/4248/1671 694/892/1671
f 694/892/1673 692/4249/1673 690/4250/1673
f 690/4250/1671 688/4251/1671 686/893/1671
f 686/893/389 684/4252/389 682/4253/389
f 682/4253/1671 680/4254/1671 678/894/1671
f 678/894/389 674/4243/389 702/4245/389
f 702/4245/389 698/4247/389 694/892/389
f 694/892/389 690/4250/389 686/893/389
f 686/893/389 682/4253/389 678/894/389
f 678/894/389 702/4245/389 694/892/389
f 702/895/390 704/898/390 703/896/390
f 704/898/391 674/861/391 673/863/391
f 703/901/392 673/4255/392 675/4256/392
f 675/4256/392 677/4257/392 679/4258/392
f 679/4258/392 681/4259/392 683/4260/392
f 683/4260/392 685/4261/392 687/899/392
f 687/899/392 689/4262/392 691/4263/392
f 691/4263/392 693/4264/392 695/900/392
f 695/900/1674 697/4265/1674 699/4266/1674
f 699/4266/1675 701/4267/1675 703/901/1675
f 703/901/392 675/4256/392 679/4258/392
f 679/4258/392 683/4260/392 687/899/392
f 687/899/392 691/4263/392 695/900/392
f 695/900/392 699/4266/392 703/901/392
f 703/901/392 679/4258/392 687/899/392
f 706/902/393 708/905/393 707/903/393
f 708/905/394 710/924/394 709/906/394
f 710/907/395 712/910/395 711/908/395
f 712/910/396 714/912/396 713/911/396
f 714/912/397 716/4268/397 715/913/397
f 715/913/1676 716/4268/1676 718/914/1676
f 717/915/1677 718/914/1677 720/916/1677
f 719/918/400 720/4269/400 722/919/400
f 721/920/1678 722/919/1678 724/921/1678
f 723/922/402 724/921/402 726/923/402
f 725/925/403 726/4270/403 728/926/403
f 727/927/1679 728/926/1679 730/928/1679
f 729/929/405 730/928/405 732/930/405
f 732/930/406 734/936/406 733/932/406
f 710/935/1680 708/4271/1680 706/4272/1680
f 706/4272/1680 736/4273/1680 734/4274/1680
f 734/4274/1681 732/4275/1681 730/4276/1681
f 730/4276/1682 728/4277/1682 726/933/1682
f 726/933/1680 724/4278/1680 722/4279/1680
f 722/4279/1681 720/4280/1681 718/934/1681
f 718/934/1683 716/4281/1683 714/4282/1683
f 714/4282/407 712/4283/407 710/935/407
f 710/935/1680 706/4272/1680 734/4274/1680
f 734/4274/407 730/4276/407 726/933/407
f 726/933/407 722/4279/407 718/934/407
f 718/934/407 714/4282/407 710/935/407
f 710/935/407 734/4274/407 726/933/407
f 734/936/1684 736/4284/1684 735/937/1684
f 736/938/409 706/902/409 705/904/409
f 735/942/1685 705/4285/1685 707/4286/1685
f 707/4286/410 709/4287/410 711/4288/410
f 711/4288/1685 713/4289/1685 715/4290/1685
f 715/4290/1685 717/4291/1685 719/940/1685
f 719/940/1685 721/4292/1685 723/4293/1685
f 723/4293/410 725/4294/410 727/941/410
f 727/941/410 729/4295/410 731/4296/410
f 731/4296/1685 733/4297/1685 735/942/1685
f 735/942/410 707/4286/410 711/4288/410
f 711/4288/410 715/4290/410 719/940/410
f 719/940/1685 723/4293/1685 727/941/1685
f 727/941/410 731/4296/410 735/942/410
f 735/942/410 711/4288/410 719/940/410
f 738/943/411 740/946/411 739/944/411
f 740/946/412 742/948/412 741/947/412
f 742/948/1686 744/4298/1686 743/949/1686
f 744/950/414 746/953/414 745/951/414
f 746/953/415 748/955/415 747/954/415
f 748/955/416 750/4299/416 749/956/416
f 749/956/417 750/4299/417 752/957/417
f 751/959/418 752/4300/418 754/960/418
f 753/961/419 754/960/419 756/962/419
f 755/963/420 756/962/420 758/964/420
f 757/965/1687 758/964/1687 760/966/1687
f 759/968/422 760/4301/422 762/969/422
f 761/970/423 762/969/423 764/971/423
f 763/972/424 764/971/424 766/973/424
f 742/977/1688 740/4302/1688 738/4303/1688
f 738/4303/1689 768/4304/1689 766/4305/1689
f 766/4305/1690 764/4306/1690 762/4307/1690
f 762/4307/1691 760/4308/1691 758/975/1691
f 758/975/425 756/4309/425 754/4310/425
f 754/4310/425 752/4311/425 750/976/425
f 750/976/425 748/4312/425 746/4313/425
f 746/4313/1689 744/4314/1689 742/977/1689
f 742/977/425 738/4303/425 766/4305/425
f 766/4305/425 762/4307/425 758/975/425
f 758/975/425 754/4310/425 750/976/425
f 750/976/425 746/4313/425 742/977/425
f 742/977/425 766/4305/425 758/975/425
f 766/973/426 768/4315/426 767/978/426
f 768/979/427 738/943/427 737/945/427
f 767/983/428 737/4316/428 739/4317/428
f 739/4317/428 741/4318/428 743/4319/428
f 743/4319/428 745/4320/428 747/4321/428
f 747/4321/428 749/4322/428 751/981/428
f 751/981/1692 753/4323/1692 755/4324/1692
f 755/4324/428 757/4325/428 759/982/428
f 759/982/1693 761/4326/1693 763/4327/1693
f 763/4327/1694 765/4328/1694 767/983/1694
f 767/983/428 739/4317/428 743/4319/428
f 743/4319/428 747/4321/428 751/981/428
f 751/981/428 755/4324/428 759/982/428
f 759/982/428 763/4327/428 767/983/428
f 767/983/428 743/4319/428 751/981/428
f 769/984/429 770/1022/429 772/985/429
f 772/987/430 774/990/430 773/988/430
f 774/990/431 776/992/431 775/991/431
f 776/992/432 778/994/432 777/993/432
f 778/994/433 780/4329/433 779/995/433
f 780/996/434 782/999/434 781/997/434
f 782/999/435 784/1001/435 783/1000/435
f 784/1001/436 786/1003/436 785/1002/436
f 786/1003/437 788/4330/437 787/1004/437
f 787/1005/438 788/4331/438 790/1006/438
f 789/1007/439 790/1006/439 792/1008/439
f 791/1009/1695 792/1008/1695 794/1010/1695
f 793/1011/441 794/1010/441 796/1012/441
f 795/1014/442 796/4332/442 798/1015/442
f 774/1019/1696 772/4333/1696 770/4334/1696
f 770/4334/1697 800/4335/1697 798/4336/1697
f 798/4336/1698 796/4337/1698 794/4338/1698
f 794/4338/443 792/4339/443 790/1017/443
f 790/1017/1697 788/4340/1697 786/4341/1697
f 786/4341/443 784/4342/443 782/1018/443
f 782/1018/1697 780/4343/1697 778/4344/1697
f 778/4344/443 776/4345/443 774/1019/443
f 774/1019/1696 770/4334/1696 798/4336/1696
f 798/4336/443 794/4338/443 790/1017/443
f 790/1017/1698 786/4341/1698 782/1018/1698
f 782/1018/443 778/4344/443 774/1019/443
f 774/1019/1696 798/4336/1696 790/1017/1696
f 797/1016/444 798/1015/444 800/1020/444
f 799/1021/445 800/1020/445 770/1022/445
f 799/1025/1699 769/4346/1699 771/4347/1699
f 771/4347/1699 773/4348/1699 775/4349/1699
f 775/4349/1699 777/4350/1699 779/4351/1699
f 779/4351/1699 781/4352/1699 783/1023/1699
f 783/1023/1700 785/4353/1700 787/4354/1700
f 787/4354/1699 789/4355/1699 791/1024/1699
f 791/1024/446 793/4356/446 795/4357/446
f 795/4357/1701 797/4358/1701 799/1025/1701
f 799/1025/1699 771/4347/1699 775/4349/1699
f 775/4349/1700 779/4351/1700 783/1023/1700
f 783/1023/1699 787/4354/1699 791/1024/1699
f 791/1024/446 795/4357/446 799/1025/446
f 799/1025/446 775/4349/446 783/1023/446
f 802/1026/447 804/1029/447 803/1027/447
f 804/1029/448 806/1031/448 805/1030/448
f 806/1031/449 808/4359/449 807/1032/449
f 808/1033/450 810/4360/450 809/1034/450
f 809/1034/451 810/4360/451 812/1036/451
f 811/1037/452 812/1036/452 814/1038/452
f 813/1040/453 814/4361/453 816/1041/453
f 815/1042/454 816/1041/454 818/1043/454
f 817/1044/455 818/1043/455 820/1045/455
f 819/1046/456 820/1045/456 822/1047/456
f 821/1048/457 822/1047/457 824/1049/457
f 823/1051/458 824/4362/458 826/1052/458
f 826/1052/459 828/1055/459 827/1054/459
f 828/1055/1702 830/4363/1702 829/1056/1702
f 806/1059/461 804/4364/461 802/4365/461
f 802/4365/461 832/4366/461 830/4367/461
f 830/4367/461 828/4368/461 826/4369/461
f 826/4369/461 824/4370/461 822/1057/461
f 822/1057/461 820/4371/461 818/4372/461
f 818/4372/461 816/4373/461 814/1058/461
f 814/1058/461 812/4374/461 810/4375/461
f 810/4375/461 808/4376/461 806/1059/461
f 806/1059/461 802/4365/461 830/4367/461
f 830/4367/461 826/4369/461 822/1057/461
f 822/1057/461 818/4372/461 814/1058/461
f 814/1058/461 810/4375/461 806/1059/461
f 806/1059/461 830/4367/461 822/1057/461
f 830/1060/1703 832/1063/1703 831/1061/1703
f 832/1063/463 802/1026/463 801/1028/463
f 831/1066/464 801/4377/464 803/4378/464
f 803/4378/464 805/4379/464 807/4380/464
f 807/4380/464 809/4381/464 811/4382/464
f 811/4382/464 813/4383/464 815/1064/464
f 815/1064/464 817/4384/464 819/4385/464
f 819/4385/464 821/4386/464 823/1065/464
f 823/1065/464 825/4387/464 827/4388/464
f 827/4388/464 829/4389/464 831/1066/464
f 831/1066/464 803/4378/464 807/4380/464
f 807/4380/464 811/4382/464 815/1064/464
f 815/1064/464 819/4385/464 823/1065/464
f 823/1065/464 827/4388/464 831/1066/464
f 831/1066/464 807/4380/464 815/1064/464
f 834/1067/465 836/1070/465 835/1068/465
f 836/1070/466 838/1072/466 837/1071/466
f 838/1072/467 840/4390/467 839/1073/467
f 840/1074/468 842/4391/468 841/1075/468
f 841/1075/469 842/4391/469 844/1077/469
f 843/1078/470 844/1077/470 846/1079/470
f 845/1080/471 846/1079/471 848/1081/471
f 847/1083/472 848/4392/472 850/1084/472
f 849/1085/473 850/1084/473 852/1086/473
f 851/1087/474 852/1086/474 854/1088/474
f 853/1089/475 854/1088/475 856/1090/475
f 855/1092/476 856/4393/476 858/1093/476
f 858/1093/477 860/1096/477 859/1095/477
f 860/1096/478 862/1101/478 861/1097/478
f 838/1100/479 836/4394/479 834/4395/479
f 834/4395/1704 864/4396/1704 862/4397/1704
f 862/4397/479 860/4398/479 858/4399/479
f 858/4399/1705 856/4400/1705 854/1098/1705
f 854/1098/479 852/4401/479 850/4402/479
f 850/4402/1704 848/4403/1704 846/1099/1704
f 846/1099/1705 844/4404/1705 842/4405/1705
f 842/4405/1705 840/4406/1705 838/1100/1705
f 838/1100/479 834/4395/479 862/4397/479
f 862/4397/479 858/4399/479 854/1098/479
f 854/1098/479 850/4402/479 846/1099/479
f 846/1099/479 842/4405/479 838/1100/479
f 838/1100/479 862/4397/479 854/1098/479
f 862/1101/480 864/4407/480 863/1102/480
f 864/1103/481 834/1067/481 833/1069/481
f 863/1107/482 833/4408/482 835/4409/482
f 835/4409/482 837/4410/482 839/4411/482
f 839/4411/1706 841/4412/1706 843/4413/1706
f 843/4413/482 845/4414/482 847/1105/482
f 847/1105/482 849/4415/482 851/4416/482
f 851/4416/482 853/4417/482 855/1106/482
f 855/1106/482 857/4418/482 859/4419/482
f 859/4419/482 861/4420/482 863/1107/482
f 863/1107/482 835/4409/482 839/4411/482
f 839/4411/482 843/4413/482 847/1105/482
f 847/1105/482 851/4416/482 855/1106/482
f 855/1106/482 859/4419/482 863/1107/482
f 863/1107/482 839/4411/482 847/1105/482
f 866/1108/483 868/1111/483 867/1109/483
f 868/1111/484 870/1113/484 869/1112/484
f 870/1113/485 872/4421/485 871/1114/485
f 872/1115/486 874/4422/486 873/1116/486
f 873/1116/487 874/4422/487 876/1118/487
f 875/1119/1707 876/1118/1707 878/1120/1707
f 877/1122/1708 878/4423/1708 880/1123/1708
f 879/1124/490 880/1123/490 882/1125/490
f 881/1126/491 882/1125/491 884/1127/491
f 883/1128/492 884/1127/492 886/1129/492
f 885/1130/493 886/1129/493 888/1131/493
f 887/1133/494 888/4424/494 890/1134/494
f 890/1134/495 892/1137/495 891/1136/495
f 892/1137/1709 894/4425/1709 893/1138/1709
f 870/1141/1710 868/4426/1710 866/4427/1710
f 866/4427/1711 896/4428/1711 894/4429/1711
f 894/4429/497 892/4430/497 890/4431/497
f 890/4431/1712 888/4432/1712 886/1139/1712
f 886/1139/497 884/4433/497 882/4434/497
f 882/4434/497 880/4435/497 878/1140/497
f 878/1140/497 876/4436/497 874/4437/497
f 874/4437/497 872/4438/497 870/1141/497
f 870/1141/497 866/4427/497 894/4429/497
f 894/4429/497 890/4431/497 886/1139/497
f 886/1139/497 882/4434/497 878/1140/497
f 878/1140/497 874/4437/497 870/1141/497
f 870/1141/497 894/4429/497 886/1139/497
f 894/1142/498 896/1145/498 895/1143/498
f 896/1145/499 866/1108/499 865/1110/499
f 895/1148/500 865/4439/500 867/4440/500
f 867/4440/500 869/4441/500 871/4442/500
f 871/4442/500 873/4443/500 875/4444/500
f 875/4444/500 877/4445/500 879/1146/500
f 879/1146/1713 881/4446/1713 883/4447/1713
f 883/4447/500 885/4448/500 887/1147/500
f 887/1147/500 889/4449/500 891/4450/500
f 891/4450/1714 893/4451/1714 895/1148/1714
f 895/1148/500 867/4440/500 871/4442/500
f 871/4442/500 875/4444/500 879/1146/500
f 879/1146/500 883/4447/500 887/1147/500
f 887/1147/500 891/4450/500 895/1148/500
f 895/1148/500 871/4442/500 879/1146/500
f 898/1149/1715 900/1152/1715 899/1150/1715
f 900/1152/502 902/1154/502 901/1153/502
f 902/1154/503 904/4452/503 903/1155/503
f 904/1156/504 906/1159/504 905/1157/504
f 906/1159/505 908/4453/505 907/1160/505
f 907/1160/506 908/4453/506 910/1161/506
f 909/1163/507 910/4454/507 912/1164/507
f 911/1165/508 912/1164/508 914/1166/508
f 913/1167/509 914/1166/509 916/1168/509
f 915/1169/510 916/1168/510 918/1170/510
f 917/1171/511 918/1170/511 920/1172/511
f 919/1174/512 920/4455/512 922/1175/512
f 921/1176/513 922/1175/513 924/1177/513
f 924/1177/514 926/4456/514 925/1179/514
f 902/1182/1716 900/4457/1716 898/4458/1716
f 898/4458/515 928/4459/515 926/4460/515
f 926/4460/1716 924/4461/1716 922/4462/1716
f 922/4462/515 920/4463/515 918/1180/515
f 918/1180/1717 916/4464/1717 914/4465/1717
f 914/4465/1716 912/4466/1716 910/1181/1716
f 910/1181/515 908/4467/515 906/4468/515
f 906/4468/1717 904/4469/1717 902/1182/1717
f 902/1182/515 898/4458/515 926/4460/515
f 926/4460/1718 922/4462/1718 918/1180/1718
f 918/1180/1718 914/4465/1718 910/1181/1718
f 910/1181/1718 906/4468/1718 902/1182/1718
f 902/1182/515 926/4460/515 918/1180/515
f 926/1183/516 928/1186/516 927/1184/516
f 928/1186/517 898/1149/517 897/1151/517
f 927/1189/1719 897/4470/1719 899/4471/1719
f 899/4471/1719 901/4472/1719 903/4473/1719
f 903/4473/1720 905/4474/1720 907/4475/1720
f 907/4475/1720 909/4476/1720 911/1187/1720
f 911/1187/518 913/4477/518 915/4478/518
f 915/4478/1721 917/4479/1721 919/1188/1721
f 919/1188/1720 921/4480/1720 923/4481/1720
f 923/4481/518 925/4482/518 927/1189/518
f 927/1189/1720 899/4471/1720 903/4473/1720
f 903/4473/518 907/4475/518 911/1187/518
f 911/1187/1720 915/4478/1720 919/1188/1720
f 919/1188/518 923/4481/518 927/1189/518
f 927/1189/518 903/4473/518 911/1187/518
f 930/1190/519 932/1193/519 931/1191/519
f 932/1193/520 934/4483/520 933/1194/520
f 933/1194/521 934/4483/521 936/1195/521
f 935/1197/522 936/4484/522 938/1198/522
f 937/1199/523 938/1198/523 940/1200/523
f 939/1202/524 940/4485/524 942/1203/524
f 941/1204/1722 942/1203/1722 944/1205/1722
f 943/1207/526 944/4486/526 946/1208/526
f 945/1209/527 946/1208/527 948/1210/527
f 947/1211/528 948/1210/528 950/1212/528
f 950/1212/529 952/4487/529 951/1214/529
f 952/1215/530 954/1218/530 953/1216/530
f 954/1218/531 956/4488/531 955/1219/531
f 956/1220/532 958/1226/532 957/1221/532
f 934/1225/1723 932/4489/1723 930/4490/1723
f 930/4490/533 960/4491/533 958/1226/533
f 958/1226/533 956/1220/533 954/4492/533
f 954/4492/533 952/4493/533 950/1223/533
f 950/1223/533 948/4494/533 946/4495/533
f 946/4495/533 944/4496/533 942/1224/533
f 942/1224/1724 940/4497/1724 938/4498/1724
f 938/4498/533 936/4499/533 934/1225/533
f 934/1225/533 930/4490/533 958/1226/533
f 958/1226/533 954/4492/533 950/1223/533
f 950/1223/533 946/4495/533 942/1224/533
f 942/1224/533 938/4498/533 934/1225/533
f 934/1225/533 958/1226/533 950/1223/533
f 958/1226/534 960/4491/534 959/1227/534
f 960/1228/535 930/1190/535 929/1192/535
f 959/1231/536 929/4500/536 931/4501/536
f 931/4501/536 933/4502/536 935/4503/536
f 935/4503/536 937/4504/536 939/1202/536
f 939/1202/536 941/1204/536 943/1206/536
f 943/1206/536 945/4505/536 947/4506/536
f 947/4506/536 949/4507/536 951/1230/536
f 951/1230/536 953/4508/536 955/4509/536
f 955/4509/536 957/4510/536 959/1231/536
f 959/1231/536 931/4501/536 935/4503/536
f 935/4503/536 939/1202/536 943/1206/536
f 943/1206/536 947/4506/536 951/1230/536
f 951/1230/536 955/4509/536 959/1231/536
f 959/1231/536 935/4503/536 943/1206/536
f 962/1232/537 964/4511/537 963/1233/537
f 964/1235/538 966/1267/538 965/1236/538
f 966/1238/539 968/1241/539 967/1239/539
f 968/1241/540 970/4512/540 969/1242/540
f 969/1242/541 970/4512/541 972/1243/541
f 971/1244/542 972/1243/542 974/1245/542
f 973/1246/543 974/1245/543 976/1247/543
f 975/1249/544 976/4513/544 978/1250/544
f 977/1251/1725 978/1250/1725 980/1252/1725
f 979/1254/546 980/4514/546 982/1255/546
f 981/1257/547 982/4515/547 984/1258/547
f 983/1259/548 984/1258/548 986/1260/548
f 986/1260/549 988/1263/549 987/1262/549
f 988/1263/550 990/1268/550 989/1264/550
f 966/1267/1726 964/1235/1726 962/4516/1726
f 962/4516/1727 992/4517/1727 990/4518/1727
f 990/4518/551 988/4519/551 986/4520/551
f 986/4520/1728 984/4521/1728 982/1265/1728
f 982/1265/551 980/4522/551 978/4523/551
f 978/4523/551 976/4524/551 974/1266/551
f 974/1266/1728 972/4525/1728 970/4526/1728
f 970/4526/551 968/4527/551 966/1267/551
f 966/1267/551 962/4516/551 990/4518/551
f 990/4518/551 986/4520/551 982/1265/551
f 982/1265/1728 978/4523/1728 974/1266/1728
f 974/1266/551 970/4526/551 966/1267/551
f 966/1267/551 990/4518/551 982/1265/551
f 990/1268/552 992/4528/552 991/1269/552
f 992/1270/553 962/1232/553 961/1234/553
f 991/1274/1729 961/4529/1729 963/4530/1729
f 963/4530/1730 965/4531/1730 967/4532/1730
f 967/4532/1730 969/4533/1730 971/4534/1730
f 971/4534/554 973/4535/554 975/1272/554
f 975/1272/1731 977/4536/1731 979/1254/1731
f 979/1254/554 981/1256/554 983/1273/554
f 983/1273/1732 985/4537/1732 987/4538/1732
f 987/4538/554 989/4539/554 991/1274/554
f 991/1274/554 963/4530/554 967/4532/554
f 967/4532/554 971/4534/554 975/1272/554
f 975/1272/554 979/1254/554 983/1273/554
f 983/1273/554 987/4538/554 991/1274/554
f 991/1274/554 967/4532/554 975/1272/554
f 994/1275/555 996/1278/555 995/1276/555
f 996/1278/556 998/4540/556 997/1279/556
f 998/1280/557 1000/1283/557 999/1281/557
f 1000/1283/558 1002/1285/558 1001/1284/558
f 1002/1285/559 1004/4541/559 1003/1286/559
f 1003/1286/560 1004/4541/560 1006/1287/560
f 1005/1288/561 1006/1287/561 1008/1289/561
f 1007/1291/562 1008/4542/562 1010/1292/562
f 1009/1293/563 1010/1292/563 1012/1294/563
f 1011/1295/564 1012/1294/564 1014/1296/564
f 1013/1298/565 1014/4543/565 1016/1299/565
f 1015/1300/566 1016/1299/566 1018/1301/566
f 1017/1302/567 1018/1301/567 1020/1303/567
f 1020/1303/568 1022/1309/568 1021/1305/568
f 998/1308/569 996/4544/569 994/4545/569
f 994/4545/1733 1024/4546/1733 1022/4547/1733
f 1022/4547/569 1020/4548/569 1018/4549/569
f 1018/4549/569 1016/4550/569 1014/1306/569
f 1014/1306/569 1012/4551/569 1010/4552/569
f 1010/4552/1734 1008/4553/1734 1006/1307/1734
f 1006/1307/569 1004/4554/569 1002/4555/569
f 1002/4555/1735 1000/4556/1735 998/1308/1735
f 998/1308/569 994/4545/569 1022/4547/569
f 1022/4547/569 1018/4549/569 1014/1306/569
f 1014/1306/569 1010/4552/569 1006/1307/569
f 1006/1307/569 1002/4555/569 998/1308/569
f 998/1308/569 1022/4547/569 1014/1306/569
f 1022/1309/570 1024/4557/570 1023/1310/570
f 1024/1311/571 994/1275/571 993/1277/571
f 1023/1315/572 993/4558/572 995/4559/572
f 995/4559/1736 997/4560/1736 999/4561/1736
f 999/4561/572 1001/4562/572 1003/4563/572
f 1003/4563/572 1005/4564/572 1007/1313/572
f 1007/1313/572 1009/4565/572 1011/4566/572
f 1011/4566/572 1013/4567/572 1015/1314/572
f 1015/1314/572 1017/4568/572 1019/4569/572
f 1019/4569/572 1021/4570/572 1023/1315/572
f 1023/1315/572 995/4559/572 999/4561/572
f 999/4561/572 1003/4563/572 1007/1313/572
f 1007/1313/572 1011/4566/572 1015/1314/572
f 1015/1314/572 1019/4569/572 1023/1315/572
f 1023/1315/572 999/4561/572 1007/1313/572
f 1026/1316/573 1028/1319/573 1027/1317/573
f 1028/1319/574 1030/1321/574 1029/1320/574
f 1030/1321/575 1032/4571/575 1031/1322/575
f 1032/1323/576 1034/4572/576 1033/1324/576
f 1033/1324/577 1034/4572/577 1036/1326/577
f 1035/1327/578 1036/1326/578 1038/1328/578
f 1037/1330/1737 1038/4573/1737 1040/1331/1737
f 1039/1332/580 1040/1331/580 1042/1333/580
f 1041/1334/581 1042/1333/581 1044/1335/581
f 1043/1336/582 1044/1335/582 1046/1337/582
f 1045/1338/583 1046/1337/583 1048/1339/583
f 1047/1341/584 1048/4574/584 1050/1342/584
f 1050/1342/585 1052/1345/585 1051/1344/585
f 1052/1345/586 1054/4575/586 1053/1346/586
f 1030/1349/1738 1028/4576/1738 1026/4577/1738
f 1026/4577/587 1056/4578/587 1054/4579/587
f 1054/4579/1739 1052/4580/1739 1050/4581/1739
f 1050/4581/1739 1048/4582/1739 1046/1347/1739
f 1046/1347/1740 1044/4583/1740 1042/4584/1740
f 1042/4584/587 1040/4585/587 1038/1348/587
f 1038/1348/1739 1036/4586/1739 1034/4587/1739
f 1034/4587/1741 1032/4588/1741 1030/1349/1741
f 1030/1349/587 1026/4577/587 1054/4579/587
f 1054/4579/587 1050/4581/587 1046/1347/587
f 1046/1347/587 1042/4584/587 1038/1348/587
f 1038/1348/587 1034/4587/587 1030/1349/587
f 1030/1349/587 1054/4579/587 1046/1347/587
f 1054/1350/1742 1056/1353/1742 1055/1351/1742
f 1056/1353/589 1026/1316/589 1025/1318/589
f 1055/1356/590 1025/4589/590 1027/4590/590
f 1027/4590/1743 1029/4591/1743 1031/4592/1743
f 1031/4592/1744 1033/4593/1744 1035/4594/1744
f 1035/4594/590 1037/4595/590 1039/1354/590
f 1039/1354/590 1041/4596/590 1043/4597/590
f 1043/4597/590 1045/4598/590 1047/1355/590
f 1047/1355/1745 1049/4599/1745 1051/4600/1745
f 1051/4600/590 1053/4601/590 1055/1356/590
f 1055/1356/590 1027/4590/590 1031/4592/590
f 1031/4592/590 1035/4594/590 1039/1354/590
f 1039/1354/590 1043/4597/590 1047/1355/590
f 1047/1355/590 1051/4600/590 1055/1356/590
f 1055/1356/590 1031/4592/590 1039/1354/590
f 1058/1357/591 1060/1360/591 1059/1358/591
f 1060/1360/592 1062/1362/592 1061/1361/592
f 1062/1362/593 1064/4602/593 1063/1363/593
f 1064/1364/594 1066/4603/594 1065/1365/594
f 1065/1365/595 1066/4603/595 1068/1367/595
f 1067/1368/596 1068/1367/596 1070/1369/596
f 1069/1371/597 1070/4604/597 1072/1372/597
f 1071/1373/598 1072/1372/598 1074/1374/598
f 1073/1375/599 1074/1374/599 1076/1376/599
f 1075/1377/600 1076/1376/600 1078/1378/600
f 1077/1379/601 1078/1378/601 1080/1380/601
f 1079/1382/602 1080/4605/602 1082/1383/602
f 1082/1383/603 1084/1386/603 1083/1385/603
f 1084/1386/604 1086/4606/604 1085/1387/604
f 1062/1390/1746 1060/4607/1746 1058/4608/1746
f 1058/4608/605 1088/4609/605 1086/4610/605
f 1086/4610/605 1084/4611/605 1082/4612/605
f 1082/4612/605 1080/4613/605 1078/1388/605
f 1078/1388/1747 1076/4614/1747 1074/4615/1747
f 1074/4615/605 1072/4616/605 1070/1389/605
f 1070/1389/605 1068/4617/605 1066/4618/605
f 1066/4618/1748 1064/4619/1748 1062/1390/1748
f 1062/1390/1747 1058/4608/1747 1086/4610/1747
f 1086/4610/1746 1082/4612/1746 1078/1388/1746
f 1078/1388/605 1074/4615/605 1070/1389/605
f 1070/1389/605 1066/4618/605 1062/1390/605
f 1062/1390/605 1086/4610/605 1078/1388/605
f 1086/1391/606 1088/1394/606 1087/1392/606
f 1088/1394/607 1058/1357/607 1057/1359/607
f 1087/1397/1749 1057/4620/1749 1059/4621/1749
f 1059/4621/1749 1061/4622/1749 1063/4623/1749
f 1063/4623/608 1065/4624/608 1067/4625/608
f 1067/4625/1750 1069/4626/1750 1071/1395/1750
f 1071/1395/1749 1073/4627/1749 1075/4628/1749
f 1075/4628/1749 1077/4629/1749 1079/1396/1749
f 1079/1396/1749 1081/4630/1749 1083/4631/1749
f 1083/4631/608 1085/4632/608 1087/1397/608
f 1087/1397/608 1059/4621/608 1063/4623/608
f 1063/4623/608 1067/4625/608 1071/1395/608
f 1071/1395/608 1075/4628/608 1079/1396/608
f 1079/1396/1749 1083/4631/1749 1087/1397/1749
f 1087/1397/608 1063/4623/608 1071/1395/608
f 1090/1398/609 1092/1401/609 1091/1399/609
f 1092/1401/610 1094/4633/610 1093/1402/610
f 1094/1403/611 1096/1406/611 1095/1404/611
f 1096/1406/612 1098/1408/612 1097/1407/612
f 1098/1408/613 1100/4634/613 1099/1409/613
f 1099/1409/1751 1100/4634/1751 1102/1410/1751
f 1101/1412/615 1102/4635/615 1104/1413/615
f 1103/1414/616 1104/1413/616 1106/1415/616
f 1105/1416/1752 1106/1415/1752 1108/1417/1752
f 1107/1418/618 1108/1417/618 1110/1419/618
f 1109/1421/619 1110/4636/619 1112/1422/619
f 1111/1423/620 1112/1422/620 1114/1424/620
f 1113/1425/621 1114/1424/621 1116/1426/621
f 1116/1426/622 1118/4637/622 1117/1428/622
f 1094/1431/623 1092/4638/623 1090/4639/623
f 1090/4639/1753 1120/4640/1753 1118/4641/1753
f 1118/4641/623 1116/4642/623 1114/4643/623
f 1114/4643/623 1112/4644/623 1110/1429/623
f 1110/1429/623 1108/4645/623 1106/4646/623
f 1106/4646/623 1104/4647/623 1102/1430/623
f 1102/1430/623 1100/4648/623 1098/4649/623
f 1098/4649/623 1096/4650/623 1094/1431/623
f 1094/1431/623 1090/4639/623 1118/4641/623
f 1118/4641/623 1114/4643/623 1110/1429/623
f 1110/1429/623 1106/4646/623 1102/1430/623
f 1102/1430/623 1098/4649/623 1094/1431/623
f 1094/1431/623 1118/4641/623 1110/1429/623
f 1118/1432/1754 1120/1435/1754 1119/1433/1754
f 1120/1435/1755 1090/1398/1755 1089/1400/1755
f 1119/1438/626 1089/4651/626 1091/4652/626
f 1091/4652/626 1093/4653/626 1095/4654/626
f 1095/4654/626 1097/4655/626 1099/4656/626
f 1099/4656/1756 1101/4657/1756 1103/1436/1756
f 1103/1436/626 1105/4658/626 1107/4659/626
f 1107/4659/626 1109/4660/626 1111/1437/626
f 1111/1437/626 1113/4661/626 1115/4662/626
f 1115/4662/626 1117/4663/626 1119/1438/626
f 1119/1438/626 1091/4652/626 1095/4654/626
f 1095/4654/626 1099/4656/626 1103/1436/626
f 1103/1436/626 1107/4659/626 1111/1437/626
f 1111/1437/626 1115/4662/626 1119/1438/626
f 1119/1438/626 1095/4654/626 1103/1436/626
f 1122/1439/627 1124/4664/627 1123/1440/627
f 1124/1442/628 1126/1445/628 1125/1443/628
f 1126/1445/629 1128/1447/629 1127/1446/629
f 1128/1447/630 1130/4665/630 1129/1448/630
f 1130/1449/631 1132/1452/631 1131/1450/631
f 1132/1452/632 1134/4666/632 1133/1453/632
f 1134/1454/1757 1136/1457/1757 1135/1455/1757
f 1136/1457/634 1138/4667/634 1137/1458/634
f 1137/1458/635 1138/4667/635 1140/1459/635
f 1139/1461/636 1140/4668/636 1142/1462/636
f 1141/1463/637 1142/1462/637 1144/1464/637
f 1143/1465/638 1144/1464/638 1146/1466/638
f 1145/1468/639 1146/4669/639 1148/1469/639
f 1147/1470/640 1148/1469/640 1150/1471/640
f 1126/1475/1758 1124/4664/1758 1122/1439/1758
f 1122/1439/1759 1152/1477/1759 1150/4670/1759
f 1150/4670/1760 1148/4671/1760 1146/4672/1760
f 1146/4672/1759 1144/4673/1759 1142/1473/1759
f 1142/1473/1760 1140/4674/1760 1138/4675/1760
f 1138/4675/641 1136/4676/641 1134/1474/641
f 1134/1474/1761 1132/4677/1761 1130/4678/1761
f 1130/4678/641 1128/4679/641 1126/1475/641
f 1126/1475/641 1122/1439/641 1150/4670/641
f 1150/4670/641 1146/4672/641 1142/1473/641
f 1142/1473/641 1138/4675/641 1134/1474/641
f 1134/1474/641 1130/4678/641 1126/1475/641
f 1126/1475/641 1150/4670/641 1142/1473/641
f 1149/1476/1762 1150/4670/1762 1152/1477/1762
f 1151/1478/643 1152/1477/643 1122/1439/643
f 1151/1480/644 1121/4680/644 1123/4681/644
f 1123/4681/644 1125/4682/644 1127/4683/644
f 1127/4683/644 1129/4684/644 1131/4685/644
f 1131/4685/1763 1133/1456/1763 1135/1455/1763
f 1135/1455/644 1137/1458/644 1139/1460/644
f 1139/1460/1764 1141/4686/1764 1143/1479/1764
f 1143/1479/1764 1145/4687/1764 1147/4688/1764
f 1147/4688/1763 1149/4689/1763 1151/1480/1763
f 1151/1480/644 1123/4681/644 1127/4683/644
f 1127/4683/1763 1131/4685/1763 1135/1455/1763
f 1135/1455/644 1139/1460/644 1143/1479/644
f 1143/1479/644 1147/4688/644 1151/1480/644
f 1151/1480/644 1127/4683/644 1135/1455/644
f 1153/1481/645 1154/1519/645 1156/1482/645
f 1155/1483/646 1156/1482/646 1158/1484/646
f 1158/1486/647 1160/1489/647 1159/1487/647
f 1160/1489/648 1162/1491/648 1161/1490/648
f 1162/1491/649 1164/1493/649 1163/1492/649
f 1164/1493/650 1166/4690/650 1165/1494/650
f 1166/1495/651 1168/1498/651 1167/1496/651
f 1168/1498/652 1170/1500/652 1169/1499/652
f 1170/1500/653 1172/1502/653 1171/1501/653
f 1172/1502/654 1174/4691/654 1173/1503/654
f 1173/1504/655 1174/4692/655 1176/1505/655
f 1175/1506/656 1176/1505/656 1178/1507/656
f 1177/1508/657 1178/1507/657 1180/1509/657
f 1179/1510/658 1180/1509/658 1182/1511/658
f 1158/1515/659 1156/4693/659 1154/4694/659
f 1154/4694/659 1184/4695/659 1182/4696/659
f 1182/4696/659 1180/4697/659 1178/4698/659
f 1178/4698/659 1176/4699/659 1174/1513/659
f 1174/1513/1765 1172/4700/1765 1170/4701/1765
f 1170/4701/659 1168/4702/659 1166/1514/659
f 1166/1514/659 1164/4703/659 1162/4704/659
f 1162/4704/659 1160/4705/659 1158/1515/659
f 1158/1515/659 1154/4694/659 1182/4696/659
f 1182/4696/659 1178/4698/659 1174/1513/659
f 1174/1513/659 1170/4701/659 1166/1514/659
f 1166/1514/659 1162/4704/659 1158/1515/659
f 1158/1515/659 1182/4696/659 1174/1513/659
f 1181/1516/660 1182/4706/660 1184/1517/660
f 1183/1518/661 1184/1517/661 1154/1519/661
f 1183/1522/662 1153/4707/662 1155/4708/662
f 1155/4708/662 1157/4709/662 1159/4710/662
f 1159/4710/662 1161/4711/662 1163/4712/662
f 1163/4712/662 1165/4713/662 1167/1520/662
f 1167/1520/662 1169/4714/662 1171/4715/662
f 1171/4715/662 1173/4716/662 1175/1521/662
f 1175/1521/662 1177/4717/662 1179/4718/662
f 1179/4718/662 1181/4719/662 1183/1522/662
f 1183/1522/662 1155/4708/662 1159/4710/662
f 1159/4710/662 1163/4712/662 1167/1520/662
f 1167/1520/662 1171/4715/662 1175/1521/662
f 1175/1521/662 1179/4718/662 1183/1522/662
f 1183/1522/662 1159/4710/662 1167/1520/662
f 1186/1523/663 1188/1526/663 1187/1524/663
f 1188/1526/664 1190/4720/664 1189/1527/664
f 1189/1527/665 1190/4720/665 1192/1528/665
f 1191/1530/666 1192/4721/666 1194/1531/666
f 1193/1532/667 1194/1531/667 1196/1533/667
f 1195/1534/668 1196/1533/668 1198/1535/668
f 1197/1537/669 1198/4722/669 1200/1538/669
f 1199/1539/670 1200/1538/670 1202/1540/670
f 1201/1541/671 1202/1540/671 1204/1542/671
f 1203/1543/672 1204/1542/672 1206/1544/672
f 1206/1544/673 1208/4723/673 1207/1546/673
f 1208/1547/674 1210/1550/674 1209/1548/674
f 1210/1550/675 1212/1552/675 1211/1551/675
f 1212/1552/676 1214/4724/676 1213/1553/676
f 1190/1556/1766 1188/4725/1766 1186/4726/1766
f 1186/4726/1766 1216/4727/1766 1214/4728/1766
f 1214/4728/1767 1212/4729/1767 1210/4730/1767
f 1210/4730/677 1208/4731/677 1206/1554/677
f 1206/1554/1766 1204/4732/1766 1202/4733/1766
f 1202/4733/1768 1200/4734/1768 1198/1555/1768
f 1198/1555/677 1196/4735/677 1194/4736/677
f 1194/4736/1769 1192/4737/1769 1190/1556/1769
f 1190/1556/677 1186/4726/677 1214/4728/677
f 1214/4728/1767 1210/4730/1767 1206/1554/1767
f 1206/1554/677 1202/4733/677 1198/1555/677
f 1198/1555/1766 1194/4736/1766 1190/1556/1766
f 1190/1556/677 1214/4728/677 1206/1554/677
f 1214/1557/678 1216/1560/678 1215/1558/678
f 1216/1560/679 1186/1523/679 1185/1525/679
f 1215/1563/1770 1185/4738/1770 1187/4739/1770
f 1187/4739/680 1189/4740/680 1191/4741/680
f 1191/4741/1771 1193/4742/1771 1195/4743/1771
f 1195/4743/1772 1197/4744/1772 1199/1561/1772
f 1199/1561/1772 1201/4745/1772 1203/4746/1772
f 1203/4746/1773 1205/4747/1773 1207/1562/1773
f 1207/1562/680 1209/4748/680 1211/4749/680
f 1211/4749/1772 1213/4750/1772 1215/1563/1772
f 1215/1563/680 1187/4739/680 1191/4741/680
f 1191/4741/1774 1195/4743/1774 1199/1561/1774
f 1199/1561/680 1203/4746/680 1207/1562/680
f 1207/1562/1770 1211/4749/1770 1215/1563/1770
f 1215/1563/680 1191/4741/680 1199/1561/680
f 1218/1564/681 1220/4751/681 1219/1565/681
f 1220/1567/682 1222/1570/682 1221/1568/682
f 1222/1570/683 1224/4752/683 1223/1571/683
f 1224/1572/684 1226/1575/684 1225/1573/684
f 1226/1575/685 1228/1577/685 1227/1576/685
f 1228/1577/1775 1230/4753/1775 1229/1578/1775
f 1229/1578/687 1230/4753/687 1232/1579/687
f 1231/1581/688 1232/4754/688 1234/1582/688
f 1233/1583/689 1234/1582/689 1236/1584/689
f 1235/1586/690 1236/4755/690 1238/1587/690
f 1237/1588/691 1238/1587/691 1240/1589/691
f 1239/1591/692 1240/4756/692 1242/1592/692
f 1241/1593/693 1242/1592/693 1244/1594/693
f 1243/1595/694 1244/1594/694 1246/1596/694
f 1222/1599/695 1220/4757/695 1218/4758/695
f 1218/4758/695 1248/4759/695 1246/4760/695
f 1246/4760/695 1244/4761/695 1242/4762/695
f 1242/4762/695 1240/1589/695 1238/1587/695
f 1238/1587/695 1236/4755/695 1234/4763/695
f 1234/4763/695 1232/4764/695 1230/1598/695
f 1230/1598/1776 1228/4765/1776 1226/4766/1776
f 1226/4766/1777 1224/4767/1777 1222/1599/1777
f 1222/1599/1776 1218/4758/1776 1246/4760/1776
f 1246/4760/695 1242/4762/695 1238/1587/695
f 1238/1587/695 1234/4763/695 1230/1598/695
f 1230/1598/1778 1226/4766/1778 1222/1599/1778
f 1222/1599/695 1246/4760/695 1238/1587/695
f 1246/1596/1779 1248/4768/1779 1247/1600/1779
f 1248/1601/697 1218/1564/697 1217/1566/697
f 1247/1605/698 1217/4769/698 1219/1569/698
f 1219/1569/698 1221/1568/698 1223/1571/698
f 1223/1571/698 1225/4770/698 1227/4771/698
f 1227/4771/1780 1229/4772/1780 1231/1603/1780
f 1231/1603/698 1233/4773/698 1235/4774/698
f 1235/4774/698 1237/4775/698 1239/1604/698
f 1239/1604/1780 1241/4776/1780 1243/4777/1780
f 1243/4777/1780 1245/4778/1780 1247/1605/1780
f 1247/1605/698 1219/1569/698 1223/1571/698
f 1223/1571/698 1227/4771/698 1231/1603/698
f 1231/1603/698 1235/4774/698 1239/1604/698
f 1239/1604/698 1243/4777/698 1247/1605/698
f 1247/1605/698 1223/1571/698 1231/1603/698
f 1249/1606/699 1250/4779/699 1252/1607/699
f 1252/1607/700 1254/1610/700 1253/1609/700
f 1254/1610/701 1256/1612/701 1255/1611/701
f 1256/1612/702 1258/1614/702 1257/1613/702
f 1258/1614/703 1260/4780/703 1259/1615/703
f 1260/1616/704 1262/1619/704 1261/1617/704
f 1262/1619/705 1264/1621/705 1263/1620/705
f 1264/1621/706 1266/4781/706 1265/1622/706
f 1266/1623/1781 1268/4782/1781 1267/1624/1781
f 1267/1624/708 1268/4782/708 1270/1626/708
f 1269/1627/709 1270/1626/709 1272/1628/709
f 1271/1629/710 1272/1628/710 1274/1630/710
f 1273/1631/711 1274/1630/711 1276/1632/711
f 1275/1634/712 1276/4783/712 1278/1635/712
f 1254/1639/713 1252/4784/713 1250/4785/713
f 1250/4785/713 1280/4786/713 1278/4787/713
f 1278/4787/1782 1276/4788/1782 1274/4789/1782
f 1274/4789/713 1272/4790/713 1270/1637/713
f 1270/1637/713 1268/4791/713 1266/4792/713
f 1266/4792/1783 1264/4793/1783 1262/1638/1783
f 1262/1638/713 1260/4794/713 1258/4795/713
f 1258/4795/1783 1256/4796/1783 1254/1639/1783
f 1254/1639/713 1250/4785/713 1278/4787/713
f 1278/4787/1782 1274/4789/1782 1270/1637/1782
f 1270/1637/713 1266/4792/713 1262/1638/713
f 1262/1638/1782 1258/4795/1782 1254/1639/1782
f 1254/1639/1782 1278/4787/1782 1270/1637/1782
f 1277/1636/714 1278/1635/714 1280/1640/714
f 1279/1641/715 1280/1640/715 1250/1642/715
f 1279/1646/716 1249/4797/716 1251/4798/716
f 1251/4798/1784 1253/4799/1784 1255/4800/1784
f 1255/4800/1785 1257/4801/1785 1259/4802/1785
f 1259/4802/716 1261/4803/716 1263/1644/716
f 1263/1644/1786 1265/4804/1786 1267/4805/1786
f 1267/4805/1785 1269/4806/1785 1271/1645/1785
f 1271/1645/716 1273/4807/716 1275/4808/716
f 1275/4808/716 1277/4809/716 1279/1646/716
f 1279/1646/716 1251/4798/716 1255/4800/716
f 1255/4800/716 1259/4802/716 1263/1644/716
f 1263/1644/716 1267/4805/716 1271/1645/716
f 1271/1645/1787 1275/4808/1787 1279/1646/1787
f 1279/1646/716 1255/4800/716 1263/1644/716
f 1281/1647/717 1282/1684/717 1284/1648/717
f 1283/1649/718 1284/1648/718 1286/1650/718
f 1285/1652/719 1286/4810/719 1288/1653/719
f 1287/1654/720 1288/1653/720 1290/1655/720
f 1289/1656/721 1290/1655/721 1292/1657/721
f 1292/1657/722 1294/4811/722 1293/1659/722
f 1294/1660/723 1296/1663/723 1295/1661/723
f 1296/1663/724 1298/1665/724 1297/1664/724
f 1298/1665/725 1300/1667/725 1299/1666/725
f 1300/1667/726 1302/4812/726 1301/1668/726
f 1302/1669/727 1304/1672/727 1303/1670/727
f 1304/1672/728 1306/1674/728 1305/1673/728
f 1306/1674/729 1308/4813/729 1307/1675/729
f 1307/1675/730 1308/4813/730 1310/1676/730
f 1286/1680/1788 1284/4814/1788 1282/4815/1788
f 1282/4815/1789 1312/4816/1789 1310/4817/1789
f 1310/4817/1789 1308/4818/1789 1306/4819/1789
f 1306/4819/1790 1304/4820/1790 1302/1678/1790
f 1302/1678/1789 1300/4821/1789 1298/4822/1789
f 1298/4822/1789 1296/4823/1789 1294/1679/1789
f 1294/1679/731 1292/4824/731 1290/4825/731
f 1290/4825/1789 1288/4826/1789 1286/1680/1789
f 1286/1680/731 1282/4815/731 1310/4817/731
f 1310/4817/731 1306/4819/731 1302/1678/731
f 1302/1678/731 1298/4822/731 1294/1679/731
f 1294/1679/1789 1290/4825/1789 1286/1680/1789
f 1286/1680/731 1310/4817/731 1302/1678/731
f 1309/1681/732 1310/4827/732 1312/1682/732
f 1311/1683/733 1312/1682/733 1282/1684/733
f 1311/1687/1791 1281/4828/1791 1283/4829/1791
f 1283/4829/1792 1285/4830/1792 1287/4831/1792
f 1287/4831/1791 1289/4832/1791 1291/4833/1791
f 1291/4833/1792 1293/4834/1792 1295/1685/1792
f 1295/1685/734 1297/4835/734 1299/4836/734
f 1299/4836/734 1301/4837/734 1303/1686/734
f 1303/1686/1791 1305/4838/1791 1307/4839/1791
f 1307/4839/1793 1309/4840/1793 1311/1687/1793
f 1311/1687/1791 1283/4829/1791 1287/4831/1791
f 1287/4831/734 1291/4833/734 1295/1685/734
f 1295/1685/1791 1299/4836/1791 1303/1686/1791
f 1303/1686/1791 1307/4839/1791 1311/1687/1791
f 1311/1687/734 1287/4831/734 1295/1685/734
f 1314/1688/735 1316/4841/735 1315/1689/735
f 1315/1689/736 1316/4841/736 1318/1691/736
f 1317/1692/1794 1318/1691/1794 1320/1693/1794
f 1319/1695/738 1320/4842/738 1322/1696/738
f 1321/1698/739 1322/4843/739 1324/1699/739
f 1323/1700/740 1324/1699/740 1326/1701/740
f 1325/1702/741 1326/1701/741 1328/1703/741
f 1327/1705/742 1328/4844/742 1330/1706/742
f 1329/1707/743 1330/1706/743 1332/1708/743
f 1332/1708/744 1334/1711/744 1333/1710/744
f 1334/1711/745 1336/4845/745 1335/1712/745
f 1336/1713/746 1338/4846/746 1337/1714/746
f 1338/1716/747 1340/1719/747 1339/1717/747
f 1340/1719/748 1342/1724/748 1341/1720/748
f 1318/1723/1795 1316/4847/1795 1314/4848/1795
f 1314/4848/1796 1344/4849/1796 1342/4850/1796
f 1342/4850/1795 1340/4851/1795 1338/4852/1795
f 1338/4852/749 1336/4853/749 1334/1721/749
f 1334/1721/1795 1332/4854/1795 1330/4855/1795
f 1330/4855/1797 1328/4856/1797 1326/1722/1797
f 1326/1722/749 1324/4857/749 1322/1696/749
f 1322/1696/749 1320/4842/749 1318/1723/749
f 1318/1723/749 1314/4848/749 1342/4850/749
f 1342/4850/749 1338/4852/749 1334/1721/749
f 1334/1721/749 1330/4855/749 1326/1722/749
f 1326/1722/749 1322/1696/749 1318/1723/749
f 1318/1723/749 1342/4850/749 1334/1721/749
f 1342/1724/750 1344/4858/750 1343/1725/750
f 1344/1726/751 1314/1688/751 1313/1690/751
f 1343/1729/752 1313/4859/752 1315/4860/752
f 1315/4860/752 1317/4861/752 1319/4862/752
f 1319/4862/752 1321/4863/752 1323/4864/752
f 1323/4864/752 1325/4865/752 1327/1728/752
f 1327/1728/1798 1329/4866/1798 1331/4867/1798
f 1331/4867/752 1333/4868/752 1335/1715/752
f 1335/1715/752 1337/1714/752 1339/4869/752
f 1339/4869/752 1341/4870/752 1343/1729/752
f 1343/1729/752 1315/4860/752 1319/4862/752
f 1319/4862/752 1323/4864/752 1327/1728/752
f 1327/1728/752 1331/4867/752 1335/1715/752
f 1335/1715/752 1339/4869/752 1343/1729/752
f 1343/1729/752 1319/4862/752 1327/1728/752
f 1346/1730/753 1348/1733/753 1347/1731/753
f 1348/1733/754 1350/4871/754 1349/1734/754
f 1350/1735/755 1352/4872/755 1351/1736/755
f 1351/1736/756 1352/4872/756 1354/1738/756
f 1353/1739/757 1354/1738/757 1356/1740/757
f 1355/1741/758 1356/1740/758 1358/1742/758
f 1357/1743/759 1358/1742/759 1360/1744/759
f 1359/1746/760 1360/4873/760 1362/1747/760
f 1361/1748/761 1362/1747/761 1364/1749/761
f 1363/1750/762 1364/1749/762 1366/1751/762
f 1365/1753/763 1366/4874/763 1368/1754/763
f 1368/1754/764 1370/1757/764 1369/1756/764
f 1370/1757/765 1372/1759/765 1371/1758/765
f 1372/1759/766 1374/1764/766 1373/1760/766
f 1350/1763/1799 1348/4875/1799 1346/4876/1799
f 1346/4876/767 1376/4877/767 1374/4878/767
f 1374/4878/1799 1372/4879/1799 1370/4880/1799
f 1370/4880/767 1368/4881/767 1366/1761/767
f 1366/1761/1799 1364/4882/1799 1362/4883/1799
f 1362/4883/767 1360/4884/767 1358/1762/767
f 1358/1762/1799 1356/4885/1799 1354/4886/1799
f 1354/4886/1800 1352/4887/1800 1350/1763/1800
f 1350/1763/767 1346/4876/767 1374/4878/767
f 1374/4878/767 1370/4880/767 1366/1761/767
f 1366/1761/767 1362/4883/767 1358/1762/767
f 1358/1762/767 1354/4886/767 1350/1763/767
f 1350/1763/767 1374/4878/767 1366/1761/767
f 1374/1764/768 1376/4888/768 1375/1765/768
f 1376/1766/769 1346/1730/769 1345/1732/769
f 1375/1770/770 1345/4889/770 1347/4890/770
f 1347/4890/770 1349/4891/770 1351/4892/770
f 1351/4892/770 1353/4893/770 1355/4894/770
f 1355/4894/770 1357/4895/770 1359/1768/770
f 1359/1768/770 1361/4896/770 1363/4897/770
f 1363/4897/770 1365/4898/770 1367/1769/770
f 1367/1769/1801 1369/4899/1801 1371/4900/1801
f 1371/4900/770 1373/4901/770 1375/1770/770
f 1375/1770/770 1347/4890/770 1351/4892/770
f 1351/4892/770 1355/4894/770 1359/1768/770
f 1359/1768/770 1363/4897/770 1367/1769/770
f 1367/1769/770 1371/4900/770 1375/1770/770
f 1375/1770/770 1351/4892/770 1359/1768/770
f 1378/1771/771 1380/1774/771 1379/1772/771
f 1380/1774/772 1382/1776/772 1381/1775/772
f 1382/1776/773 1384/4902/773 1383/1777/773
f 1384/1778/774 1386/4903/774 1385/1779/774
f 1385/1779/775 1386/4903/775 1388/1781/775
f 1387/1782/776 1388/1781/776 1390/1783/776
f 1389/1785/1802 1390/4904/1802 1392/1786/1802
f 1391/1787/778 1392/1786/778 1394/1788/778
f 1393/1789/779 1394/1788/779 1396/1790/779
f 1395/1791/1803 1396/1790/1803 1398/1792/1803
f 1397/1793/781 1398/1792/781 1400/1794/781
f 1399/1796/782 1400/4905/782 1402/1797/782
f 1402/1797/783 1404/1800/783 1403/1799/783
f 1404/1800/784 1406/4906/784 1405/1801/784
f 1382/1804/785 1380/4907/785 1378/4908/785
f 1378/4908/785 1408/4909/785 1406/4910/785
f 1406/4910/1804 1404/4911/1804 1402/4912/1804
f 1402/4912/785 1400/4913/785 1398/1802/785
f 1398/1802/1805 1396/4914/1805 1394/4915/1805
f 1394/4915/1805 1392/4916/1805 1390/1803/1805
f 1390/1803/785 1388/4917/785 1386/4918/785
f 1386/4918/1806 1384/4919/1806 1382/1804/1806
f 1382/1804/785 1378/4908/785 1406/4910/785
f 1406/4910/1805 1402/4912/1805 1398/1802/1805
f 1398/1802/785 1394/4915/785 1390/1803/785
f 1390/1803/1805 1386/4918/1805 1382/1804/1805
f 1382/1804/1805 1406/4910/1805 1398/1802/1805
f 1406/1805/1807 1408/1808/1807 1407/1806/1807
f 1408/1808/787 1378/1771/787 1377/1773/787
f 1407/1811/788 1377/4920/788 1379/4921/788
f 1379/4921/1808 1381/4922/1808 1383/4923/1808
f 1383/4923/1809 1385/4924/1809 1387/4925/1809
f 1387/4925/1810 1389/4926/1810 1391/1809/1810
f 1391/1809/788 1393/4927/788 1395/4928/788
f 1395/4928/1809 1397/4929/1809 1399/1810/1809
f 1399/1810/1808 1401/4930/1808 1403/4931/1808
f 1403/4931/1808 1405/4932/1808 1407/1811/1808
f 1407/1811/1808 1379/4921/1808 1383/4923/1808
f 1383/4923/788 1387/4925/788 1391/1809/788
f 1391/1809/788 1395/4928/788 1399/1810/788
f 1399/1810/788 1403/4931/788 1407/1811/788
f 1407/1811/788 1383/4923/788 1391/1809/788
f 1409/1812/789 1410/1849/789 1412/1813/789
f 1411/1814/790 1412/1813/790 1414/1815/790
f 1413/1816/791 1414/1815/791 1416/1817/791
f 1415/1819/792 1416/4933/792 1418/1820/792
f 1417/1821/793 1418/1820/793 1420/1822/793
f 1419/1823/1811 1420/1822/1811 1422/1824/1811
f 1422/1824/1812 1424/4934/1812 1423/1826/1812
f 1424/1827/796 1426/1830/796 1425/1828/796
f 1426/1830/797 1428/1832/797 1427/1831/797
f 1428/1832/798 1430/1834/798 1429/1833/798
f 1430/1834/1813 1432/4935/1813 1431/1835/1813
f 1432/1836/800 1434/1839/800 1433/1837/800
f 1434/1839/801 1436/1841/801 1435/1840/801
f 1436/1841/802 1438/4936/802 1437/1842/802
f 1414/1845/1814 1412/4937/1814 1410/4938/1814
f 1410/4938/1815 1440/4939/1815 1438/4940/1815
f 1438/4940/1815 1436/4941/1815 1434/4942/1815
f 1434/4942/1814 1432/4943/1814 1430/1843/1814
f 1430/1843/803 1428/4944/803 1426/4945/803
f 1426/4945/803 1424/4946/803 1422/1844/803
f 1422/1844/803 1420/4947/803 1418/4948/803
f 1418/4948/1814 1416/4949/1814 1414/1845/1814
f 1414/1845/803 1410/4938/803 1438/4940/803
f 1438/4940/803 1434/4942/803 1430/1843/803
f 1430/1843/1814 1426/4945/1814 1422/1844/1814
f 1422/1844/803 1418/4948/803 1414/1845/803
f 1414/1845/803 1438/4940/803 1430/1843/803
f 1437/1842/804 1438/4936/804 1440/1846/804
f 1439/1848/805 1440/4950/805 1410/1849/805
f 1439/1852/1816 1409/4951/1816 1411/4952/1816
f 1411/4952/1817 1413/4953/1817 1415/4954/1817
f 1415/4954/1817 1417/4955/1817 1419/4956/1817
f 1419/4956/806 1421/4957/806 1423/1850/806
f 1423/1850/806 1425/4958/806 1427/4959/806
f 1427/4959/1818 1429/4960/1818 1431/1851/1818
f 1431/1851/806 1433/4961/806 1435/4962/806
f 1435/4962/1817 1437/4963/1817 1439/1852/1817
f 1439/1852/806 1411/4952/806 1415/4954/806
f 1415/4954/1817 1419/4956/1817 1423/1850/1817
f 1423/1850/806 1427/4959/806 1431/1851/806
f 1431/1851/806 1435/4962/806 1439/1852/806
f 1439/1852/806 1415/4954/806 1423/1850/806
f 1442/1853/807 1444/4964/807 1443/1854/807
f 1443/1856/808 1444/4965/808 1446/1857/808
f 1445/1858/809 1446/1857/809 1448/1859/809
f 1447/1860/1819 1448/1859/1819 1450/1861/1819
f 1449/1863/811 1450/4966/811 1452/1864/811
f 1451/1865/812 1452/1864/812 1454/1866/812
f 1453/1867/813 1454/1866/813 1456/1868/813
f 1455/1869/814 1456/1868/814 1458/1870/814
f 1457/1871/815 1458/1870/815 1460/1872/815
f 1460/1874/816 1462/1877/816 1461/1875/816
f 1462/1877/817 1464/1879/817 1463/1878/817
f 1464/1879/818 1466/4967/818 1465/1880/818
f 1466/1881/819 1468/1884/819 1467/1882/819
f 1468/1884/820 1470/1889/820 1469/1885/820
f 1446/1888/1820 1444/4968/1820 1442/4969/1820
f 1442/4969/1820 1472/4970/1820 1470/4971/1820
f 1470/4971/1821 1468/4972/1821 1466/4973/1821
f 1466/4973/821 1464/4974/821 1462/1886/821
f 1462/1886/1820 1460/4975/1820 1458/4976/1820
f 1458/4976/821 1456/4977/821 1454/1887/821
f 1454/1887/821 1452/4978/821 1450/4979/821
f 1450/4979/821 1448/4980/821 1446/1888/821
f 1446/1888/821 1442/4969/821 1470/4971/821
f 1470/4971/821 1466/4973/821 1462/1886/821
f 1462/1886/821 1458/4976/821 1454/1887/821
f 1454/1887/821 1450/4979/821 1446/1888/821
f 1446/1888/821 1470/4971/821 1462/1886/821
f 1470/1889/822 1472/1891/822 1471/1890/822
f 1472/1891/1822 1442/1853/1822 1441/1855/1822
f 1471/1894/1823 1441/4981/1823 1443/4982/1823
f 1443/4982/1824 1445/4983/1824 1447/4984/1824
f 1447/4984/824 1449/4985/824 1451/4986/824
f 1451/4986/824 1453/4987/824 1455/1892/824
f 1455/1892/824 1457/4988/824 1459/4989/824
f 1459/4989/824 1461/4990/824 1463/1893/824
f 1463/1893/1823 1465/4991/1823 1467/4992/1823
f 1467/4992/824 1469/4993/824 1471/1894/824
f 1471/1894/824 1443/4982/824 1447/4984/824
f 1447/4984/824 1451/4986/824 1455/1892/824
f 1455/1892/824 1459/4989/824 1463/1893/824
f 1463/1893/824 1467/4992/824 1471/1894/824
f 1471/1894/824 1447/4984/824 1455/1892/824
f 1474/1895/825 1476/1898/825 1475/1896/825
f 1476/1898/826 1478/4994/826 1477/1899/826
f 1478/1900/827 1480/4995/827 1479/1901/827
f 1479/1901/828 1480/4995/828 1482/1903/828
f 1481/1904/829 1482/1903/829 1484/1905/829
f 1483/1906/830 1484/1905/830 1486/1907/830
f 1485/1908/831 1486/1907/831 1488/1909/831
f 1487/1911/832 1488/4996/832 1490/1912/832
f 1489/1913/833 1490/1912/833 1492/1914/833
f 1491/1915/834 1492/1914/834 1494/1916/834
f 1493/1918/835 1494/4997/835 1496/1919/835
f 1496/1919/836 1498/1922/836 1497/1921/836
f 1498/1922/837 1500/1924/837 1499/1923/837
f 1500/1924/838 1502/1929/838 1501/1925/838
f 1478/1928/839 1476/4998/839 1474/4999/839
f 1474/4999/839 1504/5000/839 1502/5001/839
f 1502/5001/839 1500/5002/839 1498/5003/839
f 1498/5003/839 1496/5004/839 1494/1926/839
f 1494/1926/839 1492/5005/839 1490/5006/839
f 1490/5006/839 1488/5007/839 1486/1927/839
f 1486/1927/839 1484/5008/839 1482/5009/839
f 1482/5009/839 1480/5010/839 1478/1928/839
f 1478/1928/839 1474/4999/839 1502/5001/839
f 1502/5001/839 1498/5003/839 1494/1926/839
f 1494/1926/839 1490/5006/839 1486/1927/839
f 1486/1927/839 1482/5009/839 1478/1928/839
f 1478/1928/839 1502/5001/839 1494/1926/839
f 1502/1929/840 1504/5011/840 1503/1930/840
f 1504/1931/841 1474/1895/841 1473/1897/841
f 1503/1935/842 1473/5012/842 1475/5013/842
f 1475/5013/842 1477/5014/842 1479/5015/842
f 1479/5015/842 1481/5016/842 1483/5017/842
f 1483/5017/842 1485/5018/842 1487/1933/842
f 1487/1933/842 1489/5019/842 1491/5020/842
f 1491/5020/842 1493/5021/842 1495/1934/842
f 1495/1934/842 1497/5022/842 1499/5023/842
f 1499/5023/842 1501/5024/842 1503/1935/842
f 1503/1935/842 1475/5013/842 1479/5015/842
f 1479/5015/842 1483/5017/842 1487/1933/842
f 1487/1933/842 1491/5020/842 1495/1934/842
f 1495/1934/842 1499/5023/842 1503/1935/842
f 1503/1935/842 1479/5015/842 1487/1933/842
f 1506/1936/843 1508/1939/843 1507/1937/843
f 1508/1939/844 1510/1941/844 1509/1940/844
f 1510/1941/845 1512/5025/845 1511/1942/845
f 1512/1943/846 1514/5026/846 1513/1944/846
f 1513/1944/847 1514/5026/847 1516/1946/847
f 1515/1947/848 1516/1946/848 1518/1948/848
f 1517/1950/849 1518/5027/849 1520/1951/849
f 1519/1952/850 1520/1951/850 1522/1953/850
f 1521/1954/851 1522/1953/851 1524/1955/851
f 1523/1956/852 1524/1955/852 1526/1957/852
f 1525/1958/853 1526/1957/853 1528/1959/853
f 1527/1961/854 1528/5028/854 1530/1962/854
f 1530/1962/855 1532/1965/855 1531/1964/855
f 1532/1965/856 1534/5029/856 1533/1966/856
f 1510/1969/857 1508/5030/857 1506/5031/857
f 1506/5031/1825 1536/5032/1825 1534/5033/1825
f 1534/5033/1825 1532/5034/1825 1530/5035/1825
f 1530/5035/1826 1528/5036/1826 1526/1967/1826
f 1526/1967/857 1524/5037/857 1522/5038/857
f 1522/5038/857 1520/5039/857 1518/1968/857
f 1518/1968/1827 1516/5040/1827 1514/5041/1827
f 1514/5041/857 1512/5042/857 1510/1969/857
f 1510/1969/857 1506/5031/857 1534/5033/857
f 1534/5033/857 1530/5035/857 1526/1967/857
f 1526/1967/1825 1522/5038/1825 1518/1968/1825
f 1518/1968/857 1514/5041/857 1510/1969/857
f 1510/1969/857 1534/5033/857 1526/1967/857
f 1534/1970/858 1536/1973/858 1535/1971/858
f 1536/1973/859 1506/1936/859 1505/1938/859
f 1535/1976/860 1505/5043/860 1507/5044/860
f 1507/5044/860 1509/5045/860 1511/5046/860
f 1511/5046/1828 1513/5047/1828 1515/5048/1828
f 1515/5048/860 1517/5049/860 1519/1974/860
f 1519/1974/860 1521/5050/860 1523/5051/860
f 1523/5051/860 1525/5052/860 1527/1975/860
f 1527/1975/860 1529/5053/860 1531/5054/860
f 1531/5054/860 1533/5055/860 1535/1976/860
f 1535/1976/860 1507/5044/860 1511/5046/860
f 1511/5046/860 1515/5048/860 1519/1974/860
f 1519/1974/1829 1523/5051/1829 1527/1975/1829
f 1527/1975/860 1531/5054/860 1535/1976/860
f 1535/1976/860 1511/5046/860 1519/1974/860
f 1538/1977/861 1540/1980/861 1539/1978/861
f 1540/1980/862 1542/5056/862 1541/1981/862
f 1542/1982/863 1544/1985/863 1543/1983/863
f 1544/1985/864 1546/1987/864 1545/1986/864
f 1546/1987/865 1548/5057/865 1547/1988/865
f 1547/1988/866 1548/5057/866 1550/1989/866
f 1549/1990/867 1550/1989/867 1552/1991/867
f 1551/1993/1830 1552/5058/1830 1554/1994/1830
f 1553/1995/869 1554/1994/869 1556/1996/869
f 1555/1997/870 1556/1996/870 1558/1998/870
f 1557/2000/1831 1558/5059/1831 1560/2001/1831
f 1559/2002/872 1560/2001/872 1562/2003/872
f 1561/2004/873 1562/2003/873 1564/2005/873
f 1564/2005/874 1566/2011/874 1565/2007/874
f 1542/2010/1832 1540/5060/1832 1538/5061/1832
f 1538/5061/875 1568/5062/875 1566/5063/875
f 1566/5063/1832 1564/5064/1832 1562/5065/1832
f 1562/5065/875 1560/5066/875 1558/2008/875
f 1558/2008/875 1556/5067/875 1554/5068/875
f 1554/5068/875 1552/5069/875 1550/2009/875
f 1550/2009/875 1548/5070/875 1546/5071/875
f 1546/5071/1832 1544/5072/1832 1542/2010/1832
f 1542/2010/875 1538/5061/875 1566/5063/875
f 1566/5063/875 1562/5065/875 1558/2008/875
f 1558/2008/875 1554/5068/875 1550/2009/875
f 1550/2009/875 1546/5071/875 1542/2010/875
f 1542/2010/875 1566/5063/875 1558/2008/875
f 1566/2011/1833 1568/5073/1833 1567/2012/1833
f 1568/2013/877 1538/1977/877 1537/1979/877
f 1567/2017/878 1537/5074/878 1539/5075/878
f 1539/5075/1834 1541/5076/1834 1543/5077/1834
f 1543/5077/1835 1545/5078/1835 1547/5079/1835
f 1547/5079/1836 1549/5080/1836 1551/2015/1836
f 1551/2015/1837 1553/5081/1837 1555/5082/1837
f 1555/5082/1837 1557/5083/1837 1559/2016/1837
f 1559/2016/878 1561/5084/878 1563/5085/878
f 1563/5085/878 1565/5086/878 1567/2017/878
f 1567/2017/878 1539/5075/878 1543/5077/878
f 1543/5077/878 1547/5079/878 1551/2015/878
f 1551/2015/878 1555/5082/878 1559/2016/878
f 1559/2016/878 1563/5085/878 1567/2017/878
f 1567/2017/878 1543/5077/878 1551/2015/878
f 1570/2018/879 1572/2021/879 1571/2019/879
f 1572/2021/880 1574/2023/880 1573/2022/880
f 1574/2023/881 1576/5087/881 1575/2024/881
f 1575/2025/1838 1576/5088/1838 1578/2026/1838
f 1577/2027/883 1578/2026/883 1580/2028/883
f 1579/2029/884 1580/2028/884 1582/2030/884
f 1581/2032/885 1582/5089/885 1584/2033/885
f 1583/2034/886 1584/2033/886 1586/2035/886
f 1585/2036/887 1586/2035/887 1588/2037/887
f 1587/2038/1839 1588/2037/1839 1590/2039/1839
f 1589/2040/889 1590/2039/889 1592/2041/889
f 1592/2043/890 1594/2046/890 1593/2044/890
f 1594/2046/891 1596/2048/891 1595/2047/891
f 1596/2048/892 1598/5090/892 1597/2049/892
f 1574/2052/893 1572/5091/893 1570/5092/893
f 1570/5092/893 1600/5093/893 1598/5094/893
f 1598/5094/893 1596/5095/893 1594/5096/893
f 1594/5096/1840 1592/5097/1840 1590/2050/1840
f 1590/2050/893 1588/5098/893 1586/5099/893
f 1586/5099/893 1584/5100/893 1582/2051/893
f 1582/2051/1840 1580/5101/1840 1578/5102/1840
f 1578/5102/893 1576/5103/893 1574/2052/893
f 1574/2052/893 1570/5092/893 1598/5094/893
f 1598/5094/893 1594/5096/893 1590/2050/893
f 1590/2050/893 1586/5099/893 1582/2051/893
f 1582/2051/893 1578/5102/893 1574/2052/893
f 1574/2052/893 1598/5094/893 1590/2050/893
f 1598/2053/894 1600/2056/894 1599/2054/894
f 1600/2056/895 1570/2018/895 1569/2020/895
f 1599/2059/1841 1569/5104/1841 1571/5105/1841
f 1571/5105/1841 1573/5106/1841 1575/5107/1841
f 1575/5107/896 1577/5108/896 1579/5109/896
f 1579/5109/896 1581/5110/896 1583/2057/896
f 1583/2057/1841 1585/5111/1841 1587/5112/1841
f 1587/5112/1841 1589/5113/1841 1591/2058/1841
f 1591/2058/896 1593/5114/896 1595/5115/896
f 1595/5115/896 1597/5116/896 1599/2059/896
f 1599/2059/896 1571/5105/896 1575/5107/896
f 1575/5107/896 1579/5109/896 1583/2057/896
f 1583/2057/896 1587/5112/896 1591/2058/896
f 1591/2058/1841 1595/5115/1841 1599/2059/1841
f 1599/2059/896 1575/5107/896 1583/2057/896
f 1602/2060/897 1604/2063/897 1603/2061/897
f 1604/2063/898 1606/5117/898 1605/2064/898
f 1606/2065/899 1608/5118/899 1607/2066/899
f 1608/2068/900 1610/2071/900 1609/2069/900
f 1610/2071/901 1612/2073/901 1611/2072/901
f 1612/2073/902 1614/2075/902 1613/2074/902
f 1614/2075/903 1616/5119/903 1615/2076/903
f 1616/2077/904 1618/5120/904 1617/2078/904
f 1617/2078/905 1618/5120/905 1620/2080/905
f 1619/2081/1842 1620/2080/1842 1622/2082/1842
f 1621/2084/907 1622/5121/907 1624/2085/907
f 1623/2087/908 1624/5122/908 1626/2088/908
f 1625/2089/909 1626/2088/909 1628/2090/909
f 1627/2091/910 1628/2090/910 1630/2092/910
f 1606/2065/911 1604/5123/911 1602/5124/911
f 1602/5124/1843 1632/5125/1843 1630/5126/1843
f 1630/5126/1844 1628/5127/1844 1626/5128/1844
f 1626/5128/911 1624/5129/911 1622/2094/911
f 1622/2094/911 1620/5130/911 1618/5131/911
f 1618/5131/1843 1616/5132/1843 1614/2095/1843
f 1614/2095/911 1612/5133/911 1610/5134/911
f 1610/5134/911 1608/5118/911 1606/2065/911
f 1606/2065/911 1602/5124/911 1630/5126/911
f 1630/5126/911 1626/5128/911 1622/2094/911
f 1622/2094/911 1618/5131/911 1614/2095/911
f 1614/2095/911 1610/5134/911 1606/2065/911
f 1606/2065/911 1630/5126/911 1622/2094/911
f 1629/2093/912 1630/2092/912 1632/2096/912
f 1631/2098/913 1632/5135/913 1602/2060/913
f 1631/2100/1845 1601/5136/1845 1603/5137/1845
f 1603/5137/1846 1605/5138/1846 1607/5139/1846
f 1607/5139/1847 1609/5140/1847 1611/5141/1847
f 1611/5141/914 1613/5142/914 1615/2099/914
f 1615/2099/1847 1617/5143/1847 1619/5144/1847
f 1619/5144/914 1621/2084/914 1623/2086/914
f 1623/2086/1847 1625/5145/1847 1627/5146/1847
f 1627/5146/914 1629/5147/914 1631/2100/914
f 1631/2100/914 1603/5137/914 1607/5139/914
f 1607/5139/1845 1611/5141/1845 1615/2099/1845
f 1615/2099/914 1619/5144/914 1623/2086/914
f 1623/2086/914 1627/5146/914 1631/2100/914
f 1631/2100/914 1607/5139/914 1615/2099/914
f 1633/2101/915 1634/2141/915 1636/2102/915
f 1635/2103/916 1636/2102/916 1638/2104/916
f 1637/2105/917 1638/2104/917 1640/2106/917
f 1639/2108/918 1640/5148/918 1642/2109/918
f 1641/2110/919 1642/2109/919 1644/2111/919
f 1644/2113/920 1646/2136/920 1645/2114/920
f 1646/2116/921 1648/2119/921 1647/2117/921
f 1648/2119/922 1650/2121/922 1649/2120/922
f 1650/2121/923 1652/2123/923 1651/2122/923
f 1652/2123/924 1654/2125/924 1653/2124/924
f 1654/2125/1848 1656/5149/1848 1655/2126/1848
f 1656/2127/926 1658/2130/926 1657/2128/926
f 1658/2130/927 1660/5150/927 1659/2131/927
f 1659/2132/928 1660/5151/928 1662/2133/928
f 1638/2137/929 1636/5152/929 1634/5153/929
f 1634/5153/929 1664/5154/929 1662/5155/929
f 1662/5155/929 1660/5156/929 1658/5157/929
f 1658/5157/1849 1656/5158/1849 1654/2135/1849
f 1654/2135/929 1652/5159/929 1650/5160/929
f 1650/5160/929 1648/5161/929 1646/2136/929
f 1646/2136/929 1644/2113/929 1642/5162/929
f 1642/5162/929 1640/5163/929 1638/2137/929
f 1638/2137/929 1634/5153/929 1662/5155/929
f 1662/5155/929 1658/5157/929 1654/2135/929
f 1654/2135/929 1650/5160/929 1646/2136/929
f 1646/2136/929 1642/5162/929 1638/2137/929
f 1638/2137/929 1662/5155/929 1654/2135/929
f 1661/2138/930 1662/5164/930 1664/2139/930
f 1663/2140/1850 1664/2139/1850 1634/2141/1850
f 1663/2144/932 1633/5165/932 1635/5166/932
f 1635/5166/932 1637/5167/932 1639/5168/932
f 1639/5168/1851 1641/5169/1851 1643/5170/1851
f 1643/5170/932 1645/5171/932 1647/2142/932
f 1647/2142/932 1649/5172/932 1651/5173/932
f 1651/5173/932 1653/5174/932 1655/2143/932
f 1655/2143/932 1657/5175/932 1659/2132/932
f 1659/2132/932 1661/2134/932 1663/2144/932
f 1663/2144/932 1635/5166/932 1639/5168/932
f 1639/5168/932 1643/5170/932 1647/2142/932
f 1647/2142/932 1651/5173/932 1655/2143/932
f 1655/2143/932 1659/2132/932 1663/2144/932
f 1663/2144/932 1639/5168/932 1647/2142/932
f 1666/2145/933 1668/2148/933 1667/2146/933
f 1668/2148/934 1670/2150/934 1669/2149/934
f 1670/2150/935 1672/5176/935 1671/2151/935
f 1671/2152/936 1672/5177/936 1674/2153/936
f 1673/2154/937 1674/2153/937 1676/2155/937
f 1675/2156/938 1676/2155/938 1678/2157/938
f 1677/2159/939 1678/5178/939 1680/2160/939
f 1679/2161/940 1680/2160/940 1682/2162/940
f 1681/2163/941 1682/2162/941 1684/2164/941
f 1683/2165/942 1684/2164/942 1686/2166/942
f 1685/2167/943 1686/2166/943 1688/2168/943
f 1688/2170/944 1690/2173/944 1689/2171/944
f 1690/2173/945 1692/2175/945 1691/2174/945
f 1692/2175/946 1694/5179/946 1693/2176/946
f 1670/2179/947 1668/5180/947 1666/5181/947
f 1666/5181/947 1696/5182/947 1694/5183/947
f 1694/5183/947 1692/5184/947 1690/5185/947
f 1690/5185/1852 1688/5186/1852 1686/2177/1852
f 1686/2177/947 1684/5187/947 1682/5188/947
f 1682/5188/947 1680/5189/947 1678/2178/947
f 1678/2178/947 1676/5190/947 1674/5191/947
f 1674/5191/947 1672/5192/947 1670/2179/947
f 1670/2179/947 1666/5181/947 1694/5183/947
f 1694/5183/947 1690/5185/947 1686/2177/947
f 1686/2177/947 1682/5188/947 1678/2178/947
f 1678/2178/947 1674/5191/947 1670/2179/947
f 1670/2179/947 1694/5183/947 1686/2177/947
f 1694/2180/948 1696/2183/948 1695/2181/948
f 1696/2183/949 1666/2145/949 1665/2147/949
f 1695/2186/950 1665/5193/950 1667/5194/950
f 1667/5194/950 1669/5195/950 1671/5196/950
f 1671/5196/950 1673/5197/950 1675/5198/950
f 1675/5198/950 1677/5199/950 1679/2184/950
f 1679/2184/950 1681/5200/950 1683/5201/950
f 1683/5201/950 1685/5202/950 1687/2185/950
f 1687/2185/950 1689/5203/950 1691/5204/950
f 1691/5204/950 1693/5205/950 1695/2186/950
f 1695/2186/950 1667/5194/950 1671/5196/950
f 1671/5196/950 1675/5198/950 1679/2184/950
f 1679/2184/950 1683/5201/950 1687/2185/950
f 1687/2185/950 1691/5204/950 1695/2186/950
f 1695/2186/950 1671/5196/950 1679/2184/950
f 1698/2187/1853 1700/2190/1853 1699/2188/1853
f 1700/2190/1854 1702/5206/1854 1701/2191/1854
f 1702/2192/953 1704/5207/953 1703/2193/953
f 1703/2193/954 1704/5207/954 1706/2195/954
f 1705/2196/1855 1706/2195/1855 1708/2197/1855
f 1707/2198/956 1708/2197/956 1710/2199/956
f 1709/2200/957 1710/2199/957 1712/2201/957
f 1711/2203/1856 1712/5208/1856 1714/2204/1856
f 1713/2205/959 1714/2204/959 1716/2206/959
f 1715/2207/960 1716/2206/960 1718/2208/960
f 1717/2210/961 1718/5209/961 1720/2211/961
f 1720/2211/962 1722/2214/962 1721/2213/962
f 1722/2214/1857 1724/2216/1857 1723/2215/1857
f 1724/2216/964 1726/2221/964 1725/2217/964
f 1702/2220/965 1700/5210/965 1698/5211/965
f 1698/5211/965 1728/5212/965 1726/5213/965
f 1726/5213/1858 1724/5214/1858 1722/5215/1858
f 1722/5215/965 1720/5216/965 1718/2218/965
f 1718/2218/1859 1716/5217/1859 1714/5218/1859
f 1714/5218/965 1712/5219/965 1710/2219/965
f 1710/2219/1858 1708/5220/1858 1706/5221/1858
f 1706/5221/1858 1704/5222/1858 1702/2220/1858
f 1702/2220/965 1698/5211/965 1726/5213/965
f 1726/5213/965 1722/5215/965 1718/2218/965
f 1718/2218/965 1714/5218/965 1710/2219/965
f 1710/2219/965 1706/5221/965 1702/2220/965
f 1702/2220/965 1726/5213/965 1718/2218/965
f 1726/2221/966 1728/5223/966 1727/2222/966
f 1728/2223/967 1698/2187/967 1697/2189/967
f 1727/2227/1860 1697/5224/1860 1699/5225/1860
f 1699/5225/1861 1701/5226/1861 1703/5227/1861
f 1703/5227/968 1705/5228/968 1707/5229/968
f 1707/5229/1861 1709/5230/1861 1711/2225/1861
f 1711/2225/968 1713/5231/968 1715/5232/968
f 1715/5232/1862 1717/5233/1862 1719/2226/1862
f 1719/2226/1862 1721/5234/1862 1723/5235/1862
f 1723/5235/968 1725/5236/968 1727/2227/968
f 1727/2227/968 1699/5225/968 1703/5227/968
f 1703/5227/968 1707/5229/968 1711/2225/968
f 1711/2225/968 1715/5232/968 1719/2226/968
f 1719/2226/968 1723/5235/968 1727/2227/968
f 1727/2227/968 1703/5227/968 1711/2225/968
f 1730/2228/969 1732/2231/969 1731/2229/969
f 1732/2231/970 1734/2233/970 1733/2232/970
f 1734/2233/971 1736/5237/971 1735/2234/971
f 1736/2235/972 1738/2238/972 1737/2236/972
f 1738/2238/973 1740/5238/973 1739/2239/973
f 1739/2239/1863 1740/5238/1863 1742/2240/1863
f 1741/2242/975 1742/5239/975 1744/2243/975
f 1743/2244/976 1744/2243/976 1746/2245/976
f 1745/2246/977 1746/2245/977 1748/2247/977
f 1747/2248/978 1748/2247/978 1750/2249/978
f 1749/2250/1864 1750/2249/1864 1752/2251/1864
f 1751/2253/980 1752/5240/980 1754/2254/980
f 1753/2255/1865 1754/2254/1865 1756/2256/1865
f 1756/2256/982 1758/5241/982 1757/2258/982
f 1734/2261/983 1732/5242/983 1730/5243/983
f 1730/5243/1866 1760/5244/1866 1758/5245/1866
f 1758/5245/1867 1756/5246/1867 1754/5247/1867
f 1754/5247/1867 1752/5248/1867 1750/2259/1867
f 1750/2259/983 1748/5249/983 1746/5250/983
f 1746/5250/983 1744/5251/983 1742/2260/983
f 1742/2260/1867 1740/5252/1867 1738/5253/1867
f 1738/5253/1867 1736/5254/1867 1734/2261/1867
f 1734/2261/983 1730/5243/983 1758/5245/983
f 1758/5245/983 1754/5247/983 1750/2259/983
f 1750/2259/983 1746/5250/983 1742/2260/983
f 1742/2260/983 1738/5253/983 1734/2261/983
f 1734/2261/983 1758/5245/983 1750/2259/983
f 1758/2262/984 1760/2265/984 1759/2263/984
f 1760/2265/985 1730/2228/985 1729/2230/985
f 1759/2268/1868 1729/5255/1868 1731/5256/1868
f 1731/5256/1869 1733/5257/1869 1735/5258/1869
f 1735/5258/1868 1737/5259/1868 1739/5260/1868
f 1739/5260/1868 1741/5261/1868 1743/2266/1868
f 1743/2266/986 1745/5262/986 1747/5263/986
f 1747/5263/986 1749/5264/986 1751/2267/986
f 1751/2267/1870 1753/5265/1870 1755/5266/1870
f 1755/5266/986 1757/5267/986 1759/2268/986
f 1759/2268/986 1731/5256/986 1735/5258/986
f 1735/5258/986 1739/5260/986 1743/2266/986
f 1743/2266/986 1747/5263/986 1751/2267/986
f 1751/2267/1868 1755/5266/1868 1759/2268/1868
f 1759/2268/986 1735/5258/986 1743/2266/986
f 1761/2269/987 1762/2306/987 1764/2270/987
f 1763/2271/988 1764/2270/988 1766/2272/988
f 1765/2274/1871 1766/5268/1871 1768/2275/1871
f 1767/2276/1872 1768/2275/1872 1770/2277/1872
f 1770/2277/991 1772/2280/991 1771/2279/991
f 1772/2280/992 1774/5269/992 1773/2281/992
f 1774/2282/993 1776/2285/993 1775/2283/993
f 1776/2285/1873 1778/2287/1873 1777/2286/1873
f 1778/2287/995 1780/2289/995 1779/2288/995
f 1780/2289/1874 1782/5270/1874 1781/2290/1874
f 1782/2291/1875 1784/2294/1875 1783/2292/1875
f 1784/2294/1876 1786/2296/1876 1785/2295/1876
f 1786/2296/999 1788/5271/999 1787/2297/999
f 1787/2297/1000 1788/5271/1000 1790/2298/1000
f 1766/2302/1001 1764/5272/1001 1762/5273/1001
f 1762/5273/1877 1792/5274/1877 1790/5275/1877
f 1790/5275/1878 1788/5276/1878 1786/5277/1878
f 1786/5277/1877 1784/5278/1877 1782/2300/1877
f 1782/2300/1001 1780/5279/1001 1778/5280/1001
f 1778/5280/1001 1776/5281/1001 1774/2301/1001
f 1774/2301/1001 1772/5282/1001 1770/5283/1001
f 1770/5283/1001 1768/5284/1001 1766/2302/1001
f 1766/2302/1001 1762/5273/1001 1790/5275/1001
f 1790/5275/1001 1786/5277/1001 1782/2300/1001
f 1782/2300/1001 1778/5280/1001 1774/2301/1001
f 1774/2301/1001 1770/5283/1001 1766/2302/1001
f 1766/2302/1001 1790/5275/1001 1782/2300/1001
f 1789/2303/1002 1790/5285/1002 1792/2304/1002
f 1791/2305/1879 1792/2304/1879 1762/2306/1879
f 1791/2309/1880 1761/5286/1880 1763/5287/1880
f 1763/5287/1881 1765/5288/1881 1767/5289/1881
f 1767/5289/1004 1769/5290/1004 1771/5291/1004
f 1771/5291/1004 1773/5292/1004 1775/2307/1004
f 1775/2307/1004 1777/5293/1004 1779/5294/1004
f 1779/5294/1881 1781/5295/1881 1783/2308/1881
f 1783/2308/1004 1785/5296/1004 1787/5297/1004
f 1787/5297/1004 1789/5298/1004 1791/2309/1004
f 1791/2309/1004 1763/5287/1004 1767/5289/1004
f 1767/5289/1004 1771/5291/1004 1775/2307/1004
f 1775/2307/1004 1779/5294/1004 1783/2308/1004
f 1783/2308/1004 1787/5297/1004 1791/2309/1004
f 1791/2309/1004 1767/5289/1004 1775/2307/1004
f 1794/2310/1005 1796/5299/1005 1795/2311/1005
f 1795/2311/1006 1796/5299/1006 1798/2313/1006
f 1797/2314/1007 1798/2313/1007 1800/2315/1007
f 1799/2317/1008 1800/5300/1008 1802/2318/1008
f 1801/2320/1009 1802/5301/1009 1804/2321/1009
f 1803/2322/1010 1804/2321/1010 1806/2323/1010
f 1805/2324/1011 1806/2323/1011 1808/2325/1011
f 1807/2326/1882 1808/2325/1882 1810/2327/1882
f 1809/2329/1013 1810/5302/1013 1812/2330/1013
f 1812/2330/1014 1814/2333/1014 1813/2332/1014
f 1814/2333/1015 1816/5303/1015 1815/2334/1015
f 1816/2335/1016 1818/5304/1016 1817/2336/1016
f 1818/2338/1017 1820/2341/1017 1819/2339/1017
f 1820/2341/1883 1822/2345/1883 1821/2342/1883
f 1798/2344/1884 1796/5305/1884 1794/5306/1884
f 1794/5306/1885 1824/5307/1885 1822/5308/1885
f 1822/5308/1886 1820/5309/1886 1818/5310/1886
f 1818/5310/1019 1816/5303/1019 1814/2333/1019
f 1814/2333/1019 1812/2330/1019 1810/5302/1019
f 1810/5302/1019 1808/5311/1019 1806/2343/1019
f 1806/2343/1019 1804/5312/1019 1802/5313/1019
f 1802/5313/1019 1800/5314/1019 1798/2344/1019
f 1798/2344/1019 1794/5306/1019 1822/5308/1019
f 1822/5308/1019 1818/5310/1019 1814/2333/1019
f 1814/2333/1019 1810/5302/1019 1806/2343/1019
f 1806/2343/1019 1802/5313/1019 1798/2344/1019
f 1798/2344/1019 1822/5308/1019 1814/2333/1019
f 1822/2345/1020 1824/2347/1020 1823/2346/1020
f 1824/2347/1021 1794/5315/1021 1793/2348/1021
f 1823/2351/1022 1793/2312/1022 1795/2311/1022
f 1795/2311/1022 1797/2314/1022 1799/2316/1022
f 1799/2316/1022 1801/5316/1022 1803/5317/1022
f 1803/5317/1022 1805/5318/1022 1807/2349/1022
f 1807/2349/1022 1809/5319/1022 1811/5320/1022
f 1811/5320/1022 1813/5321/1022 1815/2350/1022
f 1815/2350/1887 1817/5322/1887 1819/5323/1887
f 1819/5323/1022 1821/5324/1022 1823/2351/1022
f 1823/2351/1022 1795/2311/1022 1799/2316/1022
f 1799/2316/1022 1803/5317/1022 1807/2349/1022
f 1807/2349/1022 1811/5320/1022 1815/2350/1022
f 1815/2350/1022 1819/5323/1022 1823/2351/1022
f 1823/2351/1022 1799/2316/1022 1807/2349/1022
f 1826/2352/1023 1828/2355/1023 1827/2353/1023
f 1828/2355/1024 1830/5325/1024 1829/2356/1024
f 1829/2357/1025 1830/5326/1025 1832/2358/1025
f 1831/2359/1026 1832/2358/1026 1834/2360/1026
f 1833/2361/1027 1834/2360/1027 1836/2362/1027
f 1835/2364/1028 1836/5327/1028 1838/2365/1028
f 1837/2366/1029 1838/2365/1029 1840/2367/1029
f 1839/2368/1030 1840/2367/1030 1842/2369/1030
f 1841/2370/1031 1842/2369/1031 1844/2371/1031
f 1843/2372/1032 1844/2371/1032 1846/2373/1032
f 1846/2375/1033 1848/2378/1033 1847/2376/1033
f 1848/2378/1034 1850/2380/1034 1849/2379/1034
f 1850/2380/1035 1852/5328/1035 1851/2381/1035
f 1852/2382/1036 1854/2388/1036 1853/2383/1036
f 1830/2387/1888 1828/5329/1888 1826/5330/1888
f 1826/5330/1037 1856/5331/1037 1854/5332/1037
f 1854/5332/1037 1852/5333/1037 1850/5334/1037
f 1850/5334/1037 1848/5335/1037 1846/2385/1037
f 1846/2385/1037 1844/5336/1037 1842/5337/1037
f 1842/5337/1037 1840/5338/1037 1838/2386/1037
f 1838/2386/1037 1836/5339/1037 1834/5340/1037
f 1834/5340/1037 1832/5341/1037 1830/2387/1037
f 1830/2387/1037 1826/5330/1037 1854/5332/1037
f 1854/5332/1037 1850/5334/1037 1846/2385/1037
f 1846/2385/1037 1842/5337/1037 1838/2386/1037
f 1838/2386/1037 1834/5340/1037 1830/2387/1037
f 1830/2387/1037 1854/5332/1037 1846/2385/1037
f 1854/2388/1038 1856/2390/1038 1855/2389/1038
f 1856/2390/1039 1826/2352/1039 1825/2354/1039
f 1855/2393/1040 1825/5342/1040 1827/5343/1040
f 1827/5343/1040 1829/5344/1040 1831/5345/1040
f 1831/5345/1040 1833/5346/1040 1835/5347/1040
f 1835/5347/1040 1837/5348/1040 1839/2391/1040
f 1839/2391/1040 1841/5349/1040 1843/5350/1040
f 1843/5350/1040 1845/5351/1040 1847/2392/1040
f 1847/2392/1040 1849/5352/1040 1851/5353/1040
f 1851/5353/1040 1853/5354/1040 1855/2393/1040
f 1855/2393/1040 1827/5343/1040 1831/5345/1040
f 1831/5345/1040 1835/5347/1040 1839/2391/1040
f 1839/2391/1040 1843/5350/1040 1847/2392/1040
f 1847/2392/1040 1851/5353/1040 1855/2393/1040
f 1855/2393/1040 1831/5345/1040 1839/2391/1040
f 1858/2394/1041 1860/2397/1041 1859/2395/1041
f 1860/2397/1042 1862/5355/1042 1861/2398/1042
f 1862/2399/1043 1864/2402/1043 1863/2400/1043
f 1864/2402/1044 1866/5356/1044 1865/2403/1044
f 1865/2403/1045 1866/5356/1045 1868/2404/1045
f 1867/2405/1046 1868/2404/1046 1870/2406/1046
f 1869/2407/1047 1870/2406/1047 1872/2408/1047
f 1871/2410/1889 1872/5357/1889 1874/2411/1889
f 1873/2412/1049 1874/2411/1049 1876/2413/1049
f 1875/2414/1050 1876/2413/1050 1878/2415/1050
f 1877/2417/1890 1878/5358/1890 1880/2418/1890
f 1879/2419/1052 1880/2418/1052 1882/2420/1052
f 1882/2420/1053 1884/2423/1053 1883/2422/1053
f 1884/2423/1054 1886/2428/1054 1885/2424/1054
f 1862/2427/1891 1860/5359/1891 1858/5360/1891
f 1858/5360/1055 1888/5361/1055 1886/5362/1055
f 1886/5362/1892 1884/5363/1892 1882/5364/1892
f 1882/5364/1892 1880/5365/1892 1878/2425/1892
f 1878/2425/1055 1876/5366/1055 1874/5367/1055
f 1874/5367/1055 1872/5368/1055 1870/2426/1055
f 1870/2426/1055 1868/5369/1055 1866/5370/1055
f 1866/5370/1055 1864/5371/1055 1862/2427/1055
f 1862/2427/1055 1858/5360/1055 1886/5362/1055
f 1886/5362/1891 1882/5364/1891 1878/2425/1891
f 1878/2425/1055 1874/5367/1055 1870/2426/1055
f 1870/2426/1055 1866/5370/1055 1862/2427/1055
f 1862/2427/1891 1886/5362/1891 1878/2425/1891
f 1886/2428/1056 1888/5372/1056 1887/2429/1056
f 1888/2430/1057 1858/2394/1057 1857/2396/1057
f 1887/2434/1893 1857/5373/1893 1859/5374/1893
f 1859/5374/1894 1861/5375/1894 1863/5376/1894
f 1863/5376/1895 1865/5377/1895 1867/5378/1895
f 1867/5378/1058 1869/5379/1058 1871/2432/1058
f 1871/2432/1895 1873/5380/1895 1875/5381/1895
f 1875/5381/1895 1877/5382/1895 1879/2433/1895
f 1879/2433/1895 1881/5383/1895 1883/5384/1895
f 1883/5384/1896 1885/5385/1896 1887/2434/1896
f 1887/2434/1058 1859/5374/1058 1863/5376/1058
f 1863/5376/1058 1867/5378/1058 1871/2432/1058
f 1871/2432/1894 1875/5381/1894 1879/2433/1894
f 1879/2433/1894 1883/5384/1894 1887/2434/1894
f 1887/2434/1058 1863/5376/1058 1871/2432/1058
f 1890/2435/1059 1892/2438/1059 1891/2436/1059
f 1892/2438/1897 1894/5386/1897 1893/2439/1897
f 1893/2439/1898 1894/5386/1898 1896/2440/1898
f 1895/2442/1062 1896/5387/1062 1898/2443/1062
f 1897/2444/1063 1898/2443/1063 1900/2445/1063
f 1899/2447/1064 1900/5388/1064 1902/2448/1064
f 1901/2449/1065 1902/2448/1065 1904/2450/1065
f 1903/2452/1066 1904/5389/1066 1906/2453/1066
f 1905/2454/1899 1906/2453/1899 1908/2455/1899
f 1907/2456/1900 1908/2455/1900 1910/2457/1900
f 1910/2457/1069 1912/5390/1069 1911/2459/1069
f 1912/2460/1070 1914/2463/1070 1913/2461/1070
f 1914/2463/1071 1916/5391/1071 1915/2464/1071
f 1916/2465/1072 1918/2471/1072 1917/2466/1072
f 1894/2470/1901 1892/5392/1901 1890/5393/1901
f 1890/5393/1902 1920/5394/1902 1918/2471/1902
f 1918/2471/1073 1916/2465/1073 1914/5395/1073
f 1914/5395/1902 1912/5396/1902 1910/2468/1902
f 1910/2468/1073 1908/5397/1073 1906/5398/1073
f 1906/5398/1902 1904/5399/1902 1902/2469/1902
f 1902/2469/1073 1900/5400/1073 1898/5401/1073
f 1898/5401/1073 1896/5402/1073 1894/2470/1073
f 1894/2470/1902 1890/5393/1902 1918/2471/1902
f 1918/2471/1073 1914/5395/1073 1910/2468/1073
f 1910/2468/1073 1906/5398/1073 1902/2469/1073
f 1902/2469/1073 1898/5401/1073 1894/2470/1073
f 1894/2470/1073 1918/2471/1073 1910/2468/1073
f 1918/2471/1074 1920/5394/1074 1919/2472/1074
f 1920/2473/1075 1890/2435/1075 1889/2437/1075
f 1919/2476/1903 1889/5403/1903 1891/5404/1903
f 1891/5404/1076 1893/5405/1076 1895/5406/1076
f 1895/5406/1904 1897/5407/1904 1899/2447/1904
f 1899/2447/1076 1901/2449/1076 1903/2451/1076
f 1903/2451/1905 1905/5408/1905 1907/5409/1905
f 1907/5409/1076 1909/5410/1076 1911/2475/1076
f 1911/2475/1076 1913/5411/1076 1915/5412/1076
f 1915/5412/1076 1917/5413/1076 1919/2476/1076
f 1919/2476/1076 1891/5404/1076 1895/5406/1076
f 1895/5406/1076 1899/2447/1076 1903/2451/1076
f 1903/2451/1076 1907/5409/1076 1911/2475/1076
f 1911/2475/1076 1915/5412/1076 1919/2476/1076
f 1919/2476/1076 1895/5406/1076 1903/2451/1076
f 1921/2477/1077 1922/5414/1077 1924/2478/1077
f 1923/2480/1078 1924/5415/1078 1926/2481/1078
f 1925/2482/1079 1926/2481/1079 1928/2483/1079
f 1927/2484/1080 1928/2483/1080 1930/2485/1080
f 1929/2487/1081 1930/5416/1081 1932/2488/1081
f 1931/2489/1082 1932/2488/1082 1934/2490/1082
f 1933/2491/1083 1934/2490/1083 1936/2492/1083
f 1935/2493/1084 1936/2492/1084 1938/2494/1084
f 1938/2494/1085 1940/5417/1085 1939/2496/1085
f 1940/2497/1906 1942/2500/1906 1941/2498/1906
f 1942/2500/1087 1944/2502/1087 1943/2501/1087
f 1944/2502/1088 1946/5418/1088 1945/2503/1088
f 1946/2504/1089 1948/2507/1089 1947/2505/1089
f 1948/2507/1090 1950/2512/1090 1949/2508/1090
f 1926/2511/1907 1924/5419/1907 1922/5420/1907
f 1922/5420/1091 1952/5421/1091 1950/5422/1091
f 1950/5422/1908 1948/5423/1908 1946/5424/1908
f 1946/5424/1909 1944/5425/1909 1942/2509/1909
f 1942/2509/1910 1940/5426/1910 1938/5427/1910
f 1938/5427/1091 1936/5428/1091 1934/2510/1091
f 1934/2510/1911 1932/5429/1911 1930/5430/1911
f 1930/5430/1091 1928/5431/1091 1926/2511/1091
f 1926/2511/1091 1922/5420/1091 1950/5422/1091
f 1950/5422/1091 1946/5424/1091 1942/2509/1091
f 1942/2509/1091 1938/5427/1091 1934/2510/1091
f 1934/2510/1091 1930/5430/1091 1926/2511/1091
f 1926/2511/1091 1950/5422/1091 1942/2509/1091
f 1950/2512/1092 1952/2514/1092 1951/2513/1092
f 1952/2514/1093 1922/5414/1093 1921/2477/1093
f 1951/2517/1094 1921/5432/1094 1923/5433/1094
f 1923/5433/1094 1925/5434/1094 1927/5435/1094
f 1927/5435/1094 1929/5436/1094 1931/5437/1094
f 1931/5437/1094 1933/5438/1094 1935/2515/1094
f 1935/2515/1094 1937/5439/1094 1939/5440/1094
f 1939/5440/1094 1941/5441/1094 1943/2516/1094
f 1943/2516/1094 1945/5442/1094 1947/5443/1094
f 1947/5443/1912 1949/5444/1912 1951/2517/1912
f 1951/2517/1094 1923/5433/1094 1927/5435/1094
f 1927/5435/1094 1931/5437/1094 1935/2515/1094
f 1935/2515/1094 1939/5440/1094 1943/2516/1094
f 1943/2516/1094 1947/5443/1094 1951/2517/1094
f 1951/2517/1094 1927/5435/1094 1935/2515/1094
f 1953/2518/1913 1954/2555/1913 1956/2519/1913
f 1955/2520/1914 1956/2519/1914 1958/2521/1914
f 1957/2523/1915 1958/5445/1915 1960/2524/1915
f 1960/2524/1098 1962/2527/1098 1961/2526/1098
f 1962/2527/1916 1964/2529/1916 1963/2528/1916
f 1964/2529/1100 1966/5446/1100 1965/2530/1100
f 1966/2531/1101 1968/2534/1101 1967/2532/1101
f 1968/2534/1102 1970/2536/1102 1969/2535/1102
f 1970/2536/1917 1972/2538/1917 1971/2537/1917
f 1972/2538/1104 1974/5447/1104 1973/2539/1104
f 1974/2540/1105 1976/5448/1105 1975/2541/1105
f 1975/2541/1106 1976/5448/1106 1978/2543/1106
f 1977/2544/1107 1978/2543/1107 1980/2545/1107
f 1979/2546/1108 1980/2545/1108 1982/2547/1108
f 1958/2551/1918 1956/5449/1918 1954/5450/1918
f 1954/5450/1109 1984/5451/1109 1982/5452/1109
f 1982/5452/1109 1980/5453/1109 1978/5454/1109
f 1978/5454/1109 1976/5455/1109 1974/2549/1109
f 1974/2549/1109 1972/5456/1109 1970/5457/1109
f 1970/5457/1109 1968/5458/1109 1966/2550/1109
f 1966/2550/1109 1964/5459/1109 1962/5460/1109
f 1962/5460/1919 1960/5461/1919 1958/2551/1919
f 1958/2551/1109 1954/5450/1109 1982/5452/1109
f 1982/5452/1109 1978/5454/1109 1974/2549/1109
f 1974/2549/1109 1970/5457/1109 1966/2550/1109
f 1966/2550/1109 1962/5460/1109 1958/2551/1109
f 1958/2551/1109 1982/5452/1109 1974/2549/1109
f 1981/2552/1110 1982/5462/1110 1984/2553/1110
f 1983/2554/1920 1984/2553/1920 1954/2555/1920
f 1983/2558/1112 1953/5463/1112 1955/5464/1112
f 1955/5464/1112 1957/5465/1112 1959/5466/1112
f 1959/5466/1112 1961/5467/1112 1963/5468/1112
f 1963/5468/1112 1965/5469/1112 1967/2556/1112
f 1967/2556/1112 1969/5470/1112 1971/5471/1112
f 1971/5471/1921 1973/5472/1921 1975/2557/1921
f 1975/2557/1112 1977/5473/1112 1979/5474/1112
f 1979/5474/1112 1981/5475/1112 1983/2558/1112
f 1983/2558/1112 1955/5464/1112 1959/5466/1112
f 1959/5466/1112 1963/5468/1112 1967/2556/1112
f 1967/2556/1112 1971/5471/1112 1975/2557/1112
f 1975/2557/1112 1979/5474/1112 1983/2558/1112
f 1983/2558/1112 1959/5466/1112 1967/2556/1112
f 1985/2559/1113 1986/5476/1113 1988/2560/1113
f 1987/2561/1114 1988/2560/1114 1990/2562/1114
f 1989/2563/1115 1990/2562/1115 1992/2564/1115
f 1992/2566/1116 1994/2569/1116 1993/2567/1116
f 1994/2569/1117 1996/2571/1117 1995/2570/1117
f 1996/2571/1922 1998/2573/1922 1997/2572/1922
f 1998/2573/1923 2000/5477/1923 1999/2574/1923
f 2000/2575/1120 2002/5478/1120 2001/2576/1120
f 2002/2578/1121 2004/2581/1121 2003/2579/1121
f 2004/2581/1122 2006/2583/1122 2005/2582/1122
f 2006/2583/1123 2008/5479/1123 2007/2584/1123
f 2007/2585/1124 2008/5480/1124 2010/2586/1124
f 2009/2587/1125 2010/2586/1125 2012/2588/1125
f 2011/2589/1924 2012/2588/1924 2014/2590/1924
f 1990/2594/1925 1988/5481/1925 1986/5482/1925
f 1986/5482/1127 2016/5483/1127 2014/5484/1127
f 2014/5484/1925 2012/5485/1925 2010/5486/1925
f 2010/5486/1925 2008/5487/1925 2006/2592/1925
f 2006/2592/1925 2004/5488/1925 2002/5478/1925
f 2002/5478/1127 2000/2575/1127 1998/2593/1127
f 1998/2593/1127 1996/5489/1127 1994/5490/1127
f 1994/5490/1925 1992/5491/1925 1990/2594/1925
f 1990/2594/1925 1986/5482/1925 2014/5484/1925
f 2014/5484/1127 2010/5486/1127 2006/2592/1127
f 2006/2592/1127 2002/5478/1127 1998/2593/1127
f 1998/2593/1925 1994/5490/1925 1990/2594/1925
f 1990/2594/1127 2014/5484/1127 2006/2592/1127
f 2013/2591/1128 2014/2590/1128 2016/2595/1128
f 2015/2597/1129 2016/5492/1129 1986/2598/1129
f 2015/2597/1130 1985/2599/1130 1987/5493/1130
f 1987/5493/1130 1989/5494/1130 1991/5495/1130
f 1991/5495/1130 1993/5496/1130 1995/5497/1130
f 1995/5497/1130 1997/5498/1130 1999/2600/1130
f 1999/2600/1926 2001/5499/1926 2003/5500/1926
f 2003/5500/1926 2005/5501/1926 2007/2601/1926
f 2007/2601/1926 2009/5502/1926 2011/5503/1926
f 2011/5503/1130 2013/5504/1130 2015/2597/1130
f 2015/2597/1130 1987/5493/1130 1991/5495/1130
f 1991/5495/1926 1995/5497/1926 1999/2600/1926
f 1999/2600/1926 2003/5500/1926 2007/2601/1926
f 2007/2601/1130 2011/5503/1130 2015/2597/1130
f 2015/2597/1926 1991/5495/1926 1999/2600/1926
f 2017/2602/1131 2018/2640/1131 2020/2603/1131
f 2019/2604/1132 2020/2603/1132 2022/2605/1132
f 2021/2606/1927 2022/2605/1927 2024/2607/1927
f 2024/2609/1134 2026/2612/1134 2025/2610/1134
f 2026/2612/1135 2028/2614/1135 2027/2613/1135
f 2028/2614/1136 2030/5505/1136 2029/2615/1136
f 2030/2616/1137 2032/2619/1137 2031/2617/1137
f 2032/2619/1138 2034/2621/1138 2033/2620/1138
f 2034/2621/1139 2036/2623/1139 2035/2622/1139
f 2036/2623/1140 2038/2625/1140 2037/2624/1140
f 2038/2625/1928 2040/5506/1928 2039/2626/1928
f 2039/2627/1142 2040/5507/1142 2042/2628/1142
f 2041/2629/1143 2042/2628/1143 2044/2630/1143
f 2043/2631/1929 2044/2630/1929 2046/2632/1929
f 2022/2636/1930 2020/5508/1930 2018/5509/1930
f 2018/5509/1145 2048/5510/1145 2046/5511/1145
f 2046/5511/1145 2044/5512/1145 2042/5513/1145
f 2042/5513/1930 2040/5514/1930 2038/2634/1930
f 2038/2634/1145 2036/5515/1145 2034/5516/1145
f 2034/5516/1145 2032/5517/1145 2030/2635/1145
f 2030/2635/1145 2028/5518/1145 2026/5519/1145
f 2026/5519/1145 2024/5520/1145 2022/2636/1145
f 2022/2636/1145 2018/5509/1145 2046/5511/1145
f 2046/5511/1145 2042/5513/1145 2038/2634/1145
f 2038/2634/1145 2034/5516/1145 2030/2635/1145
f 2030/2635/1145 2026/5519/1145 2022/2636/1145
f 2022/2636/1145 2046/5511/1145 2038/2634/1145
f 2045/2637/1146 2046/5521/1146 2048/2638/1146
f 2047/2639/1147 2048/2638/1147 2018/2640/1147
f 2047/2643/1148 2017/5522/1148 2019/5523/1148
f 2019/5523/1148 2021/5524/1148 2023/5525/1148
f 2023/5525/1148 2025/5526/1148 2027/5527/1148
f 2027/5527/1148 2029/5528/1148 2031/2641/1148
f 2031/2641/1148 2033/5529/1148 2035/5530/1148
f 2035/5530/1148 2037/5531/1148 2039/2642/1148
f 2039/2642/1931 2041/5532/1931 2043/5533/1931
f 2043/5533/1931 2045/5534/1931 2047/2643/1931
f 2047/2643/1148 2019/5523/1148 2023/5525/1148
f 2023/5525/1148 2027/5527/1148 2031/2641/1148
f 2031/2641/1148 2035/5530/1148 2039/2642/1148
f 2039/2642/1148 2043/5533/1148 2047/2643/1148
f 2047/2643/1148 2023/5525/1148 2031/2641/1148
f 2050/2644/1149 2052/2647/1149 2051/2645/1149
f 2052/2647/1150 2054/5535/1150 2053/2648/1150
f 2054/2649/1151 2056/5536/1151 2055/2650/1151
f 2055/2650/1152 2056/5536/1152 2058/2652/1152
f 2057/2653/1153 2058/2652/1153 2060/2654/1153
f 2059/2655/1154 2060/2654/1154 2062/2656/1154
f 2061/2657/1155 2062/2656/1155 2064/2658/1155
f 2063/2660/1932 2064/5537/1932 2066/2661/1932
f 2065/2662/1157 2066/2661/1157 2068/2663/1157
f 2067/2664/1158 2068/2663/1158 2070/2665/1158
f 2069/2667/1159 2070/5538/1159 2072/2668/1159
f 2072/2668/1160 2074/2671/1160 2073/2670/1160
f 2074/2671/1161 2076/2673/1161 2075/2672/1161
f 2076/2673/1162 2078/2678/1162 2077/2674/1162
f 2054/2677/1163 2052/5539/1163 2050/5540/1163
f 2050/5540/1933 2080/5541/1933 2078/5542/1933
f 2078/5542/1163 2076/5543/1163 2074/5544/1163
f 2074/5544/1933 2072/5545/1933 2070/2675/1933
f 2070/2675/1934 2068/5546/1934 2066/5547/1934
f 2066/5547/1163 2064/5548/1163 2062/2676/1163
f 2062/2676/1163 2060/5549/1163 2058/5550/1163
f 2058/5550/1933 2056/5551/1933 2054/2677/1933
f 2054/2677/1163 2050/5540/1163 2078/5542/1163
f 2078/5542/1163 2074/5544/1163 2070/2675/1163
f 2070/2675/1163 2066/5547/1163 2062/2676/1163
f 2062/2676/1163 2058/5550/1163 2054/2677/1163
f 2054/2677/1163 2078/5542/1163 2070/2675/1163
f 2078/2678/1164 2080/5552/1164 2079/2679/1164
f 2080/2680/1165 2050/2644/1165 2049/2646/1165
f 2079/2684/1935 2049/5553/1935 2051/5554/1935
f 2051/5554/1936 2053/5555/1936 2055/5556/1936
f 2055/5556/1936 2057/5557/1936 2059/5558/1936
f 2059/5558/1936 2061/5559/1936 2063/2682/1936
f 2063/2682/1166 2065/5560/1166 2067/5561/1166
f 2067/5561/1166 2069/5562/1166 2071/2683/1166
f 2071/2683/1936 2073/5563/1936 2075/5564/1936
f 2075/5564/1166 2077/5565/1166 2079/2684/1166
f 2079/2684/1166 2051/5554/1166 2055/5556/1166
f 2055/5556/1166 2059/5558/1166 2063/2682/1166
f 2063/2682/1166 2067/5561/1166 2071/2683/1166
f 2071/2683/1166 2075/5564/1166 2079/2684/1166
f 2079/2684/1166 2055/5556/1166 2063/2682/1166
f 2081/2685/1167 2082/2723/1167 2084/2686/1167
f 2083/2687/1168 2084/2686/1168 2086/2688/1168
f 2085/2689/1169 2086/2688/1169 2088/2690/1169
f 2088/2692/1170 2090/2695/1170 2089/2693/1170
f 2090/2695/1171 2092/2697/1171 2091/2696/1171
f 2092/2697/1937 2094/2699/1937 2093/2698/1937
f 2094/2699/1173 2096/5566/1173 2095/2700/1173
f 2096/2701/1174 2098/2704/1174 2097/2702/1174
f 2098/2704/1175 2100/2706/1175 2099/2705/1175
f 2100/2706/1176 2102/2708/1176 2101/2707/1176
f 2102/2708/1177 2104/5567/1177 2103/2709/1177
f 2103/2710/1178 2104/5568/1178 2106/2711/1178
f 2105/2712/1179 2106/2711/1179 2108/2713/1179
f 2107/2714/1938 2108/2713/1938 2110/2715/1938
f 2086/2719/1181 2084/5569/1181 2082/5570/1181
f 2082/5570/1939 2112/5571/1939 2110/5572/1939
f 2110/5572/1181 2108/5573/1181 2106/5574/1181
f 2106/5574/1939 2104/5575/1939 2102/2717/1939
f 2102/2717/1940 2100/5576/1940 2098/5577/1940
f 2098/5577/1939 2096/5578/1939 2094/2718/1939
f 2094/2718/1181 2092/5579/1181 2090/5580/1181
f 2090/5580/1181 2088/5581/1181 2086/2719/1181
f 2086/2719/1181 2082/5570/1181 2110/5572/1181
f 2110/5572/1181 2106/5574/1181 2102/2717/1181
f 2102/2717/1181 2098/5577/1181 2094/2718/1181
f 2094/2718/1181 2090/5580/1181 2086/2719/1181
f 2086/2719/1181 2110/5572/1181 2102/2717/1181
f 2109/2716/1182 2110/2715/1182 2112/2720/1182
f 2111/2722/1183 2112/5582/1183 2082/2723/1183
f 2111/2726/1184 2081/5583/1184 2083/5584/1184
f 2083/5584/1184 2085/5585/1184 2087/5586/1184
f 2087/5586/1184 2089/5587/1184 2091/5588/1184
f 2091/5588/1184 2093/5589/1184 2095/2724/1184
f 2095/2724/1184 2097/5590/1184 2099/5591/1184
f 2099/5591/1941 2101/5592/1941 2103/2725/1941
f 2103/2725/1942 2105/5593/1942 2107/5594/1942
f 2107/5594/1184 2109/5595/1184 2111/2726/1184
f 2111/2726/1942 2083/5584/1942 2087/5586/1942
f 2087/5586/1184 2091/5588/1184 2095/2724/1184
f 2095/2724/1184 2099/5591/1184 2103/2725/1184
f 2103/2725/1184 2107/5594/1184 2111/2726/1184
f 2111/2726/1184 2087/5586/1184 2095/2724/1184
f 2113/2727/1185 2114/2764/1185 2116/2728/1185
f 2115/2730/1943 2116/5596/1943 2118/2731/1943
f 2117/2732/1187 2118/2731/1187 2120/2733/1187
f 2119/2734/1188 2120/2733/1188 2122/2735/1188
f 2122/2735/1189 2124/5597/1189 2123/2737/1189
f 2124/2738/1190 2126/2741/1190 2125/2739/1190
f 2126/2741/1944 2128/2743/1944 2127/2742/1944
f 2128/2743/1192 2130/2745/1192 2129/2744/1192
f 2130/2745/1193 2132/5598/1193 2131/2746/1193
f 2132/2747/1945 2134/2750/1945 2133/2748/1945
f 2134/2750/1946 2136/2752/1946 2135/2751/1946
f 2136/2752/1196 2138/5599/1196 2137/2753/1196
f 2137/2753/1197 2138/5599/1197 2140/2754/1197
f 2139/2756/1947 2140/5600/1947 2142/2757/1947
f 2118/2761/1948 2116/5601/1948 2114/5602/1948
f 2114/5602/1199 2144/5603/1199 2142/5604/1199
f 2142/5604/1199 2140/5605/1199 2138/5606/1199
f 2138/5606/1948 2136/5607/1948 2134/2759/1948
f 2134/2759/1199 2132/5608/1199 2130/5609/1199
f 2130/5609/1948 2128/5610/1948 2126/2760/1948
f 2126/2760/1948 2124/5611/1948 2122/5612/1948
f 2122/5612/1948 2120/5613/1948 2118/2761/1948
f 2118/2761/1199 2114/5602/1199 2142/5604/1199
f 2142/5604/1199 2138/5606/1199 2134/2759/1199
f 2134/2759/1199 2130/5609/1199 2126/2760/1199
f 2126/2760/1199 2122/5612/1199 2118/2761/1199
f 2118/2761/1199 2142/5604/1199 2134/2759/1199
f 2141/2758/1200 2142/2757/1200 2144/2762/1200
f 2143/2763/1201 2144/2762/1201 2114/2764/1201
f 2143/2767/1202 2113/5614/1202 2115/5615/1202
f 2115/5615/1949 2117/5616/1949 2119/5617/1949
f 2119/5617/1202 2121/5618/1202 2123/5619/1202
f 2123/5619/1202 2125/5620/1202 2127/2765/1202
f 2127/2765/1202 2129/5621/1202 2131/5622/1202
f 2131/5622/1949 2133/5623/1949 2135/2766/1949
f 2135/2766/1202 2137/5624/1202 2139/5625/1202
f 2139/5625/1202 2141/5626/1202 2143/2767/1202
f 2143/2767/1202 2115/5615/1202 2119/5617/1202
f 2119/5617/1202 2123/5619/1202 2127/2765/1202
f 2127/2765/1202 2131/5622/1202 2135/2766/1202
f 2135/2766/1949 2139/5625/1949 2143/2767/1949
f 2143/2767/1202 2119/5617/1202 2127/2765/1202
f 2146/2768/1203 2148/2771/1203 2147/2769/1203
f 2148/2771/1204 2150/2773/1204 2149/2772/1204
f 2150/2773/1205 2152/5627/1205 2151/2774/1205
f 2152/2775/1206 2154/5628/1206 2153/2776/1206
f 2153/2776/1207 2154/5628/1207 2156/2778/1207
f 2155/2779/1208 2156/2778/1208 2158/2780/1208
f 2157/2782/1209 2158/5629/1209 2160/2783/1209
f 2159/2784/1210 2160/2783/1210 2162/2785/1210
f 2161/2786/1211 2162/2785/1211 2164/2787/1211
f 2163/2788/1212 2164/2787/1212 2166/2789/1212
f 2165/2790/1213 2166/2789/1213 2168/2791/1213
f 2167/2793/1950 2168/5630/1950 2170/2794/1950
f 2170/2794/1215 2172/2797/1215 2171/2796/1215
f 2172/2797/1216 2174/5631/1216 2173/2798/1216
f 2150/2801/1217 2148/5632/1217 2146/5633/1217
f 2146/5633/1951 2176/5634/1951 2174/5635/1951
f 2174/5635/1217 2172/5636/1217 2170/5637/1217
f 2170/5637/1217 2168/5638/1217 2166/2799/1217
f 2166/2799/1217 2164/5639/1217 2162/5640/1217
f 2162/5640/1217 2160/5641/1217 2158/2800/1217
f 2158/2800/1217 2156/5642/1217 2154/5643/1217
f 2154/5643/1217 2152/5644/1217 2150/2801/1217
f 2150/2801/1217 2146/5633/1217 2174/5635/1217
f 2174/5635/1217 2170/5637/1217 2166/2799/1217
f 2166/2799/1217 2162/5640/1217 2158/2800/1217
f 2158/2800/1217 2154/5643/1217 2150/2801/1217
f 2150/2801/1217 2174/5635/1217 2166/2799/1217
f 2174/2802/1218 2176/2805/1218 2175/2803/1218
f 2176/2805/1219 2146/2768/1219 2145/2770/1219
f 2175/2808/1220 2145/5645/1220 2147/5646/1220
f 2147/5646/1220 2149/5647/1220 2151/5648/1220
f 2151/5648/1220 2153/5649/1220 2155/5650/1220
f 2155/5650/1220 2157/5651/1220 2159/2806/1220
f 2159/2806/1220 2161/5652/1220 2163/5653/1220
f 2163/5653/1220 2165/5654/1220 2167/2807/1220
f 2167/2807/1220 2169/5655/1220 2171/5656/1220
f 2171/5656/1220 2173/5657/1220 2175/2808/1220
f 2175/2808/1220 2147/5646/1220 2151/5648/1220
f 2151/5648/1220 2155/5650/1220 2159/2806/1220
f 2159/2806/1220 2163/5653/1220 2167/2807/1220
f 2167/2807/1220 2171/5656/1220 2175/2808/1220
f 2175/2808/1220 2151/5648/1220 2159/2806/1220
f 2178/2809/1221 2180/2812/1221 2179/2810/1221
f 2180/2812/1222 2182/2814/1222 2181/2813/1222
f 2182/2814/1223 2184/5658/1223 2183/2815/1223
f 2184/2816/1224 2186/5659/1224 2185/2817/1224
f 2185/2817/1225 2186/5659/1225 2188/2819/1225
f 2187/2820/1226 2188/2819/1226 2190/2821/1226
f 2189/2823/1227 2190/5660/1227 2192/2824/1227
f 2191/2825/1228 2192/2824/1228 2194/2826/1228
f 2193/2827/1229 2194/2826/1229 2196/2828/1229
f 2195/2829/1952 2196/2828/1952 2198/2830/1952
f 2197/2831/1231 2198/2830/1231 2200/2832/1231
f 2199/2834/1232 2200/5661/1232 2202/2835/1232
f 2202/2835/1953 2204/2838/1953 2203/2837/1953
f 2204/2838/1234 2206/5662/1234 2205/2839/1234
f 2182/2842/1235 2180/5663/1235 2178/5664/1235
f 2178/5664/1954 2208/5665/1954 2206/5666/1954
f 2206/5666/1955 2204/5667/1955 2202/5668/1955
f 2202/5668/1956 2200/5669/1956 2198/2840/1956
f 2198/2840/1955 2196/5670/1955 2194/5671/1955
f 2194/5671/1235 2192/5672/1235 2190/2841/1235
f 2190/2841/1235 2188/5673/1235 2186/5674/1235
f 2186/5674/1955 2184/5675/1955 2182/2842/1955
f 2182/2842/1235 2178/5664/1235 2206/5666/1235
f 2206/5666/1955 2202/5668/1955 2198/2840/1955
f 2198/2840/1235 2194/5671/1235 2190/2841/1235
f 2190/2841/1955 2186/5674/1955 2182/2842/1955
f 2182/2842/1235 2206/5666/1235 2198/2840/1235
f 2206/2843/1236 2208/2846/1236 2207/2844/1236
f 2208/2846/1237 2178/2809/1237 2177/2811/1237
f 2207/2849/1238 2177/5676/1238 2179/5677/1238
f 2179/5677/1957 2181/5678/1957 2183/5679/1957
f 2183/5679/1957 2185/5680/1957 2187/5681/1957
f 2187/5681/1957 2189/5682/1957 2191/2847/1957
f 2191/2847/1238 2193/5683/1238 2195/5684/1238
f 2195/5684/1957 2197/5685/1957 2199/2848/1957
f 2199/2848/1957 2201/5686/1957 2203/5687/1957
f 2203/5687/1957 2205/5688/1957 2207/2849/1957
f 2207/2849/1957 2179/5677/1957 2183/5679/1957
f 2183/5679/1238 2187/5681/1238 2191/2847/1238
f 2191/2847/1238 2195/5684/1238 2199/2848/1238
f 2199/2848/1238 2203/5687/1238 2207/2849/1238
f 2207/2849/1238 2183/5679/1238 2191/2847/1238
f 2210/2850/1239 2212/2853/1239 2211/2851/1239
f 2212/2853/1240 2214/2855/1240 2213/2854/1240
f 2214/2855/1241 2216/5689/1241 2215/2856/1241
f 2216/2857/1242 2218/5690/1242 2217/2858/1242
f 2217/2858/1243 2218/5690/1243 2220/2860/1243
f 2219/2861/1244 2220/2860/1244 2222/2862/1244
f 2221/2864/1245 2222/5691/1245 2224/2865/1245
f 2223/2866/1246 2224/2865/1246 2226/2867/1246
f 2225/2868/1958 2226/2867/1958 2228/2869/1958
f 2227/2870/1248 2228/2869/1248 2230/2871/1248
f 2229/2872/1249 2230/2871/1249 2232/2873/1249
f 2231/2875/1250 2232/5692/1250 2234/2876/1250
f 2234/2876/1251 2236/2879/1251 2235/2878/1251
f 2236/2879/1252 2238/5693/1252 2237/2880/1252
f 2214/2883/1959 2212/5694/1959 2210/5695/1959
f 2210/5695/1959 2240/5696/1959 2238/5697/1959
f 2238/5697/1253 2236/5698/1253 2234/5699/1253
f 2234/5699/1253 2232/5700/1253 2230/2881/1253
f 2230/2881/1960 2228/5701/1960 2226/5702/1960
f 2226/5702/1253 2224/5703/1253 2222/2882/1253
f 2222/2882/1253 2220/5704/1253 2218/5705/1253
f 2218/5705/1959 2216/5706/1959 2214/2883/1959
f 2214/2883/1253 2210/5695/1253 2238/5697/1253
f 2238/5697/1959 2234/5699/1959 2230/2881/1959
f 2230/2881/1959 2226/5702/1959 2222/2882/1959
f 2222/2882/1959 2218/5705/1959 2214/2883/1959
f 2214/2883/1959 2238/5697/1959 2230/2881/1959
f 2238/2884/1254 2240/2887/1254 2239/2885/1254
f 2240/2887/1255 2210/2850/1255 2209/2852/1255
f 2239/2890/1961 2209/5707/1961 2211/5708/1961
f 2211/5708/1961 2213/5709/1961 2215/5710/1961
f 2215/5710/1256 2217/5711/1256 2219/5712/1256
f 2219/5712/1256 2221/5713/1256 2223/2888/1256
f 2223/2888/1961 2225/5714/1961 2227/5715/1961
f 2227/5715/1961 2229/5716/1961 2231/2889/1961
f 2231/2889/1256 2233/5717/1256 2235/5718/1256
f 2235/5718/1256 2237/5719/1256 2239/2890/1256
f 2239/2890/1256 2211/5708/1256 2215/5710/1256
f 2215/5710/1256 2219/5712/1256 2223/2888/1256
f 2223/2888/1256 2227/5715/1256 2231/2889/1256
f 2231/2889/1961 2235/5718/1961 2239/2890/1961
f 2239/2890/1256 2215/5710/1256 2223/2888/1256
f 2242/2891/1257 2244/5720/1257 2243/2892/1257
f 2243/2892/1258 2244/5720/1258 2246/2894/1258
f 2245/2895/1259 2246/2894/1259 2248/2896/1259
f 2247/2898/1260 2248/5721/1260 2250/2899/1260
f 2249/2900/1261 2250/2899/1261 2252/2901/1261
f 2251/2902/1262 2252/2901/1262 2254/2903/1262
f 2253/2905/1962 2254/2924/1962 2256/2906/1962
f 2255/2908/1264 2256/5722/1264 2258/2909/1264
f 2257/2910/1963 2258/2909/1963 2260/2911/1963
f 2260/2911/1266 2262/2914/1266 2261/2913/1266
f 2262/2914/1267 2264/5723/1267 2263/2915/1267
f 2264/2916/1268 2266/2919/1268 2265/2917/1268
f 2266/2919/1269 2268/2921/1269 2267/2920/1269
f 2268/2921/1270 2270/5724/1270 2269/2922/1270
f 2246/2925/1271 2244/5725/1271 2242/5726/1271
f 2242/5726/1271 2272/5727/1271 2270/5728/1271
f 2270/5728/1271 2268/5729/1271 2266/5730/1271
f 2266/5730/1271 2264/5731/1271 2262/2923/1271
f 2262/2923/1271 2260/5732/1271 2258/5733/1271
f 2258/5733/1271 2256/2906/1271 2254/2924/1271
f 2254/2924/1271 2252/5734/1271 2250/5735/1271
f 2250/5735/1964 2248/5736/1964 2246/2925/1964
f 2246/2925/1271 2242/5726/1271 2270/5728/1271
f 2270/5728/1271 2266/5730/1271 2262/2923/1271
f 2262/2923/1271 2258/5733/1271 2254/2924/1271
f 2254/2924/1271 2250/5735/1271 2246/2925/1271
f 2246/2925/1271 2270/5728/1271 2262/2923/1271
f 2270/2926/1965 2272/5737/1965 2271/2927/1965
f 2272/2929/1273 2242/2891/1273 2241/2893/1273
f 2271/2927/1966 2241/5738/1966 2243/5739/1966
f 2243/5739/1967 2245/5740/1967 2247/5741/1967
f 2247/5741/1274 2249/5742/1274 2251/5743/1274
f 2251/5743/1968 2253/5744/1968 2255/2931/1968
f 2255/2931/1274 2257/5745/1274 2259/5746/1274
f 2259/5746/1274 2261/5747/1274 2263/2932/1274
f 2263/2932/1274 2265/5748/1274 2267/5749/1274
f 2267/5749/1967 2269/2928/1967 2271/2927/1967
f 2271/2927/1274 2243/5739/1274 2247/5741/1274
f 2247/5741/1274 2251/5743/1274 2255/2931/1274
f 2255/2931/1274 2259/5746/1274 2263/2932/1274
f 2263/2932/1274 2267/5749/1274 2271/2927/1274
f 2271/2927/1274 2247/5741/1274 2255/2931/1274
f 2274/2933/1275 2276/5750/1275 2275/2934/1275
f 2276/2936/1276 2278/2939/1276 2277/2937/1276
f 2278/2939/1277 2280/5751/1277 2279/2940/1277
f 2280/2941/1278 2282/2944/1278 2281/2942/1278
f 2282/2944/1279 2284/5752/1279 2283/2945/1279
f 2283/2945/1280 2284/5752/1280 2286/2946/1280
f 2285/2947/1281 2286/2946/1281 2288/2948/1281
f 2287/2950/1282 2288/5753/1282 2290/2951/1282
f 2289/2952/1283 2290/2951/1283 2292/2953/1283
f 2291/2955/1284 2292/5754/1284 2294/2956/1284
f 2293/2957/1285 2294/2956/1285 2296/2958/1285
f 2295/2960/1286 2296/5755/1286 2298/2961/1286
f 2297/2962/1287 2298/2961/1287 2300/2963/1287
f 2300/2963/1288 2302/2968/1288 2301/2965/1288
f 2278/2967/1289 2276/5756/1289 2274/5757/1289
f 2274/5757/1969 2304/5758/1969 2302/5759/1969
f 2302/5759/1969 2300/5760/1969 2298/5761/1969
f 2298/5761/1970 2296/2958/1970 2294/2956/1970
f 2294/2956/1289 2292/5754/1289 2290/5762/1289
f 2290/5762/1289 2288/5763/1289 2286/2966/1289
f 2286/2966/1970 2284/5764/1970 2282/5765/1970
f 2282/5765/1289 2280/5766/1289 2278/2967/1289
f 2278/2967/1289 2274/5757/1289 2302/5759/1289
f 2302/5759/1289 2298/5761/1289 2294/2956/1289
f 2294/2956/1289 2290/5762/1289 2286/2966/1289
f 2286/2966/1969 2282/5765/1969 2278/2967/1969
f 2278/2967/1289 2302/5759/1289 2294/2956/1289
f 2302/2968/1290 2304/5767/1290 2303/2969/1290
f 2304/2970/1291 2274/2933/1291 2273/2935/1291
f 2303/2974/1292 2273/5768/1292 2275/2938/1292
f 2275/2938/1292 2277/2937/1292 2279/2940/1292
f 2279/2940/1292 2281/5769/1292 2283/5770/1292
f 2283/5770/1292 2285/5771/1292 2287/2972/1292
f 2287/2972/1292 2289/5772/1292 2291/5773/1292
f 2291/5773/1292 2293/5774/1292 2295/2973/1292
f 2295/2973/1971 2297/5775/1971 2299/5776/1971
f 2299/5776/1292 2301/5777/1292 2303/2974/1292
f 2303/2974/1292 2275/2938/1292 2279/2940/1292
f 2279/2940/1971 2283/5770/1971 2287/2972/1971
f 2287/2972/1292 2291/5773/1292 2295/2973/1292
f 2295/2973/1292 2299/5776/1292 2303/2974/1292
f 2303/2974/1292 2279/2940/1292 2287/2972/1292
f 2306/2975/1293 2308/2978/1293 2307/2976/1293
f 2308/2978/1294 2310/5778/1294 2309/2979/1294
f 2310/2980/1295 2312/2983/1295 2311/2981/1295
f 2312/2983/1296 2314/5779/1296 2313/2984/1296
f 2313/2984/1297 2314/5779/1297 2316/2985/1297
f 2315/2986/1298 2316/2985/1298 2318/2987/1298
f 2317/2988/1299 2318/2987/1299 2320/2989/1299
f 2319/2991/1300 2320/5780/1300 2322/2992/1300
f 2321/2993/1301 2322/2992/1301 2324/2994/1301
f 2323/2995/1302 2324/2994/1302 2326/2996/1302
f 2325/2998/1972 2326/5781/1972 2328/2999/1972
f 2327/3000/1304 2328/2999/1304 2330/3001/1304
f 2330/3001/1305 2332/3004/1305 2331/3003/1305
f 2332/3004/1306 2334/3009/1306 2333/3005/1306
f 2310/3008/1307 2308/5782/1307 2306/5783/1307
f 2306/5783/1307 2336/5784/1307 2334/5785/1307
f 2334/5785/1973 2332/5786/1973 2330/5787/1973
f 2330/5787/1307 2328/5788/1307 2326/3006/1307
f 2326/3006/1307 2324/5789/1307 2322/5790/1307
f 2322/5790/1307 2320/5791/1307 2318/3007/1307
f 2318/3007/1307 2316/5792/1307 2314/5793/1307
f 2314/5793/1307 2312/5794/1307 2310/3008/1307
f 2310/3008/1307 2306/5783/1307 2334/5785/1307
f 2334/5785/1307 2330/5787/1307 2326/3006/1307
f 2326/3006/1307 2322/5790/1307 2318/3007/1307
f 2318/3007/1307 2314/5793/1307 2310/3008/1307
f 2310/3008/1307 2334/5785/1307 2326/3006/1307
f 2334/3009/1308 2336/5795/1308 2335/3010/1308
f 2336/3011/1309 2306/2975/1309 2305/2977/1309
f 2335/3015/1310 2305/5796/1310 2307/5797/1310
f 2307/5797/1310 2309/5798/1310 2311/5799/1310
f 2311/5799/1310 2313/5800/1310 2315/5801/1310
f 2315/5801/1310 2317/5802/1310 2319/3013/1310
f 2319/3013/1310 2321/5803/1310 2323/5804/1310
f 2323/5804/1310 2325/5805/1310 2327/3014/1310
f 2327/3014/1974 2329/5806/1974 2331/5807/1974
f 2331/5807/1310 2333/5808/1310 2335/3015/1310
f 2335/3015/1310 2307/5797/1310 2311/5799/1310
f 2311/5799/1310 2315/5801/1310 2319/3013/1310
f 2319/3013/1310 2323/5804/1310 2327/3014/1310
f 2327/3014/1310 2331/5807/1310 2335/3015/1310
f 2335/3015/1310 2311/5799/1310 2319/3013/1310
f 2338/3016/1311 2340/3019/1311 2339/3017/1311
f 2340/3019/1312 2342/3021/1312 2341/3020/1312
f 2342/3021/1313 2344/5809/1313 2343/3022/1313
f 2344/3023/1314 2346/5810/1314 2345/3024/1314
f 2345/3024/1315 2346/5810/1315 2348/3026/1315
f 2347/3027/1316 2348/3026/1316 2350/3028/1316
f 2349/3030/1317 2350/5811/1317 2352/3031/1317
f 2351/3032/1318 2352/3031/1318 2354/3033/1318
f 2353/3034/1319 2354/3033/1319 2356/3035/1319
f 2355/3036/1320 2356/3035/1320 2358/3037/1320
f 2357/3038/1975 2358/3037/1975 2360/3039/1975
f 2359/3041/1322 2360/5812/1322 2362/3042/1322
f 2362/3042/1323 2364/3045/1323 2363/3044/1323
f 2364/3045/1324 2366/5813/1324 2365/3046/1324
f 2342/3049/1976 2340/5814/1976 2338/5815/1976
f 2338/5815/1977 2368/5816/1977 2366/5817/1977
f 2366/5817/1978 2364/5818/1978 2362/5819/1978
f 2362/5819/1979 2360/5820/1979 2358/3047/1979
f 2358/3047/1325 2356/5821/1325 2354/5822/1325
f 2354/5822/1977 2352/5823/1977 2350/3048/1977
f 2350/3048/1980 2348/5824/1980 2346/5825/1980
f 2346/5825/1981 2344/5826/1981 2342/3049/1981
f 2342/3049/1980 2338/5815/1980 2366/5817/1980
f 2366/5817/1325 2362/5819/1325 2358/3047/1325
f 2358/3047/1980 2354/5822/1980 2350/3048/1980
f 2350/3048/1980 2346/5825/1980 2342/3049/1980
f 2342/3049/1980 2366/5817/1980 2358/3047/1980
f 2366/3050/1326 2368/3053/1326 2367/3051/1326
f 2368/3053/1327 2338/3016/1327 2337/3018/1327
f 2367/3056/1328 2337/5827/1328 2339/5828/1328
f 2339/5828/1982 2341/5829/1982 2343/5830/1982
f 2343/5830/1982 2345/5831/1982 2347/5832/1982
f 2347/5832/1328 2349/5833/1328 2351/3054/1328
f 2351/3054/1983 2353/5834/1983 2355/5835/1983
f 2355/5835/1982 2357/5836/1982 2359/3055/1982
f 2359/3055/1328 2361/5837/1328 2363/5838/1328
f 2363/5838/1984 2365/5839/1984 2367/3056/1984
f 2367/3056/1328 2339/5828/1328 2343/5830/1328
f 2343/5830/1328 2347/5832/1328 2351/3054/1328
f 2351/3054/1982 2355/5835/1982 2359/3055/1982
f 2359/3055/1982 2363/5838/1982 2367/3056/1982
f 2367/3056/1328 2343/5830/1328 2351/3054/1328
f 2370/3057/1329 2372/3060/1329 2371/3058/1329
f 2372/3060/1330 2374/3062/1330 2373/3061/1330
f 2374/3062/1331 2376/5840/1331 2375/3063/1331
f 2375/3064/1332 2376/5841/1332 2378/3065/1332
f 2377/3066/1333 2378/3065/1333 2380/3067/1333
f 2379/3068/1334 2380/3067/1334 2382/3069/1334
f 2381/3071/1335 2382/5842/1335 2384/3072/1335
f 2383/3073/1985 2384/3072/1985 2386/3074/1985
f 2385/3075/1337 2386/3074/1337 2388/3076/1337
f 2387/3077/1338 2388/3076/1338 2390/3078/1338
f 2389/3079/1339 2390/3078/1339 2392/3080/1339
f 2392/3082/1340 2394/3085/1340 2393/3083/1340
f 2394/3085/1341 2396/3087/1341 2395/3086/1341
f 2396/3087/1342 2398/5843/1342 2397/3088/1342
f 2374/3091/1986 2372/5844/1986 2370/5845/1986
f 2370/5845/1343 2400/5846/1343 2398/5847/1343
f 2398/5847/1987 2396/5848/1987 2394/5849/1987
f 2394/5849/1988 2392/5850/1988 2390/3089/1988
f 2390/3089/1988 2388/5851/1988 2386/5852/1988
f 2386/5852/1343 2384/5853/1343 2382/3090/1343
f 2382/3090/1987 2380/5854/1987 2378/5855/1987
f 2378/5855/1987 2376/5856/1987 2374/3091/1987
f 2374/3091/1343 2370/5845/1343 2398/5847/1343
f 2398/5847/1989 2394/5849/1989 2390/3089/1989
f 2390/3089/1343 2386/5852/1343 2382/3090/1343
f 2382/3090/1987 2378/5855/1987 2374/3091/1987
f 2374/3091/1343 2398/5847/1343 2390/3089/1343
f 2398/3092/1344 2400/3095/1344 2399/3093/1344
f 2400/3095/1990 2370/3057/1990 2369/3059/1990
f 2399/3098/1991 2369/5857/1991 2371/5858/1991
f 2371/5858/1991 2373/5859/1991 2375/5860/1991
f 2375/5860/1346 2377/5861/1346 2379/5862/1346
f 2379/5862/1992 2381/5863/1992 2383/3096/1992
f 2383/3096/1346 2385/5864/1346 2387/5865/1346
f 2387/5865/1993 2389/5866/1993 2391/3097/1993
f 2391/3097/1993 2393/5867/1993 2395/5868/1993
f 2395/5868/1992 2397/5869/1992 2399/3098/1992
f 2399/3098/1992 2371/5858/1992 2375/5860/1992
f 2375/5860/1993 2379/5862/1993 2383/3096/1993
f 2383/3096/1991 2387/5865/1991 2391/3097/1991
f 2391/3097/1991 2395/5868/1991 2399/3098/1991
f 2399/3098/1346 2375/5860/1346 2383/3096/1346
f 2402/3099/1994 2404/3102/1994 2403/3100/1994
f 2404/3102/1348 2406/5870/1348 2405/3103/1348
f 2406/3104/1349 2408/5871/1349 2407/3105/1349
f 2407/3105/1350 2408/5871/1350 2410/3107/1350
f 2409/3108/1351 2410/3107/1351 2412/3109/1351
f 2411/3110/1352 2412/3109/1352 2414/3111/1352
f 2413/3113/1353 2414/5872/1353 2416/3114/1353
f 2415/3115/1354 2416/3114/1354 2418/3116/1354
f 2417/3117/1995 2418/3116/1995 2420/3118/1995
f 2419/3119/1356 2420/3118/1356 2422/3120/1356
f 2421/3122/1357 2422/5873/1357 2424/3123/1357
f 2424/3123/1358 2426/3126/1358 2425/3125/1358
f 2426/3126/1359 2428/3128/1359 2427/3127/1359
f 2428/3128/1360 2430/5874/1360 2429/3129/1360
f 2406/3132/1361 2404/5875/1361 2402/5876/1361
f 2402/5876/1361 2432/5877/1361 2430/5878/1361
f 2430/5878/1361 2428/5879/1361 2426/5880/1361
f 2426/5880/1361 2424/5881/1361 2422/3130/1361
f 2422/3130/1361 2420/5882/1361 2418/5883/1361
f 2418/5883/1361 2416/5884/1361 2414/3131/1361
f 2414/3131/1361 2412/5885/1361 2410/5886/1361
f 2410/5886/1361 2408/5887/1361 2406/3132/1361
f 2406/3132/1361 2402/5876/1361 2430/5878/1361
f 2430/5878/1361 2426/5880/1361 2422/3130/1361
f 2422/3130/1361 2418/5883/1361 2414/3131/1361
f 2414/3131/1361 2410/5886/1361 2406/3132/1361
f 2406/3132/1361 2430/5878/1361 2422/3130/1361
f 2430/3133/1362 2432/3136/1362 2431/3134/1362
f 2432/3136/1363 2402/3099/1363 2401/3101/1363
f 2431/3139/1364 2401/5888/1364 2403/5889/1364
f 2403/5889/1996 2405/5890/1996 2407/5891/1996
f 2407/5891/1364 2409/5892/1364 2411/5893/1364
f 2411/5893/1364 2413/5894/1364 2415/3137/1364
f 2415/3137/1364 2417/5895/1364 2419/5896/1364
f 2419/5896/1996 2421/5897/1996 2423/3138/1996
f 2423/3138/1364 2425/5898/1364 2427/5899/1364
f 2427/5899/1364 2429/5900/1364 2431/3139/1364
f 2431/3139/1364 2403/5889/1364 2407/5891/1364
f 2407/5891/1364 2411/5893/1364 2415/3137/1364
f 2415/3137/1364 2419/5896/1364 2423/3138/1364
f 2423/3138/1364 2427/5899/1364 2431/3139/1364
f 2431/3139/1364 2407/5891/1364 2415/3137/1364
f 2433/3140/1365 2434/3180/1365 2436/3141/1365
f 2435/3143/1366 2436/5901/1366 2438/3144/1366
f 2437/3145/1367 2438/3144/1367 2440/3146/1367
f 2439/3147/1368 2440/3146/1368 2442/3148/1368
f 2442/3150/1369 2444/3153/1369 2443/3151/1369
f 2444/3153/1370 2446/3155/1370 2445/3154/1370
f 2446/3155/1997 2448/5902/1997 2447/3156/1997
f 2448/3157/1372 2450/3160/1372 2449/3158/1372
f 2450/3160/1373 2452/5903/1373 2451/3161/1373
f 2452/3162/1374 2454/3165/1374 2453/3163/1374
f 2454/3165/1375 2456/3167/1375 2455/3166/1375
f 2456/3167/1376 2458/5904/1376 2457/3168/1376
f 2457/3169/1377 2458/5905/1377 2460/3170/1377
f 2459/3171/1378 2460/3170/1378 2462/3172/1378
f 2438/3176/1379 2436/5906/1379 2434/5907/1379
f 2434/5907/1379 2464/5908/1379 2462/5909/1379
f 2462/5909/1379 2460/5910/1379 2458/5911/1379
f 2458/5911/1379 2456/5912/1379 2454/3174/1379
f 2454/3174/1379 2452/5903/1379 2450/3160/1379
f 2450/3160/1998 2448/3157/1998 2446/3175/1998
f 2446/3175/1379 2444/5913/1379 2442/5914/1379
f 2442/5914/1379 2440/5915/1379 2438/3176/1379
f 2438/3176/1379 2434/5907/1379 2462/5909/1379
f 2462/5909/1379 2458/5911/1379 2454/3174/1379
f 2454/3174/1379 2450/3160/1379 2446/3175/1379
f 2446/3175/1379 2442/5914/1379 2438/3176/1379
f 2438/3176/1379 2462/5909/1379 2454/3174/1379
f 2461/3173/1380 2462/3172/1380 2464/3177/1380
f 2463/3179/1381 2464/5916/1381 2434/3180/1381
f 2463/3179/1382 2433/3140/1382 2435/3142/1382
f 2435/3142/1382 2437/5917/1382 2439/5918/1382
f 2439/5918/1382 2441/5919/1382 2443/5920/1382
f 2443/5920/1382 2445/5921/1382 2447/3181/1382
f 2447/3181/1382 2449/5922/1382 2451/5923/1382
f 2451/5923/1382 2453/5924/1382 2455/3182/1382
f 2455/3182/1382 2457/5925/1382 2459/5926/1382
f 2459/5926/1382 2461/5927/1382 2463/3179/1382
f 2463/3179/1382 2435/3142/1382 2439/5918/1382
f 2439/5918/1382 2443/5920/1382 2447/3181/1382
f 2447/3181/1382 2451/5923/1382 2455/3182/1382
f 2455/3182/1382 2459/5926/1382 2463/3179/1382
f 2463/3179/1382 2439/5918/1382 2447/3181/1382
f 2465/3183/1383 2466/3220/1383 2468/3184/1383
f 2467/3185/1384 2468/3184/1384 2470/3186/1384
f 2469/3188/1385 2470/5928/1385 2472/3189/1385
f 2471/3190/1386 2472/3189/1386 2474/3191/1386
f 2474/3191/1387 2476/3194/1387 2475/3193/1387
f 2476/3194/1388 2478/5929/1388 2477/3195/1388
f 2478/3196/1389 2480/3199/1389 2479/3197/1389
f 2480/3199/1390 2482/3201/1390 2481/3200/1390
f 2482/3201/1391 2484/3203/1391 2483/3202/1391
f 2484/3203/1392 2486/5930/1392 2485/3204/1392
f 2486/3205/1393 2488/3208/1393 2487/3206/1393
f 2488/3208/1394 2490/5931/1394 2489/3209/1394
f 2489/3209/1395 2490/5931/1395 2492/3210/1395
f 2491/3211/1396 2492/3210/1396 2494/3212/1396
f 2470/3216/1397 2468/5932/1397 2466/5933/1397
f 2466/5933/1999 2496/5934/1999 2494/5935/1999
f 2494/5935/2000 2492/5936/2000 2490/5937/2000
f 2490/5937/1397 2488/5938/1397 2486/3214/1397
f 2486/3214/1397 2484/5939/1397 2482/5940/1397
f 2482/5940/1397 2480/5941/1397 2478/3215/1397
f 2478/3215/1397 2476/5942/1397 2474/5943/1397
f 2474/5943/1397 2472/5944/1397 2470/3216/1397
f 2470/3216/1397 2466/5933/1397 2494/5935/1397
f 2494/5935/1397 2490/5937/1397 2486/3214/1397
f 2486/3214/1397 2482/5940/1397 2478/3215/1397
f 2478/3215/2000 2474/5943/2000 2470/3216/2000
f 2470/3216/1397 2494/5935/1397 2486/3214/1397
f 2493/3217/1398 2494/5945/1398 2496/3218/1398
f 2495/3219/1399 2496/3218/1399 2466/3220/1399
f 2495/3223/1400 2465/5946/1400 2467/5947/1400
f 2467/5947/1400 2469/5948/1400 2471/5949/1400
f 2471/5949/1400 2473/5950/1400 2475/5951/1400
f 2475/5951/2001 2477/5952/2001 2479/3221/2001
f 2479/3221/1400 2481/5953/1400 2483/5954/1400
f 2483/5954/1400 2485/5955/1400 2487/3222/1400
f 2487/3222/1400 2489/5956/1400 2491/5957/1400
f 2491/5957/1400 2493/5958/1400 2495/3223/1400
f 2495/3223/1400 2467/5947/1400 2471/5949/1400
f 2471/5949/1400 2475/5951/1400 2479/3221/1400
f 2479/3221/1400 2483/5954/1400 2487/3222/1400
f 2487/3222/1400 2491/5957/1400 2495/3223/1400
f 2495/3223/1400 2471/5949/1400 2479/3221/1400
f 2497/3224/1401 2498/3263/1401 2500/3225/1401
f 2499/3226/1402 2500/3225/1402 2502/3227/1402
f 2501/3228/1403 2502/3227/1403 2504/3229/1403
f 2503/3231/1404 2504/5959/1404 2506/3232/1404
f 2506/3234/1405 2508/3237/1405 2507/3235/1405
f 2508/3237/1406 2510/3258/1406 2509/3238/1406
f 2510/3239/1407 2512/3242/1407 2511/3240/1407
f 2512/3242/1408 2514/3244/1408 2513/3243/1408
f 2514/3244/1409 2516/3246/1409 2515/3245/1409
f 2516/3246/1410 2518/3248/1410 2517/3247/1410
f 2518/3248/1411 2520/5960/1411 2519/3249/1411
f 2520/3232/1412 2522/5961/1412 2521/3250/1412
f 2521/3252/1413 2522/5962/1413 2524/3253/1413
f 2523/3254/1414 2524/3253/1414 2526/3255/1414
f 2502/3259/1415 2500/5963/1415 2498/5964/1415
f 2498/5964/2002 2528/5965/2002 2526/5966/2002
f 2526/5966/2003 2524/5967/2003 2522/5968/2003
f 2522/5968/2003 2520/5969/2003 2518/3257/2003
f 2518/3257/2003 2516/5970/2003 2514/5971/2003
f 2514/5971/1415 2512/5972/1415 2510/3258/1415
f 2510/3258/2003 2508/3237/2003 2506/3234/2003
f 2506/3234/2002 2504/5973/2002 2502/3259/2002
f 2502/3259/1415 2498/5964/1415 2526/5966/1415
f 2526/5966/1415 2522/5968/1415 2518/3257/1415
f 2518/3257/1415 2514/5971/1415 2510/3258/1415
f 2510/3258/1415 2506/3234/1415 2502/3259/1415
f 2502/3259/1415 2526/5966/1415 2518/3257/1415
f 2525/3260/2004 2526/5974/2004 2528/3261/2004
f 2527/3262/1417 2528/3261/1417 2498/3263/1417
f 2527/3266/1418 2497/5975/1418 2499/5976/1418
f 2499/5976/1418 2501/5977/1418 2503/5978/1418
f 2503/5978/2005 2505/5979/2005 2507/5980/2005
f 2507/5980/2005 2509/5981/2005 2511/3264/2005
f 2511/3264/2006 2513/5982/2006 2515/5983/2006
f 2515/5983/1418 2517/5984/1418 2519/3265/1418
f 2519/3265/1418 2521/3252/1418 2523/3254/1418
f 2523/3254/1418 2525/3256/1418 2527/3266/1418
f 2527/3266/1418 2499/5976/1418 2503/5978/1418
f 2503/5978/2006 2507/5980/2006 2511/3264/2006
f 2511/3264/2006 2515/5983/2006 2519/3265/2006
f 2519/3265/1418 2523/3254/1418 2527/3266/1418
f 2527/3266/1418 2503/5978/1418 2511/3264/1418
f 2529/3267/1419 2530/3306/1419 2532/3268/1419
f 2532/3270/1420 2534/3273/1420 2533/3271/1420
f 2534/3273/1421 2536/5985/1421 2535/3274/1421
f 2536/3275/1422 2538/3278/1422 2537/3276/1422
f 2538/3278/1423 2540/3280/1423 2539/3279/1423
f 2540/3280/1424 2542/3282/1424 2541/3281/1424
f 2542/3282/1425 2544/5986/1425 2543/3283/1425
f 2544/3284/1426 2546/3287/1426 2545/3285/1426
f 2546/3287/1427 2548/5987/1427 2547/3288/1427
f 2547/3289/1428 2548/5988/1428 2550/3290/1428
f 2549/3291/1429 2550/3290/1429 2552/3292/1429
f 2551/3294/1430 2552/5989/1430 2554/3295/1430
f 2553/3296/2007 2554/3295/2007 2556/3297/2007
f 2555/3298/1432 2556/3297/1432 2558/3299/1432
f 2534/3273/2008 2532/3270/2008 2530/5990/2008
f 2530/5990/2008 2560/5991/2008 2558/5992/2008
f 2558/5992/2008 2556/5993/2008 2554/5994/2008
f 2554/5994/1433 2552/5995/1433 2550/3301/1433
f 2550/3301/2008 2548/5996/2008 2546/5997/2008
f 2546/5997/2009 2544/5998/2009 2542/3302/2009
f 2542/3302/2009 2540/5999/2009 2538/6000/2009
f 2538/6000/2008 2536/5985/2008 2534/3273/2008
f 2534/3273/1433 2530/5990/1433 2558/5992/1433
f 2558/5992/1433 2554/5994/1433 2550/3301/1433
f 2550/3301/1433 2546/5997/1433 2542/3302/1433
f 2542/3302/1433 2538/6000/1433 2534/3273/1433
f 2534/3273/1433 2558/5992/1433 2550/3301/1433
f 2557/3300/1434 2558/3299/1434 2560/3303/1434
f 2559/3305/1435 2560/6001/1435 2530/3306/1435
f 2559/3308/1436 2529/6002/1436 2531/6003/1436
f 2531/6003/1436 2533/6004/1436 2535/6005/1436
f 2535/6005/2010 2537/6006/2010 2539/6007/2010
f 2539/6007/2010 2541/6008/2010 2543/3307/2010
f 2543/3307/2010 2545/6009/2010 2547/3289/2010
f 2547/3289/1436 2549/3291/1436 2551/3293/1436
f 2551/3293/1436 2553/6010/1436 2555/6011/1436
f 2555/6011/2010 2557/6012/2010 2559/3308/2010
f 2559/3308/1436 2531/6003/1436 2535/6005/1436
f 2535/6005/1436 2539/6007/1436 2543/3307/1436
f 2543/3307/1436 2547/3289/1436 2551/3293/1436
f 2551/3293/1436 2555/6011/1436 2559/3308/1436
f 2559/3308/1436 2535/6005/1436 2543/3307/1436
f 2561/3309/2011 2562/6013/2011 2564/3310/2011
f 2563/3311/1438 2564/3310/1438 2566/3312/1438
f 2565/3313/1439 2566/3312/1439 2568/3314/1439
f 2567/3315/1440 2568/3314/1440 2570/3316/1440
f 2570/3316/1441 2572/6014/1441 2571/3318/1441
f 2572/3319/1442 2574/3322/1442 2573/3320/1442
f 2574/3322/1443 2576/3324/1443 2575/3323/1443
f 2576/3324/1444 2578/6015/1444 2577/3325/1444
f 2578/3326/2012 2580/3329/2012 2579/3327/2012
f 2580/3329/1446 2582/3331/1446 2581/3330/1446
f 2582/3331/1447 2584/3333/1447 2583/3332/1447
f 2584/3333/1448 2586/6016/1448 2585/3334/1448
f 2585/3334/1449 2586/6016/1449 2588/3335/1449
f 2587/3337/1450 2588/6017/1450 2590/3338/1450
f 2566/3342/2013 2564/6018/2013 2562/6019/2013
f 2562/6019/1451 2592/6020/1451 2590/6021/1451
f 2590/6021/1451 2588/6022/1451 2586/6023/1451
f 2586/6023/2014 2584/6024/2014 2582/3340/2014
f 2582/3340/1451 2580/6025/1451 2578/6026/1451
f 2578/6026/2013 2576/6027/2013 2574/3341/2013
f 2574/3341/1451 2572/6028/1451 2570/6029/1451
f 2570/6029/1451 2568/6030/1451 2566/3342/1451
f 2566/3342/2013 2562/6019/2013 2590/6021/2013
f 2590/6021/2014 2586/6023/2014 2582/3340/2014
f 2582/3340/1451 2578/6026/1451 2574/3341/1451
f 2574/3341/1451 2570/6029/1451 2566/3342/1451
f 2566/3342/1451 2590/6021/1451 2582/3340/1451
f 2589/3339/1452 2590/3338/1452 2592/3343/1452
f 2591/3344/1453 2592/3343/1453 2562/3345/1453
f 2591/3349/1454 2561/6031/1454 2563/6032/1454
f 2563/6032/1454 2565/6033/1454 2567/6034/1454
f 2567/6034/1454 2569/6035/1454 2571/6036/1454
f 2571/6036/1454 2573/6037/1454 2575/3347/1454
f 2575/3347/1454 2577/6038/1454 2579/6039/1454
f 2579/6039/2015 2581/6040/2015 2583/3348/2015
f 2583/3348/2015 2585/6041/2015 2587/6042/2015
f 2587/6042/1454 2589/6043/1454 2591/3349/1454
f 2591/3349/1454 2563/6032/1454 2567/6034/1454
f 2567/6034/2016 2571/6036/2016 2575/3347/2016
f 2575/3347/1454 2579/6039/1454 2583/3348/1454
f 2583/3348/1454 2587/6042/1454 2591/3349/1454
f 2591/3349/2016 2567/6034/2016 2575/3347/2016
f 2593/3350/2017 2594/3387/2017 2596/3351/2017
f 2595/3352/1456 2596/3351/1456 2598/3353/1456
f 2597/3355/2018 2598/6044/2018 2600/3356/2018
f 2599/3357/1458 2600/3356/1458 2602/3358/1458
f 2602/3358/1459 2604/3361/1459 2603/3360/1459
f 2604/3361/1460 2606/6045/1460 2605/3362/1460
f 2606/3363/1461 2608/3366/1461 2607/3364/1461
f 2608/3366/1462 2610/3368/1462 2609/3367/1462
f 2610/3368/1463 2612/3370/1463 2611/3369/1463
f 2612/3370/1464 2614/6046/1464 2613/3371/1464
f 2614/3372/1465 2616/3375/1465 2615/3373/1465
f 2616/3375/1466 2618/6047/1466 2617/3376/1466
f 2617/3376/1467 2618/6047/1467 2620/3377/1467
f 2619/3378/1468 2620/3377/1468 2622/3379/1468
f 2598/3383/2019 2596/6048/2019 2594/6049/2019
f 2594/6049/2020 2624/6050/2020 2622/6051/2020
f 2622/6051/1469 2620/6052/1469 2618/6053/1469
f 2618/6053/2019 2616/6054/2019 2614/3381/2019
f 2614/3381/2019 2612/6055/2019 2610/6056/2019
f 2610/6056/2020 2608/6057/2020 2606/3382/2020
f 2606/3382/2019 2604/6058/2019 2602/6059/2019
f 2602/6059/1469 2600/6060/1469 2598/3383/1469
f 2598/3383/1469 2594/6049/1469 2622/6051/1469
f 2622/6051/1469 2618/6053/1469 2614/3381/1469
f 2614/3381/1469 2610/6056/1469 2606/3382/1469
f 2606/3382/2020 2602/6059/2020 2598/3383/2020
f 2598/3383/1469 2622/6051/1469 2614/3381/1469
f 2621/3384/1470 2622/6061/1470 2624/3385/1470
f 2623/3386/1471 2624/3385/1471 2594/3387/1471
f 2623/3390/2021 2593/6062/2021 2595/6063/2021
f 2595/6063/2022 2597/6064/2022 2599/6065/2022
f 2599/6065/1472 2601/6066/1472 2603/6067/1472
f 2603/6067/2022 2605/6068/2022 2607/3388/2022
f 2607/3388/2021 2609/6069/2021 2611/6070/2021
f 2611/6070/2022 2613/6071/2022 2615/3389/2022
f 2615/3389/2021 2617/6072/2021 2619/6073/2021
f 2619/6073/2021 2621/6074/2021 2623/3390/2021
f 2623/3390/1472 2595/6063/1472 2599/6065/1472
f 2599/6065/1472 2603/6067/1472 2607/3388/1472
f 2607/3388/2021 2611/6070/2021 2615/3389/2021
f 2615/3389/1472 2619/6073/1472 2623/3390/1472
f 2623/3390/1472 2599/6065/1472 2607/3388/1472
f 2625/3391/1473 2626/3430/1473 2628/3392/1473
f 2627/3393/1474 2628/3392/1474 2630/3394/1474
f 2629/3395/1475 2630/3394/1475 2632/3396/1475
f 2631/3398/2023 2632/6075/2023 2634/3399/2023
f 2633/3401/1477 2634/6076/1477 2636/3402/1477
f 2636/3402/1478 2638/3405/1478 2637/3404/1478
f 2638/3405/1479 2640/6077/1479 2639/3406/1479
f 2640/3407/1480 2642/3410/1480 2641/3408/1480
f 2642/3410/1481 2644/3412/1481 2643/3411/1481
f 2644/3412/1482 2646/3414/1482 2645/3413/1482
f 2646/3414/1483 2648/6078/1483 2647/3415/1483
f 2648/3416/2024 2650/6079/2024 2649/3417/2024
f 2650/3419/1485 2652/6080/1485 2651/3420/1485
f 2651/3420/1486 2652/6080/1486 2654/3422/1486
f 2630/3426/1487 2628/6081/1487 2626/6082/1487
f 2626/6082/1487 2656/6083/1487 2654/6084/1487
f 2654/6084/2025 2652/6085/2025 2650/6079/2025
f 2650/6079/2026 2648/3416/2026 2646/3424/2026
f 2646/3424/1487 2644/6086/1487 2642/6087/1487
f 2642/6087/1487 2640/6088/1487 2638/3425/1487
f 2638/3425/1487 2636/6089/1487 2634/6090/1487
f 2634/6090/1487 2632/6091/1487 2630/3426/1487
f 2630/3426/1487 2626/6082/1487 2654/6084/1487
f 2654/6084/1487 2650/6079/1487 2646/3424/1487
f 2646/3424/1487 2642/6087/1487 2638/3425/1487
f 2638/3425/1487 2634/6090/1487 2630/3426/1487
f 2630/3426/1487 2654/6084/1487 2646/3424/1487
f 2653/3423/1488 2654/3422/1488 2656/3427/1488
f 2655/3429/1489 2656/6092/1489 2626/3430/1489
f 2655/3433/1490 2625/6093/1490 2627/6094/1490
f 2627/6094/1490 2629/6095/1490 2631/3398/1490
f 2631/3398/1490 2633/3400/1490 2635/6096/1490
f 2635/6096/2027 2637/6097/2027 2639/3431/2027
f 2639/3431/1490 2641/6098/1490 2643/6099/1490
f 2643/6099/1490 2645/6100/1490 2647/3432/1490
f 2647/3432/2027 2649/6101/2027 2651/6102/2027
f 2651/6102/1490 2653/6103/1490 2655/3433/1490
f 2655/3433/1490 2627/6094/1490 2631/3398/1490
f 2631/3398/1490 2635/6096/1490 2639/3431/1490
f 2639/3431/1490 2643/6099/1490 2647/3432/1490
f 2647/3432/1490 2651/6102/1490 2655/3433/1490
f 2655/3433/1490 2631/3398/1490 2639/3431/1490
f 2658/3434/1491 2660/3437/1491 2659/3435/1491
f 2660/3437/1492 2662/6104/1492 2661/3438/1492
f 2662/3439/1493 2664/3442/1493 2663/3440/1493
f 2664/3442/1494 2666/3444/1494 2665/3443/1494
f 2666/3444/1495 2668/6105/1495 2667/3445/1495
f 2667/3445/1496 2668/6105/1496 2670/3446/1496
f 2669/3447/1497 2670/3446/1497 2672/3448/1497
f 2671/3450/1498 2672/6106/1498 2674/3451/1498
f 2673/3452/1499 2674/3451/1499 2676/3453/1499
f 2675/3454/1500 2676/3453/1500 2678/3455/1500
f 2677/3457/1501 2678/6107/1501 2680/3458/1501
f 2679/3459/1502 2680/3458/1502 2682/3460/1502
f 2681/3461/1503 2682/3460/1503 2684/3462/1503
f 2684/3462/1504 2686/3468/1504 2685/3464/1504
f 2662/3467/1505 2660/6108/1505 2658/6109/1505
f 2658/6109/1505 2688/6110/1505 2686/6111/1505
f 2686/6111/1505 2684/6112/1505 2682/6113/1505
f 2682/6113/2028 2680/6114/2028 2678/3465/2028
f 2678/3465/1505 2676/6115/1505 2674/6116/1505
f 2674/6116/2028 2672/6117/2028 2670/3466/2028
f 2670/3466/1505 2668/6118/1505 2666/6119/1505
f 2666/6119/2028 2664/6120/2028 2662/3467/2028
f 2662/3467/2028 2658/6109/2028 2686/6111/2028
f 2686/6111/2028 2682/6113/2028 2678/3465/2028
f 2678/3465/2028 2674/6116/2028 2670/3466/2028
f 2670/3466/2028 2666/6119/2028 2662/3467/2028
f 2662/3467/1505 2686/6111/1505 2678/3465/1505
f 2686/3468/2029 2688/6121/2029 2687/3469/2029
f 2688/3470/1507 2658/3434/1507 2657/3436/1507
f 2687/3474/1508 2657/6122/1508 2659/6123/1508
f 2659/6123/2030 2661/6124/2030 2663/6125/2030
f 2663/6125/1508 2665/6126/1508 2667/6127/1508
f 2667/6127/1508 2669/6128/1508 2671/3472/1508
f 2671/3472/1508 2673/6129/1508 2675/6130/1508
f 2675/6130/2030 2677/6131/2030 2679/3473/2030
f 2679/3473/2031 2681/6132/2031 2683/6133/2031
f 2683/6133/2030 2685/6134/2030 2687/3474/2030
f 2687/3474/1508 2659/6123/1508 2663/6125/1508
f 2663/6125/2030 2667/6127/2030 2671/3472/2030
f 2671/3472/2030 2675/6130/2030 2679/3473/2030
f 2679/3473/1508 2683/6133/1508 2687/3474/1508
f 2687/3474/2030 2663/6125/2030 2671/3472/2030
f 2689/3475/1509 2690/3512/1509 2692/3476/1509
f 2691/3477/1510 2692/3476/1510 2694/3478/1510
f 2693/3479/1511 2694/3478/1511 2696/3480/1511
f 2695/3482/1512 2696/6135/1512 2698/3483/1512
f 2698/3483/1513 2700/3486/1513 2699/3485/1513
f 2700/3486/1514 2702/6136/1514 2701/3487/1514
f 2702/3488/1515 2704/3491/1515 2703/3489/1515
f 2704/3491/2032 2706/3493/2032 2705/3492/2032
f 2706/3493/1517 2708/3495/1517 2707/3494/1517
f 2708/3495/1518 2710/3497/1518 2709/3496/1518
f 2710/3497/2033 2712/3284/2033 2711/3498/2033
f 2712/3499/1520 2714/6137/1520 2713/3500/1520
f 2713/3500/1521 2714/6137/1521 2716/3502/1521
f 2715/3503/1522 2716/3502/1522 2718/3504/1522
f 2694/3508/2034 2692/6138/2034 2690/6139/2034
f 2690/6139/1523 2720/6140/1523 2718/6141/1523
f 2718/6141/1523 2716/6142/1523 2714/6143/1523
f 2714/6143/2035 2712/6144/2035 2710/3506/2035
f 2710/3506/1523 2708/6145/1523 2706/6146/1523
f 2706/6146/2036 2704/6147/2036 2702/3507/2036
f 2702/3507/2037 2700/6148/2037 2698/6149/2037
f 2698/6149/2037 2696/6150/2037 2694/3508/2037
f 2694/3508/1523 2690/6139/1523 2718/6141/1523
f 2718/6141/1523 2714/6143/1523 2710/3506/1523
f 2710/3506/1523 2706/6146/1523 2702/3507/1523
f 2702/3507/1523 2698/6149/1523 2694/3508/1523
f 2694/3508/1523 2718/6141/1523 2710/3506/1523
f 2717/3509/1524 2718/6151/1524 2720/3510/1524
f 2719/3511/1525 2720/3510/1525 2690/3512/1525
f 2719/3515/1526 2689/6152/1526 2691/6153/1526
f 2691/6153/1526 2693/6154/1526 2695/6155/1526
f 2695/6155/2038 2697/6156/2038 2699/6157/2038
f 2699/6157/1526 2701/6158/1526 2703/3513/1526
f 2703/3513/2039 2705/6159/2039 2707/6160/2039
f 2707/6160/1526 2709/6161/1526 2711/3514/1526
f 2711/3514/2040 2713/6162/2040 2715/6163/2040
f 2715/6163/1526 2717/6164/1526 2719/3515/1526
f 2719/3515/1526 2691/6153/1526 2695/6155/1526
f 2695/6155/1526 2699/6157/1526 2703/3513/1526
f 2703/3513/1526 2707/6160/1526 2711/3514/1526
f 2711/3514/1526 2715/6163/1526 2719/3515/1526
f 2719/3515/1526 2695/6155/1526 2703/3513/1526
f 2721/3516/2041 2722/3553/2041 2724/3517/2041
f 2723/3518/1528 2724/3517/1528 2726/3519/1528
f 2725/3520/1529 2726/3519/1529 2728/3521/1529
f 2727/3523/1530 2728/6165/1530 2730/3524/1530
f 2730/3524/1531 2732/3527/1531 2731/3526/1531
f 2732/3527/1532 2734/3529/1532 2733/3528/1532
f 2734/3529/1533 2736/6166/1533 2735/3530/1533
f 2736/3531/1534 2738/3534/1534 2737/3532/1534
f 2738/3534/1535 2740/3536/1535 2739/3535/1535
f 2740/3536/1536 2742/3538/1536 2741/3537/1536
f 2742/3538/1537 2744/6167/1537 2743/3539/1537
f 2744/3540/1538 2746/6168/1538 2745/3541/1538
f 2745/3541/2042 2746/6168/2042 2748/3543/2042
f 2747/3544/1540 2748/3543/1540 2750/3545/1540
f 2726/3549/2043 2724/6169/2043 2722/6170/2043
f 2722/6170/2044 2752/6171/2044 2750/6172/2044
f 2750/6172/1541 2748/6173/1541 2746/6174/1541
f 2746/6174/2045 2744/6175/2045 2742/3547/2045
f 2742/3547/2044 2740/6176/2044 2738/6177/2044
f 2738/6177/1541 2736/6178/1541 2734/3548/1541
f 2734/3548/2043 2732/6179/2043 2730/6180/2043
f 2730/6180/2043 2728/6181/2043 2726/3549/2043
f 2726/3549/2043 2722/6170/2043 2750/6172/2043
f 2750/6172/1541 2746/6174/1541 2742/3547/1541
f 2742/3547/2043 2738/6177/2043 2734/3548/2043
f 2734/3548/1541 2730/6180/1541 2726/3549/1541
f 2726/3549/2043 2750/6172/2043 2742/3547/2043
f 2749/3546/1542 2750/3545/1542 2752/3550/1542
f 2751/3552/2046 2752/6182/2046 2722/3553/2046
f 2751/3556/2047 2721/6183/2047 2723/6184/2047
f 2723/6184/1544 2725/6185/1544 2727/6186/1544
f 2727/6186/1544 2729/6187/1544 2731/6188/1544
f 2731/6188/2047 2733/6189/2047 2735/3554/2047
f 2735/3554/2047 2737/6190/2047 2739/6191/2047
f 2739/6191/2047 2741/6192/2047 2743/3555/2047
f 2743/3555/1544 2745/6193/1544 2747/6194/1544
f 2747/6194/1544 2749/6195/1544 2751/3556/1544
f 2751/3556/2047 2723/6184/2047 2727/6186/2047
f 2727/6186/2047 2731/6188/2047 2735/3554/2047
f 2735/3554/1544 2739/6191/1544 2743/3555/1544
f 2743/3555/1544 2747/6194/1544 2751/3556/1544
f 2751/3556/1544 2727/6186/1544 2735/3554/1544
s 1
f 2753/3557/1545 2754/3595/1575 2756/3558/1546
f 2755/3560/1547 2756/6196/1546 2758/3561/1548
f 2757/3562/1549 2758/3561/1548 2760/3563/1550
f 2759/3564/1551 2760/3563/1550 2762/3565/1552
f 2761/3566/1553 2762/3565/1552 2764/3567/1554
f 2764/3569/1554 2766/3572/1557 2765/3570/1556
f 2766/3572/1557 2768/3574/1559 2767/3573/1558
f 2768/3574/1559 2770/3576/1561 2769/3575/1560
f 2770/3576/1561 2772/6197/1563 2771/3577/1562
f 2772/3578/1563 2774/3581/1565 2773/3579/1564
f 2774/3581/1565 2776/3583/1567 2775/3582/1566
f 2776/3583/1567 2778/3585/1569 2777/3584/1568
f 2778/3585/1569 2780/6198/2048 2779/3586/1570
f 2779/3587/1570 2780/6199/2048 2782/3588/1571
f 2758/3592/1548 2756/6200/1546 2754/6201/1575
f 2754/6201/1575 2784/6202/1573 2782/6203/1571
f 2782/6203/1571 2780/6204/2048 2778/6205/1569
f 2778/6205/1569 2776/6206/1567 2774/3590/1565
f 2774/3590/1565 2772/6207/1563 2770/6208/1561
f 2770/6208/1561 2768/6209/1559 2766/3591/1557
f 2766/3591/1557 2764/6210/1554 2762/6211/1552
f 2762/6211/1552 2760/6212/1550 2758/3592/1548
f 2758/3592/1548 2754/6201/1575 2782/6203/1571
f 2782/6203/1571 2778/6205/1569 2774/3590/1565
f 2774/3590/1565 2770/6208/1561 2766/3591/1557
f 2766/3591/1557 2762/6211/1552 2758/3592/1548
f 2758/3592/1548 2782/6203/1571 2774/3590/1565
f 2781/3589/1572 2782/3588/1571 2784/3593/1573
f 2783/3594/1574 2784/3593/1573 2754/3595/1575
f 2783/3598/1574 2753/6213/1545 2755/6214/1547
f 2755/6214/1547 2757/6215/1549 2759/6216/1551
f 2759/6216/1551 2761/6217/1553 2763/6218/1555
f 2763/6218/1555 2765/6219/1556 2767/3596/1558
f 2767/3596/1558 2769/6220/1560 2771/6221/1562
f 2771/6221/1562 2773/6222/1564 2775/3597/1566
f 2775/3597/1566 2777/6223/1568 2779/6224/1570
f 2779/6224/1570 2781/6225/1572 2783/3598/1574
f 2783/3598/1574 2755/6214/1547 2759/6216/1551
f 2759/6216/1551 2763/6218/1555 2767/3596/1558
f 2767/3596/1558 2771/6221/1562 2775/3597/1566
f 2775/3597/1566 2779/6224/1570 2783/3598/1574
f 2783/3598/1574 2759/6216/1551 2767/3596/1558
